type,event_id,bin,dev_log,dev_se,total_effect_pct,name,start,attendance
Arts & Theatre,ev_0,pre3,-0.0026701805874238577,0.09306059874081501,129.3840427941825,Cirque du Soleil ALIZÉ,2026-06-10 18:30:00,771
Arts & Theatre,ev_0,pre2,-0.002592542080292751,0.09298858457859999,148.1425457162822,Cirque du Soleil ALIZÉ,2026-06-10 18:30:00,771
Arts & Theatre,ev_0,pre1,-0.004657032851541534,0.0933358299956119,146.6332739451942,Cirque du Soleil ALIZÉ,2026-06-10 18:30:00,771
Arts & Theatre,ev_0,during,-0.002158158905210468,0.10312984843669579,110.15048524399296,Cirque du Soleil ALIZÉ,2026-06-10 18:30:00,771
Arts & Theatre,ev_0,post1,-0.002918809185353912,0.09403205906244574,296.95885008401206,Cirque du Soleil ALIZÉ,2026-06-10 18:30:00,771
Arts & Theatre,ev_0,post2,-0.002790970430736476,0.09369481412917077,246.53819724782252,Cirque du Soleil ALIZÉ,2026-06-10 18:30:00,771
Arts & Theatre,ev_1,pre3,-0.004519163799921128,0.09306065264332626,128.96030741036694,Lachkater - die Stand Up Comedy Show,2026-06-10 20:00:00,773
Arts & Theatre,ev_1,pre2,-0.007230859697560708,0.09298863830291146,146.9942469208657,Lachkater - die Stand Up Comedy Show,2026-06-10 20:00:00,773
Arts & Theatre,ev_1,pre1,-0.0027952352121281858,0.09333588435907082,147.09288290910666,Lachkater - die Stand Up Comedy Show,2026-06-10 20:00:00,773
Arts & Theatre,ev_1,during,-0.0014397101009808253,0.10312999622354986,110.30152185836558,Lachkater - die Stand Up Comedy Show,2026-06-10 20:00:00,773
Arts & Theatre,ev_1,post1,-0.007703461691900697,0.09403211483580108,295.0640764583874,Lachkater - die Stand Up Comedy Show,2026-06-10 20:00:00,773
Arts & Theatre,ev_1,post2,-0.006929743095176701,0.09369486931677552,245.10691834195742,Lachkater - die Stand Up Comedy Show,2026-06-10 20:00:00,773
Music,ev_2,pre3,0.00034622219872667035,0.08800930411048416,-8.3513479248574,ivri,2026-06-10 20:00:00,1886
Music,ev_2,pre2,-0.0007399730998847063,0.08798354403596954,7.731619145023294,ivri,2026-06-10 20:00:00,1886
Music,ev_2,pre1,0.0016904556976664806,0.0882009940227836,28.08865493792321,ivri,2026-06-10 20:00:00,1886
Music,ev_2,during,-0.0037836939117080067,0.08702764462546225,10.800187395391013,ivri,2026-06-10 20:00:00,1886
Music,ev_2,post1,0.0009087409208939748,0.08921060590513569,454.58450786290285,ivri,2026-06-10 20:00:00,1886
Music,ev_2,post2,0.0025841123900879883,0.08945629100546086,373.6866982627668,ivri,2026-06-10 20:00:00,1886
Arts & Theatre,ev_3,pre3,-0.003849017055270754,0.0930610179208282,129.11379583917335,Cirque du Soleil ALIZÉ,2026-06-11 19:30:00,786
Arts & Theatre,ev_3,pre2,-0.004033187346660255,0.09298900238012908,147.7853177136115,Cirque du Soleil ALIZÉ,2026-06-11 19:30:00,786
Arts & Theatre,ev_3,pre1,-0.0034635005217783267,0.09333625276229338,146.9278144680965,Cirque du Soleil ALIZÉ,2026-06-11 19:30:00,786
Arts & Theatre,ev_3,during,-0.005261775007593118,0.10313099770135159,109.49926989801537,Cirque du Soleil ALIZÉ,2026-06-11 19:30:00,786
Arts & Theatre,ev_3,post1,-0.0047236977988003295,0.09403249275453975,296.2430297577894,Cirque du Soleil ALIZÉ,2026-06-11 19:30:00,786
Arts & Theatre,ev_3,post2,-0.0056937556405768945,0.0936952432782888,245.53372987603902,Cirque du Soleil ALIZÉ,2026-06-11 19:30:00,786
Arts & Theatre,ev_4,pre3,-0.0036545199294561437,0.09305872379679134,129.15836214781754,Lachkater - die Stand Up Comedy Show,2026-06-11 20:00:00,646
Arts & Theatre,ev_4,pre2,-0.0011232793632444406,0.0929867165552939,148.50740027518157,Lachkater - die Stand Up Comedy Show,2026-06-11 20:00:00,646
Arts & Theatre,ev_4,pre1,-0.0005212588274228308,0.09333393922071351,147.65540562896226,Lachkater - die Stand Up Comedy Show,2026-06-11 20:00:00,646
Arts & Theatre,ev_4,during,-0.011602733585094708,0.10312470615676658,108.17504656522657,Lachkater - die Stand Up Comedy Show,2026-06-11 20:00:00,646
Arts & Theatre,ev_4,post1,-0.0018024581421896024,0.09403011541045582,297.4022429553961,Lachkater - die Stand Up Comedy Show,2026-06-11 20:00:00,646
Arts & Theatre,ev_4,post2,-0.004765994396056521,0.09369289205557475,245.85445143280307,Lachkater - die Stand Up Comedy Show,2026-06-11 20:00:00,646
Arts & Theatre,ev_5,pre3,-0.004624841606566598,0.09306010889927588,128.93611266571722,Cirque du Soleil ALIZÉ,2026-06-12 16:00:00,550
Arts & Theatre,ev_5,pre2,-0.0014288098932639338,0.0929880989714781,148.43148527522737,Cirque du Soleil ALIZÉ,2026-06-12 16:00:00,550
Arts & Theatre,ev_5,pre1,-0.007878947535419106,0.09333533669963488,145.83992132186913,Cirque du Soleil ALIZÉ,2026-06-12 16:00:00,550
Arts & Theatre,ev_5,during,0.019734509927622275,0.10313005208310634,114.80197116054241,Cirque du Soleil ALIZÉ,2026-06-12 16:00:00,550
Arts & Theatre,ev_5,post1,0.01799285694490024,0.09403272105733358,305.34732381928154,Cirque du Soleil ALIZÉ,2026-06-12 16:00:00,550
Arts & Theatre,ev_5,post2,0.017895575041193643,0.09369547833054587,253.78153695748912,Cirque du Soleil ALIZÉ,2026-06-12 16:00:00,550
Arts & Theatre,ev_6,pre3,-0.0006137020582830176,0.09305919375103124,129.85625153026143,Lachkater - die Stand Up Comedy Show,2026-06-12 19:00:00,587
Arts & Theatre,ev_6,pre2,-0.00040406455092139134,0.09298780198430448,148.68619476654757,Lachkater - die Stand Up Comedy Show,2026-06-12 19:00:00,587
Arts & Theatre,ev_6,pre1,-0.008160703015273716,0.09333635770329886,145.77066433409573,Lachkater - die Stand Up Comedy Show,2026-06-12 19:00:00,587
Arts & Theatre,ev_6,during,-0.015050184467955344,0.10313072469326007,107.45860896843516,Lachkater - die Stand Up Comedy Show,2026-06-12 19:00:00,587
Arts & Theatre,ev_6,post1,-0.010254637878479023,0.09403193477758315,294.0574829390135,Lachkater - die Stand Up Comedy Show,2026-06-12 19:00:00,587
Arts & Theatre,ev_6,post2,-0.006218093535365246,0.0936946906947878,245.3526009380703,Lachkater - die Stand Up Comedy Show,2026-06-12 19:00:00,587
Music,ev_7,pre3,0.0008129254555918426,0.08801027307044287,-8.308565217808816,FKA twigs - Body High Tour,2026-06-12 19:45:00,1636
Music,ev_7,pre2,-0.0007373408549574259,0.08798452656554881,7.731902721404538,FKA twigs - Body High Tour,2026-06-12 19:45:00,1636
Music,ev_7,pre1,0.0023533172318699496,0.0882019837591329,28.17358812661144,FKA twigs - Body High Tour,2026-06-12 19:45:00,1636
Music,ev_7,during,0.0025548272590262522,0.08703062295336578,11.504727240431967,FKA twigs - Body High Tour,2026-06-12 19:45:00,1636
Music,ev_7,post1,0.0008301327067613745,0.08921168413115864,454.5409146785678,FKA twigs - Body High Tour,2026-06-12 19:45:00,1636
Music,ev_7,post2,-0.0015843905620856976,0.08945741001318798,371.7162436388973,FKA twigs - Body High Tour,2026-06-12 19:45:00,1636
Music,ev_8,pre3,-0.0003448025207593048,0.08801614575281552,-8.414657532177793,Grace Ives - Girlfriend Tour,2026-06-12 20:00:00,1359
Music,ev_8,pre2,-0.004514231159809783,0.08799065421016504,7.325778568457264,Grace Ives - Girlfriend Tour,2026-06-12 20:00:00,1359
Music,ev_8,pre1,-0.0016423183531762307,0.08820804078315073,27.662474967790086,Grace Ives - Girlfriend Tour,2026-06-12 20:00:00,1359
Music,ev_8,during,-0.01828287435052511,0.08704915502983608,9.205265953671127,Grace Ives - Girlfriend Tour,2026-06-12 20:00:00,1359
Music,ev_8,post1,-0.0022353610093594958,0.0892180873736181,452.84357590914766,Grace Ives - Girlfriend Tour,2026-06-12 20:00:00,1359
Music,ev_8,post2,-0.0007918239697457795,0.08946392766667127,372.0902583708819,Grace Ives - Girlfriend Tour,2026-06-12 20:00:00,1359
Music,ev_9,pre3,-0.0010179576299592394,0.08801452793695978,-8.47628792765278,Joost Klein - World Tour,2026-06-12 20:00:00,1405
Music,ev_9,pre2,0.0006151951912781553,0.08798881562120763,7.877712587486507,Joost Klein - World Tour,2026-06-12 20:00:00,1405
Music,ev_9,pre1,-2.1711347144626165e-05,0.08820630484605513,27.86953340398877,Joost Klein - World Tour,2026-06-12 20:00:00,1405
Music,ev_9,during,-0.0029793478200799543,0.0870435181828705,10.889344945030555,Joost Klein - World Tour,2026-06-12 20:00:00,1405
Music,ev_9,post1,0.0029525089577339472,0.08921634167246875,455.71910898962386,Joost Klein - World Tour,2026-06-12 20:00:00,1405
Music,ev_9,post2,0.0016874123549966145,0.08946215511091411,373.2621337657602,Joost Klein - World Tour,2026-06-12 20:00:00,1405
Arts & Theatre,ev_10,pre3,0.019055714183740562,0.09306044724319111,134.42214685954147,Cirque du Soleil ALIZÉ,2026-06-12 20:00:00,626
Arts & Theatre,ev_10,pre2,0.017594322264281634,0.09298925235402243,153.2026677875363,Cirque du Soleil ALIZÉ,2026-06-12 20:00:00,626
Arts & Theatre,ev_10,pre1,0.017758217242475102,0.0933365022321113,152.2240456499196,Cirque du Soleil ALIZÉ,2026-06-12 20:00:00,626
Arts & Theatre,ev_10,during,0.045313085070588954,0.1031248132160988,120.3671710400918,Cirque du Soleil ALIZÉ,2026-06-12 20:00:00,626
Arts & Theatre,ev_10,post1,0.010674640625230394,0.0940301546470507,302.39173243837587,Cirque du Soleil ALIZÉ,2026-06-12 20:00:00,626
Arts & Theatre,ev_10,post2,0.013624366780678033,0.0936929313277882,252.27368480204865,Cirque du Soleil ALIZÉ,2026-06-12 20:00:00,626
Arts & Theatre,ev_11,pre3,-0.008112473851634279,0.09306113248455405,128.13905842108534,Lachkater - die Stand Up Comedy Show,2026-06-12 21:00:00,620
Arts & Theatre,ev_11,pre2,-0.007026474829051551,0.09298870132384082,147.0447339667635,Lachkater - die Stand Up Comedy Show,2026-06-12 21:00:00,620
Arts & Theatre,ev_11,pre1,-0.0051839989401045615,0.0933355430721006,146.50334081169817,Lachkater - die Stand Up Comedy Show,2026-06-12 21:00:00,620
Arts & Theatre,ev_11,during,-0.019971412362822287,0.1031307017757329,106.44016592553349,Lachkater - die Stand Up Comedy Show,2026-06-12 21:00:00,620
Arts & Theatre,ev_11,post1,-0.0009792921169667892,0.09403085630799468,297.72950565743366,Lachkater - die Stand Up Comedy Show,2026-06-12 21:00:00,620
Arts & Theatre,ev_11,post2,-0.00595383684719056,0.09369364882173743,245.4438747319708,Lachkater - die Stand Up Comedy Show,2026-06-12 21:00:00,620
Arts & Theatre,ev_12,pre3,-0.01410021420026794,0.09305877336709481,126.77710256408221,Cirque du Soleil ALIZÉ,2026-06-13 16:00:00,624
Arts & Theatre,ev_12,pre2,-0.0019719204237427317,0.0929867662698991,148.29659615263907,Cirque du Soleil ALIZÉ,2026-06-13 16:00:00,624
Arts & Theatre,ev_12,pre1,1.1404213851260435e-05,0.09333398930147918,147.78735765037516,Cirque du Soleil ALIZÉ,2026-06-13 16:00:00,624
Arts & Theatre,ev_12,during,0.015751027877849755,0.10312484139303763,113.94801335618689,Cirque du Soleil ALIZÉ,2026-06-13 16:00:00,624
Arts & Theatre,ev_12,post1,0.019101743816236805,0.09403016515127703,305.7970574507722,Cirque du Soleil ALIZÉ,2026-06-13 16:00:00,624
Arts & Theatre,ev_12,post2,0.020022807106609197,0.09369294177131794,254.53491340623376,Cirque du Soleil ALIZÉ,2026-06-13 16:00:00,624
Music,ev_13,pre3,0.0011782697725288402,0.08802490329970677,-8.275060153129532,Helene Fischer - 360° Stadion Tour 2026,2026-06-13 19:30:00,2231
Music,ev_13,pre2,-0.0007212770547587724,0.08799914242494304,7.733633319064825,Helene Fischer - 360° Stadion Tour 2026,2026-06-13 19:30:00,2231
Music,ev_13,pre1,0.00011358403684633961,0.08821671488768319,27.886834731979924,Helene Fischer - 360° Stadion Tour 2026,2026-06-13 19:30:00,2231
Music,ev_13,during,0.0023727873906910085,0.08707766220125603,11.484430782004718,Helene Fischer - 360° Stadion Tour 2026,2026-06-13 19:30:00,2231
Music,ev_13,post1,-0.00242776581574614,0.08922719171841541,452.7372163803332,Helene Fischer - 360° Stadion Tour 2026,2026-06-13 19:30:00,2231
Music,ev_13,post2,-0.004347534298806689,0.08947318707654978,370.4146229654348,Helene Fischer - 360° Stadion Tour 2026,2026-06-13 19:30:00,2231
Music,ev_14,pre3,0.0011782697725288363,0.08802490329970657,-8.275060153129532,Helene Fischer - 360° Stadion Tour 2026 - VIP Packages,2026-06-13 19:30:00,1718
Music,ev_14,pre2,-0.0007212770547587762,0.08799914242494267,7.733633319064825,Helene Fischer - 360° Stadion Tour 2026 - VIP Packages,2026-06-13 19:30:00,1718
Music,ev_14,pre1,0.00011358403684633944,0.08821671488768339,27.886834731979924,Helene Fischer - 360° Stadion Tour 2026 - VIP Packages,2026-06-13 19:30:00,1718
Music,ev_14,during,0.0023727873906910064,0.08707766220125576,11.484430782004718,Helene Fischer - 360° Stadion Tour 2026 - VIP Packages,2026-06-13 19:30:00,1718
Music,ev_14,post1,-0.0024277658157461405,0.08922719171841541,452.7372163803332,Helene Fischer - 360° Stadion Tour 2026 - VIP Packages,2026-06-13 19:30:00,1718
Music,ev_14,post2,-0.00434753429880668,0.08947318707654973,370.4146229654348,Helene Fischer - 360° Stadion Tour 2026 - VIP Packages,2026-06-13 19:30:00,1718
Music,ev_15,pre3,0.0011782697725288384,0.08802490329970696,-8.275060153129532,Helene Fischer - 360° Stadion Tour 2026 |  Business Seat Package,2026-06-13 19:30:00,2108
Music,ev_15,pre2,-0.0007212770547587732,0.08799914242494292,7.733633319064825,Helene Fischer - 360° Stadion Tour 2026 |  Business Seat Package,2026-06-13 19:30:00,2108
Music,ev_15,pre1,0.00011358403684633936,0.08821671488768326,27.886834731979924,Helene Fischer - 360° Stadion Tour 2026 |  Business Seat Package,2026-06-13 19:30:00,2108
Music,ev_15,during,0.0023727873906910033,0.08707766220125583,11.484430782004718,Helene Fischer - 360° Stadion Tour 2026 |  Business Seat Package,2026-06-13 19:30:00,2108
Music,ev_15,post1,-0.0024277658157461483,0.08922719171841524,452.7372163803332,Helene Fischer - 360° Stadion Tour 2026 |  Business Seat Package,2026-06-13 19:30:00,2108
Music,ev_15,post2,-0.004347534298806696,0.08947318707654957,370.4146229654348,Helene Fischer - 360° Stadion Tour 2026 |  Business Seat Package,2026-06-13 19:30:00,2108
Music,ev_17,pre3,-0.0047895663557446415,0.08800970543856663,-8.820829412459819,DJ Bobo | Box-Seat in the Ticketmaster Suite,2026-06-13 20:00:00,1703
Music,ev_17,pre2,-0.0015067503341534463,0.0879839533059594,7.649044654217629,DJ Bobo | Box-Seat in the Ticketmaster Suite,2026-06-13 20:00:00,1703
Music,ev_17,pre1,-0.001606703619048445,0.08820140624244699,27.667021713859242,DJ Bobo | Box-Seat in the Ticketmaster Suite,2026-06-13 20:00:00,1703
Music,ev_17,during,-0.0015314268306464767,0.08702889487712429,11.050020249582992,DJ Bobo | Box-Seat in the Ticketmaster Suite,2026-06-13 20:00:00,1703
Music,ev_17,post1,0.0038657095718400945,0.08921105953945246,456.2268238086825,DJ Bobo | Box-Seat in the Ticketmaster Suite,2026-06-13 20:00:00,1703
Music,ev_17,post2,0.005013535934237716,0.08945676989717183,374.8388828856096,DJ Bobo | Box-Seat in the Ticketmaster Suite,2026-06-13 20:00:00,1703
Arts & Theatre,ev_18,pre3,0.0002449091827433089,0.09305884315732675,130.05369344243843,Cirque du Soleil ALIZÉ,2026-06-14 13:00:00,614
Arts & Theatre,ev_18,pre2,-0.00663714413162845,0.09298683599176483,147.14093479108533,Cirque du Soleil ALIZÉ,2026-06-14 13:00:00,614
Arts & Theatre,ev_18,pre1,-0.001128825478794464,0.09333405973413082,147.50498416363035,Cirque du Soleil ALIZÉ,2026-06-14 13:00:00,614
Arts & Theatre,ev_18,during,0.021952110880080603,0.10312884439081621,115.27884477864391,Cirque du Soleil ALIZÉ,2026-06-14 13:00:00,614
Arts & Theatre,ev_18,post1,0.010981073561855674,0.09403313844069887,302.51505741307267,Cirque du Soleil ALIZÉ,2026-06-14 13:00:00,614
Arts & Theatre,ev_18,post2,0.011980471136858534,0.09369588859414918,251.69505935640112,Cirque du Soleil ALIZÉ,2026-06-14 13:00:00,614
Arts & Theatre,ev_19,pre3,0.013471266140021905,0.09306150225619035,133.11667711678595,Cirque du Soleil ALIZÉ,2026-06-14 17:00:00,539
Arts & Theatre,ev_19,pre2,0.010737847116037447,0.09298965593086324,151.4725280962774,Cirque du Soleil ALIZÉ,2026-06-14 17:00:00,539
Arts & Theatre,ev_19,pre1,0.011888514821446329,0.09333690777568239,150.74790205851158,Cirque du Soleil ALIZÉ,2026-06-14 17:00:00,539
Arts & Theatre,ev_19,during,-0.006083319623856669,0.10312954627161859,109.32722758061577,Cirque du Soleil ALIZÉ,2026-06-14 17:00:00,539
Arts & Theatre,ev_19,post1,-0.008767801886586742,0.0940319326955868,294.64381757122226,Cirque du Soleil ALIZÉ,2026-06-14 17:00:00,539
Arts & Theatre,ev_19,post2,-0.0031138478662780748,0.09369469382723389,246.42632594470956,Cirque du Soleil ALIZÉ,2026-06-14 17:00:00,539
Arts & Theatre,ev_20,pre3,-0.003415042224738441,0.09305903002063014,129.21324703799303,Lachkater - die Stand Up Comedy Show,2026-06-14 19:00:00,692
Arts & Theatre,ev_20,pre2,-0.002074041498774018,0.09298702131677955,148.27124113197635,Lachkater - die Stand Up Comedy Show,2026-06-14 19:00:00,692
Arts & Theatre,ev_20,pre1,-0.003048840697528114,0.0933342479368798,147.03022674390706,Lachkater - die Stand Up Comedy Show,2026-06-14 19:00:00,692
Arts & Theatre,ev_20,during,-0.009615400646618883,0.10312554675543358,108.58917105755803,Lachkater - die Stand Up Comedy Show,2026-06-14 19:00:00,692
Arts & Theatre,ev_20,post1,0.00048997479459792,0.09403043452594027,298.31430596851965,Lachkater - die Stand Up Comedy Show,2026-06-14 19:00:00,692
Arts & Theatre,ev_20,post2,-0.007288744308509468,0.09369320709342767,244.98304677589476,Lachkater - die Stand Up Comedy Show,2026-06-14 19:00:00,692
Music,ev_21,pre3,0.003143441285685459,0.0880093273150138,-8.094627681987953,DJ Bobo | Box-Seat in the Ticketmaster Suite,2026-06-14 20:00:00,1788
Music,ev_21,pre2,0.0020411611259429246,0.08798357025202548,8.031652261026245,DJ Bobo | Box-Seat in the Ticketmaster Suite,2026-06-14 20:00:00,1788
Music,ev_21,pre1,0.0005265844963500509,0.08820102037061844,27.939662961779387,DJ Bobo | Box-Seat in the Ticketmaster Suite,2026-06-14 20:00:00,1788
Music,ev_21,during,0.005730175681873877,0.08702773523772517,11.859356337715043,DJ Bobo | Box-Seat in the Ticketmaster Suite,2026-06-14 20:00:00,1788
Music,ev_21,post1,0.004541517723832219,0.08921063988453933,456.6028534782155,DJ Bobo | Box-Seat in the Ticketmaster Suite,2026-06-14 20:00:00,1788
Music,ev_21,post2,0.006279596418558225,0.08945633564303451,375.4404383541006,DJ Bobo | Box-Seat in the Ticketmaster Suite,2026-06-14 20:00:00,1788
Music,ev_22,pre3,-0.0007650479456201212,0.08801259497996718,-8.453137767196528,Hayley Williams,2026-06-15 00:00:00,1485
Music,ev_22,pre2,0.0025974749343311144,0.0879868678732959,8.091768481113304,Hayley Williams,2026-06-15 00:00:00,1485
Music,ev_22,pre1,0.010166402079175492,0.08820434253543737,29.1789415875215,Hayley Williams,2026-06-15 00:00:00,1485
Music,ev_22,during,0.0087381180516536,0.08730286427033342,12.196329378773685,Hayley Williams,2026-06-15 00:00:00,1485
Music,ev_22,post1,0.0,0.08935836022824693,454.08076314789855,Hayley Williams,2026-06-15 00:00:00,1485
Music,ev_22,post2,0.0,0.08960523900270147,372.4642187892159,Hayley Williams,2026-06-15 00:00:00,1485
Music,ev_24,pre3,0.0018497192050598245,0.08800941716913631,-8.213450812856815,femtanyl - Man Bites Dog Tour,2026-06-15 20:00:00,1929
Music,ev_24,pre2,-0.0022696951505538025,0.08798365657322967,7.566945696077876,femtanyl - Man Bites Dog Tour,2026-06-15 20:00:00,1929
Music,ev_24,pre1,-0.0013674114330948504,0.08820110743290609,27.697575090005632,femtanyl - Man Bites Dog Tour,2026-06-15 20:00:00,1929
Music,ev_24,during,0.0061799563198676275,0.08702797703187712,11.909679826791319,femtanyl - Man Bites Dog Tour,2026-06-15 20:00:00,1929
Music,ev_24,post1,0.0017452459534234666,0.08921072532177313,455.04861468147493,femtanyl - Man Bites Dog Tour,2026-06-15 20:00:00,1929
Music,ev_24,post2,0.00207682437473653,0.08945640759583519,373.4464636169368,femtanyl - Man Bites Dog Tour,2026-06-15 20:00:00,1929
Music,ev_25,pre3,-0.00018039932067482768,0.08801147227895986,-8.399599371024225,Good Dye Young Presents: Hayley Williams At A Bachelorette Party,2026-06-15 20:00:00,2195
Music,ev_25,pre2,-0.00010608830398066481,0.0879857172961952,7.799930228828833,Good Dye Young Presents: Hayley Williams At A Bachelorette Party,2026-06-15 20:00:00,2195
Music,ev_25,pre1,0.0009493408899449343,0.08820318379286049,27.99376170678032,Good Dye Young Presents: Hayley Williams At A Bachelorette Party,2026-06-15 20:00:00,2195
Music,ev_25,during,0.0026589649600253598,0.08703412749205366,11.516339691013776,Good Dye Young Presents: Hayley Williams At A Bachelorette Party,2026-06-15 20:00:00,2195
Music,ev_25,post1,-0.000316746553865955,0.0892129418268553,453.9052877676861,Good Dye Young Presents: Hayley Williams At A Bachelorette Party,2026-06-15 20:00:00,2195
Music,ev_25,post2,0.003873265144153197,0.08945862710932087,374.2977465570661,Good Dye Young Presents: Hayley Williams At A Bachelorette Party,2026-06-15 20:00:00,2195
Music,ev_26,pre3,-0.002100194542387488,0.08800927330842058,-8.575284688583096,Tom Misch,2026-06-16 20:00:00,1821
Music,ev_26,pre2,-0.0009903932753593937,0.08798351493182877,7.704644351710033,Tom Misch,2026-06-16 20:00:00,1821
Music,ev_26,pre1,-0.001566120572109967,0.08820096465720481,27.67220293572812,Tom Misch,2026-06-16 20:00:00,1821
Music,ev_26,during,-0.0020487691964634876,0.08702756523308201,10.992584227707791,Tom Misch,2026-06-16 20:00:00,1821
Music,ev_26,post1,0.0012300376071124129,0.08921057809553946,454.7627226558854,Tom Misch,2026-06-16 20:00:00,1821
Music,ev_26,post2,0.0024172593493042883,0.08945626957274651,373.60766879012016,Tom Misch,2026-06-16 20:00:00,1821
Music,ev_27,pre3,-0.00013275725545252112,0.08801342118821034,-8.395235234805664,Chezile - Wish You Were Here EU/UK Tour,2026-06-16 20:00:00,2343
Music,ev_27,pre2,5.398328347116048e-05,0.087987674607523,7.81718731593557,Chezile - Wish You Were Here EU/UK Tour,2026-06-16 20:00:00,2343
Music,ev_27,pre1,8.678538859443014e-05,0.08820515588611166,27.88340758360157,Chezile - Wish You Were Here EU/UK Tour,2026-06-16 20:00:00,2343
Music,ev_27,during,-0.001920064809914026,0.08703998195312466,11.006870379497835,Chezile - Wish You Were Here EU/UK Tour,2026-06-16 20:00:00,2343
Music,ev_27,post1,0.0041956973545168134,0.08921505313824697,456.41040215257584,Chezile - Wish You Were Here EU/UK Tour,2026-06-16 20:00:00,2343
Music,ev_27,post2,0.003471457653058396,0.08946075236993763,374.1072084518726,Chezile - Wish You Were Here EU/UK Tour,2026-06-16 20:00:00,2343
Arts & Theatre,ev_28,pre3,-0.004725509355690026,0.09306282354085463,128.913067342542,Cirque du Soleil ALIZÉ,2026-06-17 19:30:00,841
Arts & Theatre,ev_28,pre2,-0.002994286428301677,0.09299080219024636,148.04287587327875,Cirque du Soleil ALIZÉ,2026-06-17 19:30:00,841
Arts & Theatre,ev_28,pre1,-0.002249426602783293,0.09333807386770127,147.2277851439579,Cirque du Soleil ALIZÉ,2026-06-17 19:30:00,841
Arts & Theatre,ev_28,during,-0.004598290663772828,0.10313594779665546,109.63831550582563,Cirque du Soleil ALIZÉ,2026-06-17 19:30:00,841
Arts & Theatre,ev_28,post1,-0.0029163443357988744,0.09403436024180742,296.95982852906286,Cirque du Soleil ALIZÉ,2026-06-17 19:30:00,841
Arts & Theatre,ev_28,post2,0.001271920284950978,0.09369709140991822,247.94900811654492,Cirque du Soleil ALIZÉ,2026-06-17 19:30:00,841
Arts & Theatre,ev_29,pre3,-0.0023827685461269613,0.09305963965640163,129.44998000528324,Lachkater - die Stand Up Comedy Show,2026-06-17 20:00:00,730
Arts & Theatre,ev_29,pre2,-0.00048691522757180286,0.09298762873604248,148.66559180053417,Lachkater - die Stand Up Comedy Show,2026-06-17 20:00:00,730
Arts & Theatre,ev_29,pre1,-0.0026189433513505713,0.09333486272953466,147.13644721312292,Lachkater - die Stand Up Comedy Show,2026-06-17 20:00:00,730
Arts & Theatre,ev_29,during,0.0035035251452993285,0.10312721869600722,111.34366541182091,Lachkater - die Stand Up Comedy Show,2026-06-17 20:00:00,730
Arts & Theatre,ev_29,post1,-0.0006971313076049874,0.09403106633228633,297.8417451707083,Lachkater - die Stand Up Comedy Show,2026-06-17 20:00:00,730
Arts & Theatre,ev_29,post2,-0.0006592390899708756,0.09369383193983034,247.27771152650396,Lachkater - die Stand Up Comedy Show,2026-06-17 20:00:00,730
Music,ev_30,pre3,-0.004963530187951714,0.08802319235872492,-8.836689910776151,Doja Cat - Tour Ma Vie World Tour | Premium Packages,2026-06-17 20:00:00,2025
Music,ev_30,pre2,-0.0028729151731398616,0.08799746505371783,7.5020787271597555,Doja Cat - Tour Ma Vie World Tour | Premium Packages,2026-06-17 20:00:00,2025
Music,ev_30,pre1,-0.002722908424703699,0.0882150264685463,27.524598672127574,Doja Cat - Tour Ma Vie World Tour | Premium Packages,2026-06-17 20:00:00,2025
Music,ev_30,during,-0.013373714727138141,0.08707202978704123,9.742690107109864,Doja Cat - Tour Ma Vie World Tour | Premium Packages,2026-06-17 20:00:00,2025
Music,ev_30,post1,-0.0024557322992437808,0.0892254555154965,452.7217584802453,Doja Cat - Tour Ma Vie World Tour | Premium Packages,2026-06-17 20:00:00,2025
Music,ev_30,post2,0.0008707170313205213,0.08947038903585457,372.87578058213444,Doja Cat - Tour Ma Vie World Tour | Premium Packages,2026-06-17 20:00:00,2025
Arts & Theatre,ev_31,pre3,-0.005551636325738656,0.09307593230119751,128.7240341772628,Doja Cat - Tour Ma Vie World Tour | Box seat in the Ticketmaster Suite,2026-06-17 20:00:00,603
Arts & Theatre,ev_31,pre2,-0.0032102096616256548,0.09300393454059608,147.989323435333,Doja Cat - Tour Ma Vie World Tour | Box seat in the Ticketmaster Suite,2026-06-17 20:00:00,603
Arts & Theatre,ev_31,pre1,-0.003050294433141877,0.093351357145446,147.0298676275298,Doja Cat - Tour Ma Vie World Tour | Box seat in the Ticketmaster Suite,2026-06-17 20:00:00,603
Arts & Theatre,ev_31,during,-0.014802338184078851,0.10315988886064824,107.51003318611359,Doja Cat - Tour Ma Vie World Tour | Box seat in the Ticketmaster Suite,2026-06-17 20:00:00,603
Arts & Theatre,ev_31,post1,-0.0032799005379189586,0.09403691052773618,296.8155375519378,Doja Cat - Tour Ma Vie World Tour | Box seat in the Ticketmaster Suite,2026-06-17 20:00:00,603
Arts & Theatre,ev_31,post2,-0.0027096790262247225,0.09371092651924877,246.5663689696377,Doja Cat - Tour Ma Vie World Tour | Box seat in the Ticketmaster Suite,2026-06-17 20:00:00,603
Music,ev_32,pre3,-0.004963530187951728,0.0880231923587245,-8.836689910776164,Doja Cat - Tour Ma Vie World Tour,2026-06-17 20:00:00,2381
Music,ev_32,pre2,-0.0028729151731398572,0.08799746505371805,7.5020787271597555,Doja Cat - Tour Ma Vie World Tour,2026-06-17 20:00:00,2381
Music,ev_32,pre1,-0.002722908424703709,0.08821502646854618,27.524598672127574,Doja Cat - Tour Ma Vie World Tour,2026-06-17 20:00:00,2381
Music,ev_32,during,-0.013373714727138131,0.08707202978704127,9.742690107109864,Doja Cat - Tour Ma Vie World Tour,2026-06-17 20:00:00,2381
Music,ev_32,post1,-0.0024557322992437743,0.08922545551549634,452.7217584802453,Doja Cat - Tour Ma Vie World Tour,2026-06-17 20:00:00,2381
Music,ev_32,post2,0.0008707170313205271,0.08947038903585448,372.87578058213444,Doja Cat - Tour Ma Vie World Tour,2026-06-17 20:00:00,2381
Music,ev_33,pre3,-0.0014158069768924486,0.08800998742778217,-8.512693334315834,Kings of Leon,2026-06-18 19:00:00,1666
Music,ev_33,pre2,-0.0019787763681162044,0.08798423819990714,7.598243493288104,Kings of Leon,2026-06-18 19:00:00,1666
Music,ev_33,pre1,0.0010381931261906061,0.08820169324959067,28.00513474398587,Kings of Leon,2026-06-18 19:00:00,1666
Music,ev_33,during,4.812194224920692e-05,0.08702975413930887,11.225567779241906,Kings of Leon,2026-06-18 19:00:00,1666
Music,ev_33,post1,-0.003790909052055427,0.08921137015626192,451.984269686056,Kings of Leon,2026-06-18 19:00:00,1666
Music,ev_33,post2,-0.0012762002301619018,0.08945708861892757,371.8616444290062,Kings of Leon,2026-06-18 19:00:00,1666
Arts & Theatre,ev_34,pre3,-0.004663748563824684,0.0930593061275427,128.92720563144087,Jimmy Carr | Box seat in the Ticketmaster Suite,2026-06-18 19:30:00,581
Arts & Theatre,ev_34,pre2,-0.0014953482283818836,0.09298729807631441,148.41495560774064,Jimmy Carr | Box seat in the Ticketmaster Suite,2026-06-18 19:30:00,581
Arts & Theatre,ev_34,pre1,-0.002891720835729298,0.09333452684461374,147.06904314832738,Jimmy Carr | Box seat in the Ticketmaster Suite,2026-06-18 19:30:00,581
Arts & Theatre,ev_34,during,-0.005184245938997232,0.10312630034927761,109.51551281092291,Jimmy Carr | Box seat in the Ticketmaster Suite,2026-06-18 19:30:00,581
Arts & Theatre,ev_34,post1,-0.0029343463363280765,0.09403071234277917,296.95268252234104,Jimmy Carr | Box seat in the Ticketmaster Suite,2026-06-18 19:30:00,581
Arts & Theatre,ev_34,post2,-0.002999853315421832,0.0936934845187011,246.465818909089,Jimmy Carr | Box seat in the Ticketmaster Suite,2026-06-18 19:30:00,581
Arts & Theatre,ev_35,pre3,-0.004739164408069177,0.09306231804299546,128.90994154395864,Cirque du Soleil ALIZÉ,2026-06-18 19:30:00,676
Arts & Theatre,ev_35,pre2,-0.008743824624217786,0.0929903214515706,146.62083583835403,Cirque du Soleil ALIZÉ,2026-06-18 19:30:00,676
Arts & Theatre,ev_35,pre1,-0.005328379072009739,0.09333759338587357,146.46775319597083,Cirque du Soleil ALIZÉ,2026-06-18 19:30:00,676
Arts & Theatre,ev_35,during,-0.012048171459931532,0.10313689589141212,108.08233816433992,Cirque du Soleil ALIZÉ,2026-06-18 19:30:00,676
Arts & Theatre,ev_35,post1,-0.00895919066058858,0.09403385261125784,294.56829440218377,Cirque du Soleil ALIZÉ,2026-06-18 19:30:00,676
Arts & Theatre,ev_35,post2,-0.005476104057741001,0.09369659209946155,245.60894402421206,Cirque du Soleil ALIZÉ,2026-06-18 19:30:00,676
Arts & Theatre,ev_36,pre3,-0.0020837521240099494,0.09306016401162598,129.51859957603725,Lachkater - die Stand Up Comedy Show,2026-06-18 20:00:00,725
Arts & Theatre,ev_36,pre2,6.498492025312561e-05,0.0929881526606238,148.80286825537127,Lachkater - die Stand Up Comedy Show,2026-06-18 20:00:00,725
Arts & Theatre,ev_36,pre1,-0.0017675933750957763,0.09333539252659627,147.3469364088619,Lachkater - die Stand Up Comedy Show,2026-06-18 20:00:00,725
Arts & Theatre,ev_36,during,-0.0023933206640120693,0.10312808389890661,110.101071696586,Lachkater - die Stand Up Comedy Show,2026-06-18 20:00:00,725
Arts & Theatre,ev_36,post1,-0.003114020581717181,0.0940311830990563,296.8813667556488,Lachkater - die Stand Up Comedy Show,2026-06-18 20:00:00,725
Arts & Theatre,ev_36,post2,0.0023017692012223664,0.09369437956792495,248.3075276042376,Lachkater - die Stand Up Comedy Show,2026-06-18 20:00:00,725
Arts & Theatre,ev_37,pre3,-0.004739164408069181,0.09306231804299543,128.90994154395864,Casey Frey and Special Guest – Nick Colletti,2026-06-18 20:00:00,540
Arts & Theatre,ev_37,pre2,-0.008743824624217833,0.09299032145157048,146.62083583835397,Casey Frey and Special Guest – Nick Colletti,2026-06-18 20:00:00,540
Arts & Theatre,ev_37,pre1,-0.005328379072009748,0.09333759338587387,146.46775319597083,Casey Frey and Special Guest – Nick Colletti,2026-06-18 20:00:00,540
Arts & Theatre,ev_37,during,-0.01204817145993155,0.10313689589141194,108.08233816433992,Casey Frey and Special Guest – Nick Colletti,2026-06-18 20:00:00,540
Arts & Theatre,ev_37,post1,-0.008959190660588605,0.09403385261125771,294.56829440218377,Casey Frey and Special Guest – Nick Colletti,2026-06-18 20:00:00,540
Arts & Theatre,ev_37,post2,-0.005476104057740992,0.09369659209946131,245.60894402421206,Casey Frey and Special Guest – Nick Colletti,2026-06-18 20:00:00,540
Music,ev_38,pre3,-0.00048241575100469944,0.08800953532475506,-8.42726001984352,Keli Holiday,2026-06-18 20:00:00,1869
Music,ev_38,pre2,-0.0006616587372708694,0.08798377635942771,7.740056408485141,Keli Holiday,2026-06-18 20:00:00,1869
Music,ev_38,pre1,-0.001536690719486018,0.08820122861791387,27.675960365134735,Keli Holiday,2026-06-18 20:00:00,1869
Music,ev_38,during,-0.0048129845786480515,0.08702825935698082,10.68620046951272,Keli Holiday,2026-06-18 20:00:00,1869
Music,ev_38,post1,0.0017456197537414353,0.08921084761724042,455.0488221588624,Keli Holiday,2026-06-18 20:00:00,1869
Music,ev_38,post2,0.0031540199217698485,0.08945626682429943,373.9567328198193,Keli Holiday,2026-06-18 20:00:00,1869
Music,ev_39,pre3,0.0004282888742706177,0.08800929247360345,-8.343826316031011,Mieze - Releasy Party,2026-06-18 21:00:00,1879
Music,ev_39,pre2,0.0017400355707081713,0.08798353252794405,7.999126067236073,Mieze - Releasy Party,2026-06-18 21:00:00,1879
Music,ev_39,pre1,0.0024270105695851554,0.08820098242377426,28.183034014172637,Mieze - Releasy Party,2026-06-18 21:00:00,1879
Music,ev_39,during,0.0013037429516010832,0.08702761095133378,11.365312653862913,Mieze - Releasy Party,2026-06-18 21:00:00,1879
Music,ev_39,post1,0.0018045433709312567,0.08921059384216626,455.08152860676256,Mieze - Releasy Party,2026-06-18 21:00:00,1879
Music,ev_39,post2,0.0,0.08960523900270147,372.4642187892159,Mieze - Releasy Party,2026-06-18 21:00:00,1879
Arts & Theatre,ev_42,pre3,-0.004258903406183693,0.0930587680667131,129.01990446516388,Lachkater - die Stand Up Comedy Show,2026-06-19 19:00:00,625
Arts & Theatre,ev_42,pre2,-0.002408954193997311,0.09298676097159447,148.18810586376782,Lachkater - die Stand Up Comedy Show,2026-06-19 19:00:00,625
Arts & Theatre,ev_42,pre1,-0.00727334277530182,0.09333531653783199,145.9888482393219,Lachkater - die Stand Up Comedy Show,2026-06-19 19:00:00,625
Arts & Theatre,ev_42,during,-0.02094707397049386,0.10312849125987592,106.23884840621565,Lachkater - die Stand Up Comedy Show,2026-06-19 19:00:00,625
Arts & Theatre,ev_42,post1,-0.009791459495340963,0.09403130380435083,294.2400441227577,Lachkater - die Stand Up Comedy Show,2026-06-19 19:00:00,625
Arts & Theatre,ev_42,post2,-0.005818051654081253,0.0936940623141141,245.49078407993505,Lachkater - die Stand Up Comedy Show,2026-06-19 19:00:00,625
Arts & Theatre,ev_44,pre3,0.02048231028956141,0.09306182596599315,134.75681124006204,Cirque du Soleil ALIZÉ,2026-06-19 20:00:00,509
Arts & Theatre,ev_44,pre2,0.015011023848319026,0.09298981169307077,152.54941387510888,Cirque du Soleil ALIZÉ,2026-06-19 20:00:00,509
Arts & Theatre,ev_44,pre1,0.020248034924086923,0.09333706882376519,152.85281998040494,Cirque du Soleil ALIZÉ,2026-06-19 20:00:00,509
Arts & Theatre,ev_44,during,0.04460006002670061,0.10313320447529223,120.21009973283192,Cirque du Soleil ALIZÉ,2026-06-19 20:00:00,509
Arts & Theatre,ev_44,post1,0.015078828743254353,0.09403330903343285,304.1678496313651,Cirque du Soleil ALIZÉ,2026-06-19 20:00:00,509
Arts & Theatre,ev_44,post2,0.009635833855364909,0.09369605734109515,250.8714279442885,Cirque du Soleil ALIZÉ,2026-06-19 20:00:00,509
Music,ev_45,pre3,-0.0006883041281564807,0.08800955130576828,-8.446111841917247,fakemink - a Terrible Beauty . - The Tour,2026-06-19 20:00:00,1729
Music,ev_45,pre2,0.0024041178945140647,0.08798379741629324,8.070870197211466,fakemink - a Terrible Beauty . - The Tour,2026-06-19 20:00:00,1729
Music,ev_45,pre1,-0.0010935897934086583,0.08820124920029501,27.732546237110633,fakemink - a Terrible Beauty . - The Tour,2026-06-19 20:00:00,1729
Music,ev_45,during,0.000533674153000671,0.087028423995217,11.279586713014279,fakemink - a Terrible Beauty . - The Tour,2026-06-19 20:00:00,1729
Music,ev_45,post1,0.003423814242565587,0.08921088924533904,455.98108407284377,fakemink - a Terrible Beauty . - The Tour,2026-06-19 20:00:00,1729
Music,ev_45,post2,0.0024096237434135886,0.0894565945633457,373.60405252242066,fakemink - a Terrible Beauty . - The Tour,2026-06-19 20:00:00,1729
Arts & Theatre,ev_46,pre3,-0.007230357846398169,0.09306010054625682,128.34039232281134,Lachkater - die Stand Up Comedy Show,2026-06-19 21:00:00,619
Arts & Theatre,ev_46,pre2,-0.0063078144949671976,0.09298788142719093,147.22233902902252,Lachkater - die Stand Up Comedy Show,2026-06-19 21:00:00,619
Arts & Theatre,ev_46,pre1,-0.01071297801231678,0.09333512619229163,145.14418982020504,Lachkater - die Stand Up Comedy Show,2026-06-19 21:00:00,619
Arts & Theatre,ev_46,during,-0.01892420145411266,0.10312849390726189,106.65646555518529,Lachkater - die Stand Up Comedy Show,2026-06-19 21:00:00,619
Arts & Theatre,ev_46,post1,-0.0008351037620585953,0.09403019687303124,297.78685775520574,Lachkater - die Stand Up Comedy Show,2026-06-19 21:00:00,619
Arts & Theatre,ev_46,post2,-0.00443235135624042,0.09369297328799561,245.96986261531137,Lachkater - die Stand Up Comedy Show,2026-06-19 21:00:00,619
Arts & Theatre,ev_47,pre3,-0.002981566421817809,0.09305872600909684,129.3126269721351,Cirque du Soleil ALIZÉ,2026-06-20 16:00:00,648
Arts & Theatre,ev_47,pre2,-0.0030855914684350064,0.09298671873544453,148.02022934242927,Cirque du Soleil ALIZÉ,2026-06-20 16:00:00,648
Arts & Theatre,ev_47,pre1,-0.0021709675723412787,0.0933339414449609,147.2471831572433,Cirque du Soleil ALIZÉ,2026-06-20 16:00:00,648
Arts & Theatre,ev_47,during,0.00312275283987188,0.10313022249820876,111.2632069162601,Cirque du Soleil ALIZÉ,2026-06-20 16:00:00,648
Arts & Theatre,ev_47,post1,0.009546288615217923,0.09403432939183007,301.93794898015074,Cirque du Soleil ALIZÉ,2026-06-20 16:00:00,648
Arts & Theatre,ev_47,post2,0.013284652553972652,0.09369707441961123,252.15403274453126,Cirque du Soleil ALIZÉ,2026-06-20 16:00:00,648
Arts & Theatre,ev_49,pre3,0.009274485138307826,0.0930627907637355,132.1403875447897,Cirque du Soleil ALIZÉ,2026-06-20 20:00:00,535
Arts & Theatre,ev_49,pre2,0.0093348420897434,0.09299080748702533,151.11995826184224,Cirque du Soleil ALIZÉ,2026-06-20 20:00:00,535
Arts & Theatre,ev_49,pre1,0.01318268597131997,0.09333807995844545,151.07262283605576,Cirque du Soleil ALIZÉ,2026-06-20 20:00:00,535
Arts & Theatre,ev_49,during,-0.019437712586121172,0.10313589640968614,106.55037240196012,Cirque du Soleil ALIZÉ,2026-06-20 20:00:00,535
Arts & Theatre,ev_49,post1,-0.012465595287458409,0.09403347416615732,293.18720106014854,Cirque du Soleil ALIZÉ,2026-06-20 20:00:00,535
Arts & Theatre,ev_49,post2,-0.004401257110686258,0.09369621657482595,245.9806204544264,Cirque du Soleil ALIZÉ,2026-06-20 20:00:00,535
Arts & Theatre,ev_50,pre3,0.009274485138307826,0.09306279076373564,132.1403875447897,Kevin Bridges - Here If You Need Me,2026-06-20 20:00:00,703
Arts & Theatre,ev_50,pre2,0.009334842089743405,0.09299080748702537,151.11995826184224,Kevin Bridges - Here If You Need Me,2026-06-20 20:00:00,703
Arts & Theatre,ev_50,pre1,0.013182685971319965,0.09333807995844565,151.07262283605576,Kevin Bridges - Here If You Need Me,2026-06-20 20:00:00,703
Arts & Theatre,ev_50,during,-0.01943771258612116,0.10313589640968636,106.55037240196012,Kevin Bridges - Here If You Need Me,2026-06-20 20:00:00,703
Arts & Theatre,ev_50,post1,-0.012465595287458392,0.09403347416615729,293.18720106014854,Kevin Bridges - Here If You Need Me,2026-06-20 20:00:00,703
Arts & Theatre,ev_50,post2,-0.004401257110686253,0.0936962165748258,245.9806204544264,Kevin Bridges - Here If You Need Me,2026-06-20 20:00:00,703
Arts & Theatre,ev_51,pre3,-0.0011185146420022874,0.09305902112945758,129.7402464849093,Cirque du Soleil ALIZÉ,2026-06-21 13:00:00,598
Arts & Theatre,ev_51,pre2,-0.003791192648726973,0.09298701366643843,147.84528770264097,Cirque du Soleil ALIZÉ,2026-06-21 13:00:00,598
Arts & Theatre,ev_51,pre1,-0.0052384541062182165,0.09333423930991804,146.48991779680625,Cirque du Soleil ALIZÉ,2026-06-21 13:00:00,598
Arts & Theatre,ev_51,during,0.010823913413492576,0.10312702800240778,112.89645969491859,Cirque du Soleil ALIZÉ,2026-06-21 13:00:00,598
Arts & Theatre,ev_51,post1,0.015964565272755128,0.0940315694400042,304.5259944473919,Cirque du Soleil ALIZÉ,2026-06-21 13:00:00,598
Arts & Theatre,ev_51,post2,0.015279564109310573,0.09369433719781217,252.85725008870054,Cirque du Soleil ALIZÉ,2026-06-21 13:00:00,598
Arts & Theatre,ev_52,pre3,0.01179798560324541,0.09305987259287926,132.72693368415435,Cirque du Soleil ALIZÉ,2026-06-21 17:00:00,636
Arts & Theatre,ev_52,pre2,0.015610956452228408,0.0929881388309742,152.70097196036346,Cirque du Soleil ALIZÉ,2026-06-21 17:00:00,636
Arts & Theatre,ev_52,pre1,0.015162285548180096,0.09333537422804132,151.57013837228308,Cirque du Soleil ALIZÉ,2026-06-21 17:00:00,636
Arts & Theatre,ev_52,during,-0.005348049985388907,0.10312472072493015,109.48119613282472,Cirque du Soleil ALIZÉ,2026-06-21 17:00:00,636
Arts & Theatre,ev_52,post1,-0.0025176195482542263,0.0940301203536877,297.11813781117706,Cirque du Soleil ALIZÉ,2026-06-21 17:00:00,636
Arts & Theatre,ev_52,post2,-0.0073504338409616215,0.09369289715990482,244.96176558945524,Cirque du Soleil ALIZÉ,2026-06-21 17:00:00,636
Arts & Theatre,ev_53,pre3,-0.007006309220934922,0.0930591199605571,128.39155740536813,Lachkater - die Stand Up Comedy Show,2026-06-21 19:00:00,699
Arts & Theatre,ev_53,pre2,-0.006938807605957251,0.09298711091157744,147.06639264193453,Lachkater - die Stand Up Comedy Show,2026-06-21 19:00:00,699
Arts & Theatre,ev_53,pre1,-0.0007333434970855197,0.09333433863251572,147.60288728343406,Lachkater - die Stand Up Comedy Show,2026-06-21 19:00:00,699
Arts & Theatre,ev_53,during,0.0006196137450764013,0.10312579345864153,110.73504702834249,Lachkater - die Stand Up Comedy Show,2026-06-21 19:00:00,699
Arts & Theatre,ev_53,post1,-0.001995016327219818,0.09403052782787504,297.32572726786304,Lachkater - die Stand Up Comedy Show,2026-06-21 19:00:00,699
Arts & Theatre,ev_53,post2,-0.006839540542305951,0.09369329933834815,245.13804927102876,Lachkater - die Stand Up Comedy Show,2026-06-21 19:00:00,699
Music,ev_55,pre3,0.001949471465782138,0.08800972737193438,-8.204294440394666,Guns N’ Roses - World Tour 2026,2026-06-23 18:30:00,1996
Music,ev_55,pre2,0.0001755610482954342,0.08798396683570534,7.8302962854425395,Guns N’ Roses - World Tour 2026,2026-06-23 18:30:00,1996
Music,ev_55,pre1,-0.00013468901002073528,0.088201420067643,27.855087818981318,Guns N’ Roses - World Tour 2026,2026-06-23 18:30:00,1996
Music,ev_55,during,-0.0025466385493062723,0.08702889976044287,10.937338175427325,Guns N’ Roses - World Tour 2026,2026-06-23 18:30:00,1996
Music,ev_55,post1,0.0008553105309374902,0.08921105749449175,454.5548769879856,Guns N’ Roses - World Tour 2026,2026-06-23 18:30:00,1996
Music,ev_55,post2,-0.0029350982869435008,0.0894567373844108,371.07952297323743,Guns N’ Roses - World Tour 2026,2026-06-23 18:30:00,1996
Arts & Theatre,ev_56,pre3,-0.0059690107261859806,0.0930593465354054,128.62859053988123,Cirque du Soleil ALIZÉ,2026-06-24 18:30:00,579
Arts & Theatre,ev_56,pre2,-0.003001696997412636,0.09298733839544703,148.0410377412154,Cirque du Soleil ALIZÉ,2026-06-24 18:30:00,579
Arts & Theatre,ev_56,pre1,-0.006251773417490111,0.09333456761062663,146.24027131023362,Cirque du Soleil ALIZÉ,2026-06-24 18:30:00,579
Arts & Theatre,ev_56,during,-0.0037329047113152563,0.10312641104103579,109.81981208012735,Cirque du Soleil ALIZÉ,2026-06-24 18:30:00,579
Arts & Theatre,ev_56,post1,-0.0034287282783611564,0.09403075392751625,296.75648478656535,Cirque du Soleil ALIZÉ,2026-06-24 18:30:00,579
Arts & Theatre,ev_56,post2,-0.005771625615188312,0.09369352573908662,245.50682422085117,Cirque du Soleil ALIZÉ,2026-06-24 18:30:00,579
Arts & Theatre,ev_57,pre3,-0.002577742823263982,0.09305943345985587,129.40524752227608,Lachkater - die Stand Up Comedy Show,2026-06-24 20:00:00,719
Arts & Theatre,ev_57,pre2,-0.0011603227384010138,0.09298742326506508,148.49819489282424,Lachkater - die Stand Up Comedy Show,2026-06-24 20:00:00,719
Arts & Theatre,ev_57,pre1,-0.0029228254995625346,0.09333465478200985,147.06135826831508,Lachkater - die Stand Up Comedy Show,2026-06-24 20:00:00,719
Arts & Theatre,ev_57,during,0.0002729999823575409,0.10312665325186224,110.66201601826302,Lachkater - die Stand Up Comedy Show,2026-06-24 20:00:00,719
Arts & Theatre,ev_57,post1,-0.00028732334983122,0.094030852758322,298.0048172956589,Lachkater - die Stand Up Comedy Show,2026-06-24 20:00:00,719
Arts & Theatre,ev_57,post2,-0.003844665030716227,0.09369362067972296,246.1732441290275,Lachkater - die Stand Up Comedy Show,2026-06-24 20:00:00,719
Music,ev_59,pre3,-0.0058826407522628976,0.08801404256524079,-8.92044057819934,Guns N’ Roses - World Tour 2026 | Box seat,2026-06-25 18:30:00,2119
Music,ev_59,pre2,0.0004042690582564651,0.08798829971348507,7.854960758293239,Guns N’ Roses - World Tour 2026 | Box seat,2026-06-25 18:30:00,2119
Music,ev_59,pre1,0.0006076672285606411,0.08820578762593885,27.950037079785673,Guns N’ Roses - World Tour 2026 | Box seat,2026-06-25 18:30:00,2119
Music,ev_59,during,-0.0013953789951839004,0.08704412034960295,11.065129392225792,Guns N’ Roses - World Tour 2026 | Box seat,2026-06-25 18:30:00,2119
Music,ev_59,post1,-0.0028890533605938754,0.08921569109715985,452.4823043852275,Guns N’ Roses - World Tour 2026 | Box seat,2026-06-25 18:30:00,2119
Music,ev_59,post2,-0.002223825903891816,0.08946156963172966,371.4147080179512,Guns N’ Roses - World Tour 2026 | Box seat,2026-06-25 18:30:00,2119
Music,ev_60,pre3,-0.005882640752262912,0.08801404256524085,-8.92044057819934,Guns N’ Roses - World Tour 2026,2026-06-25 18:30:00,1469
Music,ev_60,pre2,0.00040426905825646575,0.08798829971348517,7.854960758293239,Guns N’ Roses - World Tour 2026,2026-06-25 18:30:00,1469
Music,ev_60,pre1,0.0006076672285606418,0.08820578762593845,27.950037079785673,Guns N’ Roses - World Tour 2026,2026-06-25 18:30:00,1469
Music,ev_60,during,-0.0013953789951838985,0.08704412034960296,11.065129392225792,Guns N’ Roses - World Tour 2026,2026-06-25 18:30:00,1469
Music,ev_60,post1,-0.0028890533605938646,0.08921569109715981,452.4823043852275,Guns N’ Roses - World Tour 2026,2026-06-25 18:30:00,1469
Music,ev_60,post2,-0.002223825903891817,0.08946156963172988,371.4147080179512,Guns N’ Roses - World Tour 2026,2026-06-25 18:30:00,1469
Arts & Theatre,ev_61,pre3,-0.00287813324989736,0.09306024155525043,129.336346731188,Cirque du Soleil ALIZÉ,2026-06-25 19:30:00,546
Arts & Theatre,ev_61,pre2,-0.002612062721101593,0.09298823130269543,148.1377018620556,Cirque du Soleil ALIZÉ,2026-06-25 19:30:00,546
Arts & Theatre,ev_61,pre1,-0.00463880474645565,0.09333547052198286,146.63776964340326,Cirque du Soleil ALIZÉ,2026-06-25 19:30:00,546
Arts & Theatre,ev_61,during,-0.004837538931374113,0.10312886312952058,109.58816590136023,Cirque du Soleil ALIZÉ,2026-06-25 19:30:00,546
Arts & Theatre,ev_61,post1,-0.0058138635949577695,0.0940316757552545,295.811294534027,Cirque du Soleil ALIZÉ,2026-06-25 19:30:00,546
Arts & Theatre,ev_61,post2,-0.00566168084077578,0.09369443925117575,245.5448129789926,Cirque du Soleil ALIZÉ,2026-06-25 19:30:00,546
Arts & Theatre,ev_62,pre3,-0.0026070057901015097,0.09305877896832267,129.39853454234682,Lachkater - die Stand Up Comedy Show,2026-06-25 20:00:00,623
Arts & Theatre,ev_62,pre2,-0.002225534520429006,0.09298677186819676,148.23363262025268,Lachkater - die Stand Up Comedy Show,2026-06-25 20:00:00,623
Arts & Theatre,ev_62,pre1,-0.003971503523378144,0.09333399495498469,146.80240625373986,Lachkater - die Stand Up Comedy Show,2026-06-25 20:00:00,623
Arts & Theatre,ev_62,during,-0.003370015441552697,0.10312485671638494,109.89596725562708,Lachkater - die Stand Up Comedy Show,2026-06-25 20:00:00,623
Arts & Theatre,ev_62,post1,-0.0019324347512335454,0.09403017086851687,297.3505933161255,Lachkater - die Stand Up Comedy Show,2026-06-25 20:00:00,623
Arts & Theatre,ev_62,post2,-0.0034575478529659844,0.09369294745366707,246.30727968036567,Lachkater - die Stand Up Comedy Show,2026-06-25 20:00:00,623
Arts & Theatre,ev_63,pre3,0.0015194044562420895,0.09305874215305783,130.34708270928505,Cirque du Soleil ALIZÉ,2026-06-26 16:00:00,655
Arts & Theatre,ev_63,pre2,-0.0019388061725763813,0.09298673474307258,148.30481844462454,Cirque du Soleil ALIZÉ,2026-06-26 16:00:00,655
Arts & Theatre,ev_63,pre1,-0.0035576780736551344,0.09333395770367821,146.9045605060574,Cirque du Soleil ALIZÉ,2026-06-26 16:00:00,655
Arts & Theatre,ev_63,during,0.01731080076406286,0.10312675277740772,114.28198405799223,Cirque du Soleil ALIZÉ,2026-06-26 16:00:00,655
Arts & Theatre,ev_63,post1,0.015983360724277338,0.0940316601225605,304.5335977675638,Cirque du Soleil ALIZÉ,2026-06-26 16:00:00,655
Arts & Theatre,ev_63,post2,0.015339436168280244,0.0936944253055991,252.87837701123556,Cirque du Soleil ALIZÉ,2026-06-26 16:00:00,655
Music,ev_64,pre3,0.0017615554984407229,0.08801826300759524,-8.221542698540373,Bruno Mars – The Romantic Tour,2026-06-26 18:00:00,1288
Music,ev_64,pre2,0.0009787951563265355,0.08799256433718271,7.916944051860142,Bruno Mars – The Romantic Tour,2026-06-26 18:00:00,1288
Music,ev_64,pre1,0.0009499812991214374,0.08821008372757949,27.993843675186092,Bruno Mars – The Romantic Tour,2026-06-26 18:00:00,1288
Music,ev_64,during,0.005326709802631827,0.08705682398772298,11.814234007431224,Bruno Mars – The Romantic Tour,2026-06-26 18:00:00,1288
Music,ev_64,post1,-0.005489119431975073,0.08922034125409614,451.0476797581788,Bruno Mars – The Romantic Tour,2026-06-26 18:00:00,1288
Music,ev_64,post2,-0.0022998925612497975,0.08946634337978766,371.3788504406832,Bruno Mars – The Romantic Tour,2026-06-26 18:00:00,1288
Music,ev_65,pre3,0.0017615554984407307,0.08801826300759523,-8.221542698540373,Bruno Mars,2026-06-26 18:00:00,2035
Music,ev_65,pre2,0.0009787951563265374,0.08799256433718276,7.916944051860142,Bruno Mars,2026-06-26 18:00:00,2035
Music,ev_65,pre1,0.0009499812991214402,0.08821008372757945,27.993843675186092,Bruno Mars,2026-06-26 18:00:00,2035
Music,ev_65,during,0.005326709802631822,0.08705682398772271,11.814234007431224,Bruno Mars,2026-06-26 18:00:00,2035
Music,ev_65,post1,-0.005489119431975081,0.08922034125409598,451.0476797581788,Bruno Mars,2026-06-26 18:00:00,2035
Music,ev_65,post2,-0.0022998925612498036,0.08946634337978765,371.3788504406832,Bruno Mars,2026-06-26 18:00:00,2035
Arts & Theatre,ev_66,pre3,-0.000626566690569284,0.09306098892259933,129.8532945331272,Lachkater - die Stand Up Comedy Show,2026-06-26 19:00:00,785
Arts & Theatre,ev_66,pre2,0.0016754818843782973,0.09298897347676317,149.2038873527046,Lachkater - die Stand Up Comedy Show,2026-06-26 19:00:00,785
Arts & Theatre,ev_66,pre1,-0.006375730550651312,0.093337927833553,146.20974996384155,Lachkater - die Stand Up Comedy Show,2026-06-26 19:00:00,785
Arts & Theatre,ev_66,during,-0.015982094948016074,0.10313556676230083,107.26536617303704,Lachkater - die Stand Up Comedy Show,2026-06-26 19:00:00,785
Arts & Theatre,ev_66,post1,-0.005571443714396661,0.09403378624912508,295.90725869211263,Lachkater - die Stand Up Comedy Show,2026-06-26 19:00:00,785
Arts & Theatre,ev_66,post2,-0.004012538809527023,0.09369651800324762,246.11513559599828,Lachkater - die Stand Up Comedy Show,2026-06-26 19:00:00,785
Music,ev_67,pre3,0.0017493835109183968,0.08801399272015585,-8.222659817978673,Namasenda,2026-06-26 20:00:00,1425
Music,ev_67,pre2,0.0001808156846288919,0.08798827637346006,7.830862895923918,Namasenda,2026-06-26 20:00:00,1425
Music,ev_67,pre1,-0.0030775885409126467,0.0882057615650799,27.479376252871578,Namasenda,2026-06-26 20:00:00,1425
Music,ev_67,during,-0.0004057982153777929,0.0870418981065552,11.175091708903008,Namasenda,2026-06-26 20:00:00,1425
Music,ev_67,post1,-0.0028983422732514253,0.08921575662311511,452.4771724491924,Namasenda,2026-06-26 20:00:00,1425
Music,ev_67,post2,0.004572829055862351,0.08946156001965071,374.62966422923853,Namasenda,2026-06-26 20:00:00,1425
Arts & Theatre,ev_68,pre3,0.017803650096608545,0.09306010959761016,134.12881897920258,Cirque du Soleil ALIZÉ,2026-06-26 20:00:00,591
Arts & Theatre,ev_68,pre2,0.015629335591916847,0.09298822651383695,152.70561642950705,Cirque du Soleil ALIZÉ,2026-06-26 20:00:00,591
Arts & Theatre,ev_68,pre1,0.015221698058115487,0.09333546132214982,151.58508522963933,Cirque du Soleil ALIZÉ,2026-06-26 20:00:00,591
Arts & Theatre,ev_68,during,0.04298695252840459,0.10312580711077986,119.85516352184943,Cirque du Soleil ALIZÉ,2026-06-26 20:00:00,591
Arts & Theatre,ev_68,post1,0.013311721935065338,0.09403052710244889,303.45427254178554,Cirque du Soleil ALIZÉ,2026-06-26 20:00:00,591
Arts & Theatre,ev_68,post2,0.0077049374399631495,0.09369330087844542,250.1945852286835,Cirque du Soleil ALIZÉ,2026-06-26 20:00:00,591
Arts & Theatre,ev_69,pre3,-0.006338050444970157,0.0930626886998977,128.54423307570718,Lachkater - die Stand Up Comedy Show,2026-06-26 21:00:00,706
Arts & Theatre,ev_69,pre2,-0.005976327867826266,0.092989372085097,147.30430351265568,Lachkater - die Stand Up Comedy Show,2026-06-26 21:00:00,706
Arts & Theatre,ev_69,pre1,-0.007001374122272043,0.09333663531511423,146.05575859338487,Lachkater - die Stand Up Comedy Show,2026-06-26 21:00:00,706
Arts & Theatre,ev_69,during,-0.011623001498279082,0.10313559636784714,108.17082733421329,Lachkater - die Stand Up Comedy Show,2026-06-26 21:00:00,706
Arts & Theatre,ev_69,post1,-0.0010632901376695252,0.09403063192139963,297.69609856926763,Lachkater - die Stand Up Comedy Show,2026-06-26 21:00:00,706
Arts & Theatre,ev_69,post2,-0.005538642094746286,0.09369340226961534,245.58733099510653,Lachkater - die Stand Up Comedy Show,2026-06-26 21:00:00,706
Music,ev_71,pre3,0.0007420314050796078,0.08801093010406244,-8.315065364604212,Omar76 - Tour 2026 - Tour 2026 | Premium Upgrade (no Ticket included),2026-06-27 00:00:00,2145
Music,ev_71,pre2,0.00045927591547946755,0.08798517304686222,7.860893683894754,Omar76 - Tour 2026 - Tour 2026 | Premium Upgrade (no Ticket included),2026-06-27 00:00:00,2145
Music,ev_71,pre1,0.008168912431013172,0.08820263542724967,28.92116552715571,Omar76 - Tour 2026 - Tour 2026 | Premium Upgrade (no Ticket included),2026-06-27 00:00:00,2145
Music,ev_71,during,0.0024751090516921433,0.08730228483013763,11.495838637763512,Omar76 - Tour 2026 - Tour 2026 | Premium Upgrade (no Ticket included),2026-06-27 00:00:00,2145
Music,ev_71,post1,0.0,0.08935836022824693,454.08076314789855,Omar76 - Tour 2026 - Tour 2026 | Premium Upgrade (no Ticket included),2026-06-27 00:00:00,2145
Music,ev_71,post2,0.0,0.08960523900270147,372.4642187892159,Omar76 - Tour 2026 - Tour 2026 | Premium Upgrade (no Ticket included),2026-06-27 00:00:00,2145
Arts & Theatre,ev_73,pre3,-0.0036534421984162494,0.09306001397967345,129.15860911903056,Cirque du Soleil ALIZÉ,2026-06-27 16:00:00,553
Arts & Theatre,ev_73,pre2,-0.00623617617938381,0.0929880042824467,147.24005025535877,Cirque du Soleil ALIZÉ,2026-06-27 16:00:00,553
Arts & Theatre,ev_73,pre1,-0.0007899178375557313,0.09333524094494729,147.58887970962587,Cirque du Soleil ALIZÉ,2026-06-27 16:00:00,553
Arts & Theatre,ev_73,during,0.014768032041234237,0.10313211590038361,113.73780668287448,Cirque du Soleil ALIZÉ,2026-06-27 16:00:00,553
Arts & Theatre,ev_73,post1,0.0174948327936337,0.09403438658347098,305.14550132277856,Cirque du Soleil ALIZÉ,2026-06-27 16:00:00,553
Arts & Theatre,ev_73,post2,0.012784133639743839,0.09369712551479929,251.97781709373254,Cirque du Soleil ALIZÉ,2026-06-27 16:00:00,553
Arts & Theatre,ev_74,pre3,-0.0015060458563598293,0.09305984670428279,129.65123221721987,A night with Sinatra in Berlin,2026-06-27 19:30:00,740
Arts & Theatre,ev_74,pre2,-0.0036823127091665624,0.09298783506901144,147.87227455172297,A night with Sinatra in Berlin,2026-06-27 19:30:00,740
Arts & Theatre,ev_74,pre1,0.0009348902124731873,0.09333507153945553,148.01629149813223,A night with Sinatra in Berlin,2026-06-27 19:30:00,740
Arts & Theatre,ev_74,during,-0.0005506454481637373,0.10312778644289622,110.4885766474628,A night with Sinatra in Berlin,2026-06-27 19:30:00,740
Arts & Theatre,ev_74,post1,-0.005812513925422083,0.09403128071938083,295.8118287488336,A night with Sinatra in Berlin,2026-06-27 19:30:00,740
Arts & Theatre,ev_74,post2,-0.0030011088933662505,0.09369404402626667,246.46538389452135,A night with Sinatra in Berlin,2026-06-27 19:30:00,740
Music,ev_75,pre3,-0.00020296283602359435,0.08801127606220711,-8.40166617475251,LA PRIEST,2026-06-27 20:00:00,1558
Music,ev_75,pre2,0.0026541912575230356,0.08798553831432408,8.097899222643768,LA PRIEST,2026-06-27 20:00:00,1558
Music,ev_75,pre1,-5.925765334915849e-05,0.08820300304807903,27.864732465462684,LA PRIEST,2026-06-27 20:00:00,1558
Music,ev_75,during,-0.0024110603275460246,0.0870336678449829,10.952379882104847,LA PRIEST,2026-06-27 20:00:00,1558
Music,ev_75,post1,0.003138245687304345,0.0892127841644283,455.8223360257166,LA PRIEST,2026-06-27 20:00:00,1558
Music,ev_75,post2,0.0024469513304649225,0.08945853319996871,373.621731348871,LA PRIEST,2026-06-27 20:00:00,1558
Arts & Theatre,ev_76,pre3,0.01642573655669415,0.09306212737296041,133.80643187123576,Cirque du Soleil ALIZÉ,2026-06-27 20:00:00,538
Arts & Theatre,ev_76,pre2,0.017107329151425123,0.09299086278685664,153.079389852356,Cirque du Soleil ALIZÉ,2026-06-27 20:00:00,538
Arts & Theatre,ev_76,pre1,0.012686008798757321,0.0933381304657959,150.94795175883965,Cirque du Soleil ALIZÉ,2026-06-27 20:00:00,538
Arts & Theatre,ev_76,during,-0.009678728629368973,0.10312964885904355,108.57596194438912,Cirque du Soleil ALIZÉ,2026-06-27 20:00:00,538
Arts & Theatre,ev_76,post1,-0.00847906683209289,0.09403197128321637,294.75778152729714,Cirque du Soleil ALIZÉ,2026-06-27 20:00:00,538
Arts & Theatre,ev_76,post2,0.000973876454707576,0.09369473205870602,247.84531951407817,Cirque du Soleil ALIZÉ,2026-06-27 20:00:00,538
Music,ev_77,pre3,-0.00033509737129634726,0.08800934036998302,-8.413768678427303,Lexa Gates	 - I Am 2026 Tour,2026-06-27 20:00:00,1903
Music,ev_77,pre2,-0.0009691356173151332,0.08798358003449266,7.706933924544845,Lexa Gates	 - I Am 2026 Tour,2026-06-27 20:00:00,1903
Music,ev_77,pre1,-0.0002927900609563792,0.08820103030267032,27.834875393074654,Lexa Gates	 - I Am 2026 Tour,2026-06-27 20:00:00,1903
Music,ev_77,during,0.004327711160369781,0.08702775055987533,11.702587516104114,Lexa Gates	 - I Am 2026 Tour,2026-06-27 20:00:00,1903
Music,ev_77,post1,0.005224355823803827,0.08921064391901957,456.9830529056778,Lexa Gates	 - I Am 2026 Tour,2026-06-27 20:00:00,1903
Music,ev_77,post2,-0.0017879019417219527,0.08945632777504794,371.62025378320277,Lexa Gates	 - I Am 2026 Tour,2026-06-27 20:00:00,1903
Arts & Theatre,ev_79,pre3,0.00303743222594347,0.09305879926900239,130.69702151872252,Cirque du Soleil ALIZÉ,2026-06-28 13:00:00,667
Arts & Theatre,ev_79,pre2,-0.0039903713191234294,0.09298679154194779,147.79592712372275,Cirque du Soleil ALIZÉ,2026-06-28 13:00:00,667
Arts & Theatre,ev_79,pre1,0.0018354041214539661,0.09333401527203833,148.2397342098154,Cirque du Soleil ALIZÉ,2026-06-28 13:00:00,667
Arts & Theatre,ev_79,during,0.01984460120261645,0.10312491360670971,114.82562028517603,Cirque du Soleil ALIZÉ,2026-06-28 13:00:00,667
Arts & Theatre,ev_79,post1,0.015663858276362495,0.09403019468936112,304.4043689383762,Cirque du Soleil ALIZÉ,2026-06-28 13:00:00,667
Arts & Theatre,ev_79,post2,0.02110830934264258,0.09369297012094356,254.9199708000091,Cirque du Soleil ALIZÉ,2026-06-28 13:00:00,667
Music,ev_81,pre3,0.001237037175520564,0.0880136833654086,-8.269669558231085,Bruno Mars – The Romantic Tour,2026-06-28 18:00:00,1614
Music,ev_81,pre2,0.0005673309407335054,0.08798792390985533,7.8725492251942475,Bruno Mars – The Romantic Tour,2026-06-28 18:00:00,1614
Music,ev_81,pre1,0.0016850131228258718,0.08820540933868874,28.08795780772957,Bruno Mars – The Romantic Tour,2026-06-28 18:00:00,1614
Music,ev_81,during,-0.0009799796842257717,0.08704294804301194,11.111275354283666,Bruno Mars – The Romantic Tour,2026-06-28 18:00:00,1614
Music,ev_81,post1,-0.003181338771766333,0.08921525632964555,452.3208454649176,Bruno Mars – The Romantic Tour,2026-06-28 18:00:00,1614
Music,ev_81,post2,-0.008103953854195396,0.08946107807315345,368.6508630616716,Bruno Mars – The Romantic Tour,2026-06-28 18:00:00,1614
Music,ev_82,pre3,0.0012370371755205634,0.08801368336540856,-8.269669558231085,Bruno Mars,2026-06-28 18:00:00,2207
Music,ev_82,pre2,0.0005673309407335083,0.08798792390985527,7.8725492251942475,Bruno Mars,2026-06-28 18:00:00,2207
Music,ev_82,pre1,0.0016850131228258694,0.08820540933868849,28.08795780772957,Bruno Mars,2026-06-28 18:00:00,2207
Music,ev_82,during,-0.0009799796842257756,0.08704294804301185,11.111275354283666,Bruno Mars,2026-06-28 18:00:00,2207
Music,ev_82,post1,-0.0031813387717663302,0.08921525632964533,452.3208454649176,Bruno Mars,2026-06-28 18:00:00,2207
Music,ev_82,post2,-0.008103953854195376,0.08946107807315348,368.6508630616716,Bruno Mars,2026-06-28 18:00:00,2207
Arts & Theatre,ev_83,pre3,-0.007013576330403925,0.09305897236039824,128.38989766494947,Lachkater - die Stand Up Comedy Show,2026-06-28 19:00:00,687
Arts & Theatre,ev_83,pre2,-0.0022051784913935217,0.09298696388446002,148.23868572271627,Lachkater - die Stand Up Comedy Show,2026-06-28 19:00:00,687
Arts & Theatre,ev_83,pre1,-0.00270420111432667,0.09333418979403292,147.11537781066147,Lachkater - die Stand Up Comedy Show,2026-06-28 19:00:00,687
Arts & Theatre,ev_83,during,-0.00509884408508345,0.1031253885799164,109.53340658821067,Lachkater - die Stand Up Comedy Show,2026-06-28 19:00:00,687
Arts & Theatre,ev_83,post1,-0.00525792672316222,0.09403037467688385,296.0314018041362,Lachkater - die Stand Up Comedy Show,2026-06-28 19:00:00,687
Arts & Theatre,ev_83,post2,-0.00716218813263876,0.09369314793310422,245.02670927385606,Lachkater - die Stand Up Comedy Show,2026-06-28 19:00:00,687
Music,ev_84,pre3,0.0006656905612257876,0.08801352119979632,-8.322064402723328,Bruno Mars – The Romantic Tour,2026-06-29 18:00:00,2063
Music,ev_84,pre2,0.0020083809735982143,0.08798776703971556,8.028111025048524,Bruno Mars – The Romantic Tour,2026-06-29 18:00:00,2063
Music,ev_84,pre1,0.0015534180558331254,0.08820525115257305,28.07110317335859,Bruno Mars – The Romantic Tour,2026-06-29 18:00:00,2063
Music,ev_84,during,-0.0033433549986724804,0.08704250946648952,10.84898777303691,Bruno Mars – The Romantic Tour,2026-06-29 18:00:00,2063
Music,ev_84,post1,-0.0057096350028843544,0.0892150988841737,450.9261785614239,Bruno Mars – The Romantic Tour,2026-06-29 18:00:00,2063
Music,ev_84,post2,-0.004356591625586279,0.08946094107337133,370.4103622857678,Bruno Mars – The Romantic Tour,2026-06-29 18:00:00,2063
Music,ev_85,pre3,0.0006656905612257877,0.08801352119979616,-8.322064402723328,Bruno Mars,2026-06-29 18:00:00,1628
Music,ev_85,pre2,0.002008380973598227,0.08798776703971574,8.028111025048524,Bruno Mars,2026-06-29 18:00:00,1628
Music,ev_85,pre1,0.001553418055833128,0.08820525115257317,28.07110317335859,Bruno Mars,2026-06-29 18:00:00,1628
Music,ev_85,during,-0.0033433549986724787,0.08704250946648942,10.84898777303691,Bruno Mars,2026-06-29 18:00:00,1628
Music,ev_85,post1,-0.005709635002884325,0.08921509888417375,450.92617856142397,Bruno Mars,2026-06-29 18:00:00,1628
Music,ev_85,post2,-0.004356591625586298,0.0894609410733715,370.4103622857678,Bruno Mars,2026-06-29 18:00:00,1628
Arts & Theatre,ev_86,pre3,-0.0023246401790184726,0.09306004518859687,129.4633179456066,Honey Slam BERLIN – Poetryslam ohne traurige Texte!,2026-06-29 19:00:00,552
Arts & Theatre,ev_86,pre2,-0.002853547431654382,0.09298803541573794,148.07778763542024,Honey Slam BERLIN – Poetryslam ohne traurige Texte!,2026-06-29 19:00:00,552
Arts & Theatre,ev_86,pre1,-0.004865371585655613,0.09333590136059569,146.58189603330047,Honey Slam BERLIN – Poetryslam ohne traurige Texte!,2026-06-29 19:00:00,552
Arts & Theatre,ev_86,during,-0.0017427080980427353,0.10312999071882056,110.23781057114705,Honey Slam BERLIN – Poetryslam ohne traurige Texte!,2026-06-29 19:00:00,552
Arts & Theatre,ev_86,post1,-0.006840006352917058,0.09403167909448688,295.40534395786545,Honey Slam BERLIN – Poetryslam ohne traurige Texte!,2026-06-29 19:00:00,552
Arts & Theatre,ev_86,post2,-0.0022312042055895277,0.09369444311791016,246.73223192832899,Honey Slam BERLIN – Poetryslam ohne traurige Texte!,2026-06-29 19:00:00,552
Music,ev_88,pre3,-0.0025273004501149294,0.08800954532525225,-8.61432438696853,December 10 - The Next Step,2026-06-29 20:30:00,1812
Music,ev_88,pre2,-0.00028815379457973456,0.08798365588956118,7.78030536820431,December 10 - The Next Step,2026-06-29 20:30:00,1812
Music,ev_88,pre1,0.0010778962980812225,0.08820110071959866,28.010217054744736,December 10 - The Next Step,2026-06-29 20:30:00,1812
Music,ev_88,during,0.004505603920708549,0.08702807175160367,11.722460365299936,December 10 - The Next Step,2026-06-29 20:30:00,1812
Music,ev_88,post1,0.010131525012587086,0.08921058967079117,459.72298012660093,December 10 - The Next Step,2026-06-29 20:30:00,1812
Music,ev_88,post2,0.0,0.08960523900270147,372.4642187892159,December 10 - The Next Step,2026-06-29 20:30:00,1812
Arts & Theatre,ev_89,pre3,-0.0036725640607536375,0.09305913367004276,129.15422722154867,Cirque du Soleil ALIZÉ,2026-07-01 18:30:00,700
Arts & Theatre,ev_89,pre2,-0.00496049446909794,0.09298712456932556,147.55565112584898,Cirque du Soleil ALIZÉ,2026-07-01 18:30:00,700
Arts & Theatre,ev_89,pre1,-0.0016820255053388651,0.0933343524574378,147.36810226484698,Cirque du Soleil ALIZÉ,2026-07-01 18:30:00,700
Arts & Theatre,ev_89,during,-0.004209763564111545,0.10312583106151232,109.7197814973749,Cirque du Soleil ALIZÉ,2026-07-01 18:30:00,700
Arts & Theatre,ev_89,post1,-0.007230009461144413,0.0940305420454524,295.251164711859,Cirque du Soleil ALIZÉ,2026-07-01 18:30:00,700
Arts & Theatre,ev_89,post2,-0.005986918465621424,0.09369331339625579,245.43244707854134,Cirque du Soleil ALIZÉ,2026-07-01 18:30:00,700
Arts & Theatre,ev_90,pre3,-0.003265450557027776,0.09305877896832274,129.24753799463556,Lachkater - die Stand Up Comedy Show,2026-07-01 20:00:00,623
Arts & Theatre,ev_90,pre2,-0.0046587329806871145,0.09298677186819686,147.63036515993937,Lachkater - die Stand Up Comedy Show,2026-07-01 20:00:00,623
Arts & Theatre,ev_90,pre1,-0.005975290017675347,0.0933339949549849,146.30836207016543,Lachkater - die Stand Up Comedy Show,2026-07-01 20:00:00,623
Arts & Theatre,ev_90,during,0.000860374069917819,0.103124856716385,110.78578977489548,Lachkater - die Stand Up Comedy Show,2026-07-01 20:00:00,623
Arts & Theatre,ev_90,post1,-0.00023284997190577722,0.09403017086851681,298.0264985530079,Lachkater - die Stand Up Comedy Show,2026-07-01 20:00:00,623
Arts & Theatre,ev_90,post2,-0.005491015055676503,0.09369294745366726,245.60379068838202,Lachkater - die Stand Up Comedy Show,2026-07-01 20:00:00,623
Arts & Theatre,ev_91,pre3,-0.0005956272301862129,0.09305963965640161,129.860406180042,Cirque du Soleil ALIZÉ,2026-07-02 19:30:00,730
Arts & Theatre,ev_91,pre2,-0.002745233255138213,0.09298762873604242,148.1046594319719,Cirque du Soleil ALIZÉ,2026-07-02 19:30:00,730
Arts & Theatre,ev_91,pre1,-0.00097478574620299,0.09333486272953491,147.54311270178547,Cirque du Soleil ALIZÉ,2026-07-02 19:30:00,730
Arts & Theatre,ev_91,during,-0.005373939005245833,0.10312721869600704,109.47577294017927,Cirque du Soleil ALIZÉ,2026-07-02 19:30:00,730
Arts & Theatre,ev_91,post1,-0.0013522425741707934,0.09403106633228649,297.5811999135217,Cirque du Soleil ALIZÉ,2026-07-02 19:30:00,730
Arts & Theatre,ev_91,post2,-0.004593145452854806,0.0936938319398304,245.91423717603732,Cirque du Soleil ALIZÉ,2026-07-02 19:30:00,730
Arts & Theatre,ev_92,pre3,-0.0019508379508262285,0.09305936343949239,129.54910787837815,Lachkater - die Stand Up Comedy Show,2026-07-02 20:00:00,653
Arts & Theatre,ev_92,pre2,-0.004335323993428952,0.09298735520041122,147.71046399719387,Lachkater - die Stand Up Comedy Show,2026-07-02 20:00:00,653
Arts & Theatre,ev_92,pre1,-0.0004277476855940263,0.09333458541331756,147.67856525154716,Lachkater - die Stand Up Comedy Show,2026-07-02 20:00:00,653
Arts & Theatre,ev_92,during,-0.004291053059464923,0.10312586896542657,109.70273417506485,Lachkater - die Stand Up Comedy Show,2026-07-02 20:00:00,653
Arts & Theatre,ev_92,post1,0.0006078833947920785,0.09403034122317283,298.3612734196525,Lachkater - die Stand Up Comedy Show,2026-07-02 20:00:00,653
Arts & Theatre,ev_92,post2,0.003885622913970153,0.09369355830999579,248.8596328865949,Lachkater - die Stand Up Comedy Show,2026-07-02 20:00:00,653
Music,ev_93,pre3,-0.0025909270573606885,0.08800963362743694,-8.620138762482199,Delta Goodrem,2026-07-02 20:00:00,1770
Music,ev_93,pre2,-0.004724315955875407,0.08798387813573422,7.303233422433264,Delta Goodrem,2026-07-02 20:00:00,1770
Music,ev_93,pre1,-0.0017364728915472039,0.0882013311081319,27.650455532243278,Delta Goodrem,2026-07-02 20:00:00,1770
Music,ev_93,during,-0.009579396837839843,0.08702856407476121,10.159879733917254,Delta Goodrem,2026-07-02 20:00:00,1770
Music,ev_93,post1,0.001829303124408839,0.08921096338389933,455.0952724587172,Delta Goodrem,2026-07-02 20:00:00,1770
Music,ev_93,post2,0.005621008988449035,0.08945639494827118,375.127422343154,Delta Goodrem,2026-07-02 20:00:00,1770
Arts & Theatre,ev_94,pre3,0.0022168873929246076,0.09306137774318127,130.50780191192453,Cirque du Soleil ALIZÉ,2026-07-03 16:00:00,518
Arts & Theatre,ev_94,pre2,-0.002039313730844368,0.09298936462693788,148.27986318773353,Cirque du Soleil ALIZÉ,2026-07-03 16:00:00,518
Arts & Theatre,ev_94,pre1,-0.008848957898130666,0.09333661667668697,145.60156967109344,Cirque du Soleil ALIZÉ,2026-07-03 16:00:00,518
Arts & Theatre,ev_94,during,0.017485074120222818,0.10313371937705838,114.31933095270846,Cirque du Soleil ALIZÉ,2026-07-03 16:00:00,518
Arts & Theatre,ev_94,post1,0.01649003624411098,0.0940341714791569,304.73861697322303,Cirque du Soleil ALIZÉ,2026-07-03 16:00:00,518
Arts & Theatre,ev_94,post2,0.017147137412307802,0.09369691552177403,253.51685260504513,Cirque du Soleil ALIZÉ,2026-07-03 16:00:00,518
Arts & Theatre,ev_96,pre3,0.02092863720315285,0.09306120845672079,134.8616129092304,Cirque du Soleil ALIZÉ,2026-07-03 20:00:00,678
Arts & Theatre,ev_96,pre2,0.016124788448940892,0.0929906547978603,152.83085117054637,Cirque du Soleil ALIZÉ,2026-07-03 20:00:00,678
Arts & Theatre,ev_96,pre1,0.017015524259678727,0.09333792288869155,152.03679016639708,Cirque du Soleil ALIZÉ,2026-07-03 20:00:00,678
Arts & Theatre,ev_96,during,0.04849836714289415,0.10312514295350138,121.07022175231461,Cirque du Soleil ALIZÉ,2026-07-03 20:00:00,678
Arts & Theatre,ev_96,post1,0.014802176603150167,0.09403028167167878,304.05605119615444,Cirque du Soleil ALIZÉ,2026-07-03 20:00:00,678
Arts & Theatre,ev_96,post2,0.008075455616601175,0.09369305602399615,250.3243627288476,Cirque du Soleil ALIZÉ,2026-07-03 20:00:00,678
Arts & Theatre,ev_102,pre3,-0.0025954742750849665,0.0930587460278129,129.40117987024493,A night with Sinatra in Berlin,2026-07-04 19:30:00,630
Arts & Theatre,ev_102,pre2,-0.001389286149321069,0.09298673893042814,148.44130441168195,A night with Sinatra in Berlin,2026-07-04 19:30:00,630
Arts & Theatre,ev_102,pre1,-0.001261532162585571,0.09333396170296378,147.47214077727685,A night with Sinatra in Berlin,2026-07-04 19:30:00,630
Arts & Theatre,ev_102,during,-0.006164087508516176,0.10312476663244119,109.31032134599205,A night with Sinatra in Berlin,2026-07-04 19:30:00,630
Arts & Theatre,ev_102,post1,-0.002812299679063862,0.09403013731862654,297.0011322268371,A night with Sinatra in Berlin,2026-07-04 19:30:00,630
Arts & Theatre,ev_102,post2,-0.0050752102113549025,0.09369291408481804,245.74752429926104,A night with Sinatra in Berlin,2026-07-04 19:30:00,630
Arts & Theatre,ev_104,pre3,0.021189322878282783,0.09305977953110697,134.922845948295,Cirque du Soleil ALIZÉ,2026-07-04 20:00:00,561
Arts & Theatre,ev_104,pre2,0.017700159414636697,0.09298777039566809,153.22946745453243,Cirque du Soleil ALIZÉ,2026-07-04 20:00:00,561
Arts & Theatre,ev_104,pre1,0.018350071375518986,0.09333500443157625,152.3733696784534,Cirque du Soleil ALIZÉ,2026-07-04 20:00:00,561
Arts & Theatre,ev_104,during,-0.007477805062251963,0.10312759726663108,109.03552724310126,Cirque du Soleil ALIZÉ,2026-07-04 20:00:00,561
Arts & Theatre,ev_104,post1,-0.008460710590647806,0.09403119975886876,294.76502786295475,Cirque du Soleil ALIZÉ,2026-07-04 20:00:00,561
Arts & Theatre,ev_104,post2,0.0021362886988209174,0.09369396759172409,248.24989426830766,Cirque du Soleil ALIZÉ,2026-07-04 20:00:00,561
Arts & Theatre,ev_105,pre3,-0.006680809645767185,0.09305938844254429,128.46591086062807,FLYING Steps Academy | Sommershow Classes - CombiTicket,2026-07-05 00:00:00,577
Arts & Theatre,ev_105,pre2,-0.0034547232440336447,0.09298738020959744,147.9286940901122,FLYING Steps Academy | Sommershow Classes - CombiTicket,2026-07-05 00:00:00,577
Arts & Theatre,ev_105,pre1,0.0025365944438282178,0.09333460988893333,148.41385854908856,FLYING Steps Academy | Sommershow Classes - CombiTicket,2026-07-05 00:00:00,577
Arts & Theatre,ev_105,during,0.008917921130712722,0.10335427520917027,112.49106714596988,FLYING Steps Academy | Sommershow Classes - CombiTicket,2026-07-05 00:00:00,577
Arts & Theatre,ev_105,post1,0.0,0.09420407538975765,298.1191898031724,FLYING Steps Academy | Sommershow Classes - CombiTicket,2026-07-05 00:00:00,577
Arts & Theatre,ev_105,post2,0.0,0.09386498268118455,247.5067260483863,FLYING Steps Academy | Sommershow Classes - CombiTicket,2026-07-05 00:00:00,577
Arts & Theatre,ev_106,pre3,0.0018132483275339806,0.09305891060523795,130.41477873335293,Cirque du Soleil ALIZÉ,2026-07-05 13:00:00,681
Arts & Theatre,ev_106,pre2,0.0016566425329239529,0.09298690238176523,149.19919255731057,Cirque du Soleil ALIZÉ,2026-07-05 13:00:00,681
Arts & Theatre,ev_106,pre1,-0.005679412404014392,0.09333412752433291,146.3812499829786,Cirque du Soleil ALIZÉ,2026-07-05 13:00:00,681
Arts & Theatre,ev_106,during,0.009979798584515335,0.10312672245300343,112.71682646245718,Cirque du Soleil ALIZÉ,2026-07-05 13:00:00,681
Arts & Theatre,ev_106,post1,0.013901559901263747,0.09403145867326082,303.6923153858077,Cirque du Soleil ALIZÉ,2026-07-05 13:00:00,681
Arts & Theatre,ev_106,post2,0.012518955342429592,0.09369422598714047,251.88449258986662,Cirque du Soleil ALIZÉ,2026-07-05 13:00:00,681
Arts & Theatre,ev_107,pre3,-0.0017745330138100182,0.09305904221678642,129.58958208718136,FLYING Steps Academy - Sommershow Classes on Stage,2026-07-05 13:00:00,693
Arts & Theatre,ev_107,pre2,-0.003822092628787009,0.09298703346547615,147.8376294065142,FLYING Steps Academy - Sommershow Classes on Stage,2026-07-05 13:00:00,693
Arts & Theatre,ev_107,pre1,-0.0006597828845061098,0.09333426023532786,147.62110177342538,FLYING Steps Academy - Sommershow Classes on Stage,2026-07-05 13:00:00,693
Arts & Theatre,ev_107,during,0.0008041500776348653,0.10313590099659176,110.77393888943301,FLYING Steps Academy - Sommershow Classes on Stage,2026-07-05 13:00:00,693
Arts & Theatre,ev_107,post1,-0.003913333212693483,0.09403830389907754,296.5642612163166,FLYING Steps Academy - Sommershow Classes on Stage,2026-07-05 13:00:00,693
Arts & Theatre,ev_107,post2,-0.007416661578147815,0.09370100013008628,244.9389203088084,FLYING Steps Academy - Sommershow Classes on Stage,2026-07-05 13:00:00,693
Arts & Theatre,ev_108,pre3,-0.005497439908815195,0.09306639843162526,128.7364305362956,FLYING Steps Academy - Sommershow Classes on Stage,2026-07-05 17:00:00,595
Arts & Theatre,ev_108,pre2,-0.0038266544263922996,0.09299465052557397,147.8364988239886,FLYING Steps Academy - Sommershow Classes on Stage,2026-07-05 17:00:00,595
Arts & Theatre,ev_108,pre1,-0.007359734862696044,0.09334196050517483,145.96759766720066,FLYING Steps Academy - Sommershow Classes on Stage,2026-07-05 17:00:00,595
Arts & Theatre,ev_108,during,-0.01371769321500255,0.10313910237577484,107.73523000686325,FLYING Steps Academy - Sommershow Classes on Stage,2026-07-05 17:00:00,595
Arts & Theatre,ev_108,post1,-0.001524634962958052,0.09403302020304066,297.512665848277,FLYING Steps Academy - Sommershow Classes on Stage,2026-07-05 17:00:00,595
Arts & Theatre,ev_108,post2,-0.004109617691290769,0.09369984839252761,246.08153675656843,FLYING Steps Academy - Sommershow Classes on Stage,2026-07-05 17:00:00,595
Arts & Theatre,ev_109,pre3,0.007821780886069399,0.09305981835169293,131.80340104680965,Cirque du Soleil ALIZÉ,2026-07-05 17:00:00,652
Arts & Theatre,ev_109,pre2,0.013593645835570003,0.09298803172829338,152.19170944982787,Cirque du Soleil ALIZÉ,2026-07-05 17:00:00,652
Arts & Theatre,ev_109,pre1,0.012422865882094597,0.0933352642968477,150.88192527046562,Cirque du Soleil ALIZÉ,2026-07-05 17:00:00,652
Arts & Theatre,ev_109,during,-0.00825596772274202,0.10312473332965578,108.87292687405777,Cirque du Soleil ALIZÉ,2026-07-05 17:00:00,652
Arts & Theatre,ev_109,post1,-0.004780514029804251,0.09403012597158465,296.22051736181777,Cirque du Soleil ALIZÉ,2026-07-05 17:00:00,652
Arts & Theatre,ev_109,post2,-0.006080136883481325,0.09369290238798578,245.40024791314812,Cirque du Soleil ALIZÉ,2026-07-05 17:00:00,652
Music,ev_110,pre3,-0.004915075005426317,0.08801513400289626,-8.832272468923053,DIKKA - BOAH IST DAS KRASS TOUR 2 | Box seat,2026-07-05 17:00:00,2321
Music,ev_110,pre2,-0.0034245905167384102,0.08798960648380047,7.442788836829428,DIKKA - BOAH IST DAS KRASS TOUR 2 | Box seat,2026-07-05 17:00:00,2321
Music,ev_110,pre1,-0.006569819570033823,0.08820710271676332,27.034965264128253,DIKKA - BOAH IST DAS KRASS TOUR 2 | Box seat,2026-07-05 17:00:00,2321
Music,ev_110,during,-0.01108853119957895,0.08704364683943569,9.99375905486637,DIKKA - BOAH IST DAS KRASS TOUR 2 | Box seat,2026-07-05 17:00:00,2321
Music,ev_110,post1,-0.003724470981386821,0.0892158991727301,452.02094367423433,DIKKA - BOAH IST DAS KRASS TOUR 2 | Box seat,2026-07-05 17:00:00,2321
Music,ev_110,post2,-0.0026137647289746573,0.08946040341763056,371.23092095576425,DIKKA - BOAH IST DAS KRASS TOUR 2 | Box seat,2026-07-05 17:00:00,2321
Arts & Theatre,ev_111,pre3,-0.00798794577586348,0.09305938844254423,128.16746990801585,Lachkater - die Stand Up Comedy Show,2026-07-05 19:00:00,577
Arts & Theatre,ev_111,pre2,-0.008829873140088939,0.09298738020959743,146.59961539445413,Lachkater - die Stand Up Comedy Show,2026-07-05 19:00:00,577
Arts & Theatre,ev_111,pre1,-0.007803092487656979,0.09333460988893313,145.8585702281407,Lachkater - die Stand Up Comedy Show,2026-07-05 19:00:00,577
Arts & Theatre,ev_111,during,-0.0043566110350028425,0.10312652584189937,109.68898693897296,Lachkater - die Stand Up Comedy Show,2026-07-05 19:00:00,577
Arts & Theatre,ev_111,post1,-0.003464654886578821,0.09403079706005138,296.74223092782654,Lachkater - die Stand Up Comedy Show,2026-07-05 19:00:00,577
Arts & Theatre,ev_111,post2,-0.006079723701027323,0.09369356849214215,245.40039062649964,Lachkater - die Stand Up Comedy Show,2026-07-05 19:00:00,577
Arts & Theatre,ev_112,pre3,-0.003118330861249601,0.09305873632450183,129.28126730374524,Critical Role: Echoes of Exandria - Live! 2026 | Logen-Seat,2026-07-06 20:00:00,633
Arts & Theatre,ev_112,pre2,-0.007861689693457108,0.09298672921577968,146.8384846760077,Critical Role: Echoes of Exandria - Live! 2026 | Logen-Seat,2026-07-06 20:00:00,633
Arts & Theatre,ev_112,pre1,-0.0059901414433808555,0.09333395190447977,146.30470406698885,Critical Role: Echoes of Exandria - Live! 2026 | Logen-Seat,2026-07-06 20:00:00,633
Arts & Theatre,ev_112,during,-0.0021232973266887764,0.10312474012300714,110.15781154933819,Critical Role: Echoes of Exandria - Live! 2026 | Logen-Seat,2026-07-06 20:00:00,633
Arts & Theatre,ev_112,post1,-0.0009283790504842385,0.09403012749688891,297.7497558016914,Critical Role: Echoes of Exandria - Live! 2026 | Logen-Seat,2026-07-06 20:00:00,633
Arts & Theatre,ev_112,post2,-0.005446703921006385,0.0936929042961706,245.61910512379117,Critical Role: Echoes of Exandria - Live! 2026 | Logen-Seat,2026-07-06 20:00:00,633
Music,ev_114,pre3,-0.0008190553778341143,0.08801348033572431,-8.458081844643306,The Swingin' Hermlins,2026-07-07 19:00:00,2347
Music,ev_114,pre2,0.0004815692631954284,0.0879877340247934,7.86329829110588,The Swingin' Hermlins,2026-07-07 19:00:00,2347
Music,ev_114,pre1,-0.002646504005140099,0.08820521575177087,27.534342487299735,The Swingin' Hermlins,2026-07-07 19:00:00,2347
Music,ev_114,during,0.0021584960473005088,0.08704015973221733,11.460543193108474,The Swingin' Hermlins,2026-07-07 19:00:00,2347
Music,ev_114,post1,-0.0010576532627192957,0.08921511725929344,453.495047617516,The Swingin' Hermlins,2026-07-07 19:00:00,2347
Music,ev_114,post2,-0.004226732418994548,0.08946081696753069,370.47145336872063,The Swingin' Hermlins,2026-07-07 19:00:00,2347
Music,ev_115,pre3,0.001149117329472279,0.08800939719999792,-8.277734120238755,Dua Saleh - Of Earth & Wires Tour,2026-07-07 20:00:00,1923
Music,ev_115,pre2,-0.0048805778732189265,0.0879836366495816,7.286467323427015,Dua Saleh - Of Earth & Wires Tour,2026-07-07 20:00:00,1923
Music,ev_115,pre1,-0.005767255475683864,0.08820108735579581,27.13695988911351,Dua Saleh - Of Earth & Wires Tour,2026-07-07 20:00:00,1923
Music,ev_115,during,-0.007771412311979861,0.08702791798565447,10.359227246153079,Dua Saleh - Of Earth & Wires Tour,2026-07-07 20:00:00,1923
Music,ev_115,post1,-0.0011551664067013928,0.08921070408813604,453.4410772066993,Dua Saleh - Of Earth & Wires Tour,2026-07-07 20:00:00,1923
Music,ev_115,post2,0.0005728521573619868,0.08945638669345486,372.7349484728638,Dua Saleh - Of Earth & Wires Tour,2026-07-07 20:00:00,1923
Music,ev_116,pre3,-0.0015734388716062816,0.08802156568638725,-8.527113515237739,System Of A Down | Business Seat Packages,2026-07-08 18:00:00,1746
Music,ev_116,pre2,-0.0027556645342207745,0.08799580339985208,7.51468415355836,System Of A Down | Business Seat Packages,2026-07-08 18:00:00,1746
Music,ev_116,pre1,-0.0009735395814987004,0.08821335056697503,27.74788147683518,System Of A Down | Business Seat Packages,2026-07-08 18:00:00,1746
Music,ev_116,during,-0.0017366675910253611,0.0870679754269451,11.027230597749615,System Of A Down | Business Seat Packages,2026-07-08 18:00:00,1746
Music,ev_116,post1,-0.01122982407772448,0.0892236167540291,447.8933405107284,System Of A Down | Business Seat Packages,2026-07-08 18:00:00,1746
Music,ev_116,post2,-0.006249075886522698,0.0894696353436942,369.52095993438564,System Of A Down | Business Seat Packages,2026-07-08 18:00:00,1746
Music,ev_117,pre3,-0.0015734388716062786,0.08802156568638721,-8.527113515237739,System Of A Down | VIP Packages	,2026-07-08 18:00:00,1911
Music,ev_117,pre2,-0.0027556645342207728,0.08799580339985222,7.51468415355836,System Of A Down | VIP Packages	,2026-07-08 18:00:00,1911
Music,ev_117,pre1,-0.0009735395814986997,0.08821335056697498,27.74788147683518,System Of A Down | VIP Packages	,2026-07-08 18:00:00,1911
Music,ev_117,during,-0.0017366675910253663,0.08706797542694508,11.027230597749615,System Of A Down | VIP Packages	,2026-07-08 18:00:00,1911
Music,ev_117,post1,-0.011229824077724496,0.08922361675402886,447.8933405107284,System Of A Down | VIP Packages	,2026-07-08 18:00:00,1911
Music,ev_117,post2,-0.006249075886522705,0.08946963534369415,369.52095993438564,System Of A Down | VIP Packages	,2026-07-08 18:00:00,1911
Music,ev_118,pre3,-0.001573438871606276,0.08802156568638711,-8.527113515237728,System Of A Down,2026-07-08 18:00:00,2149
Music,ev_118,pre2,-0.002755664534220775,0.08799580339985191,7.51468415355836,System Of A Down,2026-07-08 18:00:00,2149
Music,ev_118,pre1,-0.0009735395814987005,0.0882133505669748,27.74788147683518,System Of A Down,2026-07-08 18:00:00,2149
Music,ev_118,during,-0.001736667591025364,0.08706797542694523,11.027230597749615,System Of A Down,2026-07-08 18:00:00,2149
Music,ev_118,post1,-0.011229824077724507,0.0892236167540289,447.8933405107284,System Of A Down,2026-07-08 18:00:00,2149
Music,ev_118,post2,-0.0062490758865227,0.0894696353436941,369.52095993438564,System Of A Down,2026-07-08 18:00:00,2149
Arts & Theatre,ev_119,pre3,-0.000646059553382386,0.09305887982668731,129.8488140780583,Cirque du Soleil ALIZÉ,2026-07-08 18:30:00,610
Arts & Theatre,ev_119,pre2,-0.0031086597313483674,0.09298687260895533,148.0145080125618,Cirque du Soleil ALIZÉ,2026-07-08 18:30:00,610
Arts & Theatre,ev_119,pre1,-0.003727325780508047,0.0933340967364696,146.86267726635424,Cirque du Soleil ALIZÉ,2026-07-08 18:30:00,610
Arts & Theatre,ev_119,during,-0.009414640489321396,0.1031251327780031,108.63105165618725,Cirque du Soleil ALIZÉ,2026-07-08 18:30:00,610
Arts & Theatre,ev_119,post1,-0.005753844977464042,0.09403027414198836,295.8350512936301,Cirque du Soleil ALIZÉ,2026-07-08 18:30:00,610
Arts & Theatre,ev_119,post2,-0.005465764139163643,0.09369304999080988,245.61251761102815,Cirque du Soleil ALIZÉ,2026-07-08 18:30:00,610
Arts & Theatre,ev_120,pre3,-0.002393350593826837,0.09305885184744632,129.4475519674969,Hamlet,2026-07-08 19:30:00,613
Arts & Theatre,ev_120,pre2,-0.0038363864980001947,0.09298684467019531,147.83408687317166,Hamlet,2026-07-08 19:30:00,613
Arts & Theatre,ev_120,pre1,-0.005617493611065125,0.09333406850335133,146.39650608489768,Hamlet,2026-07-08 19:30:00,613
Arts & Theatre,ev_120,during,-0.0042649238484951685,0.1031250561782073,109.7082136136334,Hamlet,2026-07-08 19:30:00,613
Arts & Theatre,ev_120,post1,-0.0013754374206598056,0.09403024545326004,297.5719781855715,Hamlet,2026-07-08 19:30:00,613
Arts & Theatre,ev_120,post2,-0.0039060613507076246,0.09369302151943945,246.15199101819658,Hamlet,2026-07-08 19:30:00,613
Arts & Theatre,ev_121,pre3,-0.0018813056759070293,0.09305895086444857,129.56506950497223,Lachkater - die Stand Up Comedy Show,2026-07-08 20:00:00,685
Arts & Theatre,ev_121,pre2,0.0005951197510301612,0.09298694247524186,148.93480229015435,Lachkater - die Stand Up Comedy Show,2026-07-08 20:00:00,685
Arts & Theatre,ev_121,pre1,-0.0017822053835691517,0.09333416811865805,147.34332219973672,Lachkater - die Stand Up Comedy Show,2026-07-08 20:00:00,685
Arts & Theatre,ev_121,during,-0.0070086767546275654,0.10312532960758139,109.13361473224015,Lachkater - die Stand Up Comedy Show,2026-07-08 20:00:00,685
Arts & Theatre,ev_121,post1,-0.0016656293707211114,0.09403035235605804,297.456622736353,Lachkater - die Stand Up Comedy Show,2026-07-08 20:00:00,685
Arts & Theatre,ev_121,post2,-0.0027054271341739444,0.09369312587198123,246.56784253555966,Lachkater - die Stand Up Comedy Show,2026-07-08 20:00:00,685
Arts & Theatre,ev_123,pre3,-0.0032083622163919575,0.09305878723373301,129.2606257297495,Hamlet,2026-07-09 19:30:00,665
Arts & Theatre,ev_123,pre2,-0.004219723973732034,0.09298677956664506,147.73910098689748,Hamlet,2026-07-09 19:30:00,665
Arts & Theatre,ev_123,pre1,-0.003146287533514342,0.0933340031395148,147.00615560276523,Hamlet,2026-07-09 19:30:00,665
Arts & Theatre,ev_123,during,-0.0057837206039467745,0.10312488056381741,109.3899512083389,Hamlet,2026-07-09 19:30:00,665
Arts & Theatre,ev_123,post1,-0.004982724347270007,0.09403018213488333,296.1404055852025,Hamlet,2026-07-09 19:30:00,665
Arts & Theatre,ev_123,post2,-0.00371162505340386,0.09369295773088054,246.21930207327853,Hamlet,2026-07-09 19:30:00,665
Arts & Theatre,ev_124,pre3,-0.0020259017329364295,0.09305922975002899,129.53187770085003,Cirque du Soleil ALIZÉ,2026-07-09 19:30:00,585
Arts & Theatre,ev_124,pre2,-0.006665868825225428,0.0929872218636588,147.13383584541617,Cirque du Soleil ALIZÉ,2026-07-09 19:30:00,585
Arts & Theatre,ev_124,pre1,-0.007318729112071121,0.09333444978933476,145.977683959969,Cirque du Soleil ALIZÉ,2026-07-09 19:30:00,585
Arts & Theatre,ev_124,during,-0.004935277409312564,0.10312609112971104,109.56768207407643,Cirque du Soleil ALIZÉ,2026-07-09 19:30:00,585
Arts & Theatre,ev_124,post1,-0.0015069210357036705,0.09403063375514738,297.5197074210893,Cirque du Soleil ALIZÉ,2026-07-09 19:30:00,585
Arts & Theatre,ev_124,post2,-0.006432143866567867,0.09369340661499233,245.27868601049744,Cirque du Soleil ALIZÉ,2026-07-09 19:30:00,585
Arts & Theatre,ev_125,pre3,-0.0018757608585071833,0.09305877104763183,129.56634240489305,Lachkater - die Stand Up Comedy Show,2026-07-09 20:00:00,662
Arts & Theatre,ev_125,pre2,-0.0038869834493276585,0.09298676346521,147.8215475411695,Lachkater - die Stand Up Comedy Show,2026-07-09 20:00:00,662
Arts & Theatre,ev_125,pre1,-0.00417643048132722,0.09333398682374681,146.7518349692985,Lachkater - die Stand Up Comedy Show,2026-07-09 20:00:00,662
Arts & Theatre,ev_125,during,-0.004983314144339681,0.1031248361159616,109.55761536865016,Lachkater - die Stand Up Comedy Show,2026-07-09 20:00:00,662
Arts & Theatre,ev_125,post1,0.002311236792694002,0.0940301652302974,299.0404016818383,Lachkater - die Stand Up Comedy Show,2026-07-09 20:00:00,662
Arts & Theatre,ev_125,post2,-0.0016707459810270046,0.09369294105410972,246.92661532623293,Lachkater - die Stand Up Comedy Show,2026-07-09 20:00:00,662
Arts & Theatre,ev_126,pre3,0.0014212626166984323,0.09305976169980025,130.32447713214904,Cirque du Soleil ALIZÉ,2026-07-10 16:00:00,736
Arts & Theatre,ev_126,pre2,-0.0003634082850823036,0.0929877503566593,148.69630562412598,Cirque du Soleil ALIZÉ,2026-07-10 16:00:00,736
Arts & Theatre,ev_126,pre1,-0.002096831518680313,0.09333498581117275,147.26551376715253,Cirque du Soleil ALIZÉ,2026-07-10 16:00:00,736
Arts & Theatre,ev_126,during,0.01635372372291759,0.10312962556709877,114.07699780018703,Cirque du Soleil ALIZÉ,2026-07-10 16:00:00,736
Arts & Theatre,ev_126,post1,0.016272817805436893,0.09403278035508371,304.6507098306448,Cirque du Soleil ALIZÉ,2026-07-10 16:00:00,736
Arts & Theatre,ev_126,post2,0.017489115123609896,0.09369553292422045,253.63776816324025,Cirque du Soleil ALIZÉ,2026-07-10 16:00:00,736
Arts & Theatre,ev_127,pre3,-0.001127015888717185,0.09305874250281054,129.73829341469533,Lachkater - die Stand Up Comedy Show,2026-07-10 19:00:00,631
Arts & Theatre,ev_127,pre2,-0.006760083043328363,0.09298673540247002,147.11055342109017,Lachkater - die Stand Up Comedy Show,2026-07-10 19:00:00,631
Arts & Theatre,ev_127,pre1,-0.007676484869587092,0.09333563873072838,145.88969976667613,Lachkater - die Stand Up Comedy Show,2026-07-10 19:00:00,631
Arts & Theatre,ev_127,during,-0.015959909881175686,0.10312936163264383,107.26996442004531,Lachkater - die Stand Up Comedy Show,2026-07-10 19:00:00,631
Arts & Theatre,ev_127,post1,-0.010720182597415967,0.09403145464039131,293.8740742546583,Lachkater - die Stand Up Comedy Show,2026-07-10 19:00:00,631
Arts & Theatre,ev_127,post2,-0.010133294205067856,0.09369421037322394,244.0031196723981,Lachkater - die Stand Up Comedy Show,2026-07-10 19:00:00,631
Arts & Theatre,ev_129,pre3,-0.0026546843445489307,0.09305874912550767,129.3875974125628,Ein Sommernachtstraum,2026-07-10 19:30:00,657
Arts & Theatre,ev_129,pre2,-0.0012383444587604707,0.09298674166988732,148.47880739248544,Ein Sommernachtstraum,2026-07-10 19:30:00,657
Arts & Theatre,ev_129,pre1,-0.0009383278018196235,0.09333396472941101,147.55213777933776,Ein Sommernachtstraum,2026-07-10 19:30:00,657
Arts & Theatre,ev_129,during,0.0008770792740971701,0.10312477589003484,110.78931102396328,Ein Sommernachtstraum,2026-07-10 19:30:00,657
Arts & Theatre,ev_129,post1,-0.0009614318200450963,0.09403014227405761,297.7366092879355,Ein Sommernachtstraum,2026-07-10 19:30:00,657
Arts & Theatre,ev_129,post2,-0.0028014649142292145,0.09369291842663556,246.5345605275147,Ein Sommernachtstraum,2026-07-10 19:30:00,657
Arts & Theatre,ev_130,pre3,0.01705834973095383,0.0930606883604139,133.95438769473142,Cirque du Soleil ALIZÉ,2026-07-10 20:00:00,586
Arts & Theatre,ev_130,pre2,0.015912381312960296,0.09298930969027407,152.77715379661626,Cirque du Soleil ALIZÉ,2026-07-10 20:00:00,586
Arts & Theatre,ev_130,pre1,0.017354877115086244,0.09333655619769181,152.12233408477337,Cirque du Soleil ALIZÉ,2026-07-10 20:00:00,586
Arts & Theatre,ev_130,during,0.047267412653288134,0.10312604132960977,120.79826178983942,Cirque du Soleil ALIZÉ,2026-07-10 20:00:00,586
Arts & Theatre,ev_130,post1,0.013086218601340918,0.09403061505172586,303.3633025157296,Cirque du Soleil ALIZÉ,2026-07-10 20:00:00,586
Arts & Theatre,ev_130,post2,0.010197580560187842,0.09369338807333105,251.06858418350208,Cirque du Soleil ALIZÉ,2026-07-10 20:00:00,586
Arts & Theatre,ev_131,pre3,-0.0076311174001107715,0.0930604198837607,128.24890106331216,Lachkater - die Stand Up Comedy Show,2026-07-10 21:00:00,589
Arts & Theatre,ev_131,pre2,-0.006777282378491897,0.09298821545131071,147.10630332040898,Lachkater - die Stand Up Comedy Show,2026-07-10 21:00:00,589
Arts & Theatre,ev_131,pre1,-0.006176327998950877,0.09333546422538243,146.25884971138262,Lachkater - die Stand Up Comedy Show,2026-07-10 21:00:00,589
Arts & Theatre,ev_131,during,-0.02530238653073318,0.10312936471016679,105.3425669690208,Lachkater - die Stand Up Comedy Show,2026-07-10 21:00:00,589
Arts & Theatre,ev_131,post1,-0.0025071547518253955,0.09403056117594862,297.12229359339204,Lachkater - die Stand Up Comedy Show,2026-07-10 21:00:00,589
Arts & Theatre,ev_131,post2,-0.011469613096174542,0.09369333466099881,243.54372881968075,Lachkater - die Stand Up Comedy Show,2026-07-10 21:00:00,589
Music,ev_132,pre3,0.0008910212671300838,0.08800932495210892,-8.301404221180109,Berlin | Old but Gold Ü30 Hip Hop Festival @ Zitadelle Spandau,2026-07-11 13:00:00,1789
Music,ev_132,pre2,0.0024808396854781633,0.08798356784460934,8.079161905997356,Berlin | Old but Gold Ü30 Hip Hop Festival @ Zitadelle Spandau,2026-07-11 13:00:00,1789
Music,ev_132,pre1,0.0028769990753375607,0.08820101794580122,28.24072788592751,Berlin | Old but Gold Ü30 Hip Hop Festival @ Zitadelle Spandau,2026-07-11 13:00:00,1789
Music,ev_132,during,0.001602832033185264,0.08702772789271361,11.398625784493376,Berlin | Old but Gold Ü30 Hip Hop Festival @ Zitadelle Spandau,2026-07-11 13:00:00,1789
Music,ev_132,post1,-0.006321326382510682,0.08921063722049832,450.58928481519223,Berlin | Old but Gold Ü30 Hip Hop Festival @ Zitadelle Spandau,2026-07-11 13:00:00,1789
Music,ev_132,post2,-0.004235875687615625,0.08945633283838786,370.4671517415096,Berlin | Old but Gold Ü30 Hip Hop Festival @ Zitadelle Spandau,2026-07-11 13:00:00,1789
Arts & Theatre,ev_134,pre3,-0.004838600896176154,0.09306014140552955,128.88718067492798,A night with Sinatra in Berlin,2026-07-11 19:30:00,549
Arts & Theatre,ev_134,pre2,-0.0012754446891714939,0.09298813139841268,148.46958894248323,A night with Sinatra in Berlin,2026-07-11 19:30:00,549
Arts & Theatre,ev_134,pre1,-0.0028406975734503576,0.09333536949177215,147.08164973852885,A night with Sinatra in Berlin,2026-07-11 19:30:00,549
Arts & Theatre,ev_134,during,-0.001342014469242268,0.10312858873089603,110.3220684020365,A night with Sinatra in Berlin,2026-07-11 19:30:00,549
Arts & Theatre,ev_134,post1,-0.003851637828575093,0.09403157256032994,296.58872815548085,A night with Sinatra in Berlin,2026-07-11 19:30:00,549
Arts & Theatre,ev_134,post2,-0.004784995766842977,0.09369433700181855,245.84787978656863,A night with Sinatra in Berlin,2026-07-11 19:30:00,549
Arts & Theatre,ev_135,pre3,-0.00013152894556640965,0.0930612249936405,129.9671087585788,Ein Sommernachtstraum,2026-07-11 19:30:00,793
Arts & Theatre,ev_135,pre2,-0.0009104050391247345,0.09298920877740596,148.56030675106925,Ein Sommernachtstraum,2026-07-11 19:30:00,793
Arts & Theatre,ev_135,pre1,-0.00193523214606391,0.09333646160842198,147.30547494781086,Ein Sommernachtstraum,2026-07-11 19:30:00,793
Arts & Theatre,ev_135,during,-0.0012338600375951271,0.10313156541756219,110.34481689596043,Ein Sommernachtstraum,2026-07-11 19:30:00,793
Arts & Theatre,ev_135,post1,-0.0009085052473288415,0.09403270696893608,297.75766068059306,Ein Sommernachtstraum,2026-07-11 19:30:00,793
Arts & Theatre,ev_135,post2,-0.001384761936512653,0.09369545525752708,247.02584499120778,Ein Sommernachtstraum,2026-07-11 19:30:00,793
Arts & Theatre,ev_136,pre3,0.02041592553977563,0.09306098892259933,134.7412274851549,Cirque du Soleil ALIZÉ,2026-07-11 20:00:00,785
Arts & Theatre,ev_136,pre2,0.02273543970503666,0.09298897347676308,154.5077643918092,Cirque du Soleil ALIZÉ,2026-07-11 20:00:00,785
Arts & Theatre,ev_136,pre1,0.018702146064077486,0.09333622351580441,152.4622395974899,Cirque du Soleil ALIZÉ,2026-07-11 20:00:00,785
Arts & Theatre,ev_136,during,-0.008734467388833761,0.10313091819832955,108.77300515645368,Cirque du Soleil ALIZÉ,2026-07-11 20:00:00,785
Arts & Theatre,ev_136,post1,-0.005880503177387246,0.09403246275489524,295.784918713485,Cirque du Soleil ALIZÉ,2026-07-11 20:00:00,785
Arts & Theatre,ev_136,post2,0.0012840039638120884,0.09369521359208963,247.95321264602208,Cirque du Soleil ALIZÉ,2026-07-11 20:00:00,785
Arts & Theatre,ev_137,pre3,0.0007847332118012802,0.09305897236039827,130.177915480136,Cirque du Soleil ALIZÉ,2026-07-12 13:00:00,687
Arts & Theatre,ev_137,pre2,-0.005060789586676854,0.09298696388446007,147.53082374776523,Cirque du Soleil ALIZÉ,2026-07-12 13:00:00,687
Arts & Theatre,ev_137,pre1,0.0005870653525604749,0.09333418979403292,147.93004026731654,Cirque du Soleil ALIZÉ,2026-07-12 13:00:00,687
Arts & Theatre,ev_137,during,0.009140965255138665,0.10312798774316116,112.538467315958,Cirque du Soleil ALIZÉ,2026-07-12 13:00:00,687
Arts & Theatre,ev_137,post1,0.012606262272985494,0.09403236064613359,303.16975219762634,Cirque du Soleil ALIZÉ,2026-07-12 13:00:00,687
Arts & Theatre,ev_137,post2,0.011841130195661229,0.09369511789562339,251.64605724989505,Cirque du Soleil ALIZÉ,2026-07-12 13:00:00,687
Arts & Theatre,ev_138,pre3,0.007396146669010329,0.09306067863903411,131.70475858198677,Cirque du Soleil ALIZÉ,2026-07-12 17:00:00,568
Arts & Theatre,ev_138,pre2,0.012327038538581104,0.09298890386481073,151.87248379984513,Cirque du Soleil ALIZÉ,2026-07-12 17:00:00,568
Arts & Theatre,ev_138,pre1,0.011750243394076338,0.09333614594396011,150.7132331850965,Cirque du Soleil ALIZÉ,2026-07-12 17:00:00,568
Arts & Theatre,ev_138,during,-0.007618047377038299,0.10313355032352577,109.00621367243764,Cirque du Soleil ALIZÉ,2026-07-12 17:00:00,568
Arts & Theatre,ev_138,post1,-0.0067355787173792574,0.0940334561901749,295.44663735906255,Cirque du Soleil ALIZÉ,2026-07-12 17:00:00,568
Arts & Theatre,ev_138,post2,-0.007468629080060683,0.09369459569548676,244.92099516057405,Cirque du Soleil ALIZÉ,2026-07-12 17:00:00,568
Arts & Theatre,ev_139,pre3,-0.0055126112462430855,0.09305872476794265,128.73296032504982,Lachkater - die Stand Up Comedy Show,2026-07-12 19:00:00,647
Arts & Theatre,ev_139,pre2,-0.0062414171246882805,0.09298671751075006,147.23875448717382,Lachkater - die Stand Up Comedy Show,2026-07-12 19:00:00,647
Arts & Theatre,ev_139,pre1,-0.0007397379712036705,0.093333940196663,147.60130399824192,Lachkater - die Stand Up Comedy Show,2026-07-12 19:00:00,647
Arts & Theatre,ev_139,during,-0.006042454191785885,0.10312470884691184,109.33578200300396,Lachkater - die Stand Up Comedy Show,2026-07-12 19:00:00,647
Arts & Theatre,ev_139,post1,-0.0025164047605708987,0.09403011647810287,297.1186202256927,Lachkater - die Stand Up Comedy Show,2026-07-12 19:00:00,647
Arts & Theatre,ev_139,post2,-0.0051193804085622845,0.09369289309186274,245.73225290020164,Lachkater - die Stand Up Comedy Show,2026-07-12 19:00:00,647
Music,ev_140,pre3,-0.0008960980138134518,0.08801945325406298,-8.465134203650948,David Garrett - Millennium Symphony Open Air Tour 2026,2026-07-12 19:30:00,1297
Music,ev_140,pre2,-0.00197370452460102,0.08799376859454816,7.598789216125534,David Garrett - Millennium Symphony Open Air Tour 2026,2026-07-12 19:30:00,1297
Music,ev_140,pre1,-0.0024635851130629925,0.0882114009435658,27.557673061665653,David Garrett - Millennium Symphony Open Air Tour 2026,2026-07-12 19:30:00,1297
Music,ev_140,during,0.0007366449592097797,0.0870602878196416,11.302175512799927,David Garrett - Millennium Symphony Open Air Tour 2026,2026-07-12 19:30:00,1297
Music,ev_140,post1,-0.0021014188267177883,0.08922153500359051,452.9176299437331,David Garrett - Millennium Symphony Open Air Tour 2026,2026-07-12 19:30:00,1297
Music,ev_140,post2,-0.010637255619130216,0.08946756272294928,367.46513154514184,David Garrett - Millennium Symphony Open Air Tour 2026,2026-07-12 19:30:00,1297
Music,ev_141,pre3,-0.0008960980138134526,0.08801945325406285,-8.465134203650948,David Garrett - Millennium Symphony Open Air Tour 2026 | VIP,2026-07-12 19:30:00,1965
Music,ev_141,pre2,-0.001973704524601019,0.08799376859454834,7.598789216125534,David Garrett - Millennium Symphony Open Air Tour 2026 | VIP,2026-07-12 19:30:00,1965
Music,ev_141,pre1,-0.0024635851130629985,0.08821140094356592,27.557673061665653,David Garrett - Millennium Symphony Open Air Tour 2026 | VIP,2026-07-12 19:30:00,1965
Music,ev_141,during,0.000736644959209781,0.0870602878196416,11.302175512799927,David Garrett - Millennium Symphony Open Air Tour 2026 | VIP,2026-07-12 19:30:00,1965
Music,ev_141,post1,-0.002101418826717789,0.08922153500359038,452.9176299437331,David Garrett - Millennium Symphony Open Air Tour 2026 | VIP,2026-07-12 19:30:00,1965
Music,ev_141,post2,-0.010637255619130249,0.08946756272294937,367.46513154514184,David Garrett - Millennium Symphony Open Air Tour 2026 | VIP,2026-07-12 19:30:00,1965
Music,ev_143,pre3,-0.0008827868278850638,0.08800926563424068,-8.463915757923946,The Swingin' Hermlins,2026-07-14 19:00:00,1833
Music,ev_143,pre2,-0.00031324824307974857,0.0879835068575134,7.777600714817967,The Swingin' Hermlins,2026-07-14 19:00:00,1833
Music,ev_143,pre1,0.0010596308362682684,0.088200956530256,28.00787891036718,The Swingin' Hermlins,2026-07-14 19:00:00,1833
Music,ev_143,during,0.0010699722118957945,0.08702753954334326,11.339281745097264,The Swingin' Hermlins,2026-07-14 19:00:00,1833
Music,ev_143,post1,0.0006775123946501068,0.08921056866724505,454.45628692921207,The Swingin' Hermlins,2026-07-14 19:00:00,1833
Music,ev_143,post2,-0.0037871227258340443,0.08945625876678803,370.6783226475154,The Swingin' Hermlins,2026-07-14 19:00:00,1833
Arts & Theatre,ev_144,pre3,-0.005228976959505668,0.09305901804452901,128.79784603657623,Cirque du Soleil ALIZÉ,2026-07-15 18:30:00,691
Arts & Theatre,ev_144,pre2,-0.004236943671191994,0.09298700938751685,147.73483503125883,Cirque du Soleil ALIZÉ,2026-07-15 18:30:00,691
Arts & Theatre,ev_144,pre1,-0.001010632970552351,0.09333423586039861,147.53423912733575,Cirque du Soleil ALIZÉ,2026-07-15 18:30:00,691
Arts & Theatre,ev_144,during,-0.015681128472180773,0.10312551390329362,107.32775548793202,Cirque du Soleil ALIZÉ,2026-07-15 18:30:00,691
Arts & Theatre,ev_144,post1,-0.0030183145610248483,0.09403042209773121,296.9193525096517,Cirque du Soleil ALIZÉ,2026-07-15 18:30:00,691
Arts & Theatre,ev_144,post2,-0.0014823650857629244,0.09369319480743629,246.99197582876073,Cirque du Soleil ALIZÉ,2026-07-15 18:30:00,691
Arts & Theatre,ev_145,pre3,-0.004449673583344538,0.09306049088349902,128.97621846454123,Brief an den Vater,2026-07-15 19:30:00,539
Arts & Theatre,ev_145,pre2,-0.003421057436255332,0.0929884800137704,147.9370409503713,Brief an den Vater,2026-07-15 19:30:00,539
Arts & Theatre,ev_145,pre1,-0.007963977620800663,0.09333572204053328,145.81901842106922,Brief an den Vater,2026-07-15 19:30:00,539
Arts & Theatre,ev_145,during,-0.010809702005852479,0.10312954627161806,108.34020142901872,Brief an den Vater,2026-07-15 19:30:00,539
Arts & Theatre,ev_145,post1,-0.008118458851767924,0.09403193269558682,294.9001600034757,Brief an den Vater,2026-07-15 19:30:00,539
Arts & Theatre,ev_145,post2,-0.007098079981319219,0.09369469382723417,245.04882900736354,Brief an den Vater,2026-07-15 19:30:00,539
Arts & Theatre,ev_146,pre3,-0.004733351398216036,0.09305895644641904,128.9112722035719,Lachkater - die Stand Up Comedy Show,2026-07-15 20:00:00,603
Arts & Theatre,ev_146,pre2,-0.003834110241733836,0.09298694910207853,147.83465100770695,Lachkater - die Stand Up Comedy Show,2026-07-15 20:00:00,603
Arts & Theatre,ev_146,pre1,-0.004919050608674995,0.09333417404700754,146.56866011327588,Lachkater - die Stand Up Comedy Show,2026-07-15 20:00:00,603
Arts & Theatre,ev_146,during,-0.007530931776268936,0.10312534257708442,109.02442216741673,Lachkater - die Stand Up Comedy Show,2026-07-15 20:00:00,603
Arts & Theatre,ev_146,post1,0.0010662665027643904,0.09403035278384934,298.54391735550786,Lachkater - die Stand Up Comedy Show,2026-07-15 20:00:00,603
Arts & Theatre,ev_146,post2,-0.006745646505533078,0.09369312801119269,245.17045719715037,Lachkater - die Stand Up Comedy Show,2026-07-15 20:00:00,603
Arts & Theatre,ev_147,pre3,-0.001484243107235489,0.09305960045739856,129.65623930000584,Urfaust,2026-07-16 19:30:00,728
Arts & Theatre,ev_147,pre2,-0.0014018150205941193,0.09298758967378405,148.43819174205925,Urfaust,2026-07-16 19:30:00,728
Arts & Theatre,ev_147,pre1,-0.0017320374427213152,0.09333482319732823,147.35573121615872,Urfaust,2026-07-16 19:30:00,728
Arts & Theatre,ev_147,during,-0.008245484657087267,0.10312711120497825,108.8751165141407,Urfaust,2026-07-16 19:30:00,728
Arts & Theatre,ev_147,post1,-0.001183448018298711,0.09403102573678147,297.6483151197656,Urfaust,2026-07-16 19:30:00,728
Arts & Theatre,ev_147,post2,-0.006591589028673058,0.09369379178221908,245.2236373831703,Urfaust,2026-07-16 19:30:00,728
Arts & Theatre,ev_149,pre3,-0.0058827746725892355,0.09306049281998276,128.64830741740937,Lachkater - die Stand Up Comedy Show,2026-07-16 20:00:00,767
Arts & Theatre,ev_149,pre2,-0.0026951444568980533,0.0929884790088611,148.11708700743918,Lachkater - die Stand Up Comedy Show,2026-07-16 20:00:00,767
Arts & Theatre,ev_149,pre1,-0.002957932123244839,0.09333572316925533,147.0526849304306,Lachkater - die Stand Up Comedy Show,2026-07-16 20:00:00,767
Arts & Theatre,ev_149,during,0.0007617023481866288,0.10312955802656042,110.76499220418485,Lachkater - die Stand Up Comedy Show,2026-07-16 20:00:00,767
Arts & Theatre,ev_149,post1,-0.004276091395727758,0.09403194946068306,296.420430374946,Lachkater - die Stand Up Comedy Show,2026-07-16 20:00:00,767
Arts & Theatre,ev_149,post2,-0.0010930511902685007,0.0936947056799703,247.1270909259618,Lachkater - die Stand Up Comedy Show,2026-07-16 20:00:00,767
Arts & Theatre,ev_150,pre3,-0.0006169425322482639,0.09305905463202165,129.85550668826943,Cirque du Soleil ALIZÉ,2026-07-17 16:00:00,694
Arts & Theatre,ev_150,pre2,-0.005883140612684102,0.09298704583263195,147.3273501956968,Cirque du Soleil ALIZÉ,2026-07-17 16:00:00,694
Arts & Theatre,ev_150,pre1,-0.002759760823034797,0.0933342727547574,147.10164853365387,Cirque du Soleil ALIZÉ,2026-07-17 16:00:00,694
Arts & Theatre,ev_150,during,0.017784608887925497,0.1031301470032862,114.38353665916021,Cirque du Soleil ALIZÉ,2026-07-17 16:00:00,694
Arts & Theatre,ev_150,post1,0.0167951668457297,0.09403391582896756,304.8621339543655,Cirque du Soleil ALIZÉ,2026-07-17 16:00:00,694
Arts & Theatre,ev_150,post2,0.013736137165232786,0.09369665646436563,252.31306076775985,Cirque du Soleil ALIZÉ,2026-07-17 16:00:00,694
Arts & Theatre,ev_151,pre3,-0.0003417724704142443,0.09306031361458048,129.91876474522033,Lachkater - die Stand Up Comedy Show,2026-07-17 19:00:00,760
Arts & Theatre,ev_151,pre2,-0.002548476532648387,0.09298830040052872,148.1534804943748,Lachkater - die Stand Up Comedy Show,2026-07-17 19:00:00,760
Arts & Theatre,ev_151,pre1,-0.009913470291086163,0.09333681219365729,145.3402628632927,Lachkater - die Stand Up Comedy Show,2026-07-17 19:00:00,760
Arts & Theatre,ev_151,during,-0.015846538513475478,0.10313254220481345,107.2934642314725,Lachkater - die Stand Up Comedy Show,2026-07-17 19:00:00,760
Arts & Theatre,ev_151,post1,-0.008302325060543474,0.0940328671848927,294.8275578829539,Lachkater - die Stand Up Comedy Show,2026-07-17 19:00:00,760
Arts & Theatre,ev_151,post2,-0.008366211128736843,0.09369560532934773,244.6115391689541,Lachkater - die Stand Up Comedy Show,2026-07-17 19:00:00,760
Arts & Theatre,ev_152,pre3,-0.002976469706161368,0.09305924829423763,129.31379571636955,Urfaust,2026-07-17 19:30:00,584
Arts & Theatre,ev_152,pre2,-0.0038811532510222876,0.09298724036821485,147.82299239414792,Urfaust,2026-07-17 19:30:00,584
Arts & Theatre,ev_152,pre1,-0.002575395673925717,0.09333446849820784,147.14720966574427,Urfaust,2026-07-17 19:30:00,584
Arts & Theatre,ev_152,during,0.0006221363657359963,0.10312614192673301,110.73557863359636,Urfaust,2026-07-17 19:30:00,584
Arts & Theatre,ev_152,post1,-0.0008751161843437825,0.09403065283408153,297.7709416578967,Urfaust,2026-07-17 19:30:00,584
Arts & Theatre,ev_152,post2,-0.007053114005529291,0.0936934255284964,245.06434481349407,Urfaust,2026-07-17 19:30:00,584
Music,ev_153,pre3,0.0009564150249464305,0.0880093240797241,-8.295407509344033,Dueja - Tour 2026,2026-07-17 20:00:00,1896
Music,ev_153,pre2,0.0009695796672416639,0.08798356384285876,7.915949549022572,Dueja - Tour 2026,2026-07-17 20:00:00,1896
Music,ev_153,pre1,-5.712752027854158e-06,0.08820101398491169,27.871579153245985,Dueja - Tour 2026,2026-07-17 20:00:00,1896
Music,ev_153,during,-2.572942319063908e-05,0.08702770283317197,11.217353922495587,Dueja - Tour 2026,2026-07-17 20:00:00,1896
Music,ev_153,post1,0.0030865470632942347,0.08921062678401868,455.7936015185236,Dueja - Tour 2026,2026-07-17 20:00:00,1896
Music,ev_153,post2,-0.006717589587418915,0.08945631113195861,369.3010344548715,Dueja - Tour 2026,2026-07-17 20:00:00,1896
Arts & Theatre,ev_154,pre3,0.017641000342821442,0.09306215360936544,134.09074108120546,Cirque du Soleil ALIZÉ,2026-07-17 20:00:00,525
Arts & Theatre,ev_154,pre2,0.01642316052815061,0.09299040760419738,152.90630009266462,Cirque du Soleil ALIZÉ,2026-07-17 20:00:00,525
Arts & Theatre,ev_154,pre1,0.013630705204562598,0.0933376668116834,151.18513340159367,Cirque du Soleil ALIZÉ,2026-07-17 20:00:00,525
Arts & Theatre,ev_154,during,0.0458680435707632,0.10313110045536877,120.48949961532162,Cirque du Soleil ALIZÉ,2026-07-17 20:00:00,525
Arts & Theatre,ev_154,post1,0.014256595728651816,0.09403251735818138,303.835666066819,Cirque du Soleil ALIZÉ,2026-07-17 20:00:00,525
Arts & Theatre,ev_154,post2,0.010178973803188432,0.09369527306902092,251.0620519964376,Cirque du Soleil ALIZÉ,2026-07-17 20:00:00,525
Arts & Theatre,ev_155,pre3,-0.009854882399821348,0.09306158294708228,127.7418930881351,Lachkater - die Stand Up Comedy Show,2026-07-17 21:00:00,624
Arts & Theatre,ev_155,pre2,-0.006215595719890122,0.09298859900199821,147.2451386215585,Lachkater - die Stand Up Comedy Show,2026-07-17 21:00:00,624
Arts & Theatre,ev_155,pre1,-0.0066498549870414,0.09333585528508673,146.14226710467187,Lachkater - die Stand Up Comedy Show,2026-07-17 21:00:00,624
Arts & Theatre,ev_155,during,-0.02022695714950457,0.10313254896588842,106.38741795739057,Lachkater - die Stand Up Comedy Show,2026-07-17 21:00:00,624
Arts & Theatre,ev_155,post1,-0.0017260046923044672,0.09403016515127689,297.4326268893256,Lachkater - die Stand Up Comedy Show,2026-07-17 21:00:00,624
Arts & Theatre,ev_155,post2,-0.0035651255120787,0.09369294177131794,246.27002675771098,Lachkater - die Stand Up Comedy Show,2026-07-17 21:00:00,624
Arts & Theatre,ev_158,pre3,-0.006765216572237582,0.09305878158832152,128.4466275691222,Cirque du Soleil ALIZÉ,2026-07-18 16:00:00,664
Arts & Theatre,ev_158,pre2,-0.005098984944723575,0.09298677395016364,147.52136939988185,Cirque du Soleil ALIZÉ,2026-07-18 16:00:00,664
Arts & Theatre,ev_158,pre1,-0.002831579304268062,0.09333399744870981,147.08390270579278,Cirque du Soleil ALIZÉ,2026-07-18 16:00:00,664
Arts & Theatre,ev_158,during,0.017493854214839715,0.10313262629995071,114.32121270497339,Cirque du Soleil ALIZÉ,2026-07-18 16:00:00,664
Arts & Theatre,ev_158,post1,0.01732642141177964,0.0940360526264479,305.07727595417435,Cirque du Soleil ALIZÉ,2026-07-18 16:00:00,664
Arts & Theatre,ev_158,post2,0.018457640709237853,0.09369877352065446,253.9804413068174,Cirque du Soleil ALIZÉ,2026-07-18 16:00:00,664
Arts & Theatre,ev_160,pre3,-0.0044602418752146865,0.09305906401940583,128.97379858982018,A night with Sinatra in Berlin,2026-07-18 19:30:00,595
Arts & Theatre,ev_160,pre2,-0.004493548122763878,0.09298705647360087,147.67127332523748,A night with Sinatra in Berlin,2026-07-18 19:30:00,595
Arts & Theatre,ev_160,pre1,-0.0022759194677107976,0.09333428258321678,147.22123545840012,A night with Sinatra in Berlin,2026-07-18 19:30:00,595
Arts & Theatre,ev_160,during,-0.007883736489943905,0.10312563718357164,108.95069037322993,A night with Sinatra in Berlin,2026-07-18 19:30:00,595
Arts & Theatre,ev_160,post1,-0.005833451870895018,0.0940304633151079,295.8035413491066,A night with Sinatra in Berlin,2026-07-18 19:30:00,595
Arts & Theatre,ev_160,post2,-0.003378212921321167,0.09369323763039682,246.33475503459044,A night with Sinatra in Berlin,2026-07-18 19:30:00,595
Arts & Theatre,ev_161,pre3,0.0005732857159243895,0.09305872266953796,130.1292500815712,Urfaust,2026-07-18 19:30:00,644
Arts & Theatre,ev_161,pre2,-0.002666683061750762,0.09298671545712145,148.12414886639,Urfaust,2026-07-18 19:30:00,644
Arts & Theatre,ev_161,pre1,-0.0026065016727789127,0.093333938090941,147.13952202449033,Urfaust,2026-07-18 19:30:00,644
Arts & Theatre,ev_161,during,-0.005542729863668882,0.10312470301035122,109.44041832849743,Urfaust,2026-07-18 19:30:00,644
Arts & Theatre,ev_161,post1,-0.004800701144595729,0.0940301141165587,296.21251889348434,Urfaust,2026-07-18 19:30:00,644
Arts & Theatre,ev_161,post2,-0.007466519394568951,0.09369289081618182,244.92172283616097,Urfaust,2026-07-18 19:30:00,644
Arts & Theatre,ev_162,pre3,0.017391303139340966,0.09306429613357098,134.0322965748154,Cirque du Soleil ALIZÉ,2026-07-18 20:00:00,853
Arts & Theatre,ev_162,pre2,0.01694264801521717,0.09299247372006787,153.03771588243683,Cirque du Soleil ALIZÉ,2026-07-18 20:00:00,853
Arts & Theatre,ev_162,pre1,0.018315968765669356,0.0933397595118498,152.3647632346427,Cirque du Soleil ALIZÉ,2026-07-18 20:00:00,853
Arts & Theatre,ev_162,during,-0.005635384576184913,0.10313716533145399,109.42101358573227,Cirque du Soleil ALIZÉ,2026-07-18 20:00:00,853
Arts & Theatre,ev_162,post1,-0.007253431525569837,0.09403481949424909,295.2419072220301,Cirque du Soleil ALIZÉ,2026-07-18 20:00:00,853
Arts & Theatre,ev_162,post2,0.002560058745686836,0.09369754593562821,248.39750341628158,Cirque du Soleil ALIZÉ,2026-07-18 20:00:00,853
Arts & Theatre,ev_164,pre3,0.0022166868888588652,0.09305877104763173,130.5077556941777,Cirque du Soleil ALIZÉ,2026-07-19 13:00:00,662
Arts & Theatre,ev_164,pre2,0.00012911564716121585,0.09298676346520966,148.81882467581224,Cirque du Soleil ALIZÉ,2026-07-19 13:00:00,662
Arts & Theatre,ev_164,pre1,-0.0036827587440549083,0.09333398682374681,146.8736794494564,Cirque du Soleil ALIZÉ,2026-07-19 13:00:00,662
Arts & Theatre,ev_164,during,0.012986214095970741,0.10312838304737983,113.35730391734432,Cirque du Soleil ALIZÉ,2026-07-19 13:00:00,662
Arts & Theatre,ev_164,post1,0.007852213531294583,0.09403285434731937,301.25761234887574,Cirque du Soleil ALIZÉ,2026-07-19 13:00:00,662
Arts & Theatre,ev_164,post2,0.014559108380641797,0.09369560806608335,252.60312361590053,Cirque du Soleil ALIZÉ,2026-07-19 13:00:00,662
Arts & Theatre,ev_165,pre3,0.01132542079727889,0.09306122016897907,132.61698110779983,Cirque du Soleil ALIZÉ,2026-07-19 17:00:00,755
Arts & Theatre,ev_165,pre2,0.007678290100378271,0.09298938123493639,150.70430936247055,Cirque du Soleil ALIZÉ,2026-07-19 17:00:00,755
Arts & Theatre,ev_165,pre1,0.014447359690037163,0.09333663047505616,151.39034865104236,Cirque du Soleil ALIZÉ,2026-07-19 17:00:00,755
Arts & Theatre,ev_165,during,-0.010447683061058975,0.10312872916139423,108.4156381828413,Cirque du Soleil ALIZÉ,2026-07-19 17:00:00,755
Arts & Theatre,ev_165,post1,-0.001985787410893979,0.09403163661288864,297.32939417067485,Cirque du Soleil ALIZÉ,2026-07-19 17:00:00,755
Arts & Theatre,ev_165,post2,-0.007409134674539053,0.09369439613446269,244.94151664058367,Cirque du Soleil ALIZÉ,2026-07-19 17:00:00,755
Arts & Theatre,ev_166,pre3,-0.004968993830970839,0.09305876806671323,128.85733734942457,Lachkater - die Stand Up Comedy Show,2026-07-19 19:00:00,625
Arts & Theatre,ev_166,pre2,-0.00553535418929598,0.09298676097159427,147.4133822497504,Lachkater - die Stand Up Comedy Show,2026-07-19 19:00:00,625
Arts & Theatre,ev_166,pre1,-0.0006964036035788284,0.09333398395143239,147.6120338766583,Lachkater - die Stand Up Comedy Show,2026-07-19 19:00:00,625
Arts & Theatre,ev_166,during,-0.007064440333112699,0.10312482689424664,109.12195301865361,Lachkater - die Stand Up Comedy Show,2026-07-19 19:00:00,625
Arts & Theatre,ev_166,post1,-0.0036889776294983774,0.09403015974461322,296.65324260377844,Lachkater - die Stand Up Comedy Show,2026-07-19 19:00:00,625
Arts & Theatre,ev_166,post2,-0.010725387843254086,0.09369293639651165,243.79949790125025,Lachkater - die Stand Up Comedy Show,2026-07-19 19:00:00,625
Music,ev_168,pre3,0.003087975412955215,0.08801239943877054,-8.099725152303039,The Swingin' Hermlins,2026-07-21 19:00:00,2270
Music,ev_168,pre2,-0.00035191075532629417,0.08798664831569886,7.773433842561839,The Swingin' Hermlins,2026-07-21 19:00:00,2270
Music,ev_168,pre1,-0.00045734166530241754,0.08820412184672403,27.813841689849617,The Swingin' Hermlins,2026-07-21 19:00:00,2270
Music,ev_168,during,-0.002318058227082018,0.08703691169655701,10.962699166335476,The Swingin' Hermlins,2026-07-21 19:00:00,2270
Music,ev_168,post1,0.001260737710500752,0.08921394582960805,454.7797541902606,The Swingin' Hermlins,2026-07-21 19:00:00,2270
Music,ev_168,post2,-0.0029411324136475042,0.08945963725278697,371.0766804282844,The Swingin' Hermlins,2026-07-21 19:00:00,2270
Arts & Theatre,ev_169,pre3,-0.0032423514087371688,0.09306028866422306,129.25283347867128,Cirque du Soleil ALIZÉ,2026-07-22 18:30:00,759
Arts & Theatre,ev_169,pre2,-0.0004743773193439683,0.09298827553363427,148.66870956644868,Cirque du Soleil ALIZÉ,2026-07-22 18:30:00,759
Arts & Theatre,ev_169,pre1,-0.0013875899359152225,0.09333551726922654,147.44094695640246,Cirque du Soleil ALIZÉ,2026-07-22 18:30:00,759
Arts & Theatre,ev_169,during,-0.009304078001764715,0.10312899826947365,108.65411969944651,Cirque du Soleil ALIZÉ,2026-07-22 18:30:00,759
Arts & Theatre,ev_169,post1,-0.0018033698398852958,0.09403173819092649,297.40188064485204,Cirque du Soleil ALIZÉ,2026-07-22 18:30:00,759
Arts & Theatre,ev_169,post2,-0.0064843479366151905,0.0936944966380787,245.2606615282668,Cirque du Soleil ALIZÉ,2026-07-22 18:30:00,759
Arts & Theatre,ev_170,pre3,-0.0014431799313590504,0.09306198692038424,129.66566990817537,Phaidon,2026-07-22 19:30:00,817
Arts & Theatre,ev_170,pre2,-0.0022943894047953734,0.09298996824188938,148.2165411106065,Phaidon,2026-07-22 19:30:00,817
Arts & Theatre,ev_170,pre1,-0.0027752108603432113,0.09333723006664402,147.09783083345695,Phaidon,2026-07-22 19:30:00,817
Arts & Theatre,ev_170,during,-0.0032025153517214124,0.10313365426839272,109.93112779361205,Phaidon,2026-07-22 19:30:00,817
Arts & Theatre,ev_170,post1,-0.0030470168245638066,0.09403349505557382,296.9079601892857,Phaidon,2026-07-22 19:30:00,817
Arts & Theatre,ev_170,post2,-0.006763271164166173,0.09369623515885557,245.16437373928167,Phaidon,2026-07-22 19:30:00,817
Arts & Theatre,ev_171,pre3,-0.002014066759811328,0.09305881916614828,129.53459422052887,Cirque du Soleil ALIZÉ,2026-07-23 19:30:00,670
Arts & Theatre,ev_171,pre2,-0.0027960907246989955,0.09298681134392484,148.09204177766065,Cirque du Soleil ALIZÉ,2026-07-23 19:30:00,670
Arts & Theatre,ev_171,pre1,-0.002885344593026897,0.09333403533108323,147.07061852553323,Cirque du Soleil ALIZÉ,2026-07-23 19:30:00,670
Arts & Theatre,ev_171,during,-0.011092063551983082,0.10312496822569171,108.28138247211866,Cirque du Soleil ALIZÉ,2026-07-23 19:30:00,670
Arts & Theatre,ev_171,post1,-0.004370329176523899,0.09403021542491498,296.3830743535272,Cirque du Soleil ALIZÉ,2026-07-23 19:30:00,670
Arts & Theatre,ev_171,post2,-0.006370849062793725,0.09369299059129751,245.29985044843224,Cirque du Soleil ALIZÉ,2026-07-23 19:30:00,670
Arts & Theatre,ev_172,pre3,-0.0039955755176794144,0.09306001397967338,129.0802197340298,Romeo & Julia,2026-07-23 19:30:00,553
Arts & Theatre,ev_172,pre2,-0.004853678630408403,0.09298800428244634,147.582095402655,Romeo & Julia,2026-07-23 19:30:00,553
Arts & Theatre,ev_172,pre1,-0.004501019334777569,0.09333524094494704,146.67175507132328,Romeo & Julia,2026-07-23 19:30:00,553
Arts & Theatre,ev_172,during,-0.010372763872952844,0.1031282396034529,108.43125309816367,Romeo & Julia,2026-07-23 19:30:00,553
Arts & Theatre,ev_172,post1,-0.003059926070251739,0.0940314412719388,296.902836439984,Romeo & Julia,2026-07-23 19:30:00,553
Arts & Theatre,ev_172,post2,-0.004394568099366179,0.09369420691253308,245.98293473045322,Romeo & Julia,2026-07-23 19:30:00,553
Arts & Theatre,ev_173,pre3,-0.002925773698880753,0.09306076230648538,129.32542130490972,Cirque du Soleil ALIZÉ,2026-07-24 16:00:00,777
Arts & Theatre,ev_173,pre2,-0.0022199783263656906,0.09298874760443779,148.2350118583202,Cirque du Soleil ALIZÉ,2026-07-24 16:00:00,777
Arts & Theatre,ev_173,pre1,-0.0031716076590460347,0.09333599496026988,146.9999014550765,Cirque du Soleil ALIZÉ,2026-07-24 16:00:00,777
Arts & Theatre,ev_173,during,0.022522853316952748,0.1031346113637144,115.40174862100284,Cirque du Soleil ALIZÉ,2026-07-24 16:00:00,777
Arts & Theatre,ev_173,post1,0.013769990061313804,0.09403552473609424,303.63920514641285,Cirque du Soleil ALIZÉ,2026-07-24 16:00:00,777
Arts & Theatre,ev_173,post2,0.015572287722946243,0.09369824819918508,252.96055485717895,Cirque du Soleil ALIZÉ,2026-07-24 16:00:00,777
Music,ev_175,pre3,-0.0025981033667830454,0.08801409687497595,-8.62079453028841,Pabllo Vittar presents: Club Vittar,2026-07-24 20:00:00,1421
Music,ev_175,pre2,0.0004316265192629477,0.0879883813159617,7.85791143653789,Pabllo Vittar presents: Club Vittar,2026-07-24 20:00:00,1421
Music,ev_175,pre1,0.0003466186115348808,0.08820586729241181,27.916640258844218,Pabllo Vittar presents: Club Vittar,2026-07-24 20:00:00,1421
Music,ev_175,during,-0.002780282467816171,0.08704221340322806,10.911421368796992,Pabllo Vittar presents: Club Vittar,2026-07-24 20:00:00,1421
Music,ev_175,post1,0.0019813674299004793,0.08921587048537834,455.17968905401824,Pabllo Vittar presents: Club Vittar,2026-07-24 20:00:00,1421
Music,ev_175,post2,0.0024343971753932117,0.08946167584780097,373.61578546553307,Pabllo Vittar presents: Club Vittar,2026-07-24 20:00:00,1421
Arts & Theatre,ev_176,pre3,0.019865163739834754,0.09306286069658615,134.61197658068244,Cirque du Soleil ALIZÉ,2026-07-24 20:00:00,528
Arts & Theatre,ev_176,pre2,0.013464990215652119,0.09299196329132789,152.1592656561934,Cirque du Soleil ALIZÉ,2026-07-24 20:00:00,528
Arts & Theatre,ev_176,pre1,0.015452762356607839,0.09333924023401834,151.64322427753953,Cirque du Soleil ALIZÉ,2026-07-24 20:00:00,528
Arts & Theatre,ev_176,during,0.04011157594693034,0.10313074564437975,119.22390512107972,Cirque du Soleil ALIZÉ,2026-07-24 20:00:00,528
Arts & Theatre,ev_176,post1,0.007172630657558461,0.09403238387185768,300.9850171835612,Cirque du Soleil ALIZÉ,2026-07-24 20:00:00,528
Arts & Theatre,ev_176,post2,0.00840438863551669,0.09369514082451767,250.4396149331683,Cirque du Soleil ALIZÉ,2026-07-24 20:00:00,528
Arts & Theatre,ev_179,pre3,-0.009056838973544236,0.09305872303536886,127.92371354946424,Cirque du Soleil ALIZÉ,2026-07-25 16:00:00,641
Arts & Theatre,ev_179,pre2,-0.0021586729187614635,0.09298671586074722,148.25023047339076,Cirque du Soleil ALIZÉ,2026-07-25 16:00:00,641
Arts & Theatre,ev_179,pre1,-0.0050892744270207135,0.09333393847085562,146.5266918265694,Cirque du Soleil ALIZÉ,2026-07-25 16:00:00,641
Arts & Theatre,ev_179,during,0.017498577701521856,0.10312956124303421,114.32222505075819,Cirque du Soleil ALIZÉ,2026-07-25 16:00:00,641
Arts & Theatre,ev_179,post1,0.012254757177345062,0.09403381189850099,303.02806087938984,Cirque du Soleil ALIZÉ,2026-07-25 16:00:00,641
Arts & Theatre,ev_179,post2,0.010929106347962061,0.0936965543074266,251.32549386268073,Cirque du Soleil ALIZÉ,2026-07-25 16:00:00,641
Arts & Theatre,ev_180,pre3,-0.002399951997513597,0.09305992291188298,129.4460372965809,A night with Sinatra in Berlin,2026-07-25 19:30:00,556
Arts & Theatre,ev_180,pre2,-0.0033328082978384866,0.09298791343427759,147.95892214610095,A night with Sinatra in Berlin,2026-07-25 19:30:00,556
Arts & Theatre,ev_180,pre1,-0.0019521874100515205,0.09333514907551158,147.30128185374514,A night with Sinatra in Berlin,2026-07-25 19:30:00,556
Arts & Theatre,ev_180,during,-0.0037029320863560056,0.1031279900952019,109.82610102491148,A night with Sinatra in Berlin,2026-07-25 19:30:00,556
Arts & Theatre,ev_180,post1,-0.005161714592130568,0.09403134745299307,296.0695066623047,A night with Sinatra in Berlin,2026-07-25 19:30:00,556
Arts & Theatre,ev_180,post2,-0.0023966233138867075,0.09369411394747634,246.67488053534439,A night with Sinatra in Berlin,2026-07-25 19:30:00,556
Arts & Theatre,ev_181,pre3,-0.0029253677954230676,0.09305877619257322,129.32551438891005,Romeo & Julia,2026-07-25 19:30:00,663
Arts & Theatre,ev_181,pre2,-0.0022872513029832996,0.0929867685826382,148.21831291187203,Romeo & Julia,2026-07-25 19:30:00,663
Arts & Theatre,ev_181,pre1,-0.002293267877462132,0.09333399200973588,147.21694660031068,Romeo & Julia,2026-07-25 19:30:00,663
Arts & Theatre,ev_181,during,-0.006316540703576896,0.10312485024555323,109.27841375101286,Romeo & Julia,2026-07-25 19:30:00,663
Arts & Theatre,ev_181,post1,-0.007544111172287916,0.09403017060664086,295.1270351403676,Romeo & Julia,2026-07-25 19:30:00,663
Arts & Theatre,ev_181,post2,0.0024594203235739943,0.09369294635703776,248.3624430055115,Romeo & Julia,2026-07-25 19:30:00,663
Arts & Theatre,ev_182,pre3,0.014758751680600434,0.09306221903386472,133.41700476010487,Cirque du Soleil ALIZÉ,2026-07-25 20:00:00,520
Arts & Theatre,ev_182,pre2,0.011983319142090922,0.09299030711159963,151.78592521850481,Cirque du Soleil ALIZÉ,2026-07-25 20:00:00,520
Arts & Theatre,ev_182,pre1,0.010845219801345741,0.09333756583004,150.48643443864265,Cirque du Soleil ALIZÉ,2026-07-25 20:00:00,520
Arts & Theatre,ev_182,during,-0.006807836159579096,0.10313171910694856,109.17562147005549,Cirque du Soleil ALIZÉ,2026-07-25 20:00:00,520
Arts & Theatre,ev_182,post1,-0.011714035541865859,0.09403275011955058,293.48281580510417,Cirque du Soleil ALIZÉ,2026-07-25 20:00:00,520
Arts & Theatre,ev_182,post2,-0.00015011009736339598,0.09369550366009047,247.4545656949006,Cirque du Soleil ALIZÉ,2026-07-25 20:00:00,520
Arts & Theatre,ev_183,pre3,-0.0019314515578177792,0.09305898344640462,129.55355805073447,Cirque du Soleil ALIZÉ,2026-07-26 13:00:00,688
Arts & Theatre,ev_183,pre2,-0.004365411153716484,0.0929869749261454,147.70301120487596,Cirque du Soleil ALIZÉ,2026-07-26 13:00:00,688
Arts & Theatre,ev_183,pre1,-0.004029543025926128,0.09333420097268826,146.7880823805325,Cirque du Soleil ALIZÉ,2026-07-26 13:00:00,688
Arts & Theatre,ev_183,during,0.00922645242854081,0.10312723142556711,112.55663740541179,Cirque du Soleil ALIZÉ,2026-07-26 13:00:00,688
Arts & Theatre,ev_183,post1,0.010335226158708103,0.0940317731953025,302.2551780387576,Cirque du Soleil ALIZÉ,2026-07-26 13:00:00,688
Arts & Theatre,ev_183,post2,0.015850025395888697,0.09369453678630411,253.05859891495942,Cirque du Soleil ALIZÉ,2026-07-26 13:00:00,688
Arts & Theatre,ev_184,pre3,0.008792148302193816,0.09306009731453833,132.02844468397998,Cirque du Soleil ALIZÉ,2026-07-26 17:00:00,600
Arts & Theatre,ev_184,pre2,0.010106304977992045,0.0929883358462411,151.3137627370079,Cirque du Soleil ALIZÉ,2026-07-26 17:00:00,600
Arts & Theatre,ev_184,pre1,0.015728368249191767,0.09333557152027211,151.7125881910918,Cirque du Soleil ALIZÉ,2026-07-26 17:00:00,600
Arts & Theatre,ev_184,during,-0.006976874571499038,0.10312544608814074,109.14026574351196,Cirque du Soleil ALIZÉ,2026-07-26 17:00:00,600
Arts & Theatre,ev_184,post1,-0.008354185284049255,0.09403039160907244,294.80708256848766,Cirque du Soleil ALIZÉ,2026-07-26 17:00:00,600
Arts & Theatre,ev_184,post2,-0.0056566552362143675,0.09369316652003278,245.54654955494453,Cirque du Soleil ALIZÉ,2026-07-26 17:00:00,600
Music,ev_187,pre3,-0.0008324548728740293,0.08800941374858369,-8.459308451903592,Benedict Cork,2026-07-27 20:00:00,1928
Music,ev_187,pre2,0.0007849626439377353,0.087983653159658,7.896028266610333,Benedict Cork,2026-07-27 20:00:00,1928
Music,ev_187,pre1,-0.000860685735539395,0.08820110399306016,27.76229913010151,Benedict Cork,2026-07-27 20:00:00,1928
Music,ev_187,during,0.0027233705329973226,0.08702796691191438,11.523522196061498,Benedict Cork,2026-07-27 20:00:00,1928
Music,ev_187,post1,-0.0007533004949411176,0.089210721682159,453.663531005102,Benedict Cork,2026-07-27 20:00:00,1928
Music,ev_187,post2,0.004015792156305799,0.08945640401003978,374.3653516154127,Benedict Cork,2026-07-27 20:00:00,1928
Music,ev_188,pre3,0.00224333016032482,0.08800956191661354,-8.177315510391859,Lenny Kravitz | Box seat in the Ticketmaster Suite,2026-07-27 20:00:00,1727
Music,ev_188,pre2,0.00032586011406902324,0.08798380815423365,7.846504296230261,Lenny Kravitz | Box seat in the Ticketmaster Suite,2026-07-27 20:00:00,1727
Music,ev_188,pre1,0.0005849805230544188,0.08820126001748144,27.94713434790177,Lenny Kravitz | Box seat in the Ticketmaster Suite,2026-07-27 20:00:00,1727
Music,ev_188,during,-0.0049208333194419905,0.0870284564559704,10.67426374586069,Lenny Kravitz | Box seat in the Ticketmaster Suite,2026-07-27 20:00:00,1727
Music,ev_188,post1,0.0017324411683075996,0.08921090098743663,455.04150744873834,Lenny Kravitz | Box seat in the Ticketmaster Suite,2026-07-27 20:00:00,1727
Music,ev_188,post2,0.008366232466174016,0.08945660667454462,376.4335452772807,Lenny Kravitz | Box seat in the Ticketmaster Suite,2026-07-27 20:00:00,1727
Arts & Theatre,ev_190,pre3,-0.002098015632152132,0.09305887982668726,129.51532585897078,The Swingin' Hermlins,2026-07-28 19:00:00,610
Arts & Theatre,ev_190,pre2,-0.003391757477109454,0.09298687260895518,147.94430560196838,The Swingin' Hermlins,2026-07-28 19:00:00,610
Arts & Theatre,ev_190,pre1,-0.005633882130742344,0.09333409673646981,146.39246804399818,The Swingin' Hermlins,2026-07-28 19:00:00,610
Arts & Theatre,ev_190,during,-0.004477847241897688,0.10312513277800307,109.6635665825338,The Swingin' Hermlins,2026-07-28 19:00:00,610
Arts & Theatre,ev_190,post1,-0.003174928556778151,0.09403027414198822,296.8571942514169,The Swingin' Hermlins,2026-07-28 19:00:00,610
Arts & Theatre,ev_190,post2,-0.005101569290514115,0.09369304999080987,245.7384108330108,The Swingin' Hermlins,2026-07-28 19:00:00,610
Arts & Theatre,ev_192,pre3,-0.002192661105536282,0.09305875395640985,129.49360430024575,Was Ihr wollt,2026-07-29 19:30:00,628
Arts & Theatre,ev_192,pre2,-0.0040194517475933824,0.09298674686244553,147.78872121676483,Was Ihr wollt,2026-07-29 19:30:00,628
Arts & Theatre,ev_192,pre1,-0.0019398988987889682,0.09333396970768568,147.3043208370047,Was Ihr wollt,2026-07-29 19:30:00,628
Arts & Theatre,ev_192,during,-0.002226976966731373,0.10312478830618634,110.13602359258789,Was Ihr wollt,2026-07-29 19:30:00,628
Arts & Theatre,ev_192,post1,-0.00473215866561468,0.09403014537337587,296.2396772124713,Was Ihr wollt,2026-07-29 19:30:00,628
Arts & Theatre,ev_192,post2,-0.004321088250020298,0.09369292210279202,246.00835843842722,Was Ihr wollt,2026-07-29 19:30:00,628
Arts & Theatre,ev_193,pre3,-0.0036221831595141525,0.09305938844254416,129.16577250886752,Cirque du Soleil ALIZÉ,2026-07-30 19:30:00,577
Arts & Theatre,ev_193,pre2,-0.0025495039488394452,0.09298738020959742,148.15322553760205,Cirque du Soleil ALIZÉ,2026-07-30 19:30:00,577
Arts & Theatre,ev_193,pre1,-0.0033892136677776013,0.09333460988893331,146.9461586399556,Cirque du Soleil ALIZÉ,2026-07-30 19:30:00,577
Arts & Theatre,ev_193,during,-0.008014039362982712,0.10312652584189899,108.92346527174385,Cirque du Soleil ALIZÉ,2026-07-30 19:30:00,577
Arts & Theatre,ev_193,post1,-0.0001459216256578197,0.09403079706005127,298.06109984218455,Cirque du Soleil ALIZÉ,2026-07-30 19:30:00,577
Arts & Theatre,ev_193,post2,-0.0014573094991573875,0.09369356849214203,247.0006700251812,Cirque du Soleil ALIZÉ,2026-07-30 19:30:00,577
Arts & Theatre,ev_194,pre3,-0.004571096952714007,0.09305884124971936,128.94841708849233,Hamlet,2026-07-30 19:30:00,673
Arts & Theatre,ev_194,pre2,-0.0027571145464425264,0.0929868333261395,148.10171164575098,Hamlet,2026-07-30 19:30:00,673
Arts & Theatre,ev_194,pre1,-0.007741803035806941,0.09333405759554213,145.87363922692327,Hamlet,2026-07-30 19:30:00,673
Arts & Theatre,ev_194,during,-0.009286325802014689,0.10312502883715509,108.65782380193596,Hamlet,2026-07-30 19:30:00,673
Arts & Theatre,ev_194,post1,-0.002474141083799422,0.0940302384175435,297.1354042733731,Hamlet,2026-07-30 19:30:00,673
Arts & Theatre,ev_194,post2,-0.008867198225928545,0.09369301329670143,244.4389364737588,Hamlet,2026-07-30 19:30:00,673
Arts & Theatre,ev_195,pre3,-0.0013829833104100347,0.09305875712918216,129.67949542157226,Cirque du Soleil ALIZÉ,2026-07-31 16:00:00,659
Arts & Theatre,ev_195,pre2,-0.0009429828299075982,0.09298674962500741,148.55220933729765,Cirque du Soleil ALIZÉ,2026-07-31 16:00:00,659
Arts & Theatre,ev_195,pre1,-0.0019721028384726154,0.09333397279532472,147.2963567918105,Cirque du Soleil ALIZÉ,2026-07-31 16:00:00,659
Arts & Theatre,ev_195,during,0.014140495781114927,0.10312892913885603,113.60372053538268,Cirque du Soleil ALIZÉ,2026-07-31 16:00:00,659
Arts & Theatre,ev_195,post1,0.013580432343168409,0.09403302905838119,303.5626994710809,Cirque du Soleil ALIZÉ,2026-07-31 16:00:00,659
Arts & Theatre,ev_195,post2,0.012773133474757363,0.09369564707179484,251.97394530096813,Cirque du Soleil ALIZÉ,2026-07-31 16:00:00,659
Arts & Theatre,ev_196,pre3,-0.007743811886526909,0.0930588991683058,128.22318011996322,Young Euro Classic 2026 | Bundesjugendorchester (Germany),2026-07-31 19:00:00,660
Arts & Theatre,ev_196,pre2,0.016518096190045004,0.09298712305706595,152.93031105939164,Young Euro Classic 2026 | Bundesjugendorchester (Germany),2026-07-31 19:00:00,660
Arts & Theatre,ev_196,pre1,0.016580389612530735,0.09333445710700813,151.92714408377452,Young Euro Classic 2026 | Bundesjugendorchester (Germany),2026-07-31 19:00:00,660
Arts & Theatre,ev_196,during,0.04444312177312454,0.1031255819991761,120.17554305606319,Young Euro Classic 2026 | Bundesjugendorchester (Germany),2026-07-31 19:00:00,660
Arts & Theatre,ev_196,post1,0.011508342310862214,0.094065639893105,302.7273469857616,Young Euro Classic 2026 | Bundesjugendorchester (Germany),2026-07-31 19:00:00,660
Arts & Theatre,ev_196,post2,0.0052057524396109806,0.0937280903213815,249.32047690824493,Young Euro Classic 2026 | Bundesjugendorchester (Germany),2026-07-31 19:00:00,660
Arts & Theatre,ev_197,pre3,-0.0037112845869046317,0.09305905463202158,129.14535442108183,Jeder stirbt für sich allein,2026-07-31 19:30:00,694
Arts & Theatre,ev_197,pre2,-0.0029086085545577253,0.09298704583263177,148.06412856991082,Jeder stirbt für sich allein,2026-07-31 19:30:00,694
Arts & Theatre,ev_197,pre1,-0.0006249034959477569,0.09333427275475759,147.62973879667553,Jeder stirbt für sich allein,2026-07-31 19:30:00,694
Arts & Theatre,ev_197,during,-0.00789251714700946,0.10312561426637604,108.94885565692918,Jeder stirbt für sich allein,2026-07-31 19:30:00,694
Arts & Theatre,ev_197,post1,-0.0069444630776060775,0.09403046006283947,295.36404336781084,Jeder stirbt für sich allein,2026-07-31 19:30:00,694
Arts & Theatre,ev_197,post2,-0.008227603031706122,0.09369323233925395,244.6593084291398,Jeder stirbt für sich allein,2026-07-31 19:30:00,694
Arts & Theatre,ev_199,pre3,0.01519020819769151,0.09306144089697382,133.5177357769727,Cirque du Soleil ALIZÉ,2026-07-31 20:00:00,547
Arts & Theatre,ev_199,pre2,0.013279631126156485,0.09298955016677307,152.11252997587889,Cirque du Soleil ALIZÉ,2026-07-31 20:00:00,547
Arts & Theatre,ev_199,pre1,0.012675093065729255,0.09333666903201185,150.94521249294485,Cirque du Soleil ALIZÉ,2026-07-31 20:00:00,547
Arts & Theatre,ev_199,during,0.03611079125007411,0.10313977473206504,118.34858961826549,Cirque du Soleil ALIZÉ,2026-07-31 20:00:00,547
Arts & Theatre,ev_199,post1,0.013506445896763178,0.09403987460845706,303.5328424055681,Cirque du Soleil ALIZÉ,2026-07-31 20:00:00,547
Arts & Theatre,ev_199,post2,0.011558205761991845,0.09370249649534934,251.54658206093984,Cirque du Soleil ALIZÉ,2026-07-31 20:00:00,547
Miscellaneous,ev_200,pre3,0.011507853257053561,0.09406364707148983,158.7836547093027,Future Now -  Festivalpass für 3 Konzerte über (+49 (0)30 8410 8909,2026-08-01 00:00:00,608
Miscellaneous,ev_200,pre2,0.005289512365612753,0.09447689632003407,180.43436514181144,Future Now -  Festivalpass für 3 Konzerte über (+49 (0)30 8410 8909,2026-08-01 00:00:00,608
Miscellaneous,ev_200,pre1,0.005792200515139803,0.09205539598734731,313.17423428981215,Future Now -  Festivalpass für 3 Konzerte über (+49 (0)30 8410 8909,2026-08-01 00:00:00,608
Miscellaneous,ev_200,during,-0.005887642203435945,0.10033634757442302,88.83649326019255,Future Now -  Festivalpass für 3 Konzerte über (+49 (0)30 8410 8909,2026-08-01 00:00:00,608
Miscellaneous,ev_200,post1,0.0,0.09202786155289569,65.97827321408111,Future Now -  Festivalpass für 3 Konzerte über (+49 (0)30 8410 8909,2026-08-01 00:00:00,608
Miscellaneous,ev_200,post2,0.0,0.0897489102932345,-5.916346801454797,Future Now -  Festivalpass für 3 Konzerte über (+49 (0)30 8410 8909,2026-08-01 00:00:00,608
Arts & Theatre,ev_201,pre3,-0.003376442194176928,0.09305924401247032,129.22209484709555,Young Euro Classic 2026 | Future Now - Festivalpass für 5 Konzerte,2026-08-01 16:00:00,687
Arts & Theatre,ev_201,pre2,-0.007425118303429966,0.0929872352712192,146.94627082283694,Young Euro Classic 2026 | Future Now - Festivalpass für 5 Konzerte,2026-08-01 16:00:00,687
Arts & Theatre,ev_201,pre1,-0.0062805011799882725,0.09333446401575446,146.2331974798101,Young Euro Classic 2026 | Future Now - Festivalpass für 5 Konzerte,2026-08-01 16:00:00,687
Arts & Theatre,ev_201,during,0.0009670758230260447,0.10313007782973134,110.80828218816339,Young Euro Classic 2026 | Future Now - Festivalpass für 5 Konzerte,2026-08-01 16:00:00,687
Arts & Theatre,ev_201,post1,0.009656975975761,0.09403244892640089,301.9824408931263,Young Euro Classic 2026 | Future Now - Festivalpass für 5 Konzerte,2026-08-01 16:00:00,687
Arts & Theatre,ev_201,post2,0.00837765879915013,0.09369482319538978,250.43024786479543,Young Euro Classic 2026 | Future Now - Festivalpass für 5 Konzerte,2026-08-01 16:00:00,687
Arts & Theatre,ev_202,pre3,-0.006896111253803699,0.09305907078331074,128.41672707750203,Cirque du Soleil ALIZÉ,2026-08-01 16:00:00,667
Arts & Theatre,ev_202,pre2,-0.0034196692803417587,0.09298706270995417,147.93738512587976,Cirque du Soleil ALIZÉ,2026-08-01 16:00:00,667
Arts & Theatre,ev_202,pre1,-0.0034124778419962853,0.09333428924770738,146.94041370832417,Cirque du Soleil ALIZÉ,2026-08-01 16:00:00,667
Arts & Theatre,ev_202,during,0.004981832244748405,0.10312786901113008,111.65632730102732,Cirque du Soleil ALIZÉ,2026-08-01 16:00:00,667
Arts & Theatre,ev_202,post1,0.010789888194679007,0.09403203605106482,302.43810977989216,Cirque du Soleil ALIZÉ,2026-08-01 16:00:00,667
Arts & Theatre,ev_202,post2,0.010978328339786675,0.09369465411586189,251.3427872288709,Cirque du Soleil ALIZÉ,2026-08-01 16:00:00,667
Arts & Theatre,ev_204,pre3,-0.00893167212760801,0.09306018861479382,127.95224382728847,Young Euro Classic 2026 | Youth Symphony Orchestra of Ukraine,2026-08-01 19:00:00,602
Arts & Theatre,ev_204,pre2,0.00969992637572448,0.09298847699941325,151.2116549499913,Young Euro Classic 2026 | Youth Symphony Orchestra of Ukraine,2026-08-01 19:00:00,602
Arts & Theatre,ev_204,pre1,0.00951398984181595,0.09333623106216538,150.15320124687855,Young Euro Classic 2026 | Youth Symphony Orchestra of Ukraine,2026-08-01 19:00:00,602
Arts & Theatre,ev_204,during,0.006438969772691665,0.10312813142997564,111.96496448736819,Young Euro Classic 2026 | Youth Symphony Orchestra of Ukraine,2026-08-01 19:00:00,602
Arts & Theatre,ev_204,post1,-0.009247927199531453,0.0940305022188988,294.4543845642391,Young Euro Classic 2026 | Youth Symphony Orchestra of Ukraine,2026-08-01 19:00:00,602
Arts & Theatre,ev_204,post2,-0.0038666351582422307,0.09369341006410406,246.16563874225386,Young Euro Classic 2026 | Youth Symphony Orchestra of Ukraine,2026-08-01 19:00:00,602
Arts & Theatre,ev_208,pre3,0.009991637298000924,0.09306028495757396,132.30692723508096,Cirque du Soleil ALIZÉ,2026-08-01 20:00:00,608
Arts & Theatre,ev_208,pre2,0.010550896429294243,0.09298859000699886,151.42551952873166,Cirque du Soleil ALIZÉ,2026-08-01 20:00:00,608
Arts & Theatre,ev_208,pre1,0.01089406398891268,0.0933356874999574,150.49866954383378,Cirque du Soleil ALIZÉ,2026-08-01 20:00:00,608
Arts & Theatre,ev_208,during,-0.010642814653092803,0.10312569600204086,108.37497367515199,Cirque du Soleil ALIZÉ,2026-08-01 20:00:00,608
Arts & Theatre,ev_208,post1,-0.013224072598896843,0.09403057323002033,292.889090558314,Cirque du Soleil ALIZÉ,2026-08-01 20:00:00,608
Arts & Theatre,ev_208,post2,0.005122353602874315,0.09369307061365965,249.2913452016146,Cirque du Soleil ALIZÉ,2026-08-01 20:00:00,608
Arts & Theatre,ev_209,pre3,-0.0001973109921290319,0.09305886549016668,129.95198154907746,Cirque du Soleil ALIZÉ,2026-08-02 13:00:00,676
Arts & Theatre,ev_209,pre2,-0.003220036547234826,0.09298685745912816,147.98688648459319,Cirque du Soleil ALIZÉ,2026-08-02 13:00:00,676
Arts & Theatre,ev_209,pre1,0.0005187349669328195,0.09333408203561189,147.91309969084102,Cirque du Soleil ALIZÉ,2026-08-02 13:00:00,676
Arts & Theatre,ev_209,during,0.018978193422263423,0.10313868777460758,114.63957430382278,Cirque du Soleil ALIZÉ,2026-08-02 13:00:00,676
Arts & Theatre,ev_209,post1,0.015544500175929371,0.0940405762403368,304.3561028816225,Cirque du Soleil ALIZÉ,2026-08-02 13:00:00,676
Arts & Theatre,ev_209,post2,0.012832073990004177,0.09370327089755702,251.99469143804558,Cirque du Soleil ALIZÉ,2026-08-02 13:00:00,676
Miscellaneous,ev_210,pre3,0.008164184442475506,0.09406296089098243,157.91981287864485,Young Euro Classic 2026 | Future Now - Lách Tách (Vietnam),2026-08-02 16:30:00,656
Miscellaneous,ev_210,pre2,0.012774281685622894,0.09447618865152059,182.54122652418644,Young Euro Classic 2026 | Future Now - Lách Tách (Vietnam),2026-08-02 16:30:00,656
Miscellaneous,ev_210,pre1,0.008658654550710434,0.09205625194644956,314.36027829930475,Young Euro Classic 2026 | Future Now - Lách Tách (Vietnam),2026-08-02 16:30:00,656
Miscellaneous,ev_210,during,-0.016008596417353176,0.10019889900531537,86.9349268234251,Young Euro Classic 2026 | Future Now - Lách Tách (Vietnam),2026-08-02 16:30:00,656
Miscellaneous,ev_210,post1,-0.007939912212319388,0.0919070338320638,64.66563829456568,Young Euro Classic 2026 | Future Now - Lách Tách (Vietnam),2026-08-02 16:30:00,656
Miscellaneous,ev_210,post2,-0.00483310267080955,0.08963681161814642,-6.369965680697676,Young Euro Classic 2026 | Future Now - Lách Tách (Vietnam),2026-08-02 16:30:00,656
Arts & Theatre,ev_211,pre3,0.012547575604608553,0.0930686862858913,132.90144886593808,Cirque du Soleil ALIZÉ,2026-08-02 17:00:00,738
Arts & Theatre,ev_211,pre2,0.015200195631522532,0.09299684770398048,152.59719361722568,Cirque du Soleil ALIZÉ,2026-08-02 17:00:00,738
Arts & Theatre,ev_211,pre1,0.01273358118202209,0.09334420514893561,150.9598902349488,Cirque du Soleil ALIZÉ,2026-08-02 17:00:00,738
Arts & Theatre,ev_211,during,-0.011387749236400293,0.10315281817866036,108.21980575311683,Cirque du Soleil ALIZÉ,2026-08-02 17:00:00,738
Arts & Theatre,ev_211,post1,-0.006409493130454195,0.09404264295947248,295.5756078344672,Cirque du Soleil ALIZÉ,2026-08-02 17:00:00,738
Arts & Theatre,ev_211,post2,-0.005902678137237868,0.09370527974223831,245.4615476470211,Cirque du Soleil ALIZÉ,2026-08-02 17:00:00,738
Arts & Theatre,ev_212,pre3,-0.005558586467433607,0.0930587539564099,128.72244451834044,Lachkater - die Stand Up Comedy Show,2026-08-02 19:00:00,628
Arts & Theatre,ev_212,pre2,-0.005575054582940993,0.09298674686244562,147.40356003605623,Lachkater - die Stand Up Comedy Show,2026-08-02 19:00:00,628
Arts & Theatre,ev_212,pre1,-0.0015084607797991357,0.09333396970768577,147.4110403677861,Lachkater - die Stand Up Comedy Show,2026-08-02 19:00:00,628
Arts & Theatre,ev_212,during,-0.005381451062678371,0.10312478830618638,109.47419935205266,Lachkater - die Stand Up Comedy Show,2026-08-02 19:00:00,628
Arts & Theatre,ev_212,post1,-0.0045762670931320595,0.09403014537337598,296.3014524538266,Lachkater - die Stand Up Comedy Show,2026-08-02 19:00:00,628
Arts & Theatre,ev_212,post2,-0.00214358637120523,0.09369292210279206,246.76261318655236,Lachkater - die Stand Up Comedy Show,2026-08-02 19:00:00,628
Arts & Theatre,ev_213,pre3,0.008855397126901407,0.09309325056406542,132.04312067451966,Young Euro Classic 2026 | Orchestre National des Jeunes du Luxembourg,2026-08-02 19:00:00,577
Arts & Theatre,ev_213,pre2,-0.007989085766107443,0.0930064458296492,146.80704042546057,Young Euro Classic 2026 | Orchestre National des Jeunes du Luxembourg,2026-08-02 19:00:00,577
Arts & Theatre,ev_213,pre1,-0.005801585580083868,0.09335389242016501,146.35115064184768,Young Euro Classic 2026 | Orchestre National des Jeunes du Luxembourg,2026-08-02 19:00:00,577
Arts & Theatre,ev_213,during,-0.016497669589045222,0.10324217613453217,107.15853294889173,Young Euro Classic 2026 | Orchestre National des Jeunes du Luxembourg,2026-08-02 19:00:00,577
Arts & Theatre,ev_213,post1,-0.009104013224623269,0.09403079706005171,294.5111561476558,Young Euro Classic 2026 | Orchestre National des Jeunes du Luxembourg,2026-08-02 19:00:00,577
Arts & Theatre,ev_213,post2,-0.004313838229825737,0.09369356849214204,246.01086701510692,Young Euro Classic 2026 | Orchestre National des Jeunes du Luxembourg,2026-08-02 19:00:00,577
Arts & Theatre,ev_214,pre3,-0.0048699906506872075,0.09305983563654431,128.87999607527786,Young Euro Classic 2026 | European Union Youth Orchestra,2026-08-03 19:00:00,559
Arts & Theatre,ev_214,pre2,-0.003268503842686927,0.09298782636778186,147.97486752216335,Young Euro Classic 2026 | European Union Youth Orchestra,2026-08-03 19:00:00,559
Arts & Theatre,ev_214,pre1,-0.004651347944242303,0.09333506103145199,146.63467603647885,Young Euro Classic 2026 | European Union Youth Orchestra,2026-08-03 19:00:00,559
Arts & Theatre,ev_214,during,-0.004017104002142032,0.10312775098078776,109.76018991102316,Young Euro Classic 2026 | European Union Youth Orchestra,2026-08-03 19:00:00,559
Arts & Theatre,ev_214,post1,-0.0014295444110277381,0.0940312575492792,297.5504673443259,Young Euro Classic 2026 | European Union Youth Orchestra,2026-08-03 19:00:00,559
Arts & Theatre,ev_214,post2,0.0009957200121421801,0.09369402485937091,247.85291777627955,Young Euro Classic 2026 | European Union Youth Orchestra,2026-08-03 19:00:00,559
Music,ev_216,pre3,0.0016381015626749467,0.08801038014819419,-8.232872410949565,The Swingin' Hermlins,2026-08-04 19:00:00,1626
Music,ev_216,pre2,0.0018993794838200588,0.08798463462744865,8.016336441744087,The Swingin' Hermlins,2026-08-04 19:00:00,1626
Music,ev_216,pre1,0.0006820301021627453,0.08820209262526353,27.959552166000613,The Swingin' Hermlins,2026-08-04 19:00:00,1626
Music,ev_216,during,0.0018145265634661315,0.08703094837804004,11.422210760569907,The Swingin' Hermlins,2026-08-04 19:00:00,1626
Music,ev_216,post1,0.00031470354513206465,0.08921180171853556,454.2551617688435,The Swingin' Hermlins,2026-08-04 19:00:00,1626
Music,ev_216,post2,0.0019098074628576365,0.0894575302499265,373.3673966535874,The Swingin' Hermlins,2026-08-04 19:00:00,1626
Arts & Theatre,ev_217,pre3,-0.002977034732594135,0.09306046673616493,129.3136661480502,Young Euro Classic 2026 | National Youth Orchestra of the USA,2026-08-04 19:00:00,766
Arts & Theatre,ev_217,pre2,-0.0034798095858721316,0.09298845301169963,147.92247454415386,Young Euro Classic 2026 | National Youth Orchestra of the USA,2026-08-04 19:00:00,766
Arts & Theatre,ev_217,pre1,-0.0038967189565324574,0.0933356968625009,146.82086395495503,Young Euro Classic 2026 | National Youth Orchestra of the USA,2026-08-04 19:00:00,766
Arts & Theatre,ev_217,during,-0.006018893767824428,0.10312948651032779,109.34071410087918,Young Euro Classic 2026 | National Youth Orchestra of the USA,2026-08-04 19:00:00,766
Arts & Theatre,ev_217,post1,-0.002276187882990753,0.09403192246941487,297.21402627928563,Young Euro Classic 2026 | National Youth Orchestra of the USA,2026-08-04 19:00:00,766
Arts & Theatre,ev_217,post2,-0.004594098988683888,0.09369467897285882,245.91390733457555,Young Euro Classic 2026 | National Youth Orchestra of the USA,2026-08-04 19:00:00,766
Arts & Theatre,ev_218,pre3,6.172033264015438e-05,0.09305957136951082,130.01155403072775,Young Euro Classic 2026 | Zhejiang Conservatory of Music,2026-08-05 19:00:00,569
Arts & Theatre,ev_218,pre2,-0.003363741312967099,0.09298756272116131,147.9512521476396,Young Euro Classic 2026 | Zhejiang Conservatory of Music,2026-08-05 19:00:00,569
Arts & Theatre,ev_218,pre1,-0.002444074214067966,0.09333479443339468,147.1796675292777,Young Euro Classic 2026 | Zhejiang Conservatory of Music,2026-08-05 19:00:00,569
Arts & Theatre,ev_218,during,-0.00499331726940893,0.10312702697396743,109.55551914809885,Young Euro Classic 2026 | Zhejiang Conservatory of Music,2026-08-05 19:00:00,569
Arts & Theatre,ev_218,post1,-0.003616235862270273,0.09403098538374192,296.68209691106614,Young Euro Classic 2026 | Zhejiang Conservatory of Music,2026-08-05 19:00:00,569
Arts & Theatre,ev_218,post2,-0.0051632824684512855,0.09369375514354424,245.71707487530497,Young Euro Classic 2026 | Zhejiang Conservatory of Music,2026-08-05 19:00:00,569
Arts & Theatre,ev_219,pre3,7.479869097684678e-05,0.09305889185842349,130.01456222392397,Hamlet,2026-08-05 19:30:00,679
Arts & Theatre,ev_219,pre2,-0.0012753446572087797,0.0929868837139069,148.46961379738514,Hamlet,2026-08-05 19:30:00,679
Arts & Theatre,ev_219,pre1,-0.004875577229639743,0.09333410862197217,146.57937951909793,Hamlet,2026-08-05 19:30:00,679
Arts & Theatre,ev_219,during,-0.018415435372948118,0.10312516771487061,106.76163210563155,Hamlet,2026-08-05 19:30:00,679
Arts & Theatre,ev_219,post1,-0.0014835472653410156,0.09403029105249269,297.5289990640352,Hamlet,2026-08-05 19:30:00,679
Arts & Theatre,ev_219,post2,-0.006812149384550706,0.09369306529231974,245.1475031312591,Hamlet,2026-08-05 19:30:00,679
Arts & Theatre,ev_220,pre3,-0.0038850327043771465,0.09306182596599356,129.10554430569005,Lachkater - die Stand Up Comedy Show,2026-08-05 20:00:00,509
Arts & Theatre,ev_220,pre2,-0.006109051493918299,0.09298981169307051,147.27148256685098,Lachkater - die Stand Up Comedy Show,2026-08-05 20:00:00,509
Arts & Theatre,ev_220,pre1,-0.008366026517526486,0.09333706882376511,145.72020702075704,Lachkater - die Stand Up Comedy Show,2026-08-05 20:00:00,509
Arts & Theatre,ev_220,during,-0.011771248975976933,0.10313320447529238,108.13996882153556,Lachkater - die Stand Up Comedy Show,2026-08-05 20:00:00,509
Arts & Theatre,ev_220,post1,-0.0007528293078448055,0.09403330903343253,297.8195867981847,Lachkater - die Stand Up Comedy Show,2026-08-05 20:00:00,509
Arts & Theatre,ev_220,post2,-0.004557292698488412,0.093696057341095,245.92663937653975,Lachkater - die Stand Up Comedy Show,2026-08-05 20:00:00,509
Arts & Theatre,ev_223,pre3,-0.003918599628068958,0.09305874215305761,129.09785406643653,Hamlet,2026-08-06 19:30:00,655
Arts & Theatre,ev_223,pre2,-0.0014503936884523658,0.09298673474307223,148.4261232387976,Hamlet,2026-08-06 19:30:00,655
Arts & Theatre,ev_223,pre1,-0.0019869860902973235,0.09333395770367861,147.2926762452463,Hamlet,2026-08-06 19:30:00,655
Arts & Theatre,ev_223,during,-0.0021447495327794634,0.1031247567231993,110.15330324900994,Hamlet,2026-08-06 19:30:00,655
Arts & Theatre,ev_223,post1,-0.006441487746828668,0.09403013494602142,295.5629517471118,Hamlet,2026-08-06 19:30:00,655
Arts & Theatre,ev_223,post2,-0.004731675192011536,0.09369291121200608,245.86632108596908,Hamlet,2026-08-06 19:30:00,655
Arts & Theatre,ev_224,pre3,-0.0047095238481081264,0.09305931448572143,128.91672666336356,Lachkater - die Stand Up Comedy Show,2026-08-06 20:00:00,712
Arts & Theatre,ev_224,pre2,-0.0036941572936473746,0.09298730471809191,147.86933862501402,Lachkater - die Stand Up Comedy Show,2026-08-06 20:00:00,712
Arts & Theatre,ev_224,pre1,-0.003212401917845138,0.09333453479996072,146.9898254826955,Lachkater - die Stand Up Comedy Show,2026-08-06 20:00:00,712
Arts & Theatre,ev_224,during,-0.006156674415219897,0.10312632697454442,109.31187298868328,Lachkater - die Stand Up Comedy Show,2026-08-06 20:00:00,712
Arts & Theatre,ev_224,post1,-0.0019101121127286897,0.09403072948464403,297.3594633287804,Lachkater - die Stand Up Comedy Show,2026-08-06 20:00:00,712
Arts & Theatre,ev_224,post2,-0.005102133489711411,0.09369349875531453,245.73821576773196,Lachkater - die Stand Up Comedy Show,2026-08-06 20:00:00,712
Arts & Theatre,ev_225,pre3,0.002747796602270482,0.09305872371091009,130.63021311852881,Cirque du Soleil ALIZÉ,2026-08-07 16:00:00,640
Arts & Theatre,ev_225,pre2,4.220208778248695e-05,0.09298671654731859,148.79719988587658,Cirque du Soleil ALIZÉ,2026-08-07 16:00:00,640
Arts & Theatre,ev_225,pre1,-0.005478098256573076,0.0933339391558986,146.43085500719351,Cirque du Soleil ALIZÉ,2026-08-07 16:00:00,640
Arts & Theatre,ev_225,during,0.01405959582260798,0.10312755541447988,113.58644070223272,Cirque du Soleil ALIZÉ,2026-08-07 16:00:00,640
Arts & Theatre,ev_225,post1,0.015307768728484227,0.09403200934121765,304.26039040562756,Cirque du Soleil ALIZÉ,2026-08-07 16:00:00,640
Arts & Theatre,ev_225,post2,0.01434967109809665,0.09369464394927317,252.52928310862094,Cirque du Soleil ALIZÉ,2026-08-07 16:00:00,640
Arts & Theatre,ev_226,pre3,-0.006107919593381668,0.09305907991520056,128.59683420702993,Young Euro Classic 2026 | Jovem Orquestra Portuguesa,2026-08-07 19:00:00,604
Arts & Theatre,ev_226,pre2,0.017152447935258917,0.09298730011062807,153.09080874424086,Young Euro Classic 2026 | Jovem Orquestra Portuguesa,2026-08-07 19:00:00,604
Arts & Theatre,ev_226,pre1,0.015879079758644624,0.09333463434914047,151.75052703404472,Young Euro Classic 2026 | Jovem Orquestra Portuguesa,2026-08-07 19:00:00,604
Arts & Theatre,ev_226,during,0.04171152964502156,0.1031260663658054,119.57493395884993,Young Euro Classic 2026 | Jovem Orquestra Portuguesa,2026-08-07 19:00:00,604
Arts & Theatre,ev_226,post1,0.01112737921233658,0.0940304775379506,302.5739519485724,Young Euro Classic 2026 | Jovem Orquestra Portuguesa,2026-08-07 19:00:00,604
Arts & Theatre,ev_226,post2,0.009254141220144205,0.09369338559461664,250.73752846018192,Young Euro Classic 2026 | Jovem Orquestra Portuguesa,2026-08-07 19:00:00,604
Arts & Theatre,ev_227,pre3,-0.0030015214950607203,0.09305873905651929,129.30805106752473,Lachkater - die Stand Up Comedy Show,2026-08-07 19:00:00,654
Arts & Theatre,ev_227,pre2,-0.005385154666323344,0.0929867316682481,147.45054641269127,Lachkater - die Stand Up Comedy Show,2026-08-07 19:00:00,654
Arts & Theatre,ev_227,pre1,-0.009018909972999483,0.09333531295452563,145.5598327214779,Lachkater - die Stand Up Comedy Show,2026-08-07 19:00:00,654
Arts & Theatre,ev_227,during,-0.019575375451820524,0.10312847560441679,106.52194004286892,Lachkater - die Stand Up Comedy Show,2026-08-07 19:00:00,654
Arts & Theatre,ev_227,post1,-0.007835044468284062,0.09403128994674236,295.01209625028275,Lachkater - die Stand Up Comedy Show,2026-08-07 19:00:00,654
Arts & Theatre,ev_227,post2,-0.0019386966623312722,0.0936940489823836,246.83366855642493,Lachkater - die Stand Up Comedy Show,2026-08-07 19:00:00,654
Arts & Theatre,ev_228,pre3,-0.009328212654966143,0.09305872309690157,127.86186944404574,1984,2026-08-07 19:30:00,645
Arts & Theatre,ev_228,pre2,-0.001991684169397193,0.0929867158703301,148.29168893035848,1984,2026-08-07 19:30:00,645
Arts & Theatre,ev_228,pre1,-0.0021805140600780547,0.09333393851838065,147.24482282630782,1984,2026-08-07 19:30:00,645
Arts & Theatre,ev_228,during,-0.005168892008934482,0.10312470421009047,109.51872972214973,1984,2026-08-07 19:30:00,645
Arts & Theatre,ev_228,post1,-0.0026457719080482107,0.09403011462283892,297.06724944550126,1984,2026-08-07 19:30:00,645
Arts & Theatre,ev_228,post2,-0.007504632005220277,0.09369289129658342,244.9085772193418,1984,2026-08-07 19:30:00,645
Arts & Theatre,ev_229,pre3,0.016224080783168032,0.09306043785047681,133.75928820791708,Cirque du Soleil ALIZÉ,2026-08-07 20:00:00,703
Arts & Theatre,ev_229,pre2,0.014968707692214565,0.09298856418068596,152.5387271807988,Cirque du Soleil ALIZÉ,2026-08-07 20:00:00,703
Arts & Theatre,ev_229,pre1,0.014239529947011328,0.09333567745033484,151.33810768828394,Cirque du Soleil ALIZÉ,2026-08-07 20:00:00,703
Arts & Theatre,ev_229,during,0.03963787604404248,0.10312645157065393,119.1200833706311,Cirque du Soleil ALIZÉ,2026-08-07 20:00:00,703
Arts & Theatre,ev_229,post1,0.012115714893635733,0.09403085848252046,302.9720268330474,Cirque du Soleil ALIZÉ,2026-08-07 20:00:00,703
Arts & Theatre,ev_229,post2,0.013635340095173441,0.09369335686879358,252.27755043318973,Cirque du Soleil ALIZÉ,2026-08-07 20:00:00,703
Arts & Theatre,ev_230,pre3,-0.008965608868410488,0.0930600969947074,127.94450800233945,Lachkater - die Stand Up Comedy Show,2026-08-07 21:00:00,671
Arts & Theatre,ev_230,pre2,-0.010296121563817135,0.09298788984069091,146.2383040479177,Lachkater - die Stand Up Comedy Show,2026-08-07 21:00:00,671
Arts & Theatre,ev_230,pre1,-0.005577029363111078,0.09333513534341571,146.40647653593697,Lachkater - die Stand Up Comedy Show,2026-08-07 21:00:00,671
Arts & Theatre,ev_230,during,-0.011834287086073559,0.10312849754832168,108.1268484848104,Lachkater - die Stand Up Comedy Show,2026-08-07 21:00:00,671
Arts & Theatre,ev_230,post1,0.002481253451125445,0.09403022283985511,299.1082509651021,Lachkater - die Stand Up Comedy Show,2026-08-07 21:00:00,671
Arts & Theatre,ev_230,post2,-0.007454892762126166,0.09369299791292869,244.92573313756702,Lachkater - die Stand Up Comedy Show,2026-08-07 21:00:00,671
Music,ev_232,pre3,-0.0008904347326799554,0.08800941627600378,-8.464615814504539,Metal On The Beach Open Air,2026-08-08 16:00:00,1759
Music,ev_232,pre2,-0.004955608192085166,0.08798366063613622,7.278417887553346,Metal On The Beach Open Air,2026-08-08 16:00:00,1759
Music,ev_232,pre1,0.0006188410069564706,0.08820111141369763,27.95146677313327,Metal On The Beach Open Air,2026-08-08 16:00:00,1759
Music,ev_232,during,-0.002321713367610898,0.0870280099557542,10.962293582817795,Metal On The Beach Open Air,2026-08-08 16:00:00,1759
Music,ev_232,post1,-0.00447929975617686,0.08921073941570862,451.60441960361607,Metal On The Beach Open Air,2026-08-08 16:00:00,1759
Music,ev_232,post2,-0.006268837549640807,0.08945643955727303,369.5116815110274,Metal On The Beach Open Air,2026-08-08 16:00:00,1759
Arts & Theatre,ev_233,pre3,-0.0035807030475503193,0.09305909434076216,129.17527852792347,Cirque du Soleil ALIZÉ,2026-08-08 16:00:00,593
Arts & Theatre,ev_233,pre2,-0.005076247460059682,0.09299505280989544,147.52699747720646,Cirque du Soleil ALIZÉ,2026-08-08 16:00:00,593
Arts & Theatre,ev_233,pre1,-0.0024063825414624173,0.09334236897647592,147.1889843199626,Cirque du Soleil ALIZÉ,2026-08-08 16:00:00,593
Arts & Theatre,ev_233,during,0.010826578843181564,0.10314473085204509,112.89702715621921,Cirque du Soleil ALIZÉ,2026-08-08 16:00:00,593
Arts & Theatre,ev_233,post1,0.013574148433248166,0.09403663650538523,303.5601635273982,Cirque du Soleil ALIZÉ,2026-08-08 16:00:00,593
Arts & Theatre,ev_233,post2,0.016902771943686633,0.09370574623715565,253.43047584787107,Cirque du Soleil ALIZÉ,2026-08-08 16:00:00,593
Miscellaneous,ev_234,pre3,-0.0076777401352962115,0.09406294806569336,153.86606105059633,Young Euro Classic 2026 | Future Now - JISR // BRÜCKE (Marokko),2026-08-08 16:30:00,532
Miscellaneous,ev_234,pre2,-0.012121341733707292,0.09447615376864806,175.59402284626594,Young Euro Classic 2026 | Future Now - JISR // BRÜCKE (Marokko),2026-08-08 16:30:00,532
Miscellaneous,ev_234,pre1,-0.009437598263347353,0.09205587855230701,306.9293487227005,Young Euro Classic 2026 | Future Now - JISR // BRÜCKE (Marokko),2026-08-08 16:30:00,532
Miscellaneous,ev_234,during,0.023810868385360295,0.1001984391192237,94.52876345167425,Young Euro Classic 2026 | Future Now - JISR // BRÜCKE (Marokko),2026-08-08 16:30:00,532
Miscellaneous,ev_234,post1,0.010058850641572014,0.0919070250545915,67.65624897971587,Young Euro Classic 2026 | Future Now - JISR // BRÜCKE (Marokko),2026-08-08 16:30:00,532
Miscellaneous,ev_234,post2,-0.0023463425417698377,0.08963664761662007,-6.136840501408047,Young Euro Classic 2026 | Future Now - JISR // BRÜCKE (Marokko),2026-08-08 16:30:00,532
Arts & Theatre,ev_235,pre3,-0.009652040055026631,0.09309286435908314,127.7880934732759,Young Euro Classic 2026 | Nationale Jugendphilharmonie der Türkei,2026-08-08 19:00:00,605
Arts & Theatre,ev_235,pre2,0.009883375040932165,0.09300627702965476,151.25774362009975,Young Euro Classic 2026 | Nationale Jugendphilharmonie der Türkei,2026-08-08 19:00:00,605
Arts & Theatre,ev_235,pre1,0.010643610226633092,0.09335386345334157,150.43593906547054,Young Euro Classic 2026 | Nationale Jugendphilharmonie der Türkei,2026-08-08 19:00:00,605
Arts & Theatre,ev_235,during,0.009618464027010762,0.1032415702106425,112.6399784068588,Young Euro Classic 2026 | Nationale Jugendphilharmonie der Türkei,2026-08-08 19:00:00,605
Arts & Theatre,ev_235,post1,-0.006661316133818621,0.09403046571106083,295.4760053384707,Young Euro Classic 2026 | Nationale Jugendphilharmonie der Türkei,2026-08-08 19:00:00,605
Arts & Theatre,ev_235,post2,-0.0025329175675441284,0.09369337386842352,246.62763396103148,Young Euro Classic 2026 | Nationale Jugendphilharmonie der Türkei,2026-08-08 19:00:00,605
Arts & Theatre,ev_237,pre3,-0.005602664821294915,0.09305907900614259,128.71236303168425,Jeder stirbt für sich allein,2026-08-08 19:30:00,594
Arts & Theatre,ev_237,pre2,-0.004774530337152218,0.0929870714307837,147.60169187845048,Jeder stirbt für sich allein,2026-08-08 19:30:00,594
Arts & Theatre,ev_237,pre1,-0.0011155372755983143,0.0933342977037295,147.50827308200383,Jeder stirbt für sich allein,2026-08-08 19:30:00,594
Arts & Theatre,ev_237,during,-0.011988432389009908,0.10312567823046326,108.09476918120207,Jeder stirbt für sich allein,2026-08-08 19:30:00,594
Arts & Theatre,ev_237,post1,-0.0038994024530085254,0.09403047872145719,296.56978569621924,Jeder stirbt für sich allein,2026-08-08 19:30:00,594
Arts & Theatre,ev_237,post2,-0.0030338935041596075,0.09369325290720447,246.4540253479508,Jeder stirbt für sich allein,2026-08-08 19:30:00,594
Arts & Theatre,ev_238,pre3,0.014774221641281487,0.09306475738368558,133.4206157399216,Cirque du Soleil ALIZÉ,2026-08-08 20:00:00,672
Arts & Theatre,ev_238,pre2,0.01327348640236109,0.09299303828546893,152.1109808187764,Cirque du Soleil ALIZÉ,2026-08-08 20:00:00,672
Arts & Theatre,ev_238,pre1,0.016773034422479162,0.09334665201183204,151.97568121563054,Cirque du Soleil ALIZÉ,2026-08-08 20:00:00,672
Arts & Theatre,ev_238,during,-0.008955601297280189,0.10314058222923803,108.72684346999053,Cirque du Soleil ALIZÉ,2026-08-08 20:00:00,672
Arts & Theatre,ev_238,post1,-0.01136107072607372,0.09403050478936009,293.62172590844955,Cirque du Soleil ALIZÉ,2026-08-08 20:00:00,672
Arts & Theatre,ev_238,post2,-0.0029455839774130727,0.09369300548176956,246.48462188993193,Cirque du Soleil ALIZÉ,2026-08-08 20:00:00,672
Music,ev_240,pre3,0.001761857154041215,0.08800970451785327,-8.221515013050551,Young Euro Classic | Rock’n Roll im Konzerthaus,2026-08-09 11:00:00,1992
Music,ev_240,pre2,0.002379025055924103,0.08798394394982716,8.068158426332484,Young Euro Classic | Rock’n Roll im Konzerthaus,2026-08-09 11:00:00,1992
Music,ev_240,pre1,0.0006272146258929084,0.08820332723332762,27.95253819444421,Young Euro Classic | Rock’n Roll im Konzerthaus,2026-08-09 11:00:00,1992
Music,ev_240,during,-0.004077316300512545,0.08703934251222532,10.76765875549015,Young Euro Classic | Rock’n Roll im Konzerthaus,2026-08-09 11:00:00,1992
Music,ev_240,post1,0.011812918717968423,0.08921304684641006,460.6648864579273,Young Euro Classic | Rock’n Roll im Konzerthaus,2026-08-09 11:00:00,1992
Music,ev_240,post2,0.008107122296717806,0.08945886372069023,376.31011249266464,Young Euro Classic | Rock’n Roll im Konzerthaus,2026-08-09 11:00:00,1992
Music,ev_242,pre3,0.0006244825380288492,0.08801162593851286,-8.325842191381927,Young Euro Classic | Mäuse auf dem Mond,2026-08-09 12:30:00,1835
Music,ev_242,pre2,-0.003479450513665708,0.0879859867164708,7.436894687441975,Young Euro Classic | Mäuse auf dem Mond,2026-08-09 12:30:00,1835
Music,ev_242,pre1,0.0034706041437728426,0.08820345973642214,28.316874830350546,Young Euro Classic | Mäuse auf dem Mond,2026-08-09 12:30:00,1835
Music,ev_242,during,0.014979953127200156,0.08704059937849386,12.898830530186277,Young Euro Classic | Mäuse auf dem Mond,2026-08-09 12:30:00,1835
Music,ev_242,post1,0.004598032629402559,0.08921374806726888,456.63431072481336,Young Euro Classic | Mäuse auf dem Mond,2026-08-09 12:30:00,1835
Music,ev_242,post2,-0.012264159252249498,0.08945923450720666,366.7052291358799,Young Euro Classic | Mäuse auf dem Mond,2026-08-09 12:30:00,1835
Arts & Theatre,ev_243,pre3,0.000866026394261781,0.09305992998461479,130.19662813601286,Cirque du Soleil ALIZÉ,2026-08-09 13:00:00,627
Arts & Theatre,ev_243,pre2,-0.005373015638361132,0.09298779290840946,147.4535502400252,Cirque du Soleil ALIZÉ,2026-08-09 13:00:00,627
Arts & Theatre,ev_243,pre1,-0.00485751677885394,0.09333502934672071,146.5838328940614,Cirque du Soleil ALIZÉ,2026-08-09 13:00:00,627
Arts & Theatre,ev_243,during,0.004273772465737556,0.10312851473798561,111.50651501297912,Cirque du Soleil ALIZÉ,2026-08-09 13:00:00,627
Arts & Theatre,ev_243,post1,0.015672996978790682,0.0940311476842389,304.4080646864518,Cirque du Soleil ALIZÉ,2026-08-09 13:00:00,627
Arts & Theatre,ev_243,post2,0.010345004806592485,0.0936940870191327,251.1203440201954,Cirque du Soleil ALIZÉ,2026-08-09 13:00:00,627
Arts & Theatre,ev_244,pre3,-0.00389400148077959,0.09306239512196578,129.10348951850509,Young Euro Classic | Mäuse auf dem Mond,2026-08-09 14:00:00,684
Arts & Theatre,ev_244,pre2,0.0038589103612274864,0.09299038274127336,149.74860067177462,Young Euro Classic | Mäuse auf dem Mond,2026-08-09 14:00:00,684
Arts & Theatre,ev_244,pre1,-0.004633081571961908,0.0933375006589926,146.63918119843493,Young Euro Classic | Mäuse auf dem Mond,2026-08-09 14:00:00,684
Arts & Theatre,ev_244,during,0.026708143421035696,0.10313823303495204,116.30515662146728,Young Euro Classic | Mäuse auf dem Mond,2026-08-09 14:00:00,684
Arts & Theatre,ev_244,post1,0.005110237095786108,0.0940346230641928,300.158880468105,Young Euro Classic | Mäuse auf dem Mond,2026-08-09 14:00:00,684
Arts & Theatre,ev_244,post2,-0.013457927515836519,0.09369713655043639,242.86133450192952,Young Euro Classic | Mäuse auf dem Mond,2026-08-09 14:00:00,684
Arts & Theatre,ev_246,pre3,-0.002436688497642735,0.09305906726536393,129.437608407027,Lachkater - die Stand Up Comedy Show,2026-08-09 19:00:00,695
Arts & Theatre,ev_246,pre2,-0.002585607499709498,0.09298705841727878,148.14426648672801,Lachkater - die Stand Up Comedy Show,2026-08-09 19:00:00,695
Arts & Theatre,ev_246,pre1,-0.003680977497960845,0.09333428549418933,146.87411919262533,Lachkater - die Stand Up Comedy Show,2026-08-09 19:00:00,695
Arts & Theatre,ev_246,during,0.003191702399563406,0.10312564891983726,111.27777392354461,Lachkater - die Stand Up Comedy Show,2026-08-09 19:00:00,695
Arts & Theatre,ev_246,post1,-0.004932270726602906,0.09403047316951829,296.16039280716643,Lachkater - die Stand Up Comedy Show,2026-08-09 19:00:00,695
Arts & Theatre,ev_246,post2,-0.006857750686678782,0.09369324529709742,245.13176431454812,Lachkater - die Stand Up Comedy Show,2026-08-09 19:00:00,695
Arts & Theatre,ev_247,pre3,0.005004818349551876,0.09306311409758032,131.15133839943945,Young Euro Classic 2026 | Youth Symphony Orchestra of Turkmenistan,2026-08-09 19:00:00,711
Arts & Theatre,ev_247,pre2,-0.013255092848563615,0.09299087819418957,145.51076888569048,Young Euro Classic 2026 | Youth Symphony Orchestra of Turkmenistan,2026-08-09 19:00:00,711
Arts & Theatre,ev_247,pre1,-0.0031493866032070977,0.0933345184655095,147.00539011466063,Young Euro Classic 2026 | Youth Symphony Orchestra of Turkmenistan,2026-08-09 19:00:00,711
Arts & Theatre,ev_247,during,-0.005591345010508343,0.1031262825530334,109.4302365993014,Young Euro Classic 2026 | Youth Symphony Orchestra of Turkmenistan,2026-08-09 19:00:00,711
Arts & Theatre,ev_247,post1,-0.006658041919072471,0.09403071269881302,295.47730021395904,Young Euro Classic 2026 | Youth Symphony Orchestra of Turkmenistan,2026-08-09 19:00:00,711
Arts & Theatre,ev_247,post2,-0.006159953310930251,0.09369348215419615,245.37268039950462,Young Euro Classic 2026 | Youth Symphony Orchestra of Turkmenistan,2026-08-09 19:00:00,711
Arts & Theatre,ev_249,pre3,-0.0024482021906206356,0.09306122499364058,129.43496674805394,YEC 2026 | Orchestra of the Americas & Penderecki Youth Orchestra,2026-08-10 19:00:00,793
Arts & Theatre,ev_249,pre2,-0.006748029430820125,0.09298920877740592,147.11353201389917,YEC 2026 | Orchestra of the Americas & Penderecki Youth Orchestra,2026-08-10 19:00:00,793
Arts & Theatre,ev_249,pre1,-0.0033277435204752486,0.09333646160842207,146.96133892326526,YEC 2026 | Orchestra of the Americas & Penderecki Youth Orchestra,2026-08-10 19:00:00,793
Arts & Theatre,ev_249,during,-0.007734610749536701,0.10313156541756247,108.98185262312947,YEC 2026 | Orchestra of the Americas & Penderecki Youth Orchestra,2026-08-10 19:00:00,793
Arts & Theatre,ev_249,post1,-0.00011136671312940163,0.09403270696893595,298.07485504632416,YEC 2026 | Orchestra of the Americas & Penderecki Youth Orchestra,2026-08-10 19:00:00,793
Arts & Theatre,ev_249,post2,-0.002245666749171613,0.0936954552575268,246.72721733457533,YEC 2026 | Orchestra of the Americas & Penderecki Youth Orchestra,2026-08-10 19:00:00,793
Arts & Theatre,ev_251,pre3,-0.0017226563950239698,0.09306167179044852,129.6014927273477,Young Euro Classic 2026 | The Jakob Manz – Karthik Mani Project	,2026-08-11 19:00:00,512
Arts & Theatre,ev_251,pre2,-0.0029582860585355827,0.09298965791665612,148.05180566926506,Young Euro Classic 2026 | The Jakob Manz – Karthik Mani Project	,2026-08-11 19:00:00,512
Arts & Theatre,ev_251,pre1,-0.0028059141238963607,0.09333691329874441,147.09024424010062,Young Euro Classic 2026 | The Jakob Manz – Karthik Mani Project	,2026-08-11 19:00:00,512
Arts & Theatre,ev_251,during,-0.012253904544320965,0.10313278201581687,108.03953314645756,Young Euro Classic 2026 | The Jakob Manz – Karthik Mani Project	,2026-08-11 19:00:00,512
Arts & Theatre,ev_251,post1,-0.00657782302786078,0.09403315006289929,295.5090262369778,Young Euro Classic 2026 | The Jakob Manz – Karthik Mani Project	,2026-08-11 19:00:00,512
Arts & Theatre,ev_251,post2,-0.0017815777906831252,0.09369589986168853,246.88816695232924,Young Euro Classic 2026 | The Jakob Manz – Karthik Mani Project	,2026-08-11 19:00:00,512
Music,ev_252,pre3,0.0013823962496306564,0.08800996349457431,-8.256334753186279,The Swingin' Hermlins,2026-08-11 19:00:00,2033
Music,ev_252,pre2,0.0018572066687586812,0.08798420341369184,8.0117811848184,The Swingin' Hermlins,2026-08-11 19:00:00,2033
Music,ev_252,pre1,-0.0015999376419878455,0.08820165844513524,27.667885508921763,The Swingin' Hermlins,2026-08-11 19:00:00,2033
Music,ev_252,during,0.0014977751214406804,0.08702960506873798,11.386923203625155,The Swingin' Hermlins,2026-08-11 19:00:00,2033
Music,ev_252,post1,0.00032334788475522664,0.08921131158511696,454.25995295940805,The Swingin' Hermlins,2026-08-11 19:00:00,2033
Music,ev_252,post2,0.0009965695130036815,0.08945699113749046,372.93529691770925,The Swingin' Hermlins,2026-08-11 19:00:00,2033
Arts & Theatre,ev_253,pre3,-0.004618872307582218,0.09305876306575053,128.93747925790086,Young Euro Classic 2026 | Ulster Youth Orchestra,2026-08-12 19:00:00,626
Arts & Theatre,ev_253,pre2,-0.00760877693732683,0.09298675597185987,146.90092117264655,Young Euro Classic 2026 | Ulster Youth Orchestra,2026-08-12 19:00:00,626
Arts & Theatre,ev_253,pre1,-0.00294681764424303,0.09333397890340499,147.0554308075691,Young Euro Classic 2026 | Ulster Youth Orchestra,2026-08-12 19:00:00,626
Arts & Theatre,ev_253,during,-0.00685763490836514,0.10312481321609869,109.16520504519438,Young Euro Classic 2026 | Ulster Youth Orchestra,2026-08-12 19:00:00,626
Arts & Theatre,ev_253,post1,-0.0012330240488300109,0.09403015464705082,297.62860178341293,Young Euro Classic 2026 | Ulster Youth Orchestra,2026-08-12 19:00:00,626
Arts & Theatre,ev_253,post2,0.00039343744650040935,0.0936929313277881,247.6434751066607,Young Euro Classic 2026 | Ulster Youth Orchestra,2026-08-12 19:00:00,626
Arts & Theatre,ev_254,pre3,-0.0012206471698563651,0.09305894451497036,129.71678373096154,Ein Sommernachtstraum,2026-08-12 19:30:00,604
Arts & Theatre,ev_254,pre2,-0.001285336904521822,0.09298693719151313,148.46713103995847,Ein Sommernachtstraum,2026-08-12 19:30:00,604
Arts & Theatre,ev_254,pre1,-0.002829897614954462,0.09333416200831252,147.08431822450092,Ein Sommernachtstraum,2026-08-12 19:30:00,604
Arts & Theatre,ev_254,during,-0.012292354652341974,0.10312530990400973,108.03153415771743,Ein Sommernachtstraum,2026-08-12 19:30:00,604
Arts & Theatre,ev_254,post1,-0.004944634614373304,0.0940303405316356,296.1554947548102,Ein Sommernachtstraum,2026-08-12 19:30:00,604
Arts & Theatre,ev_254,post2,-0.006062277542348193,0.09369311585770357,245.40641658908714,Ein Sommernachtstraum,2026-08-12 19:30:00,604
Arts & Theatre,ev_255,pre3,-0.003086992890711973,0.09305989028058931,129.28845262593094,Lachkater - die Stand Up Comedy Show,2026-08-12 20:00:00,742
Arts & Theatre,ev_255,pre2,-0.0019060643604318246,0.09298787849622268,148.31294852744077,Lachkater - die Stand Up Comedy Show,2026-08-12 20:00:00,742
Arts & Theatre,ev_255,pre1,-0.0016078105875049467,0.09333511548699414,147.3864613494819,Lachkater - die Stand Up Comedy Show,2026-08-12 20:00:00,742
Arts & Theatre,ev_255,during,0.0012657079595308346,0.10312790593043265,110.87124571686475,Lachkater - die Stand Up Comedy Show,2026-08-12 20:00:00,742
Arts & Theatre,ev_255,post1,-0.004764832343885514,0.09403132583344896,296.2267308162441,Lachkater - die Stand Up Comedy Show,2026-08-12 20:00:00,742
Arts & Theatre,ev_255,post2,-0.005046733114822561,0.09369408865840888,245.75737032507882,Lachkater - die Stand Up Comedy Show,2026-08-12 20:00:00,742
Arts & Theatre,ev_256,pre3,-0.004093066054087511,0.09305914128428029,129.05788766912764,Cirque du Soleil ALIZÉ,2026-08-13 18:30:00,611
Arts & Theatre,ev_256,pre2,-0.0038306699647130964,0.09298713349426263,147.83550362902838,Cirque du Soleil ALIZÉ,2026-08-13 18:30:00,611
Arts & Theatre,ev_256,pre1,-0.006469740472497116,0.09333436024657436,146.18660489244,Cirque du Soleil ALIZÉ,2026-08-13 18:30:00,611
Arts & Theatre,ev_256,during,-0.010933882272286283,0.10312581354868844,108.31433129360981,Cirque du Soleil ALIZÉ,2026-08-13 18:30:00,611
Arts & Theatre,ev_256,post1,-0.007561597705150203,0.09403054202000638,295.1201257988931,Cirque du Soleil ALIZÉ,2026-08-13 18:30:00,611
Arts & Theatre,ev_256,post2,-0.006026685452582055,0.09369331532891001,245.41871054405468,Cirque du Soleil ALIZÉ,2026-08-13 18:30:00,611
Arts & Theatre,ev_257,pre3,-0.0032606062207320248,0.09305965312566587,129.24864854949453,Young Euro Classic 2026 | Slovenian Youth Orchestra,2026-08-13 19:00:00,716
Arts & Theatre,ev_257,pre2,-0.0020274312227738893,0.09298764296533063,148.2828133927394,Young Euro Classic 2026 | Slovenian Youth Orchestra,2026-08-13 19:00:00,716
Arts & Theatre,ev_257,pre1,-0.005007989019997989,0.09333487672670801,146.54673166351859,Young Euro Classic 2026 | Slovenian Youth Orchestra,2026-08-13 19:00:00,716
Arts & Theatre,ev_257,during,-0.00558082261273736,0.10312722520337474,109.43244031915036,Young Euro Classic 2026 | Slovenian Youth Orchestra,2026-08-13 19:00:00,716
Arts & Theatre,ev_257,post1,-0.006766799936475183,0.09403107854591553,295.4342912256886,Young Euro Classic 2026 | Slovenian Youth Orchestra,2026-08-13 19:00:00,716
Arts & Theatre,ev_257,post2,-0.0037213913387345553,0.09369384436677962,246.2159208132987,Young Euro Classic 2026 | Slovenian Youth Orchestra,2026-08-13 19:00:00,716
Arts & Theatre,ev_259,pre3,-0.003314527115905135,0.09305896871074097,129.23628759040747,Lachkater - die Stand Up Comedy Show,2026-08-13 20:00:00,602
Arts & Theatre,ev_259,pre2,-0.0029094735912614726,0.09298696134457221,148.06391398542752,Lachkater - die Stand Up Comedy Show,2026-08-13 20:00:00,602
Arts & Theatre,ev_259,pre1,-0.003641101117133373,0.09333418642146625,146.88396383530176,Lachkater - die Stand Up Comedy Show,2026-08-13 20:00:00,602
Arts & Theatre,ev_259,during,0.0009527790405322097,0.10312537616248625,110.80526832954934,Lachkater - die Stand Up Comedy Show,2026-08-13 20:00:00,602
Arts & Theatre,ev_259,post1,-0.00044121879994518226,0.09403036537970479,297.943570878047,Lachkater - die Stand Up Comedy Show,2026-08-13 20:00:00,602
Arts & Theatre,ev_259,post2,-0.0007938787393262903,0.09369314050496654,247.23095732475042,Lachkater - die Stand Up Comedy Show,2026-08-13 20:00:00,602
Arts & Theatre,ev_260,pre3,0.0009418587927761924,0.09306049088349917,130.21408516034998,Cirque du Soleil ALIZÉ,2026-08-14 16:00:00,539
Arts & Theatre,ev_260,pre2,-0.003969131977023505,0.09298848001377046,147.80119020208184,Cirque du Soleil ALIZÉ,2026-08-14 16:00:00,539
Arts & Theatre,ev_260,pre1,-0.006203554948836881,0.09333572204053346,146.25214492529844,Cirque du Soleil ALIZÉ,2026-08-14 16:00:00,539
Arts & Theatre,ev_260,during,0.008306937121760625,0.10313260952302909,112.36127815543497,Cirque du Soleil ALIZÉ,2026-08-14 16:00:00,539
Arts & Theatre,ev_260,post1,0.015470473318865918,0.09403399177309299,304.32617077809533,Cirque du Soleil ALIZÉ,2026-08-14 16:00:00,539
Arts & Theatre,ev_260,post2,0.017284718816295713,0.09369660750936543,253.56549329591047,Cirque du Soleil ALIZÉ,2026-08-14 16:00:00,539
Arts & Theatre,ev_261,pre3,-0.0011620645306177995,0.09305964641757661,129.73024154062304,Lachkater - die Stand Up Comedy Show,2026-08-14 19:00:00,566
Arts & Theatre,ev_261,pre2,-0.005686732467970858,0.09298763759512807,147.37593207246752,Lachkater - die Stand Up Comedy Show,2026-08-14 19:00:00,566
Arts & Theatre,ev_261,pre1,-0.011176203649841392,0.0933367556310008,145.03065904380335,Lachkater - die Stand Up Comedy Show,2026-08-14 19:00:00,566
Arts & Theatre,ev_261,during,-0.019322745106848862,0.1031324036739187,106.57412034271223,Lachkater - die Stand Up Comedy Show,2026-08-14 19:00:00,566
Arts & Theatre,ev_261,post1,-0.007730158855464562,0.09403248354518044,295.05352950890745,Lachkater - die Stand Up Comedy Show,2026-08-14 19:00:00,566
Arts & Theatre,ev_261,post2,-0.011527197608667075,0.09369523198325118,243.52394659111724,Lachkater - die Stand Up Comedy Show,2026-08-14 19:00:00,566
Arts & Theatre,ev_262,pre3,-0.003996506514588265,0.09305886656204097,129.08000646115264,YEC 2026 | Angelika Prokopp Sommerakademie der Wiener Philharmoniker,2026-08-14 19:00:00,650
Arts & Theatre,ev_262,pre2,0.018464846569604336,0.09298709000019802,153.4231828319451,YEC 2026 | Angelika Prokopp Sommerakademie der Wiener Philharmoniker,2026-08-14 19:00:00,650
Arts & Theatre,ev_262,pre1,0.016244346337127295,0.09333442334533844,151.84249988396718,YEC 2026 | Angelika Prokopp Sommerakademie der Wiener Philharmoniker,2026-08-14 19:00:00,650
Arts & Theatre,ev_262,during,0.041818383780627584,0.10312549072544125,119.59839770219554,YEC 2026 | Angelika Prokopp Sommerakademie der Wiener Philharmoniker,2026-08-14 19:00:00,650
Arts & Theatre,ev_262,post1,0.015281947609599103,0.09403026205242425,304.2499520847915,YEC 2026 | Angelika Prokopp Sommerakademie der Wiener Philharmoniker,2026-08-14 19:00:00,650
Arts & Theatre,ev_262,post2,0.011482554877972478,0.09369317152174672,251.51998825716802,YEC 2026 | Angelika Prokopp Sommerakademie der Wiener Philharmoniker,2026-08-14 19:00:00,650
Arts & Theatre,ev_264,pre3,-0.003560772617137731,0.09305875395640988,129.17984613538147,Romeo & Juliet (EN),2026-08-14 19:30:00,628
Arts & Theatre,ev_264,pre2,-0.0014586100418520812,0.09298674686244561,148.42408209036074,Romeo & Juliet (EN),2026-08-14 19:30:00,628
Arts & Theatre,ev_264,pre1,0.0004341317750963026,0.09333396970768584,147.8921263385279,Romeo & Juliet (EN),2026-08-14 19:30:00,628
Arts & Theatre,ev_264,during,-0.010603077313589894,0.10312478830618652,108.38325410674491,Romeo & Juliet (EN),2026-08-14 19:30:00,628
Arts & Theatre,ev_264,post1,-0.0009422584793896742,0.09403014537337591,297.74423530054435,Romeo & Juliet (EN),2026-08-14 19:30:00,628
Arts & Theatre,ev_264,post2,-0.005024733475298999,0.09369292210279215,245.7649769462597,Romeo & Juliet (EN),2026-08-14 19:30:00,628
Arts & Theatre,ev_265,pre3,0.015257799440723445,0.09306147122017344,133.53352006443768,Cirque du Soleil ALIZÉ,2026-08-14 20:00:00,713
Arts & Theatre,ev_265,pre2,0.015127808440129155,0.0929904810362031,152.57890947760262,Cirque du Soleil ALIZÉ,2026-08-14 20:00:00,713
Arts & Theatre,ev_265,pre1,0.017152049655197947,0.09333761841990089,152.07120193784687,Cirque du Soleil ALIZÉ,2026-08-14 20:00:00,713
Arts & Theatre,ev_265,during,0.04131724485852065,0.10312687582064996,119.48837596826381,Cirque du Soleil ALIZÉ,2026-08-14 20:00:00,713
Arts & Theatre,ev_265,post1,0.009615380637114203,0.09403101838348021,301.9657206451119,Cirque du Soleil ALIZÉ,2026-08-14 20:00:00,713
Arts & Theatre,ev_265,post2,0.010417970857695105,0.09369351556238181,251.14596481987323,Cirque du Soleil ALIZÉ,2026-08-14 20:00:00,713
Arts & Theatre,ev_266,pre3,-0.011110153095901753,0.09306152688570034,127.45619471538396,Lachkater - die Stand Up Comedy Show,2026-08-14 21:00:00,578
Arts & Theatre,ev_266,pre2,-0.009717379787919483,0.09298887196989881,146.3808536870332,Lachkater - die Stand Up Comedy Show,2026-08-14 21:00:00,578
Arts & Theatre,ev_266,pre1,-0.005954268105646387,0.09333612546450376,146.31353999730962,Lachkater - die Stand Up Comedy Show,2026-08-14 21:00:00,578
Arts & Theatre,ev_266,during,-0.02338473425676795,0.1031323795049647,105.7367204133472,Lachkater - die Stand Up Comedy Show,2026-08-14 21:00:00,578
Arts & Theatre,ev_266,post1,5.622348222411735e-06,0.09403077529933711,298.1214281741839,Lachkater - die Stand Up Comedy Show,2026-08-14 21:00:00,578
Arts & Theatre,ev_266,post2,-0.010069251248287156,0.09369354692306783,244.0251513548032,Lachkater - die Stand Up Comedy Show,2026-08-14 21:00:00,578
Arts & Theatre,ev_267,pre3,-0.006080391788542855,0.09305873622137324,128.60312706268263,Cirque du Soleil ALIZÉ,2026-08-15 16:00:00,653
Arts & Theatre,ev_267,pre2,-0.006194939003113988,0.09298699565452719,147.25024594711144,Cirque du Soleil ALIZÉ,2026-08-15 16:00:00,653
Arts & Theatre,ev_267,pre1,-0.004774424720312494,0.09333422253815742,146.60432290360635,Cirque du Soleil ALIZÉ,2026-08-15 16:00:00,653
Arts & Theatre,ev_267,during,-0.004197947420116417,0.10312740866949832,109.72225959115241,Cirque du Soleil ALIZÉ,2026-08-15 16:00:00,653
Arts & Theatre,ev_267,post1,0.010532118307202904,0.09403170855893495,302.3343867225328,Cirque du Soleil ALIZÉ,2026-08-15 16:00:00,653
Arts & Theatre,ev_267,post2,0.011119626409133285,0.09369447017030773,251.39243479385516,Cirque du Soleil ALIZÉ,2026-08-15 16:00:00,653
Arts & Theatre,ev_268,pre3,-0.006049492479179836,0.09305956277196596,128.6101908505596,Young Euro Classic 2026 | Future Now - ni-va (Argentinien),2026-08-15 16:30:00,711
Arts & Theatre,ev_268,pre2,-0.005300862325253103,0.09298755367751671,147.47140547766486,Young Euro Classic 2026 | Future Now - ni-va (Argentinien),2026-08-15 16:30:00,711
Arts & Theatre,ev_268,pre1,-0.012730753271834597,0.09333652124580881,144.65004264559963,Young Euro Classic 2026 | Future Now - ni-va (Argentinien),2026-08-15 16:30:00,711
Arts & Theatre,ev_268,during,0.029515691582198366,0.1031323695849047,116.91329705850934,Young Euro Classic 2026 | Future Now - ni-va (Argentinien),2026-08-15 16:30:00,711
Arts & Theatre,ev_268,post1,0.004732066435163473,0.09403259276760949,300.0075807302884,Young Euro Classic 2026 | Future Now - ni-va (Argentinien),2026-08-15 16:30:00,711
Arts & Theatre,ev_268,post2,-0.0038965195013220683,0.09369500213399326,246.15529396411745,Young Euro Classic 2026 | Future Now - ni-va (Argentinien),2026-08-15 16:30:00,711
Arts & Theatre,ev_269,pre3,-0.012655515442244289,0.09306129457769963,127.10496393593833,Young Euro Classic 2026 | Estonian National Opera Boys’ Choir,2026-08-15 19:00:00,578
Arts & Theatre,ev_269,pre2,0.015147913916121225,0.09298902617101913,152.58398774785354,Young Euro Classic 2026 | Estonian National Opera Boys’ Choir,2026-08-15 19:00:00,578
Arts & Theatre,ev_269,pre1,0.008788402435050847,0.09333639703729084,149.97175906833218,Young Euro Classic 2026 | Estonian National Opera Boys’ Choir,2026-08-15 19:00:00,578
Arts & Theatre,ev_269,during,0.0009761496691244065,0.10313209353076468,110.81019503875065,Young Euro Classic 2026 | Estonian National Opera Boys’ Choir,2026-08-15 19:00:00,578
Arts & Theatre,ev_269,post1,-0.006202380351468086,0.09403091008846698,295.65754508273756,Young Euro Classic 2026 | Estonian National Opera Boys’ Choir,2026-08-15 19:00:00,578
Arts & Theatre,ev_269,post2,-0.006068281613388774,0.09369381430130723,245.40434275064982,Young Euro Classic 2026 | Estonian National Opera Boys’ Choir,2026-08-15 19:00:00,578
Arts & Theatre,ev_270,pre3,-0.0016866374115695304,0.09305897236039803,129.6097628886559,A night with Sinatra in Berlin,2026-08-15 19:30:00,687
Arts & Theatre,ev_270,pre2,-0.005908384703324448,0.09298696388446011,147.32110672045638,A night with Sinatra in Berlin,2026-08-15 19:30:00,687
Arts & Theatre,ev_270,pre1,-0.004315159483648126,0.09333418979403284,146.7176057077629,A night with Sinatra in Berlin,2026-08-15 19:30:00,687
Arts & Theatre,ev_270,during,-0.004994581348449236,0.1031253885799164,109.5552542535267,A night with Sinatra in Berlin,2026-08-15 19:30:00,687
Arts & Theatre,ev_270,post1,-0.00820756317292304,0.09403037467688406,294.86497426041876,A night with Sinatra in Berlin,2026-08-15 19:30:00,687
Arts & Theatre,ev_270,post2,-0.0054442205242764595,0.09369314793310415,245.61996343421245,A night with Sinatra in Berlin,2026-08-15 19:30:00,687
Arts & Theatre,ev_271,pre3,-0.0012247746284420056,0.09305903508275633,129.71583558640697,Romeo & Juliet (EN),2026-08-15 19:30:00,597
Arts & Theatre,ev_271,pre2,-0.005019833350505465,0.09298702759311636,147.54096188625093,Romeo & Juliet (EN),2026-08-15 19:30:00,597
Arts & Theatre,ev_271,pre1,-0.00042684525867270616,0.09333425338801885,147.67878876345316,Romeo & Juliet (EN),2026-08-15 19:30:00,597
Arts & Theatre,ev_271,during,-0.004419174101738277,0.10312555793147082,109.67586856325661,Romeo & Juliet (EN),2026-08-15 19:30:00,597
Arts & Theatre,ev_271,post1,-0.0055426897404085825,0.09403043357277976,295.91864276279864,Romeo & Juliet (EN),2026-08-15 19:30:00,597
Arts & Theatre,ev_271,post2,-0.0031491112085044576,0.09369320813669316,246.41411001001012,Romeo & Juliet (EN),2026-08-15 19:30:00,597
Arts & Theatre,ev_272,pre3,0.008065098678065624,0.0930601452575247,131.859809800878,Cirque du Soleil ALIZÉ,2026-08-15 20:00:00,622
Arts & Theatre,ev_272,pre2,0.01029883604309932,0.09298827334798211,151.3621531015985,Cirque du Soleil ALIZÉ,2026-08-15 20:00:00,622
Arts & Theatre,ev_272,pre1,0.01103427752246066,0.0933355056706908,150.53379530993593,Cirque du Soleil ALIZÉ,2026-08-15 20:00:00,622
Arts & Theatre,ev_272,during,-0.01651534353644602,0.10312572716747544,107.15487167223144,Cirque du Soleil ALIZÉ,2026-08-15 20:00:00,622
Arts & Theatre,ev_272,post1,-0.011098379927929461,0.09403045428799355,293.7251402962047,Cirque du Soleil ALIZÉ,2026-08-15 20:00:00,622
Arts & Theatre,ev_272,post2,2.6323152846784927e-05,0.09369295344502812,247.51587364144757,Cirque du Soleil ALIZÉ,2026-08-15 20:00:00,622
Arts & Theatre,ev_273,pre3,-0.0008568114772396278,0.09305875299903386,129.80037810246188,Cirque du Soleil ALIZÉ,2026-08-16 13:00:00,658
Arts & Theatre,ev_273,pre2,-0.009087802275096687,0.09298674551949998,146.5360183710774,Cirque du Soleil ALIZÉ,2026-08-16 13:00:00,658
Arts & Theatre,ev_273,pre1,-0.0030674676736136917,0.09333396863294253,147.02562536063618,Cirque du Soleil ALIZÉ,2026-08-16 13:00:00,658
Arts & Theatre,ev_273,during,0.008117380373035521,0.1031309195470103,112.32102745700901,Cirque du Soleil ALIZÉ,2026-08-16 13:00:00,658
Arts & Theatre,ev_273,post1,0.011207946027675436,0.0940348262054411,302.6063873564106,Cirque du Soleil ALIZÉ,2026-08-16 13:00:00,658
Arts & Theatre,ev_273,post2,0.007772401090544325,0.09369780327168782,250.21821143076272,Cirque du Soleil ALIZÉ,2026-08-16 13:00:00,658
Arts & Theatre,ev_274,pre3,0.010037647388628931,0.09305910667246896,132.3176159437489,Young Euro Classic 2026 | Future Now-Ensemble &ñiou,2026-08-16 16:30:00,652
Arts & Theatre,ev_274,pre2,0.008619880584988858,0.09298721424983697,150.94048132580485,Young Euro Classic 2026 | Future Now-Ensemble &ñiou,2026-08-16 16:30:00,652
Arts & Theatre,ev_274,pre1,0.011043886669783905,0.0933357110791753,150.5362027376512,Young Euro Classic 2026 | Future Now-Ensemble &ñiou,2026-08-16 16:30:00,652
Arts & Theatre,ev_274,during,-0.015143491377338166,0.10312890970788956,107.4392525498653,Young Euro Classic 2026 | Future Now-Ensemble &ñiou,2026-08-16 16:30:00,652
Arts & Theatre,ev_274,post1,-0.009196663901743788,0.0940315098486049,294.4746061151259,Young Euro Classic 2026 | Future Now-Ensemble &ñiou,2026-08-16 16:30:00,652
Arts & Theatre,ev_274,post2,-0.01092740766633577,0.09369426856541137,243.73005060261033,Young Euro Classic 2026 | Future Now-Ensemble &ñiou,2026-08-16 16:30:00,652
Arts & Theatre,ev_275,pre3,0.011588260187634376,0.09306318345307614,132.67813004912372,Cirque du Soleil ALIZÉ,2026-08-16 17:00:00,506
Arts & Theatre,ev_275,pre2,0.010959694446272365,0.09299128786684488,151.5283227939865,Cirque du Soleil ALIZÉ,2026-08-16 17:00:00,506
Arts & Theatre,ev_275,pre1,0.007712743890253327,0.09333880042527283,149.70301937171965,Cirque du Soleil ALIZÉ,2026-08-16 17:00:00,506
Arts & Theatre,ev_275,during,-0.023419088398079373,0.10313497232775441,105.72965262638574,Cirque du Soleil ALIZÉ,2026-08-16 17:00:00,506
Arts & Theatre,ev_275,post1,-0.010967782688352046,0.09403386337117221,293.77656307044265,Cirque du Soleil ALIZÉ,2026-08-16 17:00:00,506
Arts & Theatre,ev_275,post2,-0.013087137924058845,0.09369661066791166,242.98848748823093,Cirque du Soleil ALIZÉ,2026-08-16 17:00:00,506
Arts & Theatre,ev_277,pre3,0.010978618099611034,0.09306049159102997,132.53632289827902,Young Euro Classic 2026 | AYSO - Accademia Youth Symphony Orchestra,2026-08-16 19:00:00,656
Arts & Theatre,ev_277,pre2,-0.006854472023203834,0.09298792882242965,147.08723000879013,Young Euro Classic 2026 | AYSO - Accademia Youth Symphony Orchestra,2026-08-16 19:00:00,656
Arts & Theatre,ev_277,pre1,-0.005433322016682148,0.09333517339258005,146.4418895013136,Young Euro Classic 2026 | AYSO - Accademia Youth Symphony Orchestra,2026-08-16 19:00:00,656
Arts & Theatre,ev_277,during,-0.02442742062230246,0.10312890996878377,105.5223133391741,Young Euro Classic 2026 | AYSO - Accademia Youth Symphony Orchestra,2026-08-16 19:00:00,656
Arts & Theatre,ev_277,post1,-0.010139773410776634,0.09403013847635701,294.1027487417017,Young Euro Classic 2026 | AYSO - Accademia Youth Symphony Orchestra,2026-08-16 19:00:00,656
Arts & Theatre,ev_277,post2,-0.0021571116685905694,0.09369291468694346,246.757923150804,Young Euro Classic 2026 | AYSO - Accademia Youth Symphony Orchestra,2026-08-16 19:00:00,656
Arts & Theatre,ev_279,pre3,-0.0013974083008995344,0.09306010889927571,129.67618232093096,The Swingin' Hermlins,2026-08-18 19:00:00,550
Arts & Theatre,ev_279,pre2,-0.004036834581957809,0.0929880989714784,147.7844139839026,The Swingin' Hermlins,2026-08-18 19:00:00,550
Arts & Theatre,ev_279,pre1,-0.004136438823425994,0.093335336699635,146.76170318159086,The Swingin' Hermlins,2026-08-18 19:00:00,550
Arts & Theatre,ev_279,during,-0.01032468454276433,0.10312849966819079,108.44127457411395,The Swingin' Hermlins,2026-08-18 19:00:00,550
Arts & Theatre,ev_279,post1,-0.0022631620612283297,0.09403153906740391,297.2192003520916,The Swingin' Hermlins,2026-08-18 19:00:00,550
Arts & Theatre,ev_279,post2,-0.0036037376614647676,0.09369430381522845,246.25665678583323,The Swingin' Hermlins,2026-08-18 19:00:00,550
Music,ev_280,pre3,0.0007168207972644541,0.08801363930147274,-8.31737676839779,OFF DAYS 2026: Blood Orange,2026-08-19 19:15:00,1439
Music,ev_280,pre2,0.002881526969127042,0.08798792026918172,8.122476529030308,OFF DAYS 2026: Blood Orange,2026-08-19 19:15:00,1439
Music,ev_280,pre1,-0.001141236845312107,0.08820540279790054,27.726460302839897,OFF DAYS 2026: Blood Orange,2026-08-19 19:15:00,1439
Music,ev_280,during,0.0029747166807014835,0.08704082814244335,11.551556726781943,OFF DAYS 2026: Blood Orange,2026-08-19 19:15:00,1439
Music,ev_280,post1,-0.001442964780064927,0.08921537022606454,453.2818206829101,OFF DAYS 2026: Blood Orange,2026-08-19 19:15:00,1439
Music,ev_280,post2,-0.0053102634141591444,0.08946116690571285,369.96195904294973,OFF DAYS 2026: Blood Orange,2026-08-19 19:15:00,1439
Arts & Theatre,ev_281,pre3,-0.004894553084610617,0.09305980384197378,128.87437429454044,Schuld und Sühne,2026-08-19 19:30:00,738
Arts & Theatre,ev_281,pre2,-0.001856315758680862,0.09298779235378381,148.32530205670952,Schuld und Sühne,2026-08-19 19:30:00,738
Arts & Theatre,ev_281,pre1,0.0003990981104380896,0.09333502831211817,147.8834419210267,Schuld und Sühne,2026-08-19 19:30:00,738
Arts & Theatre,ev_281,during,-0.014931556562647516,0.10312766891214192,107.48322080845183,Schuld und Sühne,2026-08-19 19:30:00,738
Arts & Theatre,ev_281,post1,-0.004374366275932003,0.09403123634234918,296.3814741188825,Schuld und Sühne,2026-08-19 19:30:00,738
Arts & Theatre,ev_281,post2,-0.0033148675602091217,0.09369400012398055,246.35669442958596,Schuld und Sühne,2026-08-19 19:30:00,738
Arts & Theatre,ev_282,pre3,-0.008981171538175686,0.09306172264571867,127.9409606048402,Lachkater - die Stand Up Comedy Show,2026-08-19 20:00:00,511
Arts & Theatre,ev_282,pre2,-0.0030187492596975567,0.09298970864041003,148.03680811644483,Lachkater - die Stand Up Comedy Show,2026-08-19 20:00:00,511
Arts & Theatre,ev_282,pre1,-0.005058429659880499,0.09333696459918231,146.53429600224658,Lachkater - die Stand Up Comedy Show,2026-08-19 20:00:00,511
Arts & Theatre,ev_282,during,-0.002210454963361764,0.10313292136516337,110.13949548935899,Lachkater - die Stand Up Comedy Show,2026-08-19 20:00:00,511
Arts & Theatre,ev_282,post1,-0.0007053368311762962,0.09403320249911586,297.8384806842841,Lachkater - die Stand Up Comedy Show,2026-08-19 20:00:00,511
Arts & Theatre,ev_282,post2,-0.0006746856330908256,0.09369595180628279,247.27234732778757,Lachkater - die Stand Up Comedy Show,2026-08-19 20:00:00,511
Arts & Theatre,ev_283,pre3,-0.0032360004608459735,0.0930587680667133,129.25428945609406,Cirque du Soleil ALIZÉ,2026-08-20 18:30:00,625
Arts & Theatre,ev_283,pre2,-0.002764723244612864,0.09298676097159445,148.09982392189315,Cirque du Soleil ALIZÉ,2026-08-20 18:30:00,625
Arts & Theatre,ev_283,pre1,-0.0020504559327969743,0.09333398395143255,147.2769811161227,Cirque du Soleil ALIZÉ,2026-08-20 18:30:00,625
Arts & Theatre,ev_283,during,-0.007141570834149229,0.10312482689424696,109.10582395966873,Cirque du Soleil ALIZÉ,2026-08-20 18:30:00,625
Arts & Theatre,ev_283,post1,-0.005385379415263697,0.09403015974461335,295.98092975228735,Cirque du Soleil ALIZÉ,2026-08-20 18:30:00,625
Arts & Theatre,ev_283,post2,-0.006953266582523519,0.09369293639651172,245.09880031921293,Cirque du Soleil ALIZÉ,2026-08-20 18:30:00,625
Arts & Theatre,ev_284,pre3,-0.001974008759215876,0.09306119205903329,129.5437891016039,Was Ihr wollt,2026-08-20 19:30:00,522
Arts & Theatre,ev_284,pre2,-0.003298935867046314,0.09298917941837499,147.967321259779,Was Ihr wollt,2026-08-20 19:30:00,522
Arts & Theatre,ev_284,pre1,-0.0034972378808211693,0.09333642936583085,146.91948391628836,Was Ihr wollt,2026-08-20 19:30:00,522
Arts & Theatre,ev_284,during,-0.004472275730016183,0.10313146750696012,109.66473472884029,Was Ihr wollt,2026-08-20 19:30:00,522
Arts & Theatre,ev_284,post1,-0.0030452602392660906,0.09403265545565816,296.90865739258544,Was Ihr wollt,2026-08-20 19:30:00,522
Arts & Theatre,ev_284,post2,-0.005023435263670108,0.0936954098795716,245.765425822665,Was Ihr wollt,2026-08-20 19:30:00,522
Arts & Theatre,ev_285,pre3,-0.003477962855949719,0.09305873366846114,129.19882524952618,Lachkater - die Stand Up Comedy Show,2026-08-20 20:00:00,634
Arts & Theatre,ev_285,pre2,-0.0014243867360865861,0.09298672655432083,148.43258412916475,Lachkater - die Stand Up Comedy Show,2026-08-20 20:00:00,634
Arts & Theatre,ev_285,pre1,-0.00311686634641638,0.0933339492217379,147.01342292398962,Lachkater - die Stand Up Comedy Show,2026-08-20 20:00:00,634
Arts & Theatre,ev_285,during,-0.011309130937379544,0.10312473287179094,108.23617628357081,Lachkater - die Stand Up Comedy Show,2026-08-20 20:00:00,634
Arts & Theatre,ev_285,post1,-0.0050212977295076445,0.0940301248200751,296.1251254046241,Lachkater - die Stand Up Comedy Show,2026-08-20 20:00:00,634
Arts & Theatre,ev_285,post2,-0.001863637963065844,0.09369290162455662,246.85970241746992,Lachkater - die Stand Up Comedy Show,2026-08-20 20:00:00,634
Music,ev_286,pre3,0.0006996797384757687,0.08800958934211485,-8.318948292163675,Two Feet - The Next Steps Tour,2026-08-20 20:00:00,1722
Music,ev_286,pre2,-0.0011720025715273052,0.08798383590327896,7.685085963101668,Two Feet - The Next Steps Tour,2026-08-20 20:00:00,1722
Music,ev_286,pre1,0.0018444304913182567,0.08820128797142787,28.108378880592433,Two Feet - The Next Steps Tour,2026-08-20 20:00:00,1722
Music,ev_286,during,0.0007603096295553235,0.08702854032060331,11.30480947325796,Two Feet - The Next Steps Tour,2026-08-20 20:00:00,1722
Music,ev_286,post1,-0.0010239935033227064,0.08921093132180276,453.51367844119875,Two Feet - The Next Steps Tour,2026-08-20 20:00:00,1722
Music,ev_286,post2,0.001168595772001816,0.0894566379450626,373.0166612057826,Two Feet - The Next Steps Tour,2026-08-20 20:00:00,1722
Arts & Theatre,ev_287,pre3,-0.0005877737263620808,0.09305980737743709,129.86221139670963,Cirque du Soleil ALIZÉ,2026-08-21 16:00:00,560
Arts & Theatre,ev_287,pre2,-0.004820440819018135,0.09298779817592294,147.59032462640556,Cirque du Soleil ALIZÉ,2026-08-21 16:00:00,560
Arts & Theatre,ev_287,pre1,-0.009540460661308302,0.09333503252333376,145.43179421388922,Cirque du Soleil ALIZÉ,2026-08-21 16:00:00,560
Arts & Theatre,ev_287,during,0.0068373414158742025,0.10313629136668842,112.04942214021818,Cirque du Soleil ALIZÉ,2026-08-21 16:00:00,560
Arts & Theatre,ev_287,post1,0.01645338445146182,0.09403777977075682,304.72378284920694,Cirque du Soleil ALIZÉ,2026-08-21 16:00:00,560
Arts & Theatre,ev_287,post2,0.014146827995300815,0.09370048412024606,252.4577822269843,Cirque du Soleil ALIZÉ,2026-08-21 16:00:00,560
Arts & Theatre,ev_288,pre3,-0.0025233128493747092,0.09305991233459117,129.41773438373545,Lachkater - die Stand Up Comedy Show,2026-08-21 19:00:00,743
Arts & Theatre,ev_288,pre2,-0.005436336244819729,0.09298790047492701,147.4378818272256,Lachkater - die Stand Up Comedy Show,2026-08-21 19:00:00,743
Arts & Theatre,ev_288,pre1,-0.0077477175845495445,0.09333667049645503,145.87218499960008,Lachkater - die Stand Up Comedy Show,2026-08-21 19:00:00,743
Arts & Theatre,ev_288,during,-0.02024292745843659,0.10313215516100879,106.3841219128856,Lachkater - die Stand Up Comedy Show,2026-08-21 19:00:00,743
Arts & Theatre,ev_288,post1,-0.008285805066711154,0.09403259006005275,294.8340804856515,Lachkater - die Stand Up Comedy Show,2026-08-21 19:00:00,743
Arts & Theatre,ev_288,post2,-0.002978093664163669,0.09369533421258959,246.47335796650464,Lachkater - die Stand Up Comedy Show,2026-08-21 19:00:00,743
Arts & Theatre,ev_289,pre3,-0.0021943461211968583,0.09305875836278675,129.4932176002543,Was Ihr wollt,2026-08-21 19:30:00,627
Arts & Theatre,ev_289,pre2,-0.0025140700942607834,0.09298675126927948,148.16201871869617,Was Ihr wollt,2026-08-21 19:30:00,627
Arts & Theatre,ev_289,pre1,0.0007260547382917047,0.0933339741559638,147.96450230619092,Was Ihr wollt,2026-08-21 19:30:00,627
Arts & Theatre,ev_289,during,-0.002322980726802757,0.10312480035470133,110.11585071254824,Was Ihr wollt,2026-08-21 19:30:00,627
Arts & Theatre,ev_289,post1,-0.007012942623695778,0.09403014985712427,295.3369699445792,Was Ihr wollt,2026-08-21 19:30:00,627
Arts & Theatre,ev_289,post2,-0.0027781305567465327,0.09369292656369575,246.54264678317358,Was Ihr wollt,2026-08-21 19:30:00,627
Arts & Theatre,ev_290,pre3,0.01439764310828734,0.09306553764662327,133.33273109564945,Cirque du Soleil ALIZÉ,2026-08-21 20:00:00,542
Arts & Theatre,ev_290,pre2,0.016088948479034644,0.09299414373415639,152.82178988282814,Cirque du Soleil ALIZÉ,2026-08-21 20:00:00,542
Arts & Theatre,ev_290,pre1,0.014038243769992997,0.0933414504317521,151.28752189272987,Cirque du Soleil ALIZÉ,2026-08-21 20:00:00,542
Arts & Theatre,ev_290,during,0.043235942323752184,0.10313793978511601,119.9099120296479,Cirque du Soleil ALIZÉ,2026-08-21 20:00:00,542
Arts & Theatre,ev_290,post1,0.01442515101657348,0.09403346976993014,303.90374044077254,Cirque du Soleil ALIZÉ,2026-08-21 20:00:00,542
Arts & Theatre,ev_290,post2,0.010876817821682547,0.09369847711186365,251.3071240506316,Cirque du Soleil ALIZÉ,2026-08-21 20:00:00,542
Music,ev_291,pre3,0.012872445529621607,0.08801440644200126,-7.1961162009211765,ZARNA GARG: MILLION DOLLAR EXCUSES,2026-08-21 20:00:00,2147
Music,ev_291,pre2,0.01439849389210205,0.08798917750628554,9.37491783370914,ZARNA GARG: MILLION DOLLAR EXCUSES,2026-08-21 20:00:00,2147
Music,ev_291,pre1,0.012531528699013441,0.0882066725979133,29.484827728130103,ZARNA GARG: MILLION DOLLAR EXCUSES,2026-08-21 20:00:00,2147
Music,ev_291,during,0.04323735672978248,0.08704040513923444,16.13455970050932,ZARNA GARG: MILLION DOLLAR EXCUSES,2026-08-21 20:00:00,2147
Music,ev_291,post1,0.009857460082610204,0.08921471627001147,459.56960070616617,ZARNA GARG: MILLION DOLLAR EXCUSES,2026-08-21 20:00:00,2147
Music,ev_291,post2,0.0027957530982333444,0.08945805983156997,373.786960260412,ZARNA GARG: MILLION DOLLAR EXCUSES,2026-08-21 20:00:00,2147
Arts & Theatre,ev_292,pre3,-0.007701929134888083,0.09306144250564188,128.2327389349078,Lachkater - die Stand Up Comedy Show,2026-08-21 21:00:00,692
Arts & Theatre,ev_292,pre2,-0.0038461930748863006,0.09298865841648095,147.83165648106066,Lachkater - die Stand Up Comedy Show,2026-08-21 21:00:00,692
Arts & Theatre,ev_292,pre1,-0.012619329919790763,0.09333591353475135,144.67730389217039,Lachkater - die Stand Up Comedy Show,2026-08-21 21:00:00,692
Arts & Theatre,ev_292,during,-0.013645116243902716,0.10313218635414308,107.75030734777515,Lachkater - die Stand Up Comedy Show,2026-08-21 21:00:00,692
Arts & Theatre,ev_292,post1,-0.0005202436588360976,0.09403043452594013,297.9121246860437,Lachkater - die Stand Up Comedy Show,2026-08-21 21:00:00,692
Arts & Theatre,ev_292,post2,-0.008356228731509676,0.09369320709342743,244.61497923539716,Lachkater - die Stand Up Comedy Show,2026-08-21 21:00:00,692
Miscellaneous,ev_293,pre3,-0.006113303779515425,0.0940627662745042,154.26352917172662,Roland-Tour - Auf den Spuren von Roland Kaiser,2026-08-22 10:00:00,603
Miscellaneous,ev_293,pre2,-0.002659523229258629,0.0944759747307455,178.21401888841146,Roland-Tour - Auf den Spuren von Roland Kaiser,2026-08-22 10:00:00,603
Miscellaneous,ev_293,pre1,-0.00340631951304076,0.09205532280698203,309.39106925554006,Roland-Tour - Auf den Spuren von Roland Kaiser,2026-08-22 10:00:00,603
Miscellaneous,ev_293,during,-0.006288073483926095,0.1001970825921295,88.76089235888614,Roland-Tour - Auf den Spuren von Roland Kaiser,2026-08-22 10:00:00,603
Miscellaneous,ev_293,post1,-0.002730862111522637,0.09190647527486451,65.52562777387048,Roland-Tour - Auf den Spuren von Roland Kaiser,2026-08-22 10:00:00,603
Miscellaneous,ev_293,post2,0.004506145167358446,0.0896362924795071,-5.4914355654074765,Roland-Tour - Auf den Spuren von Roland Kaiser,2026-08-22 10:00:00,603
Music,ev_294,pre3,-0.0030186280642775253,0.08801041033444704,-8.659213664362298,TFELD 2026,2026-08-22 13:00:00,2090
Music,ev_294,pre2,0.0004625443217004809,0.08798465149747378,7.861246217686779,TFELD 2026,2026-08-22 13:00:00,2090
Music,ev_294,pre1,0.008675789461160998,0.08820210992849835,28.98652926895151,TFELD 2026,2026-08-22 13:00:00,2090
Music,ev_294,during,0.007221239821998927,0.0870309425316762,12.026270221416336,TFELD 2026,2026-08-22 13:00:00,2090
Music,ev_294,post1,-0.005677560878053654,0.08921179358824399,450.94384931983313,TFELD 2026,2026-08-22 13:00:00,2090
Music,ev_294,post2,-0.0035511798235980017,0.08945747387922477,370.78938895911915,TFELD 2026,2026-08-22 13:00:00,2090
Arts & Theatre,ev_296,pre3,-0.0036194810354669917,0.09306052832466044,129.16639174404884,A night with Sinatra in Berlin,2026-08-22 19:30:00,538
Arts & Theatre,ev_296,pre2,-0.00249239958342638,0.09298851736158088,148.16739657468173,A night with Sinatra in Berlin,2026-08-22 19:30:00,538
Arts & Theatre,ev_296,pre1,-0.0021144962820651165,0.09333575981041937,147.2611459189372,A night with Sinatra in Berlin,2026-08-22 19:30:00,538
Arts & Theatre,ev_296,during,-0.009865634858310275,0.10312964885904391,108.53698144085722,A night with Sinatra in Berlin,2026-08-22 19:30:00,538
Arts & Theatre,ev_296,post1,-0.0053167566021629,0.09403197128321651,296.0081040099976,A night with Sinatra in Berlin,2026-08-22 19:30:00,538
Arts & Theatre,ev_296,post2,-0.0034406238250961124,0.09369473205870604,246.3131406440139,A night with Sinatra in Berlin,2026-08-22 19:30:00,538
Arts & Theatre,ev_297,pre3,0.0006933327974036524,0.09305872251597375,130.15687808470392,Ein Sommernachtstraum,2026-08-22 19:30:00,643
Arts & Theatre,ev_297,pre2,-0.004082307179952233,0.09298671531693609,147.7731468390313,Ein Sommernachtstraum,2026-08-22 19:30:00,643
Arts & Theatre,ev_297,pre1,-0.0007302877429219429,0.0933339379396787,147.6036438981438,Ein Sommernachtstraum,2026-08-22 19:30:00,643
Arts & Theatre,ev_297,during,-0.008809710880808704,0.10312470256103716,108.75729693749365,Ein Sommernachtstraum,2026-08-22 19:30:00,643
Arts & Theatre,ev_297,post1,-0.0042688442325505924,0.09403011389292901,296.423303308902,Ein Sommernachtstraum,2026-08-22 19:30:00,643
Arts & Theatre,ev_297,post2,-0.00042111966459775386,0.0936928906156718,247.36041494187165,Ein Sommernachtstraum,2026-08-22 19:30:00,643
Arts & Theatre,ev_298,pre3,0.020224073348449476,0.09305872251597368,134.69619618608212,Cirque du Soleil ALIZÉ,2026-08-22 20:00:00,643
Arts & Theatre,ev_298,pre2,0.01897383969502753,0.09298671531693607,153.55220632307888,Cirque du Soleil ALIZÉ,2026-08-22 20:00:00,643
Arts & Theatre,ev_298,pre1,0.01678659804087855,0.09333393793967873,151.9790989407948,Cirque du Soleil ALIZÉ,2026-08-22 20:00:00,643
Arts & Theatre,ev_298,during,-0.002421154263258646,0.1031247025610372,110.09522390893802,Cirque du Soleil ALIZÉ,2026-08-22 20:00:00,643
Arts & Theatre,ev_298,post1,-0.0065349176677177755,0.09403011389292897,295.5259960582338,Cirque du Soleil ALIZÉ,2026-08-22 20:00:00,643
Arts & Theatre,ev_298,post2,0.001849064541066036,0.09369289061567168,248.14988284927355,Cirque du Soleil ALIZÉ,2026-08-22 20:00:00,643
Arts & Theatre,ev_299,pre3,0.0009949397144310838,0.09305895086444861,130.22630546049777,Cirque du Soleil ALIZÉ,2026-08-23 13:00:00,685
Arts & Theatre,ev_299,pre2,0.001043829826911971,0.09298694247524165,149.04652690828595,Cirque du Soleil ALIZÉ,2026-08-23 13:00:00,685
Arts & Theatre,ev_299,pre1,-0.003395127738801544,0.09333416811865808,146.9446981871529,Cirque du Soleil ALIZÉ,2026-08-23 13:00:00,685
Arts & Theatre,ev_299,during,0.012740965854236834,0.10312684074763369,113.3049848295419,Cirque du Soleil ALIZÉ,2026-08-23 13:00:00,685
Arts & Theatre,ev_299,post1,0.010282298104421626,0.09403150852718717,302.23388801828196,Cirque du Soleil ALIZÉ,2026-08-23 13:00:00,685
Arts & Theatre,ev_299,post2,0.013855747278544515,0.09369427510733429,252.35520349317736,Cirque du Soleil ALIZÉ,2026-08-23 13:00:00,685
Arts & Theatre,ev_300,pre3,0.01268901441934685,0.09305985141411213,132.93439250051594,Cirque du Soleil ALIZÉ,2026-08-23 17:00:00,628
Arts & Theatre,ev_300,pre2,0.010054549259220455,0.09298807993309718,151.3007561491658,Cirque du Soleil ALIZÉ,2026-08-23 17:00:00,628
Arts & Theatre,ev_300,pre1,0.013749397248360998,0.09333531285191371,151.21494884784198,Cirque du Soleil ALIZÉ,2026-08-23 17:00:00,628
Arts & Theatre,ev_300,during,-0.0036872983918161462,0.10312478830618654,109.82938140772359,Cirque du Soleil ALIZÉ,2026-08-23 17:00:00,628
Arts & Theatre,ev_300,post1,-0.005516242365338463,0.09403014537337592,295.9291139101075,Cirque du Soleil ALIZÉ,2026-08-23 17:00:00,628
Arts & Theatre,ev_300,post2,-0.004810225461521135,0.09369292210279202,245.8391542602281,Cirque du Soleil ALIZÉ,2026-08-23 17:00:00,628
Arts & Theatre,ev_301,pre3,-0.0026920580685232186,0.09306059874081499,129.37902450401575,Lachkater - die Stand Up Comedy Show,2026-08-23 19:00:00,771
Arts & Theatre,ev_301,pre2,-0.001418316062137612,0.0929885845786001,148.43409228695904,Lachkater - die Stand Up Comedy Show,2026-08-23 19:00:00,771
Arts & Theatre,ev_301,pre1,-0.005510597773995177,0.09333582999561192,146.42284625346886,Lachkater - die Stand Up Comedy Show,2026-08-23 19:00:00,771
Arts & Theatre,ev_301,during,-0.0028389027458989103,0.10312984843669577,110.00747527764499,Lachkater - die Stand Up Comedy Show,2026-08-23 19:00:00,771
Arts & Theatre,ev_301,post1,-0.0029795099503041995,0.09403205906244558,296.9347551094572,Lachkater - die Stand Up Comedy Show,2026-08-23 19:00:00,771
Arts & Theatre,ev_301,post2,-0.008582416616652018,0.09369481412917115,244.53704031680746,Lachkater - die Stand Up Comedy Show,2026-08-23 19:00:00,771
Music,ev_303,pre3,-0.0014192723554659328,0.08800942389385345,-8.513010371918773,Hudson Freeman - EU/UK Tour 2026,2026-08-24 20:00:00,1757
Music,ev_303,pre2,-0.0005131072590370829,0.08798366836172655,7.756062541967568,Hudson Freeman - EU/UK Tour 2026,2026-08-24 20:00:00,1757
Music,ev_303,pre1,0.0004423931978169881,0.0882011191959307,27.92889200883739,Hudson Freeman - EU/UK Tour 2026,2026-08-24 20:00:00,1757
Music,ev_303,during,0.00151202131240398,0.08702803337881454,11.388510054307188,Hudson Freeman - EU/UK Tour 2026,2026-08-24 20:00:00,1757
Music,ev_303,post1,0.0015534663210224529,0.08921074789581057,454.94217786871917,Hudson Freeman - EU/UK Tour 2026,2026-08-24 20:00:00,1757
Music,ev_303,post2,0.0007916011637831323,0.0894564483618085,372.8383700844178,Hudson Freeman - EU/UK Tour 2026,2026-08-24 20:00:00,1757
Arts & Theatre,ev_304,pre3,-0.004200850792692242,0.0930626434358648,129.0332000550778,The Swingin' Hermlins,2026-08-25 19:00:00,836
Arts & Theatre,ev_304,pre2,-0.0014157207127152534,0.09299062265825377,148.4347370610737,The Swingin' Hermlins,2026-08-25 19:00:00,836
Arts & Theatre,ev_304,pre1,-0.005245352271152915,0.09333789221627033,146.4882174745631,The Swingin' Hermlins,2026-08-25 19:00:00,836
Arts & Theatre,ev_304,during,-0.007499327001821825,0.10313545406069323,109.03102844152758,The Swingin' Hermlins,2026-08-25 19:00:00,836
Arts & Theatre,ev_304,post1,-0.0006035620251830015,0.09403417399857815,297.8789726789699,The Swingin' Hermlins,2026-08-25 19:00:00,836
Arts & Theatre,ev_304,post2,-0.0015127330107957242,0.09369690708647767,246.98143856245002,The Swingin' Hermlins,2026-08-25 19:00:00,836
Arts & Theatre,ev_305,pre3,-0.0005096651586075905,0.09305911002498335,129.88016630602965,Sammy Obeid: Live in Berlin!,2026-08-25 20:00:00,592
Arts & Theatre,ev_305,pre2,-0.004820162006745577,0.09298710238755008,147.59039365763624,Sammy Obeid: Live in Berlin!,2026-08-25 20:00:00,592
Arts & Theatre,ev_305,pre1,-0.0032057825321808314,0.09333432899919833,146.9914604090166,Sammy Obeid: Live in Berlin!,2026-08-25 20:00:00,592
Arts & Theatre,ev_305,during,-0.008489433782977797,0.10312576318934187,108.82416782674333,Sammy Obeid: Live in Berlin!,2026-08-25 20:00:00,592
Arts & Theatre,ev_305,post1,-0.0017271299537687825,0.09403051061334738,297.4321796739575,Sammy Obeid: Live in Berlin!,2026-08-25 20:00:00,592
Arts & Theatre,ev_305,post2,-0.002393277988619002,0.09369328452946618,246.67604027752174,Sammy Obeid: Live in Berlin!,2026-08-25 20:00:00,592
Arts & Theatre,ev_306,pre3,-0.0031452948813951247,0.09305878723373309,129.27508504238432,Was Ihr wollt,2026-08-26 19:30:00,665
Arts & Theatre,ev_306,pre2,-0.004496312674172994,0.09298677956664479,147.67058862621633,Was Ihr wollt,2026-08-26 19:30:00,665
Arts & Theatre,ev_306,pre1,-0.003496087166735389,0.09333400313951533,146.91976805017995,Was Ihr wollt,2026-08-26 19:30:00,665
Arts & Theatre,ev_306,during,-0.0015605607056600815,0.1031248805638175,110.27610832793519,Was Ihr wollt,2026-08-26 19:30:00,665
Arts & Theatre,ev_306,post1,-0.0012023334440478426,0.09403018213488333,297.6408054329481,Was Ihr wollt,2026-08-26 19:30:00,665
Arts & Theatre,ev_306,post2,-0.003060026443230726,0.09369295773088071,246.4449716043164,Was Ihr wollt,2026-08-26 19:30:00,665
Arts & Theatre,ev_307,pre3,-0.003944068623595032,0.0930593642832511,129.09201924852005,Lachkater - die Stand Up Comedy Show,2026-08-26 20:00:00,715
Arts & Theatre,ev_307,pre2,-0.0005706759397399502,0.09298735433591679,148.64476426575,Lachkater - die Stand Up Comedy Show,2026-08-26 20:00:00,715
Arts & Theatre,ev_307,pre1,-0.002839732770622393,0.09333458501910423,147.08188812371827,Lachkater - die Stand Up Comedy Show,2026-08-26 20:00:00,715
Arts & Theatre,ev_307,during,5.894874709416098e-05,0.10312646354247905,110.61692837921582,Lachkater - die Stand Up Comedy Show,2026-08-26 20:00:00,715
Arts & Theatre,ev_307,post1,-0.005647846512111155,0.09403078108637224,295.8770114254156,Lachkater - die Stand Up Comedy Show,2026-08-26 20:00:00,715
Arts & Theatre,ev_307,post2,-0.0033828610207899514,0.09369354979077388,246.3331452399408,Lachkater - die Stand Up Comedy Show,2026-08-26 20:00:00,715
Music,ev_308,pre3,-3.064804949454219e-05,0.08801365966702537,-8.385881067448352,Kels - Across The Pond Tour,2026-08-26 20:00:00,2359
Music,ev_308,pre2,-7.546540516783708e-06,0.08798791417783963,7.810553547466537,Kels - Across The Pond Tour,2026-08-26 20:00:00,2359
Music,ev_308,pre1,0.0007348042552771377,0.08820539726424366,27.966305301192996,Kels - Across The Pond Tour,2026-08-26 20:00:00,2359
Music,ev_308,during,-0.005198607773097186,0.08704069877277136,10.643525532057918,Kels - Across The Pond Tour,2026-08-26 20:00:00,2359
Music,ev_308,post1,0.0022743945272120434,0.08921531168172546,455.342395584335,Kels - Across The Pond Tour,2026-08-26 20:00:00,2359
Music,ev_308,post2,0.004555495035740667,0.08946101284874794,374.6214370603936,Kels - Across The Pond Tour,2026-08-26 20:00:00,2359
Arts & Theatre,ev_309,pre3,-0.002395459957904672,0.09305872741655294,129.44706797958347,Cirque du Soleil ALIZÉ,2026-08-27 18:30:00,637
Arts & Theatre,ev_309,pre2,-0.0012692126246496458,0.092986720281295,148.4711374258184,Cirque du Soleil ALIZÉ,2026-08-27 18:30:00,637
Arts & Theatre,ev_309,pre1,-0.004182065479611797,0.0933339429046293,146.7504445270493,Cirque du Soleil ALIZÉ,2026-08-27 18:30:00,637
Arts & Theatre,ev_309,during,-0.01049520695974055,0.10312471582192044,108.40573369452042,Cirque du Soleil ALIZÉ,2026-08-27 18:30:00,637
Arts & Theatre,ev_309,post1,-0.003431761549309834,0.09403011856133901,296.7552813184716,Cirque du Soleil ALIZÉ,2026-08-27 18:30:00,637
Arts & Theatre,ev_309,post2,-0.007719606685899413,0.09369289536412007,244.83443857734156,Cirque du Soleil ALIZÉ,2026-08-27 18:30:00,637
Arts & Theatre,ev_310,pre3,-0.005566030948630288,0.09305872309690154,128.72074180474087,Was Ihr wollt,2026-08-27 19:30:00,645
Arts & Theatre,ev_310,pre2,-0.0010075351863246163,0.09298671587033006,148.53616522434046,Was Ihr wollt,2026-08-27 19:30:00,645
Arts & Theatre,ev_310,pre1,-0.002466630425355802,0.09333393851838066,147.17409215535076,Was Ihr wollt,2026-08-27 19:30:00,645
Arts & Theatre,ev_310,during,-0.013202080967799026,0.10312470421009055,107.8423684542046,Was Ihr wollt,2026-08-27 19:30:00,645
Arts & Theatre,ev_310,post1,-0.0031726835366429596,0.09403011462283883,296.8580852048089,Was Ihr wollt,2026-08-27 19:30:00,645
Arts & Theatre,ev_310,post2,-0.005921323075748645,0.09369289129658338,245.45510659775402,Was Ihr wollt,2026-08-27 19:30:00,645
Arts & Theatre,ev_311,pre3,-0.002949576167189705,0.09305872266953799,129.3199628587992,Lachkater - die Stand Up Comedy Show,2026-08-27 20:00:00,644
Arts & Theatre,ev_311,pre2,-0.003161231114442466,0.09298671545712134,148.00146988956726,Lachkater - die Stand Up Comedy Show,2026-08-27 20:00:00,644
Arts & Theatre,ev_311,pre1,-0.0029460870955249564,0.09333393809094118,147.05561129366328,Lachkater - die Stand Up Comedy Show,2026-08-27 20:00:00,644
Arts & Theatre,ev_311,during,-0.0041007603025763,0.10312470301035126,109.74264288352673,Lachkater - die Stand Up Comedy Show,2026-08-27 20:00:00,644
Arts & Theatre,ev_311,post1,-0.007876262902592877,0.09403011411655877,294.9958148056924,Lachkater - die Stand Up Comedy Show,2026-08-27 20:00:00,644
Arts & Theatre,ev_311,post2,-0.0054333429554121295,0.0936928908161821,245.62372295961276,Lachkater - die Stand Up Comedy Show,2026-08-27 20:00:00,644
Arts & Theatre,ev_312,pre3,-0.0004600222234442406,0.09305972028396142,129.89157851548637,Cirque du Soleil ALIZÉ,2026-08-28 16:00:00,734
Arts & Theatre,ev_312,pre2,0.0011349319633134959,0.092987709083821,149.06921661247523,Cirque du Soleil ALIZÉ,2026-08-28 16:00:00,734
Arts & Theatre,ev_312,pre1,-0.0034232671163125254,0.09333494404287128,146.9377494148338,Cirque du Soleil ALIZÉ,2026-08-28 16:00:00,734
Arts & Theatre,ev_312,during,0.01754170289176862,0.10313302824433168,114.3314679367868,Cirque du Soleil ALIZÉ,2026-08-28 16:00:00,734
Arts & Theatre,ev_312,post1,0.017865735854817842,0.09403538076875408,305.29579890063695,Cirque du Soleil ALIZÉ,2026-08-28 16:00:00,734
Arts & Theatre,ev_312,post2,0.017985732569555664,0.09369810745740949,253.81343446431993,Cirque du Soleil ALIZÉ,2026-08-28 16:00:00,734
Arts & Theatre,ev_315,pre3,-0.005032716799244401,0.0930588056566041,128.84275434521854,Schuld und Sühne,2026-08-28 19:30:00,668
Arts & Theatre,ev_315,pre2,-0.0018567307566177194,0.09298679789851938,148.32519900224287,Schuld und Sühne,2026-08-28 19:30:00,668
Arts & Theatre,ev_315,pre1,0.0007344445407778815,0.0933340217114804,147.96658268811584,Schuld und Sühne,2026-08-28 19:30:00,668
Arts & Theatre,ev_315,during,-0.003095127700274265,0.10312493114215081,109.95367301490897,Schuld und Sühne,2026-08-28 19:30:00,668
Arts & Theatre,ev_315,post1,-0.0021537294451284806,0.09403020134852222,297.2626714668868,Schuld und Sühne,2026-08-28 19:30:00,668
Arts & Theatre,ev_315,post2,-0.002716982591846003,0.09369297669417072,246.563837808663,Schuld und Sühne,2026-08-28 19:30:00,668
Arts & Theatre,ev_316,pre3,0.017020750186896312,0.09306318642569325,133.94559128179546,Cirque du Soleil ALIZÉ,2026-08-28 20:00:00,808
Arts & Theatre,ev_316,pre2,0.01747001685617744,0.09299182408616603,153.1711952827257,Cirque du Soleil ALIZÉ,2026-08-28 20:00:00,808
Arts & Theatre,ev_316,pre1,0.017847682765153763,0.09333910111143129,152.2466120154366,Cirque du Soleil ALIZÉ,2026-08-28 20:00:00,808
Arts & Theatre,ev_316,during,0.05081331251919053,0.1031328458810018,121.58258005192586,Cirque du Soleil ALIZÉ,2026-08-28 20:00:00,808
Arts & Theatre,ev_316,post1,0.014264899964639562,0.09403319008028463,303.8390196274146,Cirque du Soleil ALIZÉ,2026-08-28 20:00:00,808
Arts & Theatre,ev_316,post2,0.00804651756717633,0.09369593334492193,250.31422517180548,Cirque du Soleil ALIZÉ,2026-08-28 20:00:00,808
Arts & Theatre,ev_317,pre3,-0.0038320512543523317,0.09305876615464728,129.11768297119525,Lachkater - die Stand Up Comedy Show,2026-08-28 21:00:00,661
Arts & Theatre,ev_317,pre2,-0.007552082463262603,0.09298675859902532,146.91491948732823,Lachkater - die Stand Up Comedy Show,2026-08-28 21:00:00,661
Arts & Theatre,ev_317,pre1,-0.005874029838898024,0.09333398189190317,146.33330456176225,Lachkater - die Stand Up Comedy Show,2026-08-28 21:00:00,661
Arts & Theatre,ev_317,during,-0.004071463348062444,0.10312482267692762,109.74878779420808,Lachkater - die Stand Up Comedy Show,2026-08-28 21:00:00,661
Arts & Theatre,ev_317,post1,-0.0023454597800337744,0.0940301601140542,297.18651146316586,Lachkater - die Stand Up Comedy Show,2026-08-28 21:00:00,661
Arts & Theatre,ev_317,post2,-0.003075775110924949,0.09369293600874316,246.43951560054683,Lachkater - die Stand Up Comedy Show,2026-08-28 21:00:00,661
Arts & Theatre,ev_321,pre3,-0.004087032815003884,0.09305948739718317,129.05926963429678,Cirque du Soleil ALIZÉ,2026-08-29 16:00:00,722
Arts & Theatre,ev_321,pre2,-0.002580766787440083,0.09298747701099752,148.1454676846307,Cirque du Soleil ALIZÉ,2026-08-29 16:00:00,722
Arts & Theatre,ev_321,pre1,-0.006377904846274558,0.09333470917691315,146.20921463164177,Cirque du Soleil ALIZÉ,2026-08-29 16:00:00,722
Arts & Theatre,ev_321,during,0.016868855675450958,0.10312863740301711,114.18730411076963,Cirque du Soleil ALIZÉ,2026-08-29 16:00:00,722
Arts & Theatre,ev_321,post1,0.014570700129991144,0.09403230691370003,303.9625325505657,Cirque du Soleil ALIZÉ,2026-08-29 16:00:00,722
Arts & Theatre,ev_321,post2,0.016689033003450923,0.09369506512822774,253.35494206505916,Cirque du Soleil ALIZÉ,2026-08-29 16:00:00,722
Arts & Theatre,ev_323,pre3,-0.002868907566725844,0.09305998319871926,129.3384625254225,A night with Sinatra in Berlin,2026-08-29 19:30:00,554
Arts & Theatre,ev_323,pre2,-0.005126058536879946,0.09298797357590759,147.51466819798992,A night with Sinatra in Berlin,2026-08-29 19:30:00,554
Arts & Theatre,ev_323,pre1,-0.0017064430711669434,0.09333520989308816,147.36206221166816,A night with Sinatra in Berlin,2026-08-29 19:30:00,554
Arts & Theatre,ev_323,during,-0.0018747082551410655,0.10312815526919022,110.2100609786392,A night with Sinatra in Berlin,2026-08-29 19:30:00,554
Arts & Theatre,ev_323,post1,-0.0008719113300100588,0.09403140956017246,297.77221645786574,A night with Sinatra in Berlin,2026-08-29 19:30:00,554
Arts & Theatre,ev_323,post2,-0.006382277828919465,0.09369417548968678,245.29590411974903,A night with Sinatra in Berlin,2026-08-29 19:30:00,554
Arts & Theatre,ev_325,pre3,-0.001363789596794345,0.09305876306575045,129.68390386633786,Urfaust,2026-08-29 19:30:00,626
Arts & Theatre,ev_325,pre2,-0.003669779266491687,0.09298675597185967,147.87538126413557,Urfaust,2026-08-29 19:30:00,626
Arts & Theatre,ev_325,pre1,-0.004949742215483435,0.09333397890340488,146.561092641038,Urfaust,2026-08-29 19:30:00,626
Arts & Theatre,ev_325,during,-0.005584456171600716,0.10312481321609865,109.43167933543312,Urfaust,2026-08-29 19:30:00,626
Arts & Theatre,ev_325,post1,-0.004511766353742095,0.09403015464705096,296.3270150149243,Urfaust,2026-08-29 19:30:00,626
Arts & Theatre,ev_325,post2,-0.0057630423013987665,0.09369293132778823,245.50978982706718,Urfaust,2026-08-29 19:30:00,626
Arts & Theatre,ev_326,pre3,0.017429765555037523,0.09306034632369828,134.04129819540356,Cirque du Soleil ALIZÉ,2026-08-29 20:00:00,687
Arts & Theatre,ev_326,pre2,0.014247964872300893,0.0929888519097868,152.35677728385042,Cirque du Soleil ALIZÉ,2026-08-29 20:00:00,687
Arts & Theatre,ev_326,pre1,0.01656093603921145,0.09333609378364889,151.9222432482755,Cirque du Soleil ALIZÉ,2026-08-29 20:00:00,687
Arts & Theatre,ev_326,during,-0.009857797876986244,0.10312538857991657,108.53861574769014,Cirque du Soleil ALIZÉ,2026-08-29 20:00:00,687
Arts & Theatre,ev_326,post1,-0.0109304633688776,0.09403037467688403,293.7912588180174,Cirque du Soleil ALIZÉ,2026-08-29 20:00:00,687
Arts & Theatre,ev_326,post2,0.0006401971695843955,0.09369314793310414,247.72927009924894,Cirque du Soleil ALIZÉ,2026-08-29 20:00:00,687
Music,ev_327,pre3,0.0016424880498122788,0.08801622811875173,-8.23246987474191,JOJI: SOLARIS,2026-08-29 20:00:00,1349
Music,ev_327,pre2,0.00225563679499222,0.08799052838031415,8.054824906818947,JOJI: SOLARIS,2026-08-29 20:00:00,1349
Music,ev_327,pre1,-0.0005569365450488244,0.08820803042054472,27.801112719537247,JOJI: SOLARIS,2026-08-29 20:00:00,1349
Music,ev_327,during,0.0006903252098923704,0.08704866278769931,11.29702014333034,JOJI: SOLARIS,2026-08-29 20:00:00,1349
Music,ev_327,post1,0.002755549611634353,0.0892181994613836,455.6096656955957,JOJI: SOLARIS,2026-08-29 20:00:00,1349
Music,ev_327,post2,0.003194985282337036,0.0894640439796684,373.97614902596575,JOJI: SOLARIS,2026-08-29 20:00:00,1349
Arts & Theatre,ev_328,pre3,0.0010442059808048803,0.09305875836278663,130.23764813039205,Cirque du Soleil ALIZÉ,2026-08-30 13:00:00,627
Arts & Theatre,ev_328,pre2,-0.0031648666718032954,0.09298675126927937,148.00056826763685,Cirque du Soleil ALIZÉ,2026-08-30 13:00:00,627
Arts & Theatre,ev_328,pre1,-0.0013250712955761676,0.09333397415596383,147.45641711155187,Cirque du Soleil ALIZÉ,2026-08-30 13:00:00,627
Arts & Theatre,ev_328,during,0.009249353783669513,0.10312645772202461,112.5615052961904,Cirque du Soleil ALIZÉ,2026-08-30 13:00:00,627
Arts & Theatre,ev_328,post1,0.00537102300756239,0.09403141208907018,300.2632498750471,Cirque du Soleil ALIZÉ,2026-08-30 13:00:00,627
Arts & Theatre,ev_328,post2,0.013408610781209146,0.09369418101385421,252.19768783979268,Cirque du Soleil ALIZÉ,2026-08-30 13:00:00,627
Arts & Theatre,ev_329,pre3,0.009705018509095036,0.0930598445811306,132.2403532460762,Cirque du Soleil ALIZÉ,2026-08-30 17:00:00,671
Arts & Theatre,ev_329,pre2,0.0052520569675683455,0.09298798668506601,150.09677956304552,Cirque du Soleil ALIZÉ,2026-08-30 17:00:00,671
Arts & Theatre,ev_329,pre1,0.013305692755018745,0.09333521984097866,151.10350837139185,Cirque du Soleil ALIZÉ,2026-08-30 17:00:00,671
Arts & Theatre,ev_329,during,-0.004062683731971431,0.10312498776770873,109.75062931612439,Cirque du Soleil ALIZÉ,2026-08-30 17:00:00,671
Arts & Theatre,ev_329,post1,-0.0037962296411587822,0.09403022283985525,296.6107030268459,Cirque du Soleil ALIZÉ,2026-08-30 17:00:00,671
Arts & Theatre,ev_329,post2,-0.0028245368096558943,0.09369299791292857,246.52656541060404,Cirque du Soleil ALIZÉ,2026-08-30 17:00:00,671
Music,ev_332,pre3,0.0016439453342070652,0.08801006415132381,-8.23233614325487,Eartheater,2026-08-31 20:00:00,2047
Music,ev_332,pre2,-0.0005013017240354656,0.08798430431655868,7.757334667444593,Eartheater,2026-08-31 20:00:00,2047
Music,ev_332,pre1,-0.0007443391451687778,0.08820176011432294,27.777164702745782,Eartheater,2026-08-31 20:00:00,2047
Music,ev_332,during,-0.0028692848236061257,0.08702990610689644,10.901550430286044,Eartheater,2026-08-31 20:00:00,2047
Music,ev_332,post1,-0.0010263591040004787,0.08921142005935934,453.5123690504146,Eartheater,2026-08-31 20:00:00,2047
Music,ev_332,post2,0.004361016720303734,0.08945709965526154,374.52914245778413,Eartheater,2026-08-31 20:00:00,2047
Music,ev_333,pre3,0.002489113508842751,0.08800971587839175,-8.154744249821722,The Swingin' Hermlins,2026-09-01 19:00:00,1994
Music,ev_333,pre2,0.000580888892106192,0.0879839553258307,7.874011765885602,The Swingin' Hermlins,2026-09-01 19:00:00,1994
Music,ev_333,pre1,-2.85478155187352e-05,0.08820140847008658,27.868659230955785,The Swingin' Hermlins,2026-09-01 19:00:00,1994
Music,ev_333,during,-0.0023080317464443316,0.08702886547052041,10.963811737267747,The Swingin' Hermlins,2026-09-01 19:00:00,1994
Music,ev_333,post1,-0.0016056339625401064,0.08921104514404721,453.1918261013322,The Swingin' Hermlins,2026-09-01 19:00:00,1994
Music,ev_333,post2,0.0016565865842954057,0.08945672507141576,373.2475453205944,The Swingin' Hermlins,2026-09-01 19:00:00,1994
Music,ev_334,pre3,0.0018509979014276505,0.08801007681407756,-8.213333445654714,Baby Keem - The Ca$ino Tour,2026-09-01 20:30:00,1656
Music,ev_334,pre2,-0.0004133159991873008,0.08798432845627713,7.766816191756298,Baby Keem - The Ca$ino Tour,2026-09-01 20:30:00,1656
Music,ev_334,pre1,-0.0035263387642729517,0.08820178417657998,27.422182688076546,Baby Keem - The Ca$ino Tour,2026-09-01 20:30:00,1656
Music,ev_334,during,0.006395071229661133,0.08703002614734272,11.933755856935967,Baby Keem - The Ca$ino Tour,2026-09-01 20:30:00,1656
Music,ev_334,post1,-0.002418791949263377,0.08921146846315463,452.7421765925692,Baby Keem - The Ca$ino Tour,2026-09-01 20:30:00,1656
Music,ev_334,post2,0.0,0.08960523900270147,372.4642187892159,Baby Keem - The Ca$ino Tour,2026-09-01 20:30:00,1656
Arts & Theatre,ev_335,pre3,-0.004004461628858438,0.09305873366846108,129.07818411077275,Was Ihr wollt,2026-09-02 19:30:00,634
Arts & Theatre,ev_335,pre2,-0.0065452090160143285,0.09298672655432084,147.16365676595603,Was Ihr wollt,2026-09-02 19:30:00,634
Arts & Theatre,ev_335,pre1,-0.004015945287727768,0.09333394922173772,146.7914381630827,Was Ihr wollt,2026-09-02 19:30:00,634
Arts & Theatre,ev_335,during,-0.00920030114217604,0.10312473287179075,108.67577429233255,Was Ihr wollt,2026-09-02 19:30:00,634
Arts & Theatre,ev_335,post1,-0.002791653819333959,0.09403012482007511,297.0093287411374,Was Ihr wollt,2026-09-02 19:30:00,634
Arts & Theatre,ev_335,post2,-0.0012544429739491465,0.09369290162455657,247.07107198621324,Was Ihr wollt,2026-09-02 19:30:00,634
Arts & Theatre,ev_336,pre3,-0.002853815011541196,0.09305872466541366,129.3419238549442,Lachkater - die Stand Up Comedy Show,2026-09-02 20:00:00,639
Arts & Theatre,ev_336,pre2,-0.003465452038697034,0.09298671751206211,147.92603412833128,Lachkater - die Stand Up Comedy Show,2026-09-02 20:00:00,639
Arts & Theatre,ev_336,pre1,-0.0031026800100366174,0.09333394012232706,147.01692716435363,Lachkater - die Stand Up Comedy Show,2026-09-02 20:00:00,639
Arts & Theatre,ev_336,during,-0.0012190847198076105,0.10312470833848604,110.34792483043536,Lachkater - die Stand Up Comedy Show,2026-09-02 20:00:00,639
Arts & Theatre,ev_336,post1,-0.0007943688362820423,0.09403011585145607,297.8030619033664,Lachkater - die Stand Up Comedy Show,2026-09-02 20:00:00,639
Arts & Theatre,ev_336,post2,-0.004280034814099092,0.09369289263882227,246.02256356198114,Lachkater - die Stand Up Comedy Show,2026-09-02 20:00:00,639
Music,ev_337,pre3,0.0013622547477415738,0.08800930779101006,-8.258182589783992,YEBBA - Jean Tour,2026-09-02 20:00:00,1888
Music,ev_337,pre2,0.0010113307703304882,0.08798354768198986,7.920455253015524,YEBBA - Jean Tour,2026-09-02 20:00:00,1888
Music,ev_337,pre1,0.0014542171924875073,0.08820099769748573,28.058399039495118,YEBBA - Jean Tour,2026-09-02 20:00:00,1888
Music,ev_337,during,0.0031716684801360324,0.08702765532081425,11.573529170294128,YEBBA - Jean Tour,2026-09-02 20:00:00,1888
Music,ev_337,post1,-0.0017437431708279619,0.08921060973940163,453.115430491788,YEBBA - Jean Tour,2026-09-02 20:00:00,1888
Music,ev_337,post2,0.0009112610211397197,0.0894562946845403,372.8949532416335,YEBBA - Jean Tour,2026-09-02 20:00:00,1888
Arts & Theatre,ev_338,pre3,-0.0035967333578376015,0.09305888979453503,129.17160480654402,Cirque du Soleil ALIZÉ,2026-09-03 18:30:00,609
Arts & Theatre,ev_338,pre2,-0.0020685826457543907,0.09298688256149006,148.27259641188982,Cirque du Soleil ALIZÉ,2026-09-03 18:30:00,609
Arts & Theatre,ev_338,pre1,-0.005272271536629624,0.09333410679451323,146.48158228210772,Cirque du Soleil ALIZÉ,2026-09-03 18:30:00,609
Arts & Theatre,ev_338,during,-0.009755397941503091,0.10312516006929563,108.55997118186735,Cirque du Soleil ALIZÉ,2026-09-03 18:30:00,609
Arts & Theatre,ev_338,post1,-0.004590997585369754,0.09403028436708,296.2956147813534,Cirque du Soleil ALIZÉ,2026-09-03 18:30:00,609
Arts & Theatre,ev_338,post2,-0.010043612611692898,0.09369306013698049,244.0339718037097,Cirque du Soleil ALIZÉ,2026-09-03 18:30:00,609
Arts & Theatre,ev_339,pre3,-0.003586676753547527,0.09305877104763159,129.17390950627677,Was Ihr wollt,2026-09-03 19:30:00,662
Arts & Theatre,ev_339,pre2,-0.003072728689193567,0.09298676346520995,148.0234195924044,Was Ihr wollt,2026-09-03 19:30:00,662
Arts & Theatre,ev_339,pre1,-0.00019903208735177067,0.09333398682374676,147.73521968139943,Was Ihr wollt,2026-09-03 19:30:00,662
Arts & Theatre,ev_339,during,-0.004109420445530885,0.10312483611596175,109.74082649012082,Was Ihr wollt,2026-09-03 19:30:00,662
Arts & Theatre,ev_339,post1,-0.0032724979561997336,0.0940301652302974,296.81847502225435,Was Ihr wollt,2026-09-03 19:30:00,662
Arts & Theatre,ev_339,post2,0.0008954224047366723,0.09369294105410982,247.81803071047142,Was Ihr wollt,2026-09-03 19:30:00,662
Arts & Theatre,ev_341,pre3,-0.0012744838147979234,0.09305872600909672,129.70441688293653,Lachkater - die Stand Up Comedy Show,2026-09-03 20:00:00,648
Arts & Theatre,ev_341,pre2,-0.004071586083985231,0.09298671873544463,147.77580325295645,Lachkater - die Stand Up Comedy Show,2026-09-03 20:00:00,648
Arts & Theatre,ev_341,pre1,-0.0030342009374569492,0.09333394144496115,147.0338432336291,Lachkater - die Stand Up Comedy Show,2026-09-03 20:00:00,648
Arts & Theatre,ev_341,during,-0.009880730056359692,0.10312471227707763,108.53383355758078,Lachkater - die Stand Up Comedy Show,2026-09-03 20:00:00,648
Arts & Theatre,ev_341,post1,-0.0030077735918562594,0.0940301178244813,296.9235364463601,Lachkater - die Stand Up Comedy Show,2026-09-03 20:00:00,648
Arts & Theatre,ev_341,post2,-0.0012331960710930722,0.09369289440416123,247.07844624990375,Lachkater - die Stand Up Comedy Show,2026-09-03 20:00:00,648
Arts & Theatre,ev_344,pre3,-0.0015796499751577955,0.0930588654901664,129.63432956270174,Lachkater - die Stand Up Comedy Show,2026-09-04 19:00:00,676
Arts & Theatre,ev_344,pre2,-0.0015165880850800755,0.09298685745912802,148.4096793657154,Lachkater - die Stand Up Comedy Show,2026-09-04 19:00:00,676
Arts & Theatre,ev_344,pre1,-0.007256485938710586,0.09333765014841164,145.99299486808937,Lachkater - die Stand Up Comedy Show,2026-09-04 19:00:00,676
Arts & Theatre,ev_344,during,-0.01695383408799004,0.10313478919681554,107.06405613063046,Lachkater - die Stand Up Comedy Show,2026-09-04 19:00:00,676
Arts & Theatre,ev_344,post1,-0.007996350573320784,0.09403254343884293,294.94838352635804,Lachkater - die Stand Up Comedy Show,2026-09-04 19:00:00,676
Arts & Theatre,ev_344,post2,-0.00877860753343535,0.09369528309628275,244.46945190933448,Lachkater - die Stand Up Comedy Show,2026-09-04 19:00:00,676
Arts & Theatre,ev_346,pre3,-0.004072481239505603,0.0930602758231482,129.06260283180404,Romeo & Julia,2026-09-04 19:30:00,545
Arts & Theatre,ev_346,pre2,-0.002864803845802598,0.09298826548626532,148.07499518481814,Romeo & Julia,2026-09-04 19:30:00,545
Arts & Theatre,ev_346,pre1,-0.002492937069489173,0.09333550509105791,147.16758991999583,Romeo & Julia,2026-09-04 19:30:00,545
Arts & Theatre,ev_346,during,-0.0051022217428513955,0.10312895702025114,109.53269885726749,Romeo & Julia,2026-09-04 19:30:00,545
Arts & Theatre,ev_346,post1,-0.0016768356283374721,0.09403171106686496,297.45216876000353,Romeo & Julia,2026-09-04 19:30:00,545
Arts & Theatre,ev_346,post2,-0.0014706123935442213,0.0936944742386666,246.9960539426194,Romeo & Julia,2026-09-04 19:30:00,545
Music,ev_347,pre3,-0.004587239054412457,0.08800946496488755,-8.802379510540636,Alex Spencer - These Will Be The Days European Tour 2026,2026-09-04 20:00:00,1942
Music,ev_347,pre2,-0.0016143255458227073,0.08798370429988087,7.63746490831092,Alex Spencer - These Will Be The Days European Tour 2026,2026-09-04 20:00:00,1942
Music,ev_347,pre1,6.485742232799693e-05,0.08820115552626279,27.880603391299275,Alex Spencer - These Will Be The Days European Tour 2026,2026-09-04 20:00:00,1942
Music,ev_347,during,-0.0006275767285331159,0.08702811864336094,11.150438196274637,Alex Spencer - These Will Be The Days European Tour 2026,2026-09-04 20:00:00,1942
Music,ev_347,post1,0.006961013082009294,0.08921077626487739,457.95118197807267,Alex Spencer - These Will Be The Days European Tour 2026,2026-09-04 20:00:00,1942
Music,ev_347,post2,0.00489313525095076,0.08945645788944157,374.7817154012301,Alex Spencer - These Will Be The Days European Tour 2026,2026-09-04 20:00:00,1942
Arts & Theatre,ev_348,pre3,0.0188031963806384,0.09306081805686285,134.36295856738124,Cirque du Soleil ALIZÉ,2026-09-04 20:00:00,779
Arts & Theatre,ev_348,pre2,0.02134123783613347,0.09298880317141195,154.15317643207916,Cirque du Soleil ALIZÉ,2026-09-04 20:00:00,779
Arts & Theatre,ev_348,pre1,0.024129511988280977,0.0933360511876506,153.83616959167279,Cirque du Soleil ALIZÉ,2026-09-04 20:00:00,779
Arts & Theatre,ev_348,during,0.04329536470093542,0.10313044974024642,119.92297998764761,Cirque du Soleil ALIZÉ,2026-09-04 20:00:00,779
Arts & Theatre,ev_348,post1,0.013114286450474319,0.09403228598136053,303.3746242149377,Cirque du Soleil ALIZÉ,2026-09-04 20:00:00,779
Arts & Theatre,ev_348,post2,0.011174188288988956,0.09369503866783935,251.41160794872147,Cirque du Soleil ALIZÉ,2026-09-04 20:00:00,779
Arts & Theatre,ev_349,pre3,-0.007213600632489994,0.09306241347566403,128.34421870366901,Lachkater - die Stand Up Comedy Show,2026-09-04 21:00:00,525
Arts & Theatre,ev_349,pre2,-0.007169170416436316,0.09299014323394068,147.0094842883864,Lachkater - die Stand Up Comedy Show,2026-09-04 21:00:00,525
Arts & Theatre,ev_349,pre1,-0.006591369549491397,0.09333741660548964,146.1566632638418,Lachkater - die Stand Up Comedy Show,2026-09-04 21:00:00,525
Arts & Theatre,ev_349,during,-0.02035923981499307,0.10313481421830294,106.36011828529637,Lachkater - die Stand Up Comedy Show,2026-09-04 21:00:00,525
Arts & Theatre,ev_349,post1,-0.004048467587210073,0.09403251735818119,296.5106753736477,Lachkater - die Stand Up Comedy Show,2026-09-04 21:00:00,525
Arts & Theatre,ev_349,post2,-0.008449335700824387,0.09369527306902078,244.5828946727715,Lachkater - die Stand Up Comedy Show,2026-09-04 21:00:00,525
Arts & Theatre,ev_351,pre3,-0.008457035064863158,0.09305872476794272,128.06046409138725,Cirque du Soleil ALIZÉ,2026-09-05 16:00:00,647
Arts & Theatre,ev_351,pre2,-0.0014181339167712555,0.09298671751075006,148.43413753808196,Cirque du Soleil ALIZÉ,2026-09-05 16:00:00,647
Arts & Theatre,ev_351,pre1,-0.002825525490076653,0.09333394019666319,147.08539851035712,Cirque du Soleil ALIZÉ,2026-09-05 16:00:00,647
Arts & Theatre,ev_351,during,0.01782609120955952,0.10312867463711126,114.39242997043722,Cirque du Soleil ALIZÉ,2026-09-05 16:00:00,647
Arts & Theatre,ev_351,post1,0.019256803652458805,0.0940331224216857,305.85998515469345,Cirque du Soleil ALIZÉ,2026-09-05 16:00:00,647
Arts & Theatre,ev_351,post2,0.015188805428603258,0.0936958737145288,252.82522668342747,Cirque du Soleil ALIZÉ,2026-09-05 16:00:00,647
Arts & Theatre,ev_353,pre3,-0.00250097252445995,0.09305893027666849,129.42285970771331,A night with Sinatra in Berlin,2026-09-05 19:30:00,683
Arts & Theatre,ev_353,pre2,-0.0067790232987910495,0.09298692197162478,147.10587312840394,A night with Sinatra in Berlin,2026-09-05 19:30:00,683
Arts & Theatre,ev_353,pre1,0.0012532658999026332,0.09333414735934145,148.09526642661314,A night with Sinatra in Berlin,2026-09-05 19:30:00,683
Arts & Theatre,ev_353,during,-0.006928163847002175,0.10312527312430868,109.150453365499,A night with Sinatra in Berlin,2026-09-05 19:30:00,683
Arts & Theatre,ev_353,post1,-0.008900892240321584,0.09403033097273966,294.5912977809587,A night with Sinatra in Berlin,2026-09-05 19:30:00,683
Arts & Theatre,ev_353,post2,-0.0011446540986612133,0.09369310473922003,247.10917862065557,A night with Sinatra in Berlin,2026-09-05 19:30:00,683
Arts & Theatre,ev_354,pre3,-0.003976583825037679,0.09305923553116288,129.08457039646643,Jeder stirbt für sich allein,2026-09-05 19:30:00,707
Arts & Theatre,ev_354,pre2,-0.0012221523289204967,0.09298722605162531,148.48283082617107,Jeder stirbt für sich allein,2026-09-05 19:30:00,707
Arts & Theatre,ev_354,pre1,-0.0009937826899840164,0.09333445517781767,147.53841018385697,Jeder stirbt für sich allein,2026-09-05 19:30:00,707
Arts & Theatre,ev_354,during,-0.009663068916743983,0.10312611043732604,108.57922820958797,Jeder stirbt für sich allein,2026-09-05 19:30:00,707
Arts & Theatre,ev_354,post1,-0.0028570943084719647,0.09403064765356928,296.9833491065414,Jeder stirbt für sich allein,2026-09-05 19:30:00,707
Arts & Theatre,ev_354,post2,-0.0007017415735357058,0.09369341782734614,247.26295167494476,Jeder stirbt für sich allein,2026-09-05 19:30:00,707
Arts & Theatre,ev_355,pre3,0.017208051240349034,0.09306150046728029,133.98941364135212,Cirque du Soleil ALIZÉ,2026-09-05 20:00:00,767
Arts & Theatre,ev_355,pre2,0.018830273051072422,0.09298964044173855,153.5158072966552,Cirque du Soleil ALIZÉ,2026-09-05 20:00:00,767
Arts & Theatre,ev_355,pre1,0.015072223487311288,0.09333689306725011,151.54748246740226,Cirque du Soleil ALIZÉ,2026-09-05 20:00:00,767
Arts & Theatre,ev_355,during,-0.007469435565227468,0.10312955802656062,109.03727677264582,Cirque du Soleil ALIZÉ,2026-09-05 20:00:00,767
Arts & Theatre,ev_355,post1,-0.007398401021108691,0.09403194946068302,295.1846133551561,Cirque du Soleil ALIZÉ,2026-09-05 20:00:00,767
Arts & Theatre,ev_355,post2,0.003209071312079492,0.09369470567997036,248.62369116550488,Cirque du Soleil ALIZÉ,2026-09-05 20:00:00,767
Arts & Theatre,ev_357,pre3,0.016096407379360186,0.09305894451497028,133.72944526903524,Cirque du Soleil ALIZÉ,2026-09-06 17:00:00,604
Arts & Theatre,ev_357,pre2,0.016114741121936695,0.09298693719151324,152.82831090906933,Cirque du Soleil ALIZÉ,2026-09-06 17:00:00,604
Arts & Theatre,ev_357,pre1,0.017607971727306715,0.09333416200831252,152.18615296491734,Cirque du Soleil ALIZÉ,2026-09-06 17:00:00,604
Arts & Theatre,ev_357,during,-0.004920037775598306,0.10312530990400973,109.5708758331254,Cirque du Soleil ALIZÉ,2026-09-06 17:00:00,604
Arts & Theatre,ev_357,post1,-0.0028105576466447096,0.09403034053163574,297.0018238162823,Cirque du Soleil ALIZÉ,2026-09-06 17:00:00,604
Arts & Theatre,ev_357,post2,-0.0067097629444076755,0.09369311585770347,245.18284336457845,Cirque du Soleil ALIZÉ,2026-09-06 17:00:00,604
Arts & Theatre,ev_358,pre3,-0.00882893994882014,0.09306045390286063,127.97566306089027,Lachkater - die Stand Up Comedy Show,2026-09-06 19:00:00,540
Arts & Theatre,ev_358,pre2,-0.006046600523390385,0.0929890497200064,147.2869253931259,Lachkater - die Stand Up Comedy Show,2026-09-06 19:00:00,540
Arts & Theatre,ev_358,pre1,-0.002943013292541125,0.09333629931677015,147.05637069510558,Lachkater - die Stand Up Comedy Show,2026-09-06 19:00:00,540
Arts & Theatre,ev_358,during,-0.0018038171422824166,0.10313051550745857,110.22496353201916,Lachkater - die Stand Up Comedy Show,2026-09-06 19:00:00,540
Arts & Theatre,ev_358,post1,-0.004959695044418359,0.09403209935427531,296.14952852762156,Lachkater - die Stand Up Comedy Show,2026-09-06 19:00:00,540
Arts & Theatre,ev_358,post2,-0.008325364473459397,0.0936948590714685,244.62561568518652,Lachkater - die Stand Up Comedy Show,2026-09-06 19:00:00,540
Music,ev_359,pre3,-0.0005189231645912121,0.08801156484806483,-8.430603042712292,Foy Vance - The Wake World Tour,2026-09-06 19:00:00,2203
Music,ev_359,pre2,0.0014628970266915894,0.08798581023540955,7.96919949377779,Foy Vance - The Wake World Tour,2026-09-06 19:00:00,2203
Music,ev_359,pre1,-0.0017591329904804384,0.08820327743463027,27.647562993064767,Foy Vance - The Wake World Tour,2026-09-06 19:00:00,2203
Music,ev_359,during,0.0011635882780080228,0.08703440536464986,11.34970537856017,Foy Vance - The Wake World Tour,2026-09-06 19:00:00,2203
Music,ev_359,post1,-0.002033936955817131,0.08921304202180305,452.9549431188231,Foy Vance - The Wake World Tour,2026-09-06 19:00:00,2203
Music,ev_359,post2,0.002013928587879315,0.08945872786241152,373.416686765502,Foy Vance - The Wake World Tour,2026-09-06 19:00:00,2203
Music,ev_360,pre3,-0.001408924560120086,0.08801109215528707,-8.512063678375203,Kalimba: Íntimo Tour Deluxe | Berlín,2026-09-06 20:00:00,2135
Music,ev_360,pre2,-0.0012171601229073296,0.0879853344875799,7.680223278093723,Kalimba: Íntimo Tour Deluxe | Berlín,2026-09-06 20:00:00,2135
Music,ev_360,pre1,-0.0014683400671994047,0.08820266266739221,27.684687398552832,Kalimba: Íntimo Tour Deluxe | Berlín,2026-09-06 20:00:00,2135
Music,ev_360,during,-0.009563807756812598,0.08703278024492951,10.16159703859394,Kalimba: Íntimo Tour Deluxe | Berlín,2026-09-06 20:00:00,2135
Music,ev_360,post1,0.005834259800458669,0.08921224644417147,457.322862699713,Kalimba: Íntimo Tour Deluxe | Berlín,2026-09-06 20:00:00,2135
Music,ev_360,post2,0.0020067184544905843,0.08945792832592966,373.4132733803474,Kalimba: Íntimo Tour Deluxe | Berlín,2026-09-06 20:00:00,2135
Music,ev_361,pre3,0.0006054826406217046,0.08800926402150848,-8.327583974428276,Khamari - To Dry a Tear Tour,2026-09-06 20:00:00,1840
Music,ev_361,pre2,0.0003907294820915918,0.0879835050299385,7.853500457723239,Khamari - To Dry a Tear Tour,2026-09-06 20:00:00,1840
Music,ev_361,pre1,0.00013017707910995544,0.08820095469360587,27.888956781239173,Khamari - To Dry a Tear Tour,2026-09-06 20:00:00,1840
Music,ev_361,during,-0.004842975361612619,0.08702753320594586,10.68288095347496,Khamari - To Dry a Tear Tour,2026-09-06 20:00:00,1840
Music,ev_361,post1,0.00016664491207808938,0.08921056628882856,454.17310558194225,Khamari - To Dry a Tear Tour,2026-09-06 20:00:00,1840
Music,ev_361,post2,0.007318061973898539,0.08945625562765701,375.93442332174095,Khamari - To Dry a Tear Tour,2026-09-06 20:00:00,1840
Arts & Theatre,ev_363,pre3,-0.0021658378067363304,0.09306041504886926,129.49976015832644,Lachkater - die Stand Up Comedy Show,2026-09-09 20:00:00,764
Arts & Theatre,ev_363,pre2,-0.0027517132352724493,0.0929884014963639,148.10305172391654,Lachkater - die Stand Up Comedy Show,2026-09-09 20:00:00,764
Arts & Theatre,ev_363,pre1,-0.004629198312508567,0.09333564473350472,146.64013896422654,Lachkater - die Stand Up Comedy Show,2026-09-09 20:00:00,764
Arts & Theatre,ev_363,during,-0.004391941780182078,0.10312934479423298,109.68157860168036,Lachkater - die Stand Up Comedy Show,2026-09-09 20:00:00,764
Arts & Theatre,ev_363,post1,0.00013824016417736236,0.09403186898270992,298.1742296696054,Lachkater - die Stand Up Comedy Show,2026-09-09 20:00:00,764
Arts & Theatre,ev_363,post2,-0.004008411104235491,0.09369462604963787,246.11656426022353,Lachkater - die Stand Up Comedy Show,2026-09-09 20:00:00,764
Arts & Theatre,ev_364,pre3,-0.002432478796466552,0.093062121365638,129.43857427282998,Cirque du Soleil ALIZÉ,2026-09-10 18:30:00,821
Arts & Theatre,ev_364,pre2,-0.00347872270502241,0.09299010225580719,147.9227440064901,Cirque du Soleil ALIZÉ,2026-09-10 18:30:00,821
Arts & Theatre,ev_364,pre1,-0.001910156637207804,0.09333736566528289,147.31167633618924,Cirque du Soleil ALIZÉ,2026-09-10 18:30:00,821
Arts & Theatre,ev_364,during,-0.00220962751031984,0.10313402284560493,110.13966936999573,Cirque du Soleil ALIZÉ,2026-09-10 18:30:00,821
Arts & Theatre,ev_364,post1,-0.002636432329759807,0.09403363410105252,297.07095790348086,Cirque du Soleil ALIZÉ,2026-09-10 18:30:00,821
Arts & Theatre,ev_364,post2,-0.00799514128698302,0.09369637276523636,244.73943784646352,Cirque du Soleil ALIZÉ,2026-09-10 18:30:00,821
Music,ev_365,pre3,0.002328924218853497,0.08800945209510168,-8.169455697789562,Jacob Collier - The Light For Days Tour,2026-09-10 19:00:00,1750
Music,ev_365,pre2,0.0007654489773141218,0.08798369695002213,7.893922840027079,Jacob Collier - The Light For Days Tour,2026-09-10 19:00:00,1750
Music,ev_365,pre1,-0.0035188798852901384,0.08820114799409733,27.42313311826152,Jacob Collier - The Light For Days Tour,2026-09-10 19:00:00,1750
Music,ev_365,during,0.0028924250693486233,0.08702812000607602,11.54237734712813,Jacob Collier - The Light For Days Tour,2026-09-10 19:00:00,1750
Music,ev_365,post1,-0.002694908623975628,0.08921077925325192,452.58957632950336,Jacob Collier - The Light For Days Tour,2026-09-10 19:00:00,1750
Music,ev_365,post2,0.0011767118724426903,0.08945648087774682,373.02050027209424,Jacob Collier - The Light For Days Tour,2026-09-10 19:00:00,1750
Arts & Theatre,ev_367,pre3,-0.002845554744748269,0.09306009504822116,129.3438182882463,Lachkater - die Stand Up Comedy Show,2026-09-10 20:00:00,751
Arts & Theatre,ev_367,pre2,-0.0018992851993145463,0.09298808256846305,148.31463188663218,Lachkater - die Stand Up Comedy Show,2026-09-10 20:00:00,751
Arts & Theatre,ev_367,pre1,-0.007315981629169732,0.0933353220005282,145.97835978037824,Lachkater - die Stand Up Comedy Show,2026-09-10 20:00:00,751
Arts & Theatre,ev_367,during,0.00048796262247920055,0.10312846739684417,110.70730534898235,Lachkater - die Stand Up Comedy Show,2026-09-10 20:00:00,751
Arts & Theatre,ev_367,post1,-0.010643367679885647,0.09403153780087792,293.9043308212525,Lachkater - die Stand Up Comedy Show,2026-09-10 20:00:00,751
Arts & Theatre,ev_367,post2,-0.0026139872576170634,0.09369429836993089,246.5995341052143,Lachkater - die Stand Up Comedy Show,2026-09-10 20:00:00,751
Arts & Theatre,ev_368,pre3,-0.0007143232392299473,0.09305872303536894,129.83312428634926,Cirque du Soleil ALIZÉ,2026-09-11 16:00:00,641
Arts & Theatre,ev_368,pre2,-0.003177093111767978,0.0929867158607474,147.99753612211393,Cirque du Soleil ALIZÉ,2026-09-11 16:00:00,641
Arts & Theatre,ev_368,pre1,-0.007649213629114932,0.09333393847085554,145.89640557524555,Cirque du Soleil ALIZÉ,2026-09-11 16:00:00,641
Arts & Theatre,ev_368,during,0.01754807714967035,0.10312653363832465,114.33283414519417,Cirque du Soleil ALIZÉ,2026-09-11 16:00:00,641
Arts & Theatre,ev_368,post1,0.014534983949596686,0.09403151204310782,303.9481048095341,Cirque du Soleil ALIZÉ,2026-09-11 16:00:00,641
Arts & Theatre,ev_368,post2,0.017946664152952048,0.09369427909403343,253.7996118036788,Cirque du Soleil ALIZÉ,2026-09-11 16:00:00,641
Music,ev_370,pre3,0.0019813285320487983,0.08801260019139641,-8.201370051938683,zeyne - AWDA EU Tour 2026,2026-09-11 20:00:00,2285
Music,ev_370,pre2,0.0013761156556352256,0.08798684994106705,7.959830185160466,zeyne - AWDA EU Tour 2026,2026-09-11 20:00:00,2285
Music,ev_370,pre1,0.00020168860829706777,0.08820432499463289,27.89810264311814,zeyne - AWDA EU Tour 2026,2026-09-11 20:00:00,2285
Music,ev_370,during,-0.0025099753217534197,0.08703751480243559,10.941405570862429,zeyne - AWDA EU Tour 2026,2026-09-11 20:00:00,2285
Music,ev_370,post1,0.002413668444926019,0.0892141633329528,455.4197456817412,zeyne - AWDA EU Tour 2026,2026-09-11 20:00:00,2285
Music,ev_370,post2,0.003031676475361155,0.08945985621918666,373.89875086660584,zeyne - AWDA EU Tour 2026,2026-09-11 20:00:00,2285
Arts & Theatre,ev_371,pre3,0.015690734300243796,0.09305997363228988,133.63464675519538,Cirque du Soleil ALIZÉ,2026-09-11 20:00:00,600
Arts & Theatre,ev_371,pre2,0.01421303979120714,0.09298808333271436,152.34796385684496,Cirque du Soleil ALIZÉ,2026-09-11 20:00:00,600
Arts & Theatre,ev_371,pre1,0.017808914218864023,0.09333531679274615,152.23683297054316,Cirque du Soleil ALIZÉ,2026-09-11 20:00:00,600
Arts & Theatre,ev_371,during,0.05151709765354273,0.10312544608814084,121.73858146709713,Cirque du Soleil ALIZÉ,2026-09-11 20:00:00,600
Arts & Theatre,ev_371,post1,0.014358227352504475,0.09403039160907238,303.87671062700826,Cirque du Soleil ALIZÉ,2026-09-11 20:00:00,600
Arts & Theatre,ev_371,post2,0.008671827493256448,0.09369316652003283,250.53334863695142,Cirque du Soleil ALIZÉ,2026-09-11 20:00:00,600
Arts & Theatre,ev_372,pre3,-0.006359970618795726,0.09305886085468944,128.539223401298,Lachkater - die Stand Up Comedy Show,2026-09-11 21:00:00,612
Arts & Theatre,ev_372,pre2,-0.0025772841793480134,0.0929868536648501,148.14633187954928,Lachkater - die Stand Up Comedy Show,2026-09-11 21:00:00,612
Arts & Theatre,ev_372,pre1,-0.003284295806886016,0.09333407759244879,146.97206906188472,Lachkater - die Stand Up Comedy Show,2026-09-11 21:00:00,612
Arts & Theatre,ev_372,during,-0.009685532468782768,0.10312508083669751,108.57454283186615,Lachkater - die Stand Up Comedy Show,2026-09-11 21:00:00,612
Arts & Theatre,ev_372,post1,-0.0004388295303746574,0.094030254686675,297.9445216736476,Lachkater - die Stand Up Comedy Show,2026-09-11 21:00:00,612
Arts & Theatre,ev_372,post2,-0.006425370971486545,0.09369303068362028,245.28102455473092,Lachkater - die Stand Up Comedy Show,2026-09-11 21:00:00,612
Arts & Theatre,ev_375,pre3,-0.00498601139373614,0.09305959598862527,128.85344278846,Cirque du Soleil ALIZÉ,2026-09-12 16:00:00,568
Arts & Theatre,ev_375,pre2,-0.004564303233192638,0.09298758728337042,147.6537499368853,Cirque du Soleil ALIZÉ,2026-09-12 16:00:00,568
Arts & Theatre,ev_375,pre1,-0.006062660110784851,0.09333481926991836,146.28684302571187,Cirque du Soleil ALIZÉ,2026-09-12 16:00:00,568
Arts & Theatre,ev_375,during,0.01871621003871797,0.10312862985876076,114.58334966718576,Cirque du Soleil ALIZÉ,2026-09-12 16:00:00,568
Arts & Theatre,ev_375,post1,0.017109453603538462,0.09403218057478988,304.9893967592652,Cirque du Soleil ALIZÉ,2026-09-12 16:00:00,568
Arts & Theatre,ev_375,post2,0.013671509373564062,0.09369494284428641,252.2902922884126,Cirque du Soleil ALIZÉ,2026-09-12 16:00:00,568
Arts & Theatre,ev_376,pre3,-0.004136491062002628,0.09305872921583051,129.04794104451028,A night with Sinatra in Berlin,2026-09-12 19:30:00,636
Arts & Theatre,ev_376,pre2,-0.0019971300105535365,0.092986722088418,148.29033677694196,A night with Sinatra in Berlin,2026-09-12 19:30:00,636
Arts & Theatre,ev_376,pre1,-0.0016701958167159863,0.09333394472316793,147.37102856978063,A night with Sinatra in Berlin,2026-09-12 19:30:00,636
Arts & Theatre,ev_376,during,-0.0019079800398503306,0.10312472072493023,110.20306703109783,A night with Sinatra in Berlin,2026-09-12 19:30:00,636
Arts & Theatre,ev_376,post1,-0.003335495699822248,0.09403012035368767,296.7934771411136,A night with Sinatra in Berlin,2026-09-12 19:30:00,636
Arts & Theatre,ev_376,post2,-0.00013397557791737942,0.09369289715990493,247.4601717525728,A night with Sinatra in Berlin,2026-09-12 19:30:00,636
Arts & Theatre,ev_377,pre3,0.01912970422296566,0.09306017901992922,134.4394924050737,Cirque du Soleil ALIZÉ,2026-09-12 20:00:00,629
Arts & Theatre,ev_377,pre2,0.016730485958304262,0.09298872975003115,152.98403657471624,Cirque du Soleil ALIZÉ,2026-09-12 20:00:00,629
Arts & Theatre,ev_377,pre1,0.013566573464637351,0.09333597290657622,151.1690249784814,Cirque du Soleil ALIZÉ,2026-09-12 20:00:00,629
Arts & Theatre,ev_377,during,-0.0055361193564157285,0.10312477706670778,109.44180284047805,Cirque du Soleil ALIZÉ,2026-09-12 20:00:00,629
Arts & Theatre,ev_377,post1,-0.007166781594704544,0.0940301411943567,295.2761563897885,Cirque du Soleil ALIZÉ,2026-09-12 20:00:00,629
Arts & Theatre,ev_377,post2,0.002510167226713327,0.09369291794364135,248.38012176923155,Cirque du Soleil ALIZÉ,2026-09-12 20:00:00,629
Music,ev_378,pre3,0.0013302923395233468,0.08801025875651505,-8.26111483234172,Ásgeir - EU Tour 2026,2026-09-12 20:00:00,2072
Music,ev_378,pre2,-8.972853575228113e-05,0.08798449945830718,7.801693825128386,Ásgeir - EU Tour 2026,2026-09-12 20:00:00,2072
Music,ev_378,pre1,0.0005254015997988364,0.08820195673671673,27.939511622482826,Ásgeir - EU Tour 2026,2026-09-12 20:00:00,2072
Music,ev_378,during,-0.0015174142286714458,0.08703048855437416,11.051576360218629,Ásgeir - EU Tour 2026,2026-09-12 20:00:00,2072
Music,ev_378,post1,0.0029817311956996106,0.0892116299629177,455.7353485829463,Ásgeir - EU Tour 2026,2026-09-12 20:00:00,2072
Music,ev_378,post2,0.0015492828916680238,0.08945730986181509,373.1967668358629,Ásgeir - EU Tour 2026,2026-09-12 20:00:00,2072
Arts & Theatre,ev_380,pre3,0.0006632008659986273,0.09305874912550749,130.14994311792353,Cirque du Soleil ALIZÉ,2026-09-13 13:00:00,657
Arts & Theatre,ev_380,pre2,-0.006171403164079175,0.09298674166988759,147.2560652575823,Cirque du Soleil ALIZÉ,2026-09-13 13:00:00,657
Arts & Theatre,ev_380,pre1,-0.0010753793479727123,0.09333396472941091,147.5182127008969,Cirque du Soleil ALIZÉ,2026-09-13 13:00:00,657
Arts & Theatre,ev_380,during,0.017091305548136374,0.10312477589003485,114.23495534910937,Cirque du Soleil ALIZÉ,2026-09-13 13:00:00,657
Arts & Theatre,ev_380,post1,0.01763015859371081,0.0940301422740576,305.20033167178946,Cirque du Soleil ALIZÉ,2026-09-13 13:00:00,657
Arts & Theatre,ev_380,post2,0.020188328044426326,0.09369291842663584,254.59360121448617,Cirque du Soleil ALIZÉ,2026-09-13 13:00:00,657
Arts & Theatre,ev_382,pre3,-0.0059170217554560455,0.09305921156956203,128.6404770139629,Friendly Fire - LIVE 2026,2026-09-13 19:00:00,586
Arts & Theatre,ev_382,pre2,-0.005732632325062187,0.09298720372181131,147.364577813119,Friendly Fire - LIVE 2026,2026-09-13 19:00:00,586
Arts & Theatre,ev_382,pre1,-0.006377071066293124,0.09333443144736182,146.20941991604175,Friendly Fire - LIVE 2026,2026-09-13 19:00:00,586
Arts & Theatre,ev_382,during,-0.008172377091381302,0.10312604132961019,108.89038742364833,Friendly Fire - LIVE 2026,2026-09-13 19:00:00,586
Arts & Theatre,ev_382,post1,-0.0057889633432485245,0.0940306150517256,295.8211504575972,Friendly Fire - LIVE 2026,2026-09-13 19:00:00,586
Arts & Theatre,ev_382,post2,0.00034455082799956914,0.09369338807333118,247.62648040812886,Friendly Fire - LIVE 2026,2026-09-13 19:00:00,586
Arts & Theatre,ev_383,pre3,-0.00538407803369639,0.0930587661546473,128.76236199676092,Lachkater - die Stand Up Comedy Show,2026-09-13 19:00:00,661
Arts & Theatre,ev_383,pre2,-0.006199095075683988,0.09298675859902535,147.24921835928168,Lachkater - die Stand Up Comedy Show,2026-09-13 19:00:00,661
Arts & Theatre,ev_383,pre1,-0.00231194056490346,0.09333398189190313,147.2123304386348,Lachkater - die Stand Up Comedy Show,2026-09-13 19:00:00,661
Arts & Theatre,ev_383,during,-0.0010872451432115985,0.10312482267692775,110.3756588399627,Lachkater - die Stand Up Comedy Show,2026-09-13 19:00:00,661
Arts & Theatre,ev_383,post1,-0.0031329353656442617,0.09403016011405424,296.87385990134743,Lachkater - die Stand Up Comedy Show,2026-09-13 19:00:00,661
Arts & Theatre,ev_383,post2,-0.006265916729436308,0.0936929360087431,245.3360854685271,Lachkater - die Stand Up Comedy Show,2026-09-13 19:00:00,661
Music,ev_384,pre3,-0.00021139214617721356,0.0880118030327167,-8.402438282263702,10 Years of 6LACK Tour,2026-09-13 20:00:00,2223
Music,ev_384,pre2,0.0007558287134667486,0.08798604938975199,7.892884877014583,10 Years of 6LACK Tour,2026-09-13 20:00:00,2223
Music,ev_384,pre1,-0.004667582179495462,0.0882035183964149,27.276845909225766,10 Years of 6LACK Tour,2026-09-13 20:00:00,2223
Music,ev_384,during,-0.0018649297371287421,0.08703512046594075,11.012990920102549,10 Years of 6LACK Tour,2026-09-13 20:00:00,2223
Music,ev_384,post1,-0.0022587177600385017,0.08921329988086305,452.83066343037797,10 Years of 6LACK Tour,2026-09-13 20:00:00,2223
Music,ev_384,post2,0.005381299335630852,0.08945898722024229,375.01354336319037,10 Years of 6LACK Tour,2026-09-13 20:00:00,2223
Music,ev_386,pre3,-0.004301104333487928,0.08801369564577516,-8.776280971181837,RAWAYANA - ¿Dónde Es El After? World Tour,2026-09-14 20:00:00,1863
Music,ev_386,pre2,0.0006213986523313797,0.08798351364215197,7.878381804750778,RAWAYANA - ¿Dónde Es El After? World Tour,2026-09-14 20:00:00,1863
Music,ev_386,pre1,-0.0018447059292245372,0.08820096338567773,27.6366402833268,RAWAYANA - ¿Dónde Es El After? World Tour,2026-09-14 20:00:00,1863
Music,ev_386,during,-0.0013554882834349018,0.08702755623940674,11.06955994765617,RAWAYANA - ¿Dónde Es El After? World Tour,2026-09-14 20:00:00,1863
Music,ev_386,post1,0.002362551300100316,0.08921057430310088,455.39135493579516,RAWAYANA - ¿Dónde Es El After? World Tour,2026-09-14 20:00:00,1863
Music,ev_386,post2,0.000302099196108288,0.08945626136025103,372.60697141154265,RAWAYANA - ¿Dónde Es El After? World Tour,2026-09-14 20:00:00,1863
Music,ev_387,pre3,-3.1184474344105185e-05,0.0880108393971405,-8.385930211525139,Apache 207 | Box seat in the Ticketmaster Suite,2026-09-15 20:00:00,2136
Music,ev_387,pre2,0.0011483637141589459,0.08798508201168219,7.935244924011098,Apache 207 | Box seat in the Ticketmaster Suite,2026-09-15 20:00:00,2136
Music,ev_387,pre1,-0.0007986742896015261,0.08820254370312151,27.7702221006618,Apache 207 | Box seat in the Ticketmaster Suite,2026-09-15 20:00:00,2136
Music,ev_387,during,0.002482480124560864,0.08703222861739249,11.496660484743625,Apache 207 | Box seat in the Ticketmaster Suite,2026-09-15 20:00:00,2136
Music,ev_387,post1,0.004693422643479462,0.08921225719582603,456.6874106121082,Apache 207 | Box seat in the Ticketmaster Suite,2026-09-15 20:00:00,2136
Music,ev_387,post2,0.002888308743086567,0.08945793912254127,373.8308139474638,Apache 207 | Box seat in the Ticketmaster Suite,2026-09-15 20:00:00,2136
Music,ev_388,pre3,0.0013759879277499775,0.08801352494389295,-8.256922674239897,Drug Church,2026-09-15 20:00:00,1906
Music,ev_388,pre2,0.0013057696407875866,0.0879877710556807,7.9522359084599925,Drug Church,2026-09-15 20:00:00,1906
Music,ev_388,pre1,0.00022897450719175881,0.08820525519292279,27.901592505427473,Drug Church,2026-09-15 20:00:00,1906
Music,ev_388,during,-0.004190860593688141,0.087042522386454,10.755082433968322,Drug Church,2026-09-15 20:00:00,1906
Music,ev_388,post1,0.0001406553803845245,0.08921510371591321,454.158703069609,Drug Church,2026-09-15 20:00:00,1906
Music,ev_388,post2,0.0013111155407224129,0.08946094685302343,373.08408023509674,Drug Church,2026-09-15 20:00:00,1906
Music,ev_389,pre3,0.0013759879277499777,0.08801352494389289,-8.256922674239897,GANS - The Evolution Tour,2026-09-15 20:00:00,1758
Music,ev_389,pre2,0.0013057696407875873,0.08798777105568073,7.9522359084599925,GANS - The Evolution Tour,2026-09-15 20:00:00,1758
Music,ev_389,pre1,0.00022897450719175833,0.0882052551929227,27.901592505427473,GANS - The Evolution Tour,2026-09-15 20:00:00,1758
Music,ev_389,during,-0.004190860593688144,0.08704252238645394,10.755082433968322,GANS - The Evolution Tour,2026-09-15 20:00:00,1758
Music,ev_389,post1,0.00014065538038452455,0.0892151037159133,454.158703069609,GANS - The Evolution Tour,2026-09-15 20:00:00,1758
Music,ev_389,post2,0.0013111155407224135,0.0894609468530234,373.08408023509674,GANS - The Evolution Tour,2026-09-15 20:00:00,1758
Arts & Theatre,ev_390,pre3,-0.006954994561043489,0.09305884909166066,128.4032775411633,Lachkater - die Stand Up Comedy Show,2026-09-16 20:00:00,674
Arts & Theatre,ev_390,pre2,-0.0018035292804393357,0.09298684113293566,148.33841062083778,Lachkater - die Stand Up Comedy Show,2026-09-16 20:00:00,674
Arts & Theatre,ev_390,pre1,-0.004049342842041883,0.09333406550195547,146.783196070256,Lachkater - die Stand Up Comedy Show,2026-09-16 20:00:00,674
Arts & Theatre,ev_390,during,-0.006556497448096891,0.1031250503586017,109.22820200871487,Lachkater - die Stand Up Comedy Show,2026-09-16 20:00:00,674
Arts & Theatre,ev_390,post1,-0.002798606964330981,0.09403024657803798,297.0065682873065,Lachkater - die Stand Up Comedy Show,2026-09-16 20:00:00,674
Arts & Theatre,ev_390,post2,0.003670499604143228,0.09369302135661188,248.7845931193943,Lachkater - die Stand Up Comedy Show,2026-09-16 20:00:00,674
Music,ev_391,pre3,0.00072521562557265,0.08802135156070845,-8.316607105286334,Apache 207 | Box seat in the Ticketmaster Suite,2026-09-16 20:00:00,1222
Music,ev_391,pre2,0.0011927304259807864,0.08799568844771063,7.9400337621497785,Apache 207 | Box seat in the Ticketmaster Suite,2026-09-16 20:00:00,1222
Music,ev_391,pre1,0.001902132462629718,0.08821322912500984,28.11577119986901,Apache 207 | Box seat in the Ticketmaster Suite,2026-09-16 20:00:00,1222
Music,ev_391,during,-0.001568214378664276,0.08706415550183705,11.045935066773072,Apache 207 | Box seat in the Ticketmaster Suite,2026-09-16 20:00:00,1222
Music,ev_391,post1,0.005006055742545347,0.08922379396059052,456.8614767304961,Apache 207 | Box seat in the Ticketmaster Suite,2026-09-16 20:00:00,1222
Music,ev_391,post2,0.006596096587513436,0.0894697275410781,375.590939148675,Apache 207 | Box seat in the Ticketmaster Suite,2026-09-16 20:00:00,1222
Arts & Theatre,ev_392,pre3,-0.001836641009818814,0.09305872303536886,129.57532318113402,Cirque du Soleil ALIZÉ,2026-09-17 18:30:00,641
Arts & Theatre,ev_392,pre2,-0.002109516701802585,0.09298671586074735,148.2624338155126,Cirque du Soleil ALIZÉ,2026-09-17 18:30:00,641
Arts & Theatre,ev_392,pre1,-0.0022422268187152444,0.09333393847085553,147.22956513703434,Cirque du Soleil ALIZÉ,2026-09-17 18:30:00,641
Arts & Theatre,ev_392,during,-0.004303711066231482,0.10312470392773454,109.70007977323645,Cirque du Soleil ALIZÉ,2026-09-17 18:30:00,641
Arts & Theatre,ev_392,post1,-0.0025128996966286236,0.09403011429891413,297.12001215428864,Cirque du Soleil ALIZÉ,2026-09-17 18:30:00,641
Arts & Theatre,ev_392,post2,-0.004471456491393494,0.09369289105956569,245.95633368160196,Cirque du Soleil ALIZÉ,2026-09-17 18:30:00,641
Arts & Theatre,ev_393,pre3,-0.0014189516556538944,0.0930587583627865,129.67123437875446,Lachkater - die Stand Up Comedy Show,2026-09-17 20:00:00,627
Arts & Theatre,ev_393,pre2,-0.00412818005641183,0.09298675126927948,147.7617810327695,Lachkater - die Stand Up Comedy Show,2026-09-17 20:00:00,627
Arts & Theatre,ev_393,pre1,-0.0021937255297416404,0.09333397415596376,147.2415563804089,Lachkater - die Stand Up Comedy Show,2026-09-17 20:00:00,627
Arts & Theatre,ev_393,during,-0.006441128504999136,0.1031248003547013,109.25234183771337,Lachkater - die Stand Up Comedy Show,2026-09-17 20:00:00,627
Arts & Theatre,ev_393,post1,-0.0024552612607905335,0.09403014985712416,297.14290219029584,Lachkater - die Stand Up Comedy Show,2026-09-17 20:00:00,627
Arts & Theatre,ev_393,post2,-0.003182133666330897,0.09369292656369578,246.40267075354907,Lachkater - die Stand Up Comedy Show,2026-09-17 20:00:00,627
Music,ev_394,pre3,-0.00023971800514260372,0.0880095058846477,-8.405032825131997,WITCHZ presents ENTER AFTERLIFE World Tour 2026,2026-09-17 20:00:00,1952
Music,ev_394,pre2,0.00020692175488028656,0.08798374519351589,7.833677972751074,WITCHZ presents ENTER AFTERLIFE World Tour 2026,2026-09-17 20:00:00,1952
Music,ev_394,pre1,-0.0027129831927254085,0.08820119673334645,27.525864389633604,WITCHZ presents ENTER AFTERLIFE World Tour 2026,2026-09-17 20:00:00,1952
Music,ev_394,during,0.0011757917453879515,0.08702824011936625,11.351064239348908,WITCHZ presents ENTER AFTERLIFE World Tour 2026,2026-09-17 20:00:00,1952
Music,ev_394,post1,-0.0011326406528271136,0.08921081997951831,453.45354402460003,WITCHZ presents ENTER AFTERLIFE World Tour 2026,2026-09-17 20:00:00,1952
Music,ev_394,post2,0.001270789361611994,0.08945650116706762,373.06500294640256,WITCHZ presents ENTER AFTERLIFE World Tour 2026,2026-09-17 20:00:00,1952
Arts & Theatre,ev_395,pre3,0.0020941070067203604,0.09306021480393145,130.47950181236683,Cirque du Soleil ALIZÉ,2026-09-18 16:00:00,756
Arts & Theatre,ev_395,pre2,0.0017989545108710995,0.09298820192093954,149.2346591109041,Cirque du Soleil ALIZÉ,2026-09-18 16:00:00,756
Arts & Theatre,ev_395,pre1,-0.003377077362152861,0.09333544277827646,146.9491556721961,Cirque du Soleil ALIZÉ,2026-09-18 16:00:00,756
Arts & Theatre,ev_395,during,0.016063693888224408,0.10313024517082657,114.01491808682307,Cirque du Soleil ALIZÉ,2026-09-18 16:00:00,756
Arts & Theatre,ev_395,post1,0.016055721325818652,0.09403277248007266,304.5628711211478,Cirque du Soleil ALIZÉ,2026-09-18 16:00:00,756
Arts & Theatre,ev_395,post2,0.015948400396392236,0.0936955253423134,253.09333276324867,Cirque du Soleil ALIZÉ,2026-09-18 16:00:00,756
Arts & Theatre,ev_396,pre3,-0.0024680124669884565,0.09305873926883033,129.43042162297442,Lachkater - die Stand Up Comedy Show,2026-09-18 19:00:00,632
Arts & Theatre,ev_396,pre2,-0.003397858715997393,0.09298673216470961,147.94279283914383,Lachkater - die Stand Up Comedy Show,2026-09-18 19:00:00,632
Arts & Theatre,ev_396,pre1,-0.008542500939152094,0.09333586609152218,145.6768475153757,Lachkater - die Stand Up Comedy Show,2026-09-18 19:00:00,632
Arts & Theatre,ev_396,during,-0.020703212716292784,0.10312996815325938,106.2891482032895,Lachkater - die Stand Up Comedy Show,2026-09-18 19:00:00,632
Arts & Theatre,ev_396,post1,-0.013588271702945609,0.09403157111063579,292.7460267569776,Lachkater - die Stand Up Comedy Show,2026-09-18 19:00:00,632
Arts & Theatre,ev_396,post2,-0.005223615563476026,0.09369432901852492,245.69621732338157,Lachkater - die Stand Up Comedy Show,2026-09-18 19:00:00,632
Arts & Theatre,ev_397,pre3,0.018937779104910974,0.09306044437037703,134.39450189535975,Cirque du Soleil ALIZÉ,2026-09-18 20:00:00,639
Arts & Theatre,ev_397,pre2,0.015700093434690417,0.0929893020757591,152.72349796640435,Cirque du Soleil ALIZÉ,2026-09-18 20:00:00,639
Arts & Theatre,ev_397,pre1,0.015825988170661043,0.09333654870301376,151.73716155358923,Cirque du Soleil ALIZÉ,2026-09-18 20:00:00,639
Arts & Theatre,ev_397,during,0.04862236047904344,0.10312470833848594,121.09763468610839,Cirque du Soleil ALIZÉ,2026-09-18 20:00:00,639
Arts & Theatre,ev_397,post1,0.015179659066842991,0.09403011585145622,304.2086040610341,Cirque du Soleil ALIZÉ,2026-09-18 20:00:00,639
Arts & Theatre,ev_397,post2,0.015084124446705613,0.09369289263882227,252.78829452534103,Cirque du Soleil ALIZÉ,2026-09-18 20:00:00,639
Music,ev_398,pre3,-0.001203421385274801,0.08801970152807875,-8.493260685029824,Ella Mai - Do You Still Love Me? 2026 Tour,2026-09-18 20:00:00,1258
Music,ev_398,pre2,0.0015457174224396155,0.08799402677097543,7.978141915910819,Ella Mai - Do You Still Love Me? 2026 Tour,2026-09-18 20:00:00,1258
Music,ev_398,pre1,-0.001726304818277819,0.08821155500286769,27.65175349802689,Ella Mai - Do You Still Love Me? 2026 Tour,2026-09-18 20:00:00,1258
Music,ev_398,during,-0.003646892811927422,0.08705916727496917,10.815346019717186,Ella Mai - Do You Still Love Me? 2026 Tour,2026-09-18 20:00:00,1258
Music,ev_398,post1,-0.0014120732598088574,0.08922199268288905,453.29891266347835,Ella Mai - Do You Still Love Me? 2026 Tour,2026-09-18 20:00:00,1258
Music,ev_398,post2,5.027986738420944e-05,0.08946789812537777,372.48797482470064,Ella Mai - Do You Still Love Me? 2026 Tour,2026-09-18 20:00:00,1258
Arts & Theatre,ev_399,pre3,-0.008492015377440897,0.09306064522960293,128.05248660459498,Lachkater - die Stand Up Comedy Show,2026-09-18 21:00:00,715
Arts & Theatre,ev_399,pre2,-0.0076196369744781734,0.0929884290916023,146.89823983402968,Lachkater - die Stand Up Comedy Show,2026-09-18 21:00:00,715
Arts & Theatre,ev_399,pre1,-0.00919260070930589,0.09333568053781024,145.5171849571932,Lachkater - die Stand Up Comedy Show,2026-09-18 21:00:00,715
Arts & Theatre,ev_399,during,-0.022790956121584084,0.10313000372591438,105.85891865526489,Lachkater - die Stand Up Comedy Show,2026-09-18 21:00:00,715
Arts & Theatre,ev_399,post1,-0.0014968861621335737,0.09403078108637224,297.52369650110984,Lachkater - die Stand Up Comedy Show,2026-09-18 21:00:00,715
Arts & Theatre,ev_399,post2,-0.01068109851831312,0.09369354979077393,243.81472488612124,Lachkater - die Stand Up Comedy Show,2026-09-18 21:00:00,715
Arts & Theatre,ev_400,pre3,-0.006030701316531123,0.0930600139796734,128.61448674220125,Lachkater Waffeln & Comedy,2026-09-19 15:00:00,553
Arts & Theatre,ev_400,pre2,-0.004704784338125984,0.09298800428244644,147.6189617080549,Lachkater Waffeln & Comedy,2026-09-19 15:00:00,553
Arts & Theatre,ev_400,pre1,-0.0034260431250751483,0.0933365133785984,146.93706391442907,Lachkater Waffeln & Comedy,2026-09-19 15:00:00,553
Arts & Theatre,ev_400,during,-0.01737394128947647,0.10313174980440552,106.97708529929639,Lachkater Waffeln & Comedy,2026-09-19 15:00:00,553
Arts & Theatre,ev_400,post1,-0.009100353685030317,0.09403254858913897,294.5125998794933,Lachkater Waffeln & Comedy,2026-09-19 15:00:00,553
Arts & Theatre,ev_400,post2,-0.007063229795630678,0.09369529857013377,245.0608542326654,Lachkater Waffeln & Comedy,2026-09-19 15:00:00,553
Arts & Theatre,ev_401,pre3,-0.0018019317366427554,0.09305872309690161,129.58329171203093,Cirque du Soleil ALIZÉ,2026-09-19 16:00:00,645
Arts & Theatre,ev_401,pre2,-0.0022002577885074904,0.09298671587033006,148.2399072345389,Cirque du Soleil ALIZÉ,2026-09-19 16:00:00,645
Arts & Theatre,ev_401,pre1,0.001383702291377048,0.09333393851838061,148.12762918850274,Cirque du Soleil ALIZÉ,2026-09-19 16:00:00,645
Arts & Theatre,ev_401,during,0.01880753208398302,0.10312639014734658,114.6029467523665,Cirque du Soleil ALIZÉ,2026-09-19 16:00:00,645
Arts & Theatre,ev_401,post1,0.017156801891199613,0.09403139870226614,305.00857276769466,Cirque du Soleil ALIZÉ,2026-09-19 16:00:00,645
Arts & Theatre,ev_401,post2,0.017436760436297463,0.09369416739995386,253.61925405312067,Cirque du Soleil ALIZÉ,2026-09-19 16:00:00,645
Arts & Theatre,ev_402,pre3,-0.0034057954583967113,0.09306128678021072,129.21536652913002,Lachkater Waffeln & Comedy,2026-09-19 17:00:00,650
Arts & Theatre,ev_402,pre2,-0.006819068177650565,0.09298843618244414,147.09597800177497,Lachkater Waffeln & Comedy,2026-09-19 17:00:00,650
Arts & Theatre,ev_402,pre1,-0.007286413922871372,0.09333568557572541,145.9856329038002,Lachkater Waffeln & Comedy,2026-09-19 17:00:00,650
Arts & Theatre,ev_402,during,-0.01960502135848238,0.10313172184537081,106.51581760346387,Lachkater Waffeln & Comedy,2026-09-19 17:00:00,650
Arts & Theatre,ev_402,post1,-0.00663477247302225,0.09403012134827303,295.48650285873026,Lachkater Waffeln & Comedy,2026-09-19 17:00:00,650
Arts & Theatre,ev_402,post2,-0.0028011339092786714,0.09369289785168004,246.53467523218876,Lachkater Waffeln & Comedy,2026-09-19 17:00:00,650
Arts & Theatre,ev_403,pre3,-0.0022865269213798705,0.09305892032589515,129.47206370682576,A night with Sinatra in Berlin,2026-09-19 19:30:00,682
Arts & Theatre,ev_403,pre2,-0.007579044220736159,0.09298691206196201,146.90826231689732,A night with Sinatra in Berlin,2026-09-19 19:30:00,682
Arts & Theatre,ev_403,pre1,-0.0019455656353083298,0.09333413732577968,147.30291943254912,A night with Sinatra in Berlin,2026-09-19 19:30:00,682
Arts & Theatre,ev_403,during,-0.0058145234454480095,0.10312524582306712,109.38350150219503,A night with Sinatra in Berlin,2026-09-19 19:30:00,682
Arts & Theatre,ev_403,post1,-0.003754703224193392,0.09403032063528077,296.62717319024387,A night with Sinatra in Berlin,2026-09-19 19:30:00,682
Arts & Theatre,ev_403,post2,-0.006518933250220495,0.09369309452358447,245.24872078650066,A night with Sinatra in Berlin,2026-09-19 19:30:00,682
Music,ev_404,pre3,0.0015863793572271116,0.08801419403902817,-8.237618686431114,Isabel van Gelder - EU & UK TOUR 2026,2026-09-19 19:30:00,1437
Music,ev_404,pre2,-0.005143668067937855,0.0880152597201613,7.258245018516818,Isabel van Gelder - EU & UK TOUR 2026,2026-09-19 19:30:00,1437
Music,ev_404,pre1,-0.002858675482433443,0.08823296854519362,27.50728620783547,Isabel van Gelder - EU & UK TOUR 2026,2026-09-19 19:30:00,1437
Music,ev_404,during,0.0018699161819101522,0.08712722153940246,11.428382565235506,Isabel van Gelder - EU & UK TOUR 2026,2026-09-19 19:30:00,1437
Music,ev_404,post1,0.0005786334491443528,0.08925082603280086,454.4014655866145,Isabel van Gelder - EU & UK TOUR 2026,2026-09-19 19:30:00,1437
Music,ev_404,post2,0.0026645427616742204,0.08949684209750151,373.72479859211484,Isabel van Gelder - EU & UK TOUR 2026,2026-09-19 19:30:00,1437
Arts & Theatre,ev_405,pre3,0.01674371878412948,0.09305984889152108,133.88078998288333,Cirque du Soleil ALIZÉ,2026-09-19 20:00:00,674
Arts & Theatre,ev_405,pre2,0.01677678550007924,0.09298797374108546,152.99574989084448,Cirque du Soleil ALIZÉ,2026-09-19 20:00:00,674
Arts & Theatre,ev_405,pre1,0.01730292427709046,0.09333520638370636,152.109235954241,Cirque du Soleil ALIZÉ,2026-09-19 20:00:00,674
Arts & Theatre,ev_405,during,-0.003541944591292821,0.10312505035860174,109.85988312248902,Cirque du Soleil ALIZÉ,2026-09-19 20:00:00,674
Arts & Theatre,ev_405,post1,-0.011216834354457892,0.09403024657803787,293.67850457265956,Cirque du Soleil ALIZÉ,2026-09-19 20:00:00,674
Arts & Theatre,ev_405,post2,0.0011757425170627193,0.0936930213566119,247.91554476684627,Cirque du Soleil ALIZÉ,2026-09-19 20:00:00,674
Music,ev_406,pre3,0.0005592991088582799,0.08801103719411209,-8.331817632602224,Zackavelli - MASI 2 TOUR,2026-09-19 20:00:00,2101
Music,ev_406,pre2,-0.0004569076770734538,0.08799379391205611,7.762118557807662,Zackavelli - MASI 2 TOUR,2026-09-19 20:00:00,2101
Music,ev_406,pre1,-0.0010485915016791934,0.08821132235121792,27.7382941128109,Zackavelli - MASI 2 TOUR,2026-09-19 20:00:00,2101
Music,ev_406,during,-0.00045765054858799777,0.08706007201794358,11.169327170456711,Zackavelli - MASI 2 TOUR,2026-09-19 20:00:00,2101
Music,ev_406,post1,0.0005751429997172991,0.0892243301568387,454.39953047971375,Zackavelli - MASI 2 TOUR,2026-09-19 20:00:00,2101
Music,ev_406,post2,0.005369526060063823,0.08947013737738209,375.0079509307671,Zackavelli - MASI 2 TOUR,2026-09-19 20:00:00,2101
Music,ev_407,pre3,0.003713001812112545,0.08801080375263944,-8.042267099904155,TJARK - auch wenn’s uns morgen nicht mehr gibt Tour 2026,2026-09-19 20:00:00,1591
Music,ev_407,pre2,0.0007772208199891002,0.08798506199102982,7.895192957788155,TJARK - auch wenn’s uns morgen nicht mehr gibt Tour 2026,2026-09-19 20:00:00,1591
Music,ev_407,pre1,-0.001207292168687759,0.08820252317245016,27.718023568849624,TJARK - auch wenn’s uns morgen nicht mehr gibt Tour 2026,2026-09-19 20:00:00,1591
Music,ev_407,during,0.0029375346584403516,0.0870322348014638,11.547409091425664,TJARK - auch wenn’s uns morgen nicht mehr gibt Tour 2026,2026-09-19 20:00:00,1591
Music,ev_407,post1,0.0036642639030675904,0.08921226649193285,456.114785609355,TJARK - auch wenn’s uns morgen nicht mehr gibt Tour 2026,2026-09-19 20:00:00,1591
Music,ev_407,post2,0.0033023802911368405,0.08945800502070465,374.02705443210573,TJARK - auch wenn’s uns morgen nicht mehr gibt Tour 2026,2026-09-19 20:00:00,1591
Music,ev_408,pre3,0.0013985456819692206,0.08800929840864155,-8.254853133108252,"ALL THE FEELINGS TOUR with METRIC, BROKEN SOCIAL SCENE, AND STARS",2026-09-19 20:00:00,1802
Music,ev_408,pre2,0.001449557720210608,0.08798354074953206,7.967759269141039,"ALL THE FEELINGS TOUR with METRIC, BROKEN SOCIAL SCENE, AND STARS",2026-09-19 20:00:00,1802
Music,ev_408,pre1,-0.0008316706975684051,0.08820099065603462,27.76600621184233,"ALL THE FEELINGS TOUR with METRIC, BROKEN SOCIAL SCENE, AND STARS",2026-09-19 20:00:00,1802
Music,ev_408,during,0.006208945835574351,0.08702764501276387,11.912924081236852,"ALL THE FEELINGS TOUR with METRIC, BROKEN SOCIAL SCENE, AND STARS",2026-09-19 20:00:00,1802
Music,ev_408,post1,0.003746562418886253,0.08921060713755624,456.16055491418257,"ALL THE FEELINGS TOUR with METRIC, BROKEN SOCIAL SCENE, AND STARS",2026-09-19 20:00:00,1802
Music,ev_408,post2,-0.001962170814041568,0.08945630099002473,371.5380722144655,"ALL THE FEELINGS TOUR with METRIC, BROKEN SOCIAL SCENE, AND STARS",2026-09-19 20:00:00,1802
Miscellaneous,ev_409,pre3,-0.0058775002728057805,0.09406765349575115,154.32349247303415,Ultra Night - Depeche Mode Party Berlin,2026-09-19 21:00:00,624
Miscellaneous,ev_409,pre2,-0.003279079925836585,0.09448093211141262,178.04170291519674,Ultra Night - Depeche Mode Party Berlin,2026-09-19 21:00:00,624
Miscellaneous,ev_409,pre1,-0.001601904915165052,0.09205708343723262,310.13044734884465,Ultra Night - Depeche Mode Party Berlin,2026-09-19 21:00:00,624
Miscellaneous,ev_409,during,0.004376161019157475,0.10020545086363968,90.78465453776181,Ultra Night - Depeche Mode Party Berlin,2026-09-19 21:00:00,624
Miscellaneous,ev_409,post1,0.0006137221742774496,0.09191039482378406,66.08016902546206,Ultra Night - Depeche Mode Party Berlin,2026-09-19 21:00:00,624
Miscellaneous,ev_409,post2,0.002673094163427189,0.0896399909354448,-5.664515903317236,Ultra Night - Depeche Mode Party Berlin,2026-09-19 21:00:00,624
Arts & Theatre,ev_410,pre3,-3.198665085585922e-05,0.09305874550978556,129.9900013516643,Cirque du Soleil ALIZÉ,2026-09-20 13:00:00,656
Arts & Theatre,ev_410,pre2,-0.0029254831670784067,0.09298673807734956,148.0599426191792,Cirque du Soleil ALIZÉ,2026-09-20 13:00:00,656
Arts & Theatre,ev_410,pre1,-0.003152325832531145,0.09333396108592318,147.00466411024172,Cirque du Soleil ALIZÉ,2026-09-20 13:00:00,656
Arts & Theatre,ev_410,during,0.01895958374930417,0.10312981757252745,114.63557996870763,Cirque du Soleil ALIZÉ,2026-09-20 13:00:00,656
Arts & Theatre,ev_410,post1,0.012488387637948245,0.09403396537281936,303.1222315110248,Cirque du Soleil ALIZÉ,2026-09-20 13:00:00,656
Arts & Theatre,ev_410,post2,0.01509104487773143,0.09369670786053422,252.79073598084793,Cirque du Soleil ALIZÉ,2026-09-20 13:00:00,656
Arts & Theatre,ev_412,pre3,0.015204505299409034,0.09306230191956545,133.52107442766044,Cirque du Soleil ALIZÉ,2026-09-20 17:00:00,795
Arts & Theatre,ev_412,pre2,0.012211774780191835,0.09299045550921138,151.84345370381865,Cirque du Soleil ALIZÉ,2026-09-20 17:00:00,795
Arts & Theatre,ev_412,pre1,0.014975213299254754,0.0933377176165496,151.52308098243844,Cirque du Soleil ALIZÉ,2026-09-20 17:00:00,795
Arts & Theatre,ev_412,during,-0.00778377337676867,0.1031317311714272,108.97157877875739,Cirque du Soleil ALIZÉ,2026-09-20 17:00:00,795
Arts & Theatre,ev_412,post1,-0.006134434004400281,0.0940327695099581,295.6844294809537,Cirque du Soleil ALIZÉ,2026-09-20 17:00:00,795
Arts & Theatre,ev_412,post2,-0.003834874152501504,0.09369551714692173,246.17663348569425,Cirque du Soleil ALIZÉ,2026-09-20 17:00:00,795
Arts & Theatre,ev_413,pre3,-0.008063314503835968,0.09305899424452356,128.15027386407428,Lachkater - die Stand Up Comedy Show,2026-09-20 19:00:00,600
Arts & Theatre,ev_413,pre2,-0.003100511734847225,0.09298698683184636,148.01652884213814,Lachkater - die Stand Up Comedy Show,2026-09-20 19:00:00,600
Arts & Theatre,ev_413,pre1,-0.0038761659559278976,0.09333421218425021,146.8259369164532,Lachkater - die Stand Up Comedy Show,2026-09-20 19:00:00,600
Arts & Theatre,ev_413,during,-0.008142089770025895,0.10312544608814088,108.89671424975108,Lachkater - die Stand Up Comedy Show,2026-09-20 19:00:00,600
Arts & Theatre,ev_413,post1,-0.0057061535924638265,0.09403039160907227,295.8539296656222,Lachkater - die Stand Up Comedy Show,2026-09-20 19:00:00,600
Arts & Theatre,ev_413,post2,-0.005819905479553174,0.09369316652003283,245.49014360091292,Lachkater - die Stand Up Comedy Show,2026-09-20 19:00:00,600
Music,ev_415,pre3,-0.0005975237643565244,0.08800951089846626,-8.437800169380338,Lilyisthatyou - THE FLOWERS HAVE FEELINGS TOUR,2026-09-21 20:00:00,1737
Music,ev_415,pre2,-0.0019440676531247117,0.08798375651377228,7.601978154867384,Lilyisthatyou - THE FLOWERS HAVE FEELINGS TOUR,2026-09-21 20:00:00,1737
Music,ev_415,pre1,-0.0013418793061309154,0.08820120799616533,27.700835522328514,Lilyisthatyou - THE FLOWERS HAVE FEELINGS TOUR,2026-09-21 20:00:00,1737
Music,ev_415,during,0.0026805576641406297,0.08702830030032006,11.51874765633789,Lilyisthatyou - THE FLOWERS HAVE FEELINGS TOUR,2026-09-21 20:00:00,1737
Music,ev_415,post1,0.0012565746647458028,0.08921084449600981,454.77744462156727,Lilyisthatyou - THE FLOWERS HAVE FEELINGS TOUR,2026-09-21 20:00:00,1737
Music,ev_415,post2,0.0007985033100365765,0.08945654836797828,372.8416336952653,Lilyisthatyou - THE FLOWERS HAVE FEELINGS TOUR,2026-09-21 20:00:00,1737
Music,ev_416,pre3,-0.0015937476064223396,0.08800990373469897,-8.528971194968582,"overpass - Elsewhere, Always Album Tour Europe",2026-09-21 20:00:00,1676
Music,ev_416,pre2,0.001745034859569196,0.08798415367348157,7.99966598741364,"overpass - Elsewhere, Always Album Tour Europe",2026-09-21 20:00:00,1676
Music,ev_416,pre1,-0.0005309756379074641,0.08820160809554148,27.804430595424456,"overpass - Elsewhere, Always Album Tour Europe",2026-09-21 20:00:00,1676
Music,ev_416,during,0.0041917516532713524,0.08702949932141849,11.68740151972749,"overpass - Elsewhere, Always Album Tour Europe",2026-09-21 20:00:00,1676
Music,ev_416,post1,0.0046623729017772645,0.08921127805400776,456.67012588014455,"overpass - Elsewhere, Always Album Tour Europe",2026-09-21 20:00:00,1676
Music,ev_416,post2,0.0028693676509524003,0.08945699421483387,373.8218391593572,"overpass - Elsewhere, Always Album Tour Europe",2026-09-21 20:00:00,1676
closure,cl_0,pre3,-8.149942495987656e-05,0.08679049601655975,1.3721377080984754,Line U3 suspended on a section between Oskar-Helene-Heim and Krumme Lanke due to track maintenance.,2026-06-15 08:00:00,0
closure,cl_0,pre2,0.0009082249598209416,0.08705514742615504,0.13162068332752686,Line U3 suspended on a section between Oskar-Helene-Heim and Krumme Lanke due to track maintenance.,2026-06-15 08:00:00,0
closure,cl_0,pre1,0.004093871891469839,0.086872695907555,-23.657146220030967,Line U3 suspended on a section between Oskar-Helene-Heim and Krumme Lanke due to track maintenance.,2026-06-15 08:00:00,0
closure,cl_0,during,1.1036147540173071,0.6680611615949533,-22.965717280226205,Line U3 suspended on a section between Oskar-Helene-Heim and Krumme Lanke due to track maintenance.,2026-06-15 08:00:00,0
closure,cl_0,post1,-0.0017741845906945153,0.08766347621178083,7.511335926500307,Line U3 suspended on a section between Oskar-Helene-Heim and Krumme Lanke due to track maintenance.,2026-06-15 08:00:00,0
closure,cl_0,post2,-0.00047843557588164693,0.08671071653129828,0.3829151246305562,Line U3 suspended on a section between Oskar-Helene-Heim and Krumme Lanke due to track maintenance.,2026-06-15 08:00:00,0
closure,cl_1,pre3,-0.0007241712555138681,0.0869168981281063,1.3070096210255455,Station Schillingstr. closed due to track maintenance.,2026-06-15 12:30:00,0
closure,cl_1,pre2,0.001872390516148324,0.08718326285746561,0.22821069999057197,Station Schillingstr. closed due to track maintenance.,2026-06-15 12:30:00,0
closure,cl_1,pre1,-0.0026040318730683244,0.08700026076494585,-24.166774681323744,Station Schillingstr. closed due to track maintenance.,2026-06-15 12:30:00,0
closure,cl_1,during,1.00024281185853,1.1393920159608824,-30.531138879654474,Station Schillingstr. closed due to track maintenance.,2026-06-15 12:30:00,0
closure,cl_1,post1,-0.0014090971098969169,0.08779343480577878,7.550594135195099,Station Schillingstr. closed due to track maintenance.,2026-06-15 12:30:00,0
closure,cl_1,post2,-0.0034753616374734583,0.08683583685248872,0.08252529803585151,Station Schillingstr. closed due to track maintenance.,2026-06-15 12:30:00,0
closure,cl_2,pre3,-0.0030983795596671256,0.08679049601655972,1.0667709786536195,Line U3 suspended on a section between Spichernstr. and Oskar-Helene-Heim due to switch replacement.,2026-06-23 21:00:00,0
closure,cl_2,pre2,-0.0027263084512959813,0.08705514742615507,-0.2316504770745742,Line U3 suspended on a section between Spichernstr. and Oskar-Helene-Heim due to switch replacement.,2026-06-23 21:00:00,0
closure,cl_2,pre1,-0.0019808013428021785,0.08687269590755516,-24.11949836960642,Line U3 suspended on a section between Spichernstr. and Oskar-Helene-Heim due to switch replacement.,2026-06-23 21:00:00,0
closure,cl_2,during,1.4206567366562672,0.6680611615949535,5.772708824915673,Line U3 suspended on a section between Spichernstr. and Oskar-Helene-Heim due to switch replacement.,2026-06-23 21:00:00,0
closure,cl_2,post1,5.62910260387137e-05,0.08766347621178083,7.70831303132995,Line U3 suspended on a section between Spichernstr. and Oskar-Helene-Heim due to switch replacement.,2026-06-23 21:00:00,0
closure,cl_2,post2,0.0,0.08696941587935457,0.43095337312408777,Line U3 suspended on a section between Spichernstr. and Oskar-Helene-Heim due to switch replacement.,2026-06-23 21:00:00,0
closure,cl_3,pre3,0.0,0.08705116570843897,1.380399815702571,Station Zitadelle closed due to signal upgrades.,2026-06-27 06:10:00,0
closure,cl_3,pre2,0.00264330319775635,0.08718326285746571,0.3055076894606046,Station Zitadelle closed due to signal upgrades.,2026-06-27 06:10:00,0
closure,cl_3,pre1,-0.0034024294850559353,0.08700026076494588,-24.227295584240437,Station Zitadelle closed due to signal upgrades.,2026-06-27 06:10:00,0
closure,cl_3,during,-1.7848423100195046,0.8316092773856422,-95.71211549533959,Station Zitadelle closed due to signal upgrades.,2026-06-27 06:10:00,0
closure,cl_3,post1,-0.00395143374855906,0.08779343480577888,7.277511600170916,Station Zitadelle closed due to signal upgrades.,2026-06-27 06:10:00,0
closure,cl_3,post2,-0.0020266875806002563,0.08683583685248876,0.22761732613509889,Station Zitadelle closed due to signal upgrades.,2026-06-27 06:10:00,0
closure,cl_4,pre3,-0.0013707689332507363,0.08691689812810628,1.2415259169531234,Station Neukölln closed due to switch replacement.,2026-06-30 17:50:00,0
closure,cl_4,pre2,-0.0008449551060221243,0.08718326285746562,-0.0437742836101207,Station Neukölln closed due to switch replacement.,2026-06-30 17:50:00,0
closure,cl_4,pre1,0.0014158692174893058,0.0870002607649459,-23.861319076842612,Station Neukölln closed due to switch replacement.,2026-06-30 17:50:00,0
closure,cl_4,during,-2.5424803601882062,0.758988861290264,-97.9899583591653,Station Neukölln closed due to switch replacement.,2026-06-30 17:50:00,0
closure,cl_4,post1,0.005236059125609726,0.08779343480577892,8.267664520111229,Station Neukölln closed due to switch replacement.,2026-06-30 17:50:00,0
closure,cl_4,post2,-0.00034809730183575074,0.08683583685248879,0.3959997132244153,Station Neukölln closed due to switch replacement.,2026-06-30 17:50:00,0
closure,cl_5,pre3,-0.0002876748108496714,0.0869168981281062,1.3512394229180602,Station Cottbusser Platz closed due to safety inspection.,2026-06-30 20:00:00,0
closure,cl_5,pre2,-0.00014253473515184664,0.08718326285746565,0.02646167022291035,Station Cottbusser Platz closed due to safety inspection.,2026-06-30 20:00:00,0
closure,cl_5,pre1,0.002228497410071172,0.08700026076494587,-23.79942149172335,Station Cottbusser Platz closed due to safety inspection.,2026-06-30 20:00:00,0
closure,cl_5,during,-2.915083255348527,0.8316092773856418,-98.61520440552731,Station Cottbusser Platz closed due to safety inspection.,2026-06-30 20:00:00,0
closure,cl_5,post1,0.010296802274281959,0.08779343480577889,8.816968131441637,Station Cottbusser Platz closed due to safety inspection.,2026-06-30 20:00:00,0
closure,cl_5,post2,-0.0023768072378880056,0.08683583685248876,0.19253180952902849,Station Cottbusser Platz closed due to safety inspection.,2026-06-30 20:00:00,0
closure,cl_6,pre3,-0.00044340815711745236,0.0869168981281063,1.335456884220032,Station Walther-Schreiber-Platz closed due to track maintenance.,2026-07-02 08:10:00,0
closure,cl_6,pre2,0.0008472405958429238,0.08718326285746573,0.12551440632166955,Station Walther-Schreiber-Platz closed due to track maintenance.,2026-07-02 08:10:00,0
closure,cl_6,pre1,-0.003134196668922872,0.08700026076494584,-24.206968132226013,Station Walther-Schreiber-Platz closed due to track maintenance.,2026-07-02 08:10:00,0
closure,cl_6,during,-2.003458028452917,0.7589888612902636,-96.55412532074945,Station Walther-Schreiber-Platz closed due to track maintenance.,2026-07-02 08:10:00,0
closure,cl_6,post1,0.005581703864298959,0.08779343480577889,8.30509313685237,Station Walther-Schreiber-Platz closed due to track maintenance.,2026-07-02 08:10:00,0
closure,cl_6,post2,0.0005956748290173633,0.08683583685248879,0.49079538552345703,Station Walther-Schreiber-Platz closed due to track maintenance.,2026-07-02 08:10:00,0
closure,cl_7,pre3,0.002222934712275677,0.08679049601655969,1.606012493819886,Line U8 suspended on a section between Leinestr. and Hermannplatz due to signal upgrades.,2026-07-11 08:20:00,0
closure,cl_7,pre2,0.0023107965960863404,0.08705514742615511,0.2721609902760491,Line U8 suspended on a section between Leinestr. and Hermannplatz due to signal upgrades.,2026-07-11 08:20:00,0
closure,cl_7,pre1,0.0007676911040254378,0.08687269590755516,-23.910654512602882,Line U8 suspended on a section between Leinestr. and Hermannplatz due to signal upgrades.,2026-07-11 08:20:00,0
closure,cl_7,during,0.9156483713164192,0.9424936699343334,-36.16611449052209,Line U8 suspended on a section between Leinestr. and Hermannplatz due to signal upgrades.,2026-07-11 08:20:00,0
closure,cl_7,post1,-0.005680755854026715,0.08766347621178082,7.092154545160856,Line U8 suspended on a section between Leinestr. and Hermannplatz due to signal upgrades.,2026-07-11 08:20:00,0
closure,cl_7,post2,-0.0007105304592710475,0.08671071653129832,0.35961946715643567,Line U8 suspended on a section between Leinestr. and Hermannplatz due to signal upgrades.,2026-07-11 08:20:00,0
closure,cl_8,pre3,0.004989303433960228,0.08679049601655969,1.8874813325116646,Line U6 suspended on a section between Hallesches Tor and Kaiserin-Augusta-Str. due to safety inspection.,2026-07-13 13:50:00,0
closure,cl_8,pre2,-0.0035845975873518795,0.08705514742615504,-0.31724383041524806,Line U6 suspended on a section between Hallesches Tor and Kaiserin-Augusta-Str. due to safety inspection.,2026-07-13 13:50:00,0
closure,cl_8,pre1,0.005610975085897581,0.08687269590755514,-23.54123833280781,Line U6 suspended on a section between Hallesches Tor and Kaiserin-Augusta-Str. due to safety inspection.,2026-07-13 13:50:00,0
closure,cl_8,during,1.1875640788784503,0.7589888612902637,-16.219533994459045,Line U6 suspended on a section between Hallesches Tor and Kaiserin-Augusta-Str. due to safety inspection.,2026-07-13 13:50:00,0
closure,cl_8,post1,0.002781133583073692,0.08766347621178083,8.002201444413926,Line U6 suspended on a section between Hallesches Tor and Kaiserin-Augusta-Str. due to safety inspection.,2026-07-13 13:50:00,0
closure,cl_8,post2,0.0012453970365837843,0.0867107165312983,0.5561077020751259,Line U6 suspended on a section between Hallesches Tor and Kaiserin-Augusta-Str. due to safety inspection.,2026-07-13 13:50:00,0
closure,cl_9,pre3,0.0011513005628551987,0.08691689812810628,1.4971863423698384,Station Theodor-Heuss-Platz closed due to switch replacement.,2026-07-14 16:30:00,0
closure,cl_9,pre2,-0.0006855349365840179,0.08718326285746565,-0.02783797491925366,Station Theodor-Heuss-Platz closed due to switch replacement.,2026-07-14 16:30:00,0
closure,cl_9,pre1,-0.002571599591164383,0.08700026076494581,-24.164315196899388,Station Theodor-Heuss-Platz closed due to switch replacement.,2026-07-14 16:30:00,0
closure,cl_9,during,-1.1603872316892803,0.9424936699343331,-91.99354119006901,Station Theodor-Heuss-Platz closed due to switch replacement.,2026-07-14 16:30:00,0
closure,cl_9,post1,0.00239866721784642,0.08779343480577882,7.960902133293102,Station Theodor-Heuss-Platz closed due to switch replacement.,2026-07-14 16:30:00,0
closure,cl_9,post2,0.0009230075407674671,0.08683583685248876,0.5236946942991372,Station Theodor-Heuss-Platz closed due to switch replacement.,2026-07-14 16:30:00,0
closure,cl_10,pre3,0.0003072679813883522,0.0869168981281063,1.4115555528413815,Station Krumme Lanke closed due to switch replacement.,2026-07-16 11:20:00,0
closure,cl_10,pre2,0.001704047064438403,0.08718326285746567,0.21133935717250196,Station Krumme Lanke closed due to switch replacement.,2026-07-16 11:20:00,0
closure,cl_10,pre1,-0.00034691040663950573,0.08700026076494584,-23.9954165652974,Station Krumme Lanke closed due to switch replacement.,2026-07-16 11:20:00,0
closure,cl_10,during,-0.9663323252943498,1.1393920159608835,-90.27885438081302,Station Krumme Lanke closed due to switch replacement.,2026-07-16 11:20:00,0
closure,cl_10,post1,0.00043112756871458243,0.08779343480577881,7.74869361058963,Station Krumme Lanke closed due to switch replacement.,2026-07-16 11:20:00,0
closure,cl_10,post2,0.0011170367908210068,0.08683583685248872,0.5432011237410439,Station Krumme Lanke closed due to switch replacement.,2026-07-16 11:20:00,0
closure,cl_11,pre3,0.0,0.08705116570843897,1.380399815702571,Station Turmstr. closed due to switch replacement.,2026-08-05 06:15:00,0
closure,cl_11,pre2,0.0016086678334649147,0.08718326285746573,0.20178173249649767,Station Turmstr. closed due to switch replacement.,2026-08-05 06:15:00,0
closure,cl_11,pre1,-0.0038245498153016227,0.08700026076494582,-24.259274033400423,Station Turmstr. closed due to switch replacement.,2026-08-05 06:15:00,0
closure,cl_11,during,-2.4454168188644445,0.831609277385642,-97.78507403177932,Station Turmstr. closed due to switch replacement.,2026-08-05 06:15:00,0
closure,cl_11,post1,0.0007241495831020851,0.08779343480577889,7.780270976044701,Station Turmstr. closed due to switch replacement.,2026-08-05 06:15:00,0
closure,cl_11,post2,-0.0005402681247759152,0.08683583685248879,0.3767083850142017,Station Turmstr. closed due to switch replacement.,2026-08-05 06:15:00,0
closure,cl_12,pre3,-0.002298099533248114,0.08679049601655969,1.1476850694494223,Line U5 suspended on a section between Kaulsdorf-Nord and Hönow due to safety inspection.,2026-08-05 21:00:00,0
closure,cl_12,pre2,0.003108560959561166,0.08705514742615511,0.35218646345382965,Line U5 suspended on a section between Kaulsdorf-Nord and Hönow due to safety inspection.,2026-08-05 21:00:00,0
closure,cl_12,pre1,-0.003267082001098298,0.08687269590755516,-24.217039245275927,Line U5 suspended on a section between Kaulsdorf-Nord and Hönow due to safety inspection.,2026-08-05 21:00:00,0
closure,cl_12,during,1.5089870360926356,0.612564636434742,15.540698397193808,Line U5 suspended on a section between Kaulsdorf-Nord and Hönow due to safety inspection.,2026-08-05 21:00:00,0
closure,cl_12,post1,0.0,0.0879317109250153,7.702250190519888,Line U5 suspended on a section between Kaulsdorf-Nord and Hönow due to safety inspection.,2026-08-05 21:00:00,0
closure,cl_12,post2,0.0,0.08696941587935457,0.43095337312408777,Line U5 suspended on a section between Kaulsdorf-Nord and Hönow due to safety inspection.,2026-08-05 21:00:00,0
closure,cl_13,pre3,0.0010400905219886227,0.08679049601655968,1.4858994637476197,Line U7 suspended on a section between Paulsternstr. and Zitadelle due to safety inspection.,2026-08-08 20:10:00,0
closure,cl_13,pre2,0.004207429199400144,0.08705514742615512,0.46252090436085247,Line U7 suspended on a section between Paulsternstr. and Zitadelle due to safety inspection.,2026-08-08 20:10:00,0
closure,cl_13,pre1,0.0030756005340388595,0.08687269590755513,-23.734844395752596,Line U7 suspended on a section between Paulsternstr. and Zitadelle due to safety inspection.,2026-08-08 20:10:00,0
closure,cl_13,during,0.7617938353057577,0.942493669934333,-45.269035154808456,Line U7 suspended on a section between Paulsternstr. and Zitadelle due to safety inspection.,2026-08-08 20:10:00,0
closure,cl_13,post1,0.00028316581023773123,0.08766347621178087,7.732752103805196,Line U7 suspended on a section between Paulsternstr. and Zitadelle due to safety inspection.,2026-08-08 20:10:00,0
closure,cl_13,post2,0.004839922983111675,0.08671071653129832,0.9182096428211217,Line U7 suspended on a section between Paulsternstr. and Zitadelle due to safety inspection.,2026-08-08 20:10:00,0
closure,cl_14,pre3,0.0016962171781654911,0.08679049601655968,1.5525089173412665,Line U9 suspended on a section between Walther-Schreiber-Platz and Spichernstr. due to power system maintenance.,2026-08-15 11:30:00,0
closure,cl_14,pre2,-0.007430510898658008,0.08705514742615507,-0.6998788071693518,Line U9 suspended on a section between Walther-Schreiber-Platz and Spichernstr. due to power system maintenance.,2026-08-15 11:30:00,0
closure,cl_14,pre1,-0.0013414391944314326,0.0868726959075551,-24.070967736392813,Line U9 suspended on a section between Walther-Schreiber-Platz and Spichernstr. due to power system maintenance.,2026-08-15 11:30:00,0
closure,cl_14,during,1.205624417225897,0.6680611615949535,-14.692684221302022,Line U9 suspended on a section between Walther-Schreiber-Platz and Spichernstr. due to power system maintenance.,2026-08-15 11:30:00,0
closure,cl_14,post1,-0.0066622306262362875,0.08766347621178089,6.987097860849234,Line U9 suspended on a section between Walther-Schreiber-Platz and Spichernstr. due to power system maintenance.,2026-08-15 11:30:00,0
closure,cl_14,post2,0.001832978136246452,0.08671071653129832,0.6152099323928129,Line U9 suspended on a section between Walther-Schreiber-Platz and Spichernstr. due to power system maintenance.,2026-08-15 11:30:00,0
closure,cl_15,pre3,-0.0008980109805022347,0.08679049601655967,1.2893999690065217,Line U7 suspended between Kleistpark and Bayerischer Platz due to safety inspection.,2026-08-17 15:40:00,0
closure,cl_15,pre2,-0.004677145425849003,0.08705514742615504,-0.42609253816620063,Line U7 suspended between Kleistpark and Bayerischer Platz due to safety inspection.,2026-08-17 15:40:00,0
closure,cl_15,pre1,-0.0022807580674689097,0.08687269590755509,-24.14225582304531,Line U7 suspended between Kleistpark and Bayerischer Platz due to safety inspection.,2026-08-17 15:40:00,0
closure,cl_15,during,1.4185864696640464,0.6125646364347422,5.553957592016889,Line U7 suspended between Kleistpark and Bayerischer Platz due to safety inspection.,2026-08-17 15:40:00,0
closure,cl_15,post1,-0.007110079047247241,0.08766347621178086,6.939194585507469,Line U7 suspended between Kleistpark and Bayerischer Platz due to safety inspection.,2026-08-17 15:40:00,0
closure,cl_15,post2,0.0005596985017244916,0.0867107165312983,0.4871801608103965,Line U7 suspended between Kleistpark and Bayerischer Platz due to safety inspection.,2026-08-17 15:40:00,0
closure,cl_16,pre3,0.0003219305591952362,0.0867904960165597,1.413042518566554,Line U9 suspended on a section between Berliner Str. and Rathaus Steglitz due to safety inspection.,2026-08-19 12:30:00,0
closure,cl_16,pre2,-0.001011307181805067,0.08705514742615506,-0.060400826277184905,Line U9 suspended on a section between Berliner Str. and Rathaus Steglitz due to safety inspection.,2026-08-19 12:30:00,0
closure,cl_16,pre1,0.004808275748577737,0.08687269590755507,-23.602587104527107,Line U9 suspended on a section between Berliner Str. and Rathaus Steglitz due to safety inspection.,2026-08-19 12:30:00,0
closure,cl_16,during,1.1210109194453106,0.942493669934333,-21.613891957281528,Line U9 suspended on a section between Berliner Str. and Rathaus Steglitz due to safety inspection.,2026-08-19 12:30:00,0
closure,cl_16,post1,0.002673627834069462,0.08766347621178086,7.990591210948161,Line U9 suspended on a section between Berliner Str. and Rathaus Steglitz due to safety inspection.,2026-08-19 12:30:00,0
closure,cl_16,post2,0.0005055379831863871,0.0867107165312983,0.4817378704064179,Line U9 suspended on a section between Berliner Str. and Rathaus Steglitz due to safety inspection.,2026-08-19 12:30:00,0
closure,cl_17,pre3,0.0038085251080897187,0.08679049601655972,1.7672458026003035,Line U9 suspended on a section between Walther-Schreiber-Platz and Bundesplatz due to safety inspection.,2026-08-27 12:40:00,0
closure,cl_17,pre2,0.0041977380202240615,0.0870551474261551,0.46154730878793515,Line U9 suspended on a section between Walther-Schreiber-Platz and Bundesplatz due to safety inspection.,2026-08-27 12:40:00,0
closure,cl_17,pre1,0.00039331445257590646,0.08687269590755511,-23.939135255382237,Line U9 suspended on a section between Walther-Schreiber-Platz and Bundesplatz due to safety inspection.,2026-08-27 12:40:00,0
closure,cl_17,during,1.1604660854081466,0.6125646364347422,-18.459332437863353,Line U9 suspended on a section between Walther-Schreiber-Platz and Bundesplatz due to safety inspection.,2026-08-27 12:40:00,0
closure,cl_17,post1,-0.0008002134727820567,0.08766347621178087,7.616099872788085,Line U9 suspended on a section between Walther-Schreiber-Platz and Bundesplatz due to safety inspection.,2026-08-27 12:40:00,0
closure,cl_17,post2,0.0016311723224495104,0.08671071653129832,0.5949072467409611,Line U9 suspended on a section between Walther-Schreiber-Platz and Bundesplatz due to safety inspection.,2026-08-27 12:40:00,0
closure,cl_18,pre3,-0.0006980128685430604,0.0867904960165597,1.3096596836466023,Line U7 suspended on a section between Blaschkoallee and Rudow due to power system maintenance.,2026-08-30 18:10:00,0
closure,cl_18,pre2,-0.0032461123503496198,0.08705514742615507,-0.2834969779846763,Line U7 suspended on a section between Blaschkoallee and Rudow due to power system maintenance.,2026-08-30 18:10:00,0
closure,cl_18,pre1,-0.0022038468764252897,0.08687269590755509,-24.136421289223186,Line U7 suspended on a section between Blaschkoallee and Rudow due to power system maintenance.,2026-08-30 18:10:00,0
closure,cl_18,during,1.2250507840923863,0.7589888612902639,-13.019271469805883,Line U7 suspended on a section between Blaschkoallee and Rudow due to power system maintenance.,2026-08-30 18:10:00,0
closure,cl_18,post1,-0.0037364353555368384,0.08766347621178087,7.300578572364502,Line U7 suspended on a section between Blaschkoallee and Rudow due to power system maintenance.,2026-08-30 18:10:00,0
closure,cl_18,post2,-0.0005030293609846515,0.08671071653129833,0.3804463591462248,Line U7 suspended on a section between Blaschkoallee and Rudow due to power system maintenance.,2026-08-30 18:10:00,0
closure,cl_19,pre3,0.0030342548216233025,0.08691689812810625,1.6884809446193305,Station Lichtenberg Bhf closed due to signal upgrades.,2026-09-07 13:50:00,0
closure,cl_19,pre2,-0.0045994705526878074,0.08718326285746571,-0.4183578471422589,Station Lichtenberg Bhf closed due to signal upgrades.,2026-09-07 13:50:00,0
closure,cl_19,pre1,0.0005189294493788002,0.08700026076494585,-23.92958026998835,Station Lichtenberg Bhf closed due to signal upgrades.,2026-09-07 13:50:00,0
closure,cl_19,during,-2.4531910901756047,0.758988861290264,-97.80222670602753,Station Lichtenberg Bhf closed due to signal upgrades.,2026-09-07 13:50:00,0
closure,cl_19,post1,-0.0004454560678768318,0.08779343480577885,7.654284253800481,Station Lichtenberg Bhf closed due to signal upgrades.,2026-09-07 13:50:00,0
closure,cl_19,post2,0.0017022358464410493,0.08683583685248875,0.6020561293549109,Station Lichtenberg Bhf closed due to signal upgrades.,2026-09-07 13:50:00,0
closure,cl_20,pre3,-0.0008005873167841024,0.08691689812810627,1.2992684341505134,Station Bismarckstr. closed due to safety inspection.,2026-09-07 20:20:00,0
closure,cl_20,pre2,0.001887742350467542,0.0871832628574657,0.2297493986862298,Station Bismarckstr. closed due to safety inspection.,2026-09-07 20:20:00,0
closure,cl_20,pre1,-0.004648392898823427,0.0870002607649459,-24.32164681041067,Station Bismarckstr. closed due to safety inspection.,2026-09-07 20:20:00,0
closure,cl_20,during,0.9857482133679206,1.139392015960883,-31.530799785679942,Station Bismarckstr. closed due to safety inspection.,2026-09-07 20:20:00,0
closure,cl_20,post1,0.0004079555351657048,0.08779343480577886,7.746196883173684,Station Bismarckstr. closed due to safety inspection.,2026-09-07 20:20:00,0
closure,cl_20,post2,0.0004236159609004904,0.08683583685248876,0.47350654040547724,Station Bismarckstr. closed due to safety inspection.,2026-09-07 20:20:00,0
closure,cl_21,pre3,0.0008736596280458512,0.08679049601655969,1.4690104802405735,Line U6 suspended on a section between Kaiserin-Augusta-Str. and Platz der Luftbrücke due to track maintenance.,2026-09-14 10:45:00,0
closure,cl_21,pre2,-0.006755149088984677,0.08705514742615507,-0.6327926464542388,Line U6 suspended on a section between Kaiserin-Augusta-Str. and Platz der Luftbrücke due to track maintenance.,2026-09-14 10:45:00,0
closure,cl_21,pre1,-0.0003555366884373957,0.0868726959075551,-23.99607219942419,Line U6 suspended on a section between Kaiserin-Augusta-Str. and Platz der Luftbrücke due to track maintenance.,2026-09-14 10:45:00,0
closure,cl_21,during,1.2438490650920637,0.5747881900467188,-11.368718115581855,Line U6 suspended on a section between Kaiserin-Augusta-Str. and Platz der Luftbrücke due to track maintenance.,2026-09-14 10:45:00,0
closure,cl_21,post1,-0.002460588730107813,0.08766347621178086,7.437565021710157,Line U6 suspended on a section between Kaiserin-Augusta-Str. and Platz der Luftbrücke due to track maintenance.,2026-09-14 10:45:00,0
closure,cl_21,post2,-0.0042680411549133965,0.08671218804102301,0.0032233648398882764,Line U6 suspended on a section between Kaiserin-Augusta-Str. and Platz der Luftbrücke due to track maintenance.,2026-09-14 10:45:00,0
closure,cl_22,pre3,-0.001288668659895502,0.0867904960165597,1.249838215122101,Line U7 suspended on a section between Siemensdamm and Altstadt Spandau due to power system maintenance.,2026-09-14 23:15:00,0
closure,cl_22,pre2,0.005231277905763602,0.08705514742615507,0.5654320001330815,Line U7 suspended on a section between Siemensdamm and Altstadt Spandau due to power system maintenance.,2026-09-14 23:15:00,0
closure,cl_22,pre1,0.008273004235086583,0.08687269590755513,-23.337431731336455,Line U7 suspended on a section between Siemensdamm and Altstadt Spandau due to power system maintenance.,2026-09-14 23:15:00,0
closure,cl_22,during,-0.27515616801015047,0.942493669934333,-80.595992228994,Line U7 suspended on a section between Siemensdamm and Altstadt Spandau due to power system maintenance.,2026-09-14 23:15:00,0
closure,cl_22,post1,0.0,0.0879317109250153,7.702250190519888,Line U7 suspended on a section between Siemensdamm and Altstadt Spandau due to power system maintenance.,2026-09-14 23:15:00,0
closure,cl_22,post2,0.0,0.08696941587935457,0.43095337312408777,Line U7 suspended on a section between Siemensdamm and Altstadt Spandau due to power system maintenance.,2026-09-14 23:15:00,0
closure,cl_23,pre3,-0.009527802400526447,0.0867904960165597,0.4190544259166984,Line U3 suspended on a section between Oskar-Helene-Heim and Krumme Lanke due to safety inspection.,2026-09-18 11:00:00,0
closure,cl_23,pre2,0.0021947950412013915,0.08705514742615507,0.2605299383126036,Line U3 suspended on a section between Oskar-Helene-Heim and Krumme Lanke due to safety inspection.,2026-09-18 11:00:00,0
closure,cl_23,pre1,0.0019169159499604724,0.08687269590755513,-23.823160480729754,Line U3 suspended on a section between Oskar-Helene-Heim and Krumme Lanke due to safety inspection.,2026-09-18 11:00:00,0
closure,cl_23,during,1.4986701781082408,0.6125646364347422,14.354809263875712,Line U3 suspended on a section between Oskar-Helene-Heim and Krumme Lanke due to safety inspection.,2026-09-18 11:00:00,0
closure,cl_23,post1,-0.0004167713665484909,0.08766347621178086,7.657372329081058,Line U3 suspended on a section between Oskar-Helene-Heim and Krumme Lanke due to safety inspection.,2026-09-18 11:00:00,0
closure,cl_23,post2,0.0016596004276976854,0.0867107165312983,0.5977670100002275,Line U3 suspended on a section between Oskar-Helene-Heim and Krumme Lanke due to safety inspection.,2026-09-18 11:00:00,0
closure,cl_24,pre3,0.0,0.08705116570843897,1.380399815702571,Station Turmstr. closed due to signal upgrades.,2026-09-20 05:10:00,0
closure,cl_24,pre2,0.0,0.08731895547626581,0.040719931569865864,Station Turmstr. closed due to signal upgrades.,2026-09-20 05:10:00,0
closure,cl_24,pre1,-0.0028969523820305495,0.08700026076494588,-24.188984535260673,Station Turmstr. closed due to signal upgrades.,2026-09-20 05:10:00,0
closure,cl_24,during,-2.5144288939126875,0.7589888612902639,-97.93277546144833,Station Turmstr. closed due to signal upgrades.,2026-09-20 05:10:00,0
closure,cl_24,post1,0.00038929005372613274,0.08779343480577885,7.744185767304845,Station Turmstr. closed due to signal upgrades.,2026-09-20 05:10:00,0
closure,cl_24,post2,0.00011311862350753897,0.08683583685248876,0.44231462689978684,Station Turmstr. closed due to signal upgrades.,2026-09-20 05:10:00,0
closure,cl_25,pre3,0.002071642934833282,0.0867904960165597,1.5906415023724918,Line U1 suspended on a section between Hallesches Tor and Schlesisches Tor due to switch replacement.,2026-09-21 18:00:00,0
closure,cl_25,pre2,0.002981413375530185,0.08705514742615507,0.33942773653061753,Line U1 suspended on a section between Hallesches Tor and Schlesisches Tor due to switch replacement.,2026-09-21 18:00:00,0
closure,cl_25,pre1,0.0017547102161354225,0.08687269590755511,-23.83551579880564,Line U1 suspended on a section between Hallesches Tor and Schlesisches Tor due to switch replacement.,2026-09-21 18:00:00,0
closure,cl_25,during,1.3017324251620956,0.6680611615949535,-6.0870561361136115,Line U1 suspended on a section between Hallesches Tor and Schlesisches Tor due to switch replacement.,2026-09-21 18:00:00,0
closure,cl_25,post1,0.003187512944572832,0.08766347621178087,8.046100229253362,Line U1 suspended on a section between Hallesches Tor and Schlesisches Tor due to switch replacement.,2026-09-21 18:00:00,0
closure,cl_25,post2,-0.0024217249168299437,0.08671071653129832,0.18803149462542912,Line U1 suspended on a section between Hallesches Tor and Schlesisches Tor due to switch replacement.,2026-09-21 18:00:00,0
