closure_id,kind,station_name,role,timestamp,passengers,expected,q10,q90,slot_mean,b_q90,in80,above_q90,below_q10,baseline_above_q90
0,line_section,U Krumme Lanke (Berlin),endpoint_or_interchange,2026-06-15 08:00:00,318,178.5194549560547,20.585355758666992,435.19549560546875,185.20689655172413,496.80000000000007,True,False,False,False
0,line_section,U Krumme Lanke (Berlin),endpoint_or_interchange,2026-06-15 08:15:00,313,186.77871704101562,22.03050994873047,449.94012451171875,194.24561403508773,496.80000000000007,True,False,False,False
0,line_section,U Krumme Lanke (Berlin),endpoint_or_interchange,2026-06-15 08:30:00,131,168.93359375,18.85236358642578,412.6882019042969,178.9298245614035,496.80000000000007,True,False,False,False
0,line_section,U Krumme Lanke (Berlin),endpoint_or_interchange,2026-06-15 08:45:00,0,235.16757202148438,31.887310028076172,498.1148986816406,246.64912280701753,496.80000000000007,False,False,True,False
0,line_section,U Krumme Lanke (Berlin),endpoint_or_interchange,2026-06-15 09:00:00,117,159.46522521972656,17.545265197753906,386.9315490722656,172.56140350877192,365.0,True,False,False,False
0,line_section,U Krumme Lanke (Berlin),endpoint_or_interchange,2026-06-15 09:15:00,50,148.32989501953125,15.89877700805664,353.29400634765625,163.20689655172413,365.0,True,False,False,False
0,line_section,U Krumme Lanke (Berlin),endpoint_or_interchange,2026-06-15 09:30:00,9,105.84408569335938,10.846048355102539,244.95191955566406,113.72413793103448,365.0,False,False,True,False
0,line_section,U Krumme Lanke (Berlin),endpoint_or_interchange,2026-06-15 09:45:00,57,110.32450103759766,11.290755271911621,254.93038940429688,121.10344827586206,365.0,True,False,False,False
0,line_section,U Krumme Lanke (Berlin),endpoint_or_interchange,2026-06-15 10:00:00,53,107.5628433227539,11.067777633666992,247.83157348632812,121.44827586206897,191.0,True,False,False,False
0,line_section,U Krumme Lanke (Berlin),endpoint_or_interchange,2026-06-15 10:15:00,9,68.3755111694336,6.652756214141846,155.11431884765625,74.15517241379311,191.0,True,False,False,False
0,line_section,U Onkel Toms Hütte (Berlin),closed_unserved,2026-06-15 08:00:00,185,223.82916259765625,29.8314266204834,490.06378173828125,227.98275862068965,500.0,True,False,False,False
0,line_section,U Onkel Toms Hütte (Berlin),closed_unserved,2026-06-15 08:15:00,65,201.3193359375,25.18937873840332,469.91754150390625,207.78947368421052,500.0,True,False,False,False
0,line_section,U Onkel Toms Hütte (Berlin),closed_unserved,2026-06-15 08:30:00,500,164.1566925048828,17.899324417114258,400.8923645019531,173.47368421052633,500.0,False,True,False,False
0,line_section,U Onkel Toms Hütte (Berlin),closed_unserved,2026-06-15 08:45:00,207,170.46714782714844,19.274137496948242,416.081787109375,181.35087719298247,500.0,True,False,False,False
0,line_section,U Onkel Toms Hütte (Berlin),closed_unserved,2026-06-15 09:00:00,40,138.75009155273438,14.312009811401367,329.8834228515625,149.40350877192984,326.0,True,False,False,False
0,line_section,U Onkel Toms Hütte (Berlin),closed_unserved,2026-06-15 09:15:00,152,133.76165771484375,13.816645622253418,315.7294006347656,146.06896551724137,326.0,True,False,False,False
0,line_section,U Onkel Toms Hütte (Berlin),closed_unserved,2026-06-15 09:30:00,41,118.47654724121094,12.14859676361084,275.0881042480469,128.24137931034483,326.0,True,False,False,False
0,line_section,U Onkel Toms Hütte (Berlin),closed_unserved,2026-06-15 09:45:00,0,100.99104309082031,10.320921897888184,233.815673828125,110.06896551724138,326.0,False,False,True,False
0,line_section,U Onkel Toms Hütte (Berlin),closed_unserved,2026-06-15 10:00:00,3,79.51686096191406,8.031235694885254,181.57647705078125,87.34482758620689,157.60000000000014,False,False,True,False
0,line_section,U Onkel Toms Hütte (Berlin),closed_unserved,2026-06-15 10:15:00,201,78.89836883544922,7.948429584503174,179.9827117919922,87.55172413793103,157.60000000000014,False,True,False,True
0,line_section,U Freie Universität (Thielplatz) (Berlin),hop1,2026-06-15 08:00:00,111,210.76724243164062,27.035449981689453,480.9635314941406,214.77586206896552,501.0,True,False,False,False
0,line_section,U Freie Universität (Thielplatz) (Berlin),hop1,2026-06-15 08:15:00,67,203.62893676757812,25.555578231811523,473.1591491699219,210.21052631578948,501.0,True,False,False,False
0,line_section,U Freie Universität (Thielplatz) (Berlin),hop1,2026-06-15 08:30:00,336,227.07351684570312,30.455204010009766,493.8677673339844,236.9298245614035,501.0,True,False,False,False
0,line_section,U Freie Universität (Thielplatz) (Berlin),hop1,2026-06-15 08:45:00,185,172.1230926513672,19.517702102661133,420.6025085449219,182.6140350877193,501.0,True,False,False,False
0,line_section,U Freie Universität (Thielplatz) (Berlin),hop1,2026-06-15 09:00:00,155,155.56666564941406,16.873262405395508,375.99365234375,168.96491228070175,356.0,True,False,False,False
0,line_section,U Freie Universität (Thielplatz) (Berlin),hop1,2026-06-15 09:15:00,493,141.9335174560547,14.909476280212402,337.1859436035156,155.68965517241378,356.0,False,True,False,True
0,line_section,U Freie Universität (Thielplatz) (Berlin),hop1,2026-06-15 09:30:00,231,121.65837860107422,12.463091850280762,282.6213684082031,132.05172413793105,356.0,True,False,False,False
0,line_section,U Freie Universität (Thielplatz) (Berlin),hop1,2026-06-15 09:45:00,53,109.65137481689453,11.188413619995117,253.40737915039062,120.77586206896552,356.0,True,False,False,False
0,line_section,U Freie Universität (Thielplatz) (Berlin),hop1,2026-06-15 10:00:00,94,72.57866668701172,7.1629791259765625,164.8907012939453,78.8103448275862,158.2000000000001,True,False,False,False
0,line_section,U Freie Universität (Thielplatz) (Berlin),hop1,2026-06-15 10:15:00,51,81.4437484741211,8.232844352722168,186.04673767089844,90.39655172413794,158.2000000000001,True,False,False,False
0,line_section,U Oskar-Helene-Heim (Berlin),endpoint_or_interchange,2026-06-15 08:00:00,38,251.067626953125,34.21271896362305,504.68487548828125,267.7068965517241,500.0,True,False,False,False
0,line_section,U Oskar-Helene-Heim (Berlin),endpoint_or_interchange,2026-06-15 08:15:00,500,211.20184326171875,27.01894187927246,480.62615966796875,217.89473684210526,500.0,False,True,False,False
0,line_section,U Oskar-Helene-Heim (Berlin),endpoint_or_interchange,2026-06-15 08:30:00,200,220.59117126464844,29.327411651611328,488.903076171875,229.12280701754386,500.0,True,False,False,False
0,line_section,U Oskar-Helene-Heim (Berlin),endpoint_or_interchange,2026-06-15 08:45:00,34,166.6162109375,18.57624053955078,406.7749328613281,177.52631578947367,500.0,True,False,False,False
0,line_section,U Oskar-Helene-Heim (Berlin),endpoint_or_interchange,2026-06-15 09:00:00,147,176.65093994140625,20.790828704833984,428.9595031738281,190.89473684210526,334.0,True,False,False,False
0,line_section,U Oskar-Helene-Heim (Berlin),endpoint_or_interchange,2026-06-15 09:15:00,83,151.67910766601562,16.466615676879883,362.7920227050781,166.63793103448276,334.0,True,False,False,False
0,line_section,U Oskar-Helene-Heim (Berlin),endpoint_or_interchange,2026-06-15 09:30:00,34,105.893310546875,10.790464401245117,244.95401000976562,114.03448275862068,334.0,True,False,False,False
0,line_section,U Oskar-Helene-Heim (Berlin),endpoint_or_interchange,2026-06-15 09:45:00,61,97.19673919677734,9.917512893676758,225.01611328125,105.91379310344827,334.0,True,False,False,False
0,line_section,U Oskar-Helene-Heim (Berlin),endpoint_or_interchange,2026-06-15 10:00:00,74,88.47506713867188,9.04032039642334,202.4334259033203,98.34482758620689,149.40000000000003,True,False,False,False
0,line_section,U Oskar-Helene-Heim (Berlin),endpoint_or_interchange,2026-06-15 10:15:00,46,68.83514404296875,6.736535549163818,156.1305694580078,75.01724137931035,149.40000000000003,True,False,False,False
0,line_section,U Dahlem-Dorf (Berlin),hop2,2026-06-15 08:00:00,154,226.97573852539062,30.39647674560547,493.0716247558594,232.13793103448276,504.0,True,False,False,False
0,line_section,U Dahlem-Dorf (Berlin),hop2,2026-06-15 08:15:00,224,221.1815948486328,29.04442024230957,489.3365173339844,228.01754385964912,504.0,True,False,False,False
0,line_section,U Dahlem-Dorf (Berlin),hop2,2026-06-15 08:30:00,17,196.58230590820312,24.3548526763916,465.6204528808594,204.96491228070175,504.0,False,False,True,False
0,line_section,U Dahlem-Dorf (Berlin),hop2,2026-06-15 08:45:00,176,179.1576385498047,20.911569595336914,435.8832092285156,190.8421052631579,504.0,True,False,False,False
0,line_section,U Dahlem-Dorf (Berlin),hop2,2026-06-15 09:00:00,149,163.7039031982422,18.295337677001953,397.7135314941406,177.24561403508773,391.0,True,False,False,False
0,line_section,U Dahlem-Dorf (Berlin),hop2,2026-06-15 09:15:00,21,130.84840393066406,13.419254302978516,308.1733703613281,142.1551724137931,391.0,True,False,False,False
0,line_section,U Dahlem-Dorf (Berlin),hop2,2026-06-15 09:30:00,33,153.4863739013672,16.77647590637207,367.1756591796875,171.0344827586207,391.0,True,False,False,False
0,line_section,U Dahlem-Dorf (Berlin),hop2,2026-06-15 09:45:00,54,111.46537017822266,11.406773567199707,257.33489990234375,122.08620689655173,391.0,True,False,False,False
0,line_section,U Dahlem-Dorf (Berlin),hop2,2026-06-15 10:00:00,15,81.5298843383789,8.225082397460938,186.2111053466797,89.82758620689656,174.2000000000001,True,False,False,False
0,line_section,U Dahlem-Dorf (Berlin),hop2,2026-06-15 10:15:00,19,58.52445602416992,5.505660533905029,133.09524536132812,63.05172413793103,174.2000000000001,True,False,False,False
1,station,S+U Alexanderplatz Bhf (Berlin),hop1,2026-06-15 12:30:00,29,6.549854755401611,0.0,17.044082641601562,8.107142857142858,22.30000000000001,False,True,False,True
1,station,S+U Alexanderplatz Bhf (Berlin),hop1,2026-06-15 12:45:00,6,6.81771993637085,0.0,17.81302833557129,8.285714285714286,22.30000000000001,True,False,False,False
1,station,S+U Alexanderplatz Bhf (Berlin),hop1,2026-06-15 13:00:00,4,6.44218111038208,0.0,16.639713287353516,7.9298245614035086,34.900000000000006,True,False,False,False
1,station,S+U Alexanderplatz Bhf (Berlin),hop1,2026-06-15 13:15:00,10,9.556740760803223,0.178050696849823,24.22879409790039,11.385964912280702,34.900000000000006,True,False,False,False
1,station,S+U Jannowitzbrücke (Berlin),hop2,2026-06-15 12:30:00,0,5.678971767425537,0.0,14.504398345947266,7.017857142857143,20.600000000000023,True,False,False,False
1,station,S+U Jannowitzbrücke (Berlin),hop2,2026-06-15 12:45:00,4,6.0532355308532715,0.0,15.476725578308105,7.410714285714286,20.600000000000023,True,False,False,False
1,station,S+U Jannowitzbrücke (Berlin),hop2,2026-06-15 13:00:00,8,9.26163101196289,0.19082003831863403,23.425939559936523,11.035087719298245,44.900000000000006,True,False,False,False
1,station,S+U Jannowitzbrücke (Berlin),hop2,2026-06-15 13:15:00,1,11.25209903717041,0.42205315828323364,28.284563064575195,13.473684210526315,44.900000000000006,True,False,False,False
1,station,U Klosterstr. (Berlin),hop2,2026-06-15 12:30:00,0,7.750915050506592,0.027230381965637207,20.15106773376465,9.160714285714286,21.0,False,False,True,False
1,station,U Klosterstr. (Berlin),hop2,2026-06-15 12:45:00,20,6.0062384605407715,0.0,15.307541847229004,7.339285714285714,21.0,False,True,False,False
1,station,U Klosterstr. (Berlin),hop2,2026-06-15 13:00:00,8,7.623854637145996,0.022807180881500244,19.590654373168945,9.070175438596491,38.900000000000006,True,False,False,False
1,station,U Klosterstr. (Berlin),hop2,2026-06-15 13:15:00,3,11.825940132141113,0.49277088046073914,29.631677627563477,14.24561403508772,38.900000000000006,True,False,False,False
1,station,U Rosa-Luxemburg-Platz (Berlin),hop2,2026-06-15 12:30:00,4,4.8034257888793945,0.0,12.674756050109863,5.892857142857143,20.30000000000001,True,False,False,False
1,station,U Rosa-Luxemburg-Platz (Berlin),hop2,2026-06-15 12:45:00,22,6.058106899261475,0.0,15.474751472473145,7.428571428571429,20.30000000000001,False,True,False,True
1,station,U Rosa-Luxemburg-Platz (Berlin),hop2,2026-06-15 13:00:00,4,5.936925411224365,0.0,15.072670936584473,7.315789473684211,33.900000000000006,True,False,False,False
1,station,U Rosa-Luxemburg-Platz (Berlin),hop2,2026-06-15 13:15:00,15,11.684690475463867,0.4701460599899292,29.35336685180664,14.192982456140351,33.900000000000006,True,False,False,False
1,station,U Schillingstr. (Berlin),closed_unserved,2026-06-15 12:30:00,0,5.324491024017334,0.0,13.731472969055176,6.517857142857143,21.30000000000001,True,False,False,False
1,station,U Schillingstr. (Berlin),closed_unserved,2026-06-15 12:45:00,0,6.752281188964844,0.0,17.457969665527344,8.035714285714286,21.30000000000001,True,False,False,False
1,station,U Schillingstr. (Berlin),closed_unserved,2026-06-15 13:00:00,0,10.299397468566895,0.30654656887054443,25.992517471313477,12.210526315789474,33.0,False,False,True,False
1,station,U Schillingstr. (Berlin),closed_unserved,2026-06-15 13:15:00,0,7.151943206787109,0.0,18.294246673583984,8.491228070175438,33.0,True,False,False,False
1,station,U Rotes Rathaus (Berlin),hop2,2026-06-15 12:30:00,6,5.43226432800293,0.0,13.99243450164795,6.714285714285714,19.0,True,False,False,False
1,station,U Rotes Rathaus (Berlin),hop2,2026-06-15 12:45:00,20,5.319211483001709,0.0,13.69703483581543,6.517857142857143,19.0,False,True,False,True
1,station,U Rotes Rathaus (Berlin),hop2,2026-06-15 13:00:00,0,8.876972198486328,0.15032652020454407,22.596418380737305,10.473684210526315,40.900000000000006,False,False,True,False
1,station,U Rotes Rathaus (Berlin),hop2,2026-06-15 13:15:00,9,10.60117244720459,0.3510155975818634,26.73048973083496,12.508771929824562,40.900000000000006,True,False,False,False
1,station,U Weinmeisterstr. (Berlin),hop2,2026-06-15 12:30:00,4,6.679535388946533,0.0,17.35802459716797,8.035714285714286,21.0,True,False,False,False
1,station,U Weinmeisterstr. (Berlin),hop2,2026-06-15 12:45:00,0,6.020309925079346,0.0,15.372614860534668,7.446428571428571,21.0,True,False,False,False
1,station,U Weinmeisterstr. (Berlin),hop2,2026-06-15 13:00:00,1,9.605799674987793,0.22897014021873474,24.208740234375,11.596491228070175,36.900000000000006,True,False,False,False
1,station,U Weinmeisterstr. (Berlin),hop2,2026-06-15 13:15:00,0,11.400967597961426,0.43091246485710144,28.622251510620117,13.719298245614034,36.900000000000006,False,False,True,False
1,station,U Strausberger Platz (Berlin),hop1,2026-06-15 12:30:00,3,6.988748550415039,0.0,18.10052490234375,8.25,24.0,True,False,False,False
1,station,U Strausberger Platz (Berlin),hop1,2026-06-15 12:45:00,2,7.978888988494873,0.06340751051902771,20.620914459228516,9.285714285714286,24.0,True,False,False,False
1,station,U Strausberger Platz (Berlin),hop1,2026-06-15 13:00:00,5,11.432771682739258,0.4314107894897461,28.80213737487793,13.578947368421053,38.900000000000006,True,False,False,False
1,station,U Strausberger Platz (Berlin),hop1,2026-06-15 13:15:00,2,12.794946670532227,0.6005538702011108,32.03083038330078,15.385964912280702,38.900000000000006,True,False,False,False
1,station,U Weberwiese (Berlin),hop2,2026-06-15 12:30:00,3,5.441047668457031,0.0,13.998839378356934,6.678571428571429,19.0,True,False,False,False
1,station,U Weberwiese (Berlin),hop2,2026-06-15 12:45:00,0,8.178793907165527,0.08764882385730743,21.100074768066406,9.678571428571429,19.0,False,False,True,False
1,station,U Weberwiese (Berlin),hop2,2026-06-15 13:00:00,5,9.057877540588379,0.16773033142089844,23.004663467407227,10.649122807017545,41.900000000000006,True,False,False,False
1,station,U Weberwiese (Berlin),hop2,2026-06-15 13:15:00,5,11.753955841064453,0.48101264238357544,29.545047760009766,14.017543859649123,41.900000000000006,True,False,False,False
2,line_section,S+U Zoologischer Garten Bhf (Berlin),hop2,2026-06-23 21:00:00,562,188.18157958984375,18.796968460083008,444.1840515136719,199.0701754385965,357.1000000000001,False,True,False,True
2,line_section,S+U Zoologischer Garten Bhf (Berlin),hop2,2026-06-23 21:15:00,139,183.23471069335938,18.31830406188965,432.39715576171875,195.7719298245614,357.1000000000001,True,False,False,False
2,line_section,S+U Zoologischer Garten Bhf (Berlin),hop2,2026-06-23 21:30:00,55,121.70233154296875,12.587634086608887,278.971923828125,126.35087719298245,357.1000000000001,True,False,False,False
2,line_section,S+U Zoologischer Garten Bhf (Berlin),hop2,2026-06-23 21:45:00,558,122.28363800048828,12.673039436340332,279.9101257324219,127.47368421052632,357.1000000000001,False,True,False,True
2,line_section,S+U Zoologischer Garten Bhf (Berlin),hop2,2026-06-23 22:00:00,472,75.6397476196289,7.936652660369873,170.87435913085938,77.73684210526316,132.3,False,True,False,True
2,line_section,S+U Zoologischer Garten Bhf (Berlin),hop2,2026-06-23 22:15:00,24,63.88615417480469,6.686858654022217,143.88124084472656,65.45614035087719,132.3,True,False,False,False
2,line_section,S+U Zoologischer Garten Bhf (Berlin),hop2,2026-06-23 22:30:00,46,43.463653564453125,4.42427396774292,99.4595718383789,45.85964912280702,132.3,True,False,False,False
2,line_section,S+U Zoologischer Garten Bhf (Berlin),hop2,2026-06-23 22:45:00,31,38.174251556396484,3.839369297027588,87.9332504272461,41.1578947368421,132.3,True,False,False,False
2,line_section,S+U Zoologischer Garten Bhf (Berlin),hop2,2026-06-23 23:00:00,12,24.720783233642578,2.2247238159179688,56.61947250366211,29.310344827586206,47.900000000000006,True,False,False,False
2,line_section,S+U Zoologischer Garten Bhf (Berlin),hop2,2026-06-23 23:15:00,19,18.699337005615234,1.3550955057144165,44.092735290527344,22.189655172413794,47.900000000000006,True,False,False,False
2,line_section,S+U Zoologischer Garten Bhf (Berlin),hop2,2026-06-23 23:30:00,3,18.987316131591797,1.387593150138855,44.659725189208984,23.275862068965516,47.900000000000006,True,False,False,False
2,line_section,S+U Zoologischer Garten Bhf (Berlin),hop2,2026-06-23 23:45:00,14,9.878844261169434,0.28148114681243896,24.577499389648438,11.482758620689655,47.900000000000006,True,False,False,False
2,line_section,U Augsburger Str. (Berlin),hop1,2026-06-23 21:00:00,78,209.10693359375,21.710250854492188,489.6701965332031,212.66666666666666,393.50000000000006,True,False,False,False
2,line_section,U Augsburger Str. (Berlin),hop1,2026-06-23 21:15:00,1,219.81997680664062,23.168407440185547,511.3982238769531,223.1578947368421,393.50000000000006,False,False,True,False
2,line_section,U Augsburger Str. (Berlin),hop1,2026-06-23 21:30:00,17,144.94320678710938,14.990360260009766,335.0638732910156,150.19298245614036,393.50000000000006,True,False,False,False
2,line_section,U Augsburger Str. (Berlin),hop1,2026-06-23 21:45:00,22,125.7306900024414,13.309952735900879,287.5996398925781,128.80701754385964,393.50000000000006,True,False,False,False
2,line_section,U Augsburger Str. (Berlin),hop1,2026-06-23 22:00:00,0,69.51283264160156,7.562823295593262,156.20172119140625,69.75438596491227,131.10000000000008,False,False,True,False
2,line_section,U Augsburger Str. (Berlin),hop1,2026-06-23 22:15:00,62,61.26382064819336,6.604170799255371,138.1512908935547,61.56140350877193,131.10000000000008,True,False,False,False
2,line_section,U Augsburger Str. (Berlin),hop1,2026-06-23 22:30:00,107,51.05868911743164,5.424284934997559,115.99678039550781,52.10526315789474,131.10000000000008,True,False,False,False
2,line_section,U Augsburger Str. (Berlin),hop1,2026-06-23 22:45:00,12,43.662986755371094,4.6287150382995605,99.52753448486328,45.6140350877193,131.10000000000008,True,False,False,False
2,line_section,U Augsburger Str. (Berlin),hop1,2026-06-23 23:00:00,17,28.38982391357422,2.8227765560150146,64.36244201660156,32.60344827586207,54.80000000000001,True,False,False,False
2,line_section,U Augsburger Str. (Berlin),hop1,2026-06-23 23:15:00,11,18.282508850097656,1.3683079481124878,43.09040069580078,20.775862068965516,54.80000000000001,True,False,False,False
2,line_section,U Augsburger Str. (Berlin),hop1,2026-06-23 23:30:00,22,15.292092323303223,0.9736643433570862,36.660797119140625,17.5,54.80000000000001,True,False,False,False
2,line_section,U Augsburger Str. (Berlin),hop1,2026-06-23 23:45:00,8,8.626367568969727,0.15777862071990967,21.847076416015625,9.448275862068966,54.80000000000001,True,False,False,False
2,line_section,U Kurfürstendamm (Berlin),hop1,2026-06-23 21:00:00,486,266.61199951171875,27.07831573486328,604.474365234375,280.12280701754383,431.3000000000001,True,False,False,True
2,line_section,U Kurfürstendamm (Berlin),hop1,2026-06-23 21:15:00,179,172.9371795654297,17.174055099487305,408.5791320800781,184.56140350877192,431.3000000000001,True,False,False,False
2,line_section,U Kurfürstendamm (Berlin),hop1,2026-06-23 21:30:00,42,157.9844207763672,15.9258394241333,371.6181945800781,170.03508771929825,431.3000000000001,True,False,False,False
2,line_section,U Kurfürstendamm (Berlin),hop1,2026-06-23 21:45:00,99,123.91661071777344,12.972442626953125,283.6265869140625,129.5438596491228,431.3000000000001,True,False,False,False
2,line_section,U Kurfürstendamm (Berlin),hop1,2026-06-23 22:00:00,122,90.06947326660156,9.860746383666992,204.76300048828125,94.96491228070175,172.50000000000006,True,False,False,False
2,line_section,U Kurfürstendamm (Berlin),hop1,2026-06-23 22:15:00,31,83.75660705566406,9.224794387817383,189.18856811523438,88.08771929824562,172.50000000000006,True,False,False,False
2,line_section,U Kurfürstendamm (Berlin),hop1,2026-06-23 22:30:00,27,65.74003601074219,7.187626361846924,147.6212158203125,69.19298245614036,172.50000000000006,True,False,False,False
2,line_section,U Kurfürstendamm (Berlin),hop1,2026-06-23 22:45:00,5,39.06774139404297,4.086946487426758,89.4645004272461,41.92982456140351,172.50000000000006,True,False,False,False
2,line_section,U Kurfürstendamm (Berlin),hop1,2026-06-23 23:00:00,7,36.17345428466797,3.818666934967041,83.22792053222656,43.08620689655172,81.70000000000002,True,False,False,False
2,line_section,U Kurfürstendamm (Berlin),hop1,2026-06-23 23:15:00,3,31.527057647705078,3.2236642837524414,72.16966247558594,38.36206896551724,81.70000000000002,False,False,True,False
2,line_section,U Kurfürstendamm (Berlin),hop1,2026-06-23 23:30:00,7,20.88041877746582,1.76756751537323,48.26763916015625,25.655172413793103,81.70000000000002,True,False,False,False
2,line_section,U Kurfürstendamm (Berlin),hop1,2026-06-23 23:45:00,0,13.218086242675781,0.7298116683959961,32.0600471496582,15.758620689655173,81.70000000000002,False,False,True,False
2,line_section,U Uhlandstr. (Berlin),hop2,2026-06-23 21:00:00,44,165.1083984375,16.722864151000977,390.75885009765625,171.10526315789474,326.7000000000001,True,False,False,False
2,line_section,U Uhlandstr. (Berlin),hop2,2026-06-23 21:15:00,202,175.77784729003906,17.75535774230957,415.2286682128906,182.66666666666666,326.7000000000001,True,False,False,False
2,line_section,U Uhlandstr. (Berlin),hop2,2026-06-23 21:30:00,36,132.20909118652344,13.737103462219238,304.80377197265625,135.03508771929825,326.7000000000001,True,False,False,False
2,line_section,U Uhlandstr. (Berlin),hop2,2026-06-23 21:45:00,202,88.98863220214844,9.410566329956055,203.23077392578125,86.6842105263158,326.7000000000001,True,False,False,False
2,line_section,U Uhlandstr. (Berlin),hop2,2026-06-23 22:00:00,3,91.77389526367188,9.834775924682617,209.28659057617188,93.98245614035088,124.0,False,False,True,False
2,line_section,U Uhlandstr. (Berlin),hop2,2026-06-23 22:15:00,20,53.59199142456055,5.523763179779053,121.51837921142578,53.40350877192982,124.0,True,False,False,False
2,line_section,U Uhlandstr. (Berlin),hop2,2026-06-23 22:30:00,3,36.753684997558594,3.722832679748535,84.56647491455078,37.80701754385965,124.0,False,False,True,False
2,line_section,U Uhlandstr. (Berlin),hop2,2026-06-23 22:45:00,64,27.2542781829834,2.5187134742736816,62.70458984375,28.43859649122807,124.0,False,True,False,False
2,line_section,U Uhlandstr. (Berlin),hop2,2026-06-23 23:00:00,5,18.330947875976562,1.3714327812194824,43.39731216430664,20.82758620689655,36.0,True,False,False,False
2,line_section,U Uhlandstr. (Berlin),hop2,2026-06-23 23:15:00,11,19.03996467590332,1.43645441532135,44.80657196044922,21.862068965517242,36.0,True,False,False,False
2,line_section,U Uhlandstr. (Berlin),hop2,2026-06-23 23:30:00,48,12.044290542602539,0.5487775206565857,29.696632385253906,13.39655172413793,36.0,False,True,False,True
2,line_section,U Uhlandstr. (Berlin),hop2,2026-06-23 23:45:00,4,9.218989372253418,0.2149600088596344,23.194072723388672,10.137931034482758,36.0,True,False,False,False
2,line_section,U Adenauerplatz (Berlin),hop2,2026-06-23 21:00:00,1,98.71369934082031,10.071369171142578,229.1455841064453,95.54385964912281,170.20000000000005,False,False,True,False
2,line_section,U Adenauerplatz (Berlin),hop2,2026-06-23 21:15:00,69,73.68148040771484,7.4564056396484375,168.94740295410156,69.98245614035088,170.20000000000005,True,False,False,False
2,line_section,U Adenauerplatz (Berlin),hop2,2026-06-23 21:30:00,13,65.38851928710938,6.536872863769531,148.79476928710938,62.1578947368421,170.20000000000005,True,False,False,False
2,line_section,U Adenauerplatz (Berlin),hop2,2026-06-23 21:45:00,18,49.201072692871094,4.812527179718018,112.4918441772461,46.666666666666664,170.20000000000005,True,False,False,False
2,line_section,U Adenauerplatz (Berlin),hop2,2026-06-23 22:00:00,24,48.991729736328125,4.834916591644287,111.69200897216797,48.03508771929825,64.20000000000005,True,False,False,False
2,line_section,U Adenauerplatz (Berlin),hop2,2026-06-23 22:15:00,2,29.87693214416504,2.7273004055023193,69.15599822998047,30.54385964912281,64.20000000000005,False,False,True,False
2,line_section,U Adenauerplatz (Berlin),hop2,2026-06-23 22:30:00,48,20.74006462097168,1.5860345363616943,48.73456954956055,22.017543859649123,64.20000000000005,True,False,False,False
2,line_section,U Adenauerplatz (Berlin),hop2,2026-06-23 22:45:00,17,15.484781265258789,0.9830745458602905,37.17251968383789,16.403508771929825,64.20000000000005,True,False,False,False
2,line_section,U Adenauerplatz (Berlin),hop2,2026-06-23 23:00:00,3,8.492225646972656,0.15125995874404907,21.54003143310547,9.120689655172415,21.0,True,False,False,False
2,line_section,U Adenauerplatz (Berlin),hop2,2026-06-23 23:15:00,12,7.877442836761475,0.054871439933776855,20.136449813842773,8.46551724137931,21.0,True,False,False,False
2,line_section,U Adenauerplatz (Berlin),hop2,2026-06-23 23:30:00,0,8.517812728881836,0.13697445392608643,21.629806518554688,9.39655172413793,21.0,False,False,True,False
2,line_section,U Adenauerplatz (Berlin),hop2,2026-06-23 23:45:00,0,5.07885217666626,0.0,13.261250495910645,5.5344827586206895,21.0,True,False,False,False
2,line_section,U Fehrbelliner Platz (Berlin),endpoint_or_interchange,2026-06-23 21:00:00,19,139.78475952148438,14.110115051269531,324.8904724121094,143.01754385964912,260.6,True,False,False,False
2,line_section,U Fehrbelliner Platz (Berlin),endpoint_or_interchange,2026-06-23 21:15:00,9,129.76284790039062,13.109010696411133,300.8743896484375,131.7719298245614,260.6,False,False,True,False
2,line_section,U Fehrbelliner Platz (Berlin),endpoint_or_interchange,2026-06-23 21:30:00,43,89.20091247558594,9.05672836303711,204.67552185058594,86.6140350877193,260.6,True,False,False,False
2,line_section,U Fehrbelliner Platz (Berlin),endpoint_or_interchange,2026-06-23 21:45:00,91,73.44656372070312,7.328037261962891,166.51800537109375,70.52631578947368,260.6,True,False,False,False
2,line_section,U Fehrbelliner Platz (Berlin),endpoint_or_interchange,2026-06-23 22:00:00,2,71.14588928222656,7.115243434906006,160.514404296875,71.89473684210526,102.0,False,False,True,False
2,line_section,U Fehrbelliner Platz (Berlin),endpoint_or_interchange,2026-06-23 22:15:00,8,39.06718444824219,3.7213504314422607,89.79438018798828,40.01754385964912,102.0,True,False,False,False
2,line_section,U Fehrbelliner Platz (Berlin),endpoint_or_interchange,2026-06-23 22:30:00,5,37.50736999511719,3.5165796279907227,86.6467514038086,39.05263157894737,102.0,True,False,False,False
2,line_section,U Fehrbelliner Platz (Berlin),endpoint_or_interchange,2026-06-23 22:45:00,1,27.027557373046875,2.327094316482544,62.545082092285156,28.859649122807017,102.0,False,False,True,False
2,line_section,U Fehrbelliner Platz (Berlin),endpoint_or_interchange,2026-06-23 23:00:00,11,17.02097511291504,1.1148825883865356,40.967533111572266,19.775862068965516,36.900000000000006,True,False,False,False
2,line_section,U Fehrbelliner Platz (Berlin),endpoint_or_interchange,2026-06-23 23:15:00,2,15.528535842895508,0.9058631658554077,37.57685852050781,17.844827586206897,36.900000000000006,True,False,False,False
2,line_section,U Fehrbelliner Platz (Berlin),endpoint_or_interchange,2026-06-23 23:30:00,8,10.183112144470215,0.2813858985900879,25.61178970336914,11.551724137931034,36.900000000000006,True,False,False,False
2,line_section,U Fehrbelliner Platz (Berlin),endpoint_or_interchange,2026-06-23 23:45:00,5,4.921178340911865,0.0,13.078954696655273,5.448275862068965,36.900000000000006,True,False,False,False
2,line_section,U Blissestr. (Berlin),hop1,2026-06-23 21:00:00,122,145.77481079101562,14.98636531829834,339.3837585449219,150.140350877193,265.20000000000005,True,False,False,False
2,line_section,U Blissestr. (Berlin),hop1,2026-06-23 21:15:00,22,116.0946044921875,11.981928825378418,266.669921875,116.26315789473684,265.20000000000005,True,False,False,False
2,line_section,U Blissestr. (Berlin),hop1,2026-06-23 21:30:00,112,115.53895568847656,12.026167869567871,265.14495849609375,115.7719298245614,265.20000000000005,True,False,False,False
2,line_section,U Blissestr. (Berlin),hop1,2026-06-23 21:45:00,95,81.85391235351562,8.4769868850708,186.35330200195312,79.01754385964912,265.20000000000005,True,False,False,False
2,line_section,U Blissestr. (Berlin),hop1,2026-06-23 22:00:00,22,58.81017303466797,5.947558879852295,133.0281219482422,58.59649122807018,104.0,True,False,False,False
2,line_section,U Blissestr. (Berlin),hop1,2026-06-23 22:15:00,109,47.41241455078125,4.80125093460083,108.08602905273438,47.92982456140351,104.0,False,True,False,True
2,line_section,U Blissestr. (Berlin),hop1,2026-06-23 22:30:00,62,41.88787841796875,4.182870388031006,95.7167739868164,43.01754385964912,104.0,True,False,False,False
2,line_section,U Blissestr. (Berlin),hop1,2026-06-23 22:45:00,22,25.702173233032227,2.2633702754974365,59.452083587646484,27.17543859649123,104.0,True,False,False,False
2,line_section,U Blissestr. (Berlin),hop1,2026-06-23 23:00:00,14,20.696197509765625,1.6410095691680908,48.34785842895508,23.93103448275862,34.0,True,False,False,False
2,line_section,U Blissestr. (Berlin),hop1,2026-06-23 23:15:00,20,13.975725173950195,0.7875028252601624,34.00123977661133,15.810344827586206,34.0,True,False,False,False
2,line_section,U Blissestr. (Berlin),hop1,2026-06-23 23:30:00,0,9.931419372558594,0.3049057424068451,24.807315826416016,10.982758620689655,34.0,False,False,True,False
2,line_section,U Blissestr. (Berlin),hop1,2026-06-23 23:45:00,2,9.205078125,0.2225024700164795,23.21306037902832,10.293103448275861,34.0,True,False,False,False
2,line_section,U Konstanzer Str. (Berlin),hop1,2026-06-23 21:00:00,35,121.20756530761719,12.348464012145996,279.1569519042969,120.7719298245614,220.0,True,False,False,False
2,line_section,U Konstanzer Str. (Berlin),hop1,2026-06-23 21:15:00,0,99.03300476074219,10.028172492980957,229.57022094726562,96.70175438596492,220.0,False,False,True,False
2,line_section,U Konstanzer Str. (Berlin),hop1,2026-06-23 21:30:00,256,87.27479553222656,8.880141258239746,200.13766479492188,84.94736842105263,220.0,False,True,False,True
2,line_section,U Konstanzer Str. (Berlin),hop1,2026-06-23 21:45:00,54,65.55842590332031,6.528365135192871,148.46026611328125,62.771929824561404,220.0,True,False,False,False
2,line_section,U Konstanzer Str. (Berlin),hop1,2026-06-23 22:00:00,235,46.65250015258789,4.5653510093688965,106.56954956054688,46.26315789473684,87.20000000000005,False,True,False,True
2,line_section,U Konstanzer Str. (Berlin),hop1,2026-06-23 22:15:00,71,39.140377044677734,3.7964882850646973,89.7227554321289,39.75438596491228,87.20000000000005,True,False,False,False
2,line_section,U Konstanzer Str. (Berlin),hop1,2026-06-23 22:30:00,37,31.806270599365234,2.948235273361206,73.64998626708984,32.92982456140351,87.20000000000005,True,False,False,False
2,line_section,U Konstanzer Str. (Berlin),hop1,2026-06-23 22:45:00,26,19.317089080810547,1.4225373268127441,45.756568908691406,20.842105263157894,87.20000000000005,True,False,False,False
2,line_section,U Konstanzer Str. (Berlin),hop1,2026-06-23 23:00:00,7,13.748252868652344,0.7785871624946594,33.72133255004883,15.586206896551724,22.900000000000006,True,False,False,False
2,line_section,U Konstanzer Str. (Berlin),hop1,2026-06-23 23:15:00,6,7.92764139175415,0.0657060295343399,20.306142807006836,8.551724137931034,22.900000000000006,True,False,False,False
2,line_section,U Konstanzer Str. (Berlin),hop1,2026-06-23 23:30:00,1,5.28118371963501,0.0,13.713780403137207,5.689655172413793,22.900000000000006,True,False,False,False
2,line_section,U Konstanzer Str. (Berlin),hop1,2026-06-23 23:45:00,11,5.1883544921875,0.0,13.576895713806152,5.637931034482759,22.900000000000006,True,False,False,False
2,line_section,U Spichernstr. (Berlin),endpoint_or_interchange,2026-06-23 21:00:00,61,288.19085693359375,29.288164138793945,651.4953002929688,307.8070175438597,532.6,True,False,False,False
2,line_section,U Spichernstr. (Berlin),endpoint_or_interchange,2026-06-23 21:15:00,139,263.60919189453125,27.00214385986328,598.676513671875,277.36842105263156,532.6,True,False,False,False
2,line_section,U Spichernstr. (Berlin),endpoint_or_interchange,2026-06-23 21:30:00,726,221.26602172851562,22.780202865600586,516.489990234375,229.140350877193,532.6,False,True,False,True
2,line_section,U Spichernstr. (Berlin),endpoint_or_interchange,2026-06-23 21:45:00,101,137.623046875,14.324179649353027,315.99725341796875,147.03508771929825,532.6,True,False,False,False
2,line_section,U Spichernstr. (Berlin),endpoint_or_interchange,2026-06-23 22:00:00,42,121.34144592285156,13.032267570495605,277.0373840332031,132.82456140350877,237.50000000000006,True,False,False,False
2,line_section,U Spichernstr. (Berlin),endpoint_or_interchange,2026-06-23 22:15:00,66,94.96946716308594,10.533865928649902,216.48184204101562,102.28070175438596,237.50000000000006,True,False,False,False
2,line_section,U Spichernstr. (Berlin),endpoint_or_interchange,2026-06-23 22:30:00,189,80.53580474853516,8.97812557220459,181.59886169433594,86.36842105263158,237.50000000000006,False,True,False,False
2,line_section,U Spichernstr. (Berlin),endpoint_or_interchange,2026-06-23 22:45:00,23,54.17174530029297,5.874532699584961,122.79820251464844,57.75438596491228,237.50000000000006,True,False,False,False
2,line_section,U Spichernstr. (Berlin),endpoint_or_interchange,2026-06-23 23:00:00,44,26.834056854248047,2.6709372997283936,60.56770324707031,31.913793103448278,56.0,True,False,False,False
2,line_section,U Spichernstr. (Berlin),endpoint_or_interchange,2026-06-23 23:15:00,75,24.92023277282715,2.385979652404785,56.509063720703125,29.67241379310345,56.0,False,True,False,True
2,line_section,U Spichernstr. (Berlin),endpoint_or_interchange,2026-06-23 23:30:00,21,17.419403076171875,1.2845208644866943,41.35823059082031,20.93103448275862,56.0,True,False,False,False
2,line_section,U Spichernstr. (Berlin),endpoint_or_interchange,2026-06-23 23:45:00,2,16.817007064819336,1.220233678817749,40.01582717895508,20.448275862068964,56.0,True,False,False,False
2,line_section,U Hohenzollernplatz (Berlin),closed_unserved,2026-06-23 21:00:00,224,179.0964813232422,18.291574478149414,423.306396484375,185.50877192982455,331.0,True,False,False,False
2,line_section,U Hohenzollernplatz (Berlin),closed_unserved,2026-06-23 21:15:00,112,152.00279235839844,15.498711585998535,354.79217529296875,157.78947368421052,331.0,True,False,False,False
2,line_section,U Hohenzollernplatz (Berlin),closed_unserved,2026-06-23 21:30:00,10,121.15764617919922,12.713616371154785,277.5784912109375,121.9298245614035,331.0,False,False,True,False
2,line_section,U Hohenzollernplatz (Berlin),closed_unserved,2026-06-23 21:45:00,118,97.57353210449219,10.349248886108398,224.33450317382812,95.17543859649123,331.0,True,False,False,False
2,line_section,U Hohenzollernplatz (Berlin),closed_unserved,2026-06-23 22:00:00,69,71.38188171386719,7.522680759429932,160.70504760742188,71.15789473684211,121.80000000000007,True,False,False,False
2,line_section,U Hohenzollernplatz (Berlin),closed_unserved,2026-06-23 22:15:00,11,62.413108825683594,6.567668914794922,140.76101684570312,62.280701754385966,121.80000000000007,True,False,False,False
2,line_section,U Hohenzollernplatz (Berlin),closed_unserved,2026-06-23 22:30:00,30,37.890933990478516,3.8488879203796387,86.92266845703125,38.85964912280702,121.80000000000007,True,False,False,False
2,line_section,U Hohenzollernplatz (Berlin),closed_unserved,2026-06-23 22:45:00,11,34.33895492553711,3.4577441215515137,79.22199249267578,36.07017543859649,121.80000000000007,True,False,False,False
2,line_section,U Hohenzollernplatz (Berlin),closed_unserved,2026-06-23 23:00:00,3,19.120105743408203,1.476744532585144,44.938743591308594,21.775862068965516,40.0,True,False,False,False
2,line_section,U Hohenzollernplatz (Berlin),closed_unserved,2026-06-23 23:15:00,0,15.38797378540039,0.9751818776130676,36.9373893737793,17.29310344827586,40.0,False,False,True,False
2,line_section,U Hohenzollernplatz (Berlin),closed_unserved,2026-06-23 23:30:00,8,11.707475662231445,0.5110920071601868,28.97662925720215,12.948275862068966,40.0,True,False,False,False
2,line_section,U Hohenzollernplatz (Berlin),closed_unserved,2026-06-23 23:45:00,6,9.39882755279541,0.25540703535079956,23.587751388549805,10.39655172413793,40.0,True,False,False,False
2,line_section,U Güntzelstr. (Berlin),hop1,2026-06-23 21:00:00,56,243.4227294921875,25.523466110229492,555.822265625,244.6315789473684,393.8000000000002,True,False,False,False
2,line_section,U Güntzelstr. (Berlin),hop1,2026-06-23 21:15:00,630,173.62240600585938,17.688182830810547,409.17779541015625,180.68421052631578,393.8000000000002,False,True,False,True
2,line_section,U Güntzelstr. (Berlin),hop1,2026-06-23 21:30:00,212,156.8245391845703,16.161989212036133,367.0042724609375,164.0701754385965,393.8000000000002,True,False,False,False
2,line_section,U Güntzelstr. (Berlin),hop1,2026-06-23 21:45:00,247,133.4649200439453,13.993499755859375,306.9878234863281,138.21052631578948,393.8000000000002,True,False,False,False
2,line_section,U Güntzelstr. (Berlin),hop1,2026-06-23 22:00:00,170,93.44622039794922,10.295130729675293,213.0276641845703,96.52631578947368,168.0,True,False,False,True
2,line_section,U Güntzelstr. (Berlin),hop1,2026-06-23 22:15:00,25,75.58697509765625,8.27410888671875,170.2158660888672,77.0,168.0,True,False,False,False
2,line_section,U Güntzelstr. (Berlin),hop1,2026-06-23 22:30:00,40,47.59580993652344,5.122622489929199,108.12380981445312,48.59649122807018,168.0,True,False,False,False
2,line_section,U Güntzelstr. (Berlin),hop1,2026-06-23 22:45:00,43,42.36112976074219,4.518752098083496,96.48710632324219,44.31578947368421,168.0,True,False,False,False
2,line_section,U Güntzelstr. (Berlin),hop1,2026-06-23 23:00:00,24,28.08905029296875,2.8247649669647217,63.645591735839844,32.44827586206897,49.60000000000002,True,False,False,False
2,line_section,U Güntzelstr. (Berlin),hop1,2026-06-23 23:15:00,41,21.86353874206543,1.9416481256484985,50.32350158691406,25.362068965517242,49.60000000000002,True,False,False,False
2,line_section,U Güntzelstr. (Berlin),hop1,2026-06-23 23:30:00,118,12.867522239685059,0.6753117442131042,31.293184280395508,14.379310344827585,49.60000000000002,False,True,False,True
2,line_section,U Güntzelstr. (Berlin),hop1,2026-06-23 23:45:00,2,9.928380966186523,0.33079078793525696,24.525911331176758,10.931034482758621,49.60000000000002,True,False,False,False
2,line_section,U Berliner Str. (Berlin),hop1,2026-06-23 21:00:00,239,198.55355834960938,20.181171417236328,466.1788635253906,208.56140350877192,400.1000000000001,True,False,False,False
2,line_section,U Berliner Str. (Berlin),hop1,2026-06-23 21:15:00,28,160.38284301757812,15.939603805541992,378.81195068359375,171.57894736842104,400.1000000000001,True,False,False,False
2,line_section,U Berliner Str. (Berlin),hop1,2026-06-23 21:30:00,9,140.5612030029297,14.370561599731445,324.2084045410156,149.94736842105263,400.1000000000001,False,False,True,False
2,line_section,U Berliner Str. (Berlin),hop1,2026-06-23 21:45:00,249,123.84617614746094,12.920665740966797,283.47772216796875,129.21052631578948,400.1000000000001,True,False,False,False
2,line_section,U Berliner Str. (Berlin),hop1,2026-06-23 22:00:00,35,99.28489685058594,10.845206260681152,227.71670532226562,105.98245614035088,162.50000000000006,True,False,False,False
2,line_section,U Berliner Str. (Berlin),hop1,2026-06-23 22:15:00,228,68.86410522460938,7.405903339385986,154.83726501464844,71.36842105263158,162.50000000000006,False,True,False,True
2,line_section,U Berliner Str. (Berlin),hop1,2026-06-23 22:30:00,36,60.942176818847656,6.554294109344482,137.4679412841797,63.666666666666664,162.50000000000006,True,False,False,False
2,line_section,U Berliner Str. (Berlin),hop1,2026-06-23 22:45:00,49,49.0440559387207,5.191800594329834,111.9627685546875,52.6140350877193,162.50000000000006,True,False,False,False
2,line_section,U Berliner Str. (Berlin),hop1,2026-06-23 23:00:00,34,27.955183029174805,2.7591750621795654,63.476016998291016,33.5,56.0,True,False,False,False
2,line_section,U Berliner Str. (Berlin),hop1,2026-06-23 23:15:00,0,19.4140625,1.5412908792495728,45.37708282470703,23.03448275862069,56.0,False,False,True,False
2,line_section,U Berliner Str. (Berlin),hop1,2026-06-23 23:30:00,0,14.622255325317383,0.8979756236076355,35.16201400756836,17.310344827586206,56.0,False,False,True,False
2,line_section,U Berliner Str. (Berlin),hop1,2026-06-23 23:45:00,22,11.32964038848877,0.4774104952812195,27.8619327545166,13.224137931034482,56.0,True,False,False,False
2,line_section,S+U Bundesplatz (Berlin),hop2,2026-06-23 21:00:00,17,137.14309692382812,14.179157257080078,317.3939514160156,138.08771929824562,240.20000000000005,True,False,False,False
2,line_section,S+U Bundesplatz (Berlin),hop2,2026-06-23 21:15:00,32,119.35794830322266,12.356192588806152,274.3268737792969,118.70175438596492,240.20000000000005,True,False,False,False
2,line_section,S+U Bundesplatz (Berlin),hop2,2026-06-23 21:30:00,41,91.16740417480469,9.503591537475586,209.02073669433594,88.42105263157895,240.20000000000005,True,False,False,False
2,line_section,S+U Bundesplatz (Berlin),hop2,2026-06-23 21:45:00,78,85.74092102050781,8.937530517578125,195.44325256347656,83.05263157894737,240.20000000000005,True,False,False,False
2,line_section,S+U Bundesplatz (Berlin),hop2,2026-06-23 22:00:00,75,76.86380004882812,7.9955244064331055,173.9474334716797,76.9298245614035,117.7000000000001,True,False,False,False
2,line_section,S+U Bundesplatz (Berlin),hop2,2026-06-23 22:15:00,1,49.593780517578125,5.041540145874023,112.89293670654297,49.3859649122807,117.7000000000001,False,False,True,False
2,line_section,S+U Bundesplatz (Berlin),hop2,2026-06-23 22:30:00,13,37.70442199707031,3.7550365924835205,86.53791046142578,38.70175438596491,117.7000000000001,True,False,False,False
2,line_section,S+U Bundesplatz (Berlin),hop2,2026-06-23 22:45:00,48,21.690353393554688,1.7683439254760742,50.59069061279297,22.80701754385965,117.7000000000001,True,False,False,False
2,line_section,S+U Bundesplatz (Berlin),hop2,2026-06-23 23:00:00,24,19.85555648803711,1.5628948211669922,46.67500305175781,22.655172413793103,34.900000000000006,True,False,False,False
2,line_section,S+U Bundesplatz (Berlin),hop2,2026-06-23 23:15:00,11,14.026846885681152,0.7912896871566772,34.11988830566406,15.60344827586207,34.900000000000006,True,False,False,False
2,line_section,S+U Bundesplatz (Berlin),hop2,2026-06-23 23:30:00,22,9.659021377563477,0.2719948887825012,24.172487258911133,10.46551724137931,34.900000000000006,True,False,False,False
2,line_section,S+U Bundesplatz (Berlin),hop2,2026-06-23 23:45:00,9,6.2497735023498535,0.0,16.29800033569336,6.758620689655173,34.900000000000006,True,False,False,False
2,line_section,U Rüdesheimer Platz (Berlin),closed_unserved,2026-06-23 21:00:00,7,67.30579376220703,6.684502601623535,153.96571350097656,62.96491228070175,125.60000000000002,True,False,False,False
2,line_section,U Rüdesheimer Platz (Berlin),closed_unserved,2026-06-23 21:15:00,1,66.09346008300781,6.5586395263671875,151.0669403076172,62.12280701754386,125.60000000000002,False,False,True,False
2,line_section,U Rüdesheimer Platz (Berlin),closed_unserved,2026-06-23 21:30:00,78,53.852394104003906,5.23785924911499,122.52818298339844,50.68421052631579,125.60000000000002,True,False,False,False
2,line_section,U Rüdesheimer Platz (Berlin),closed_unserved,2026-06-23 21:45:00,58,52.709632873535156,5.157947540283203,120.00398254394531,49.50877192982456,125.60000000000002,True,False,False,False
2,line_section,U Rüdesheimer Platz (Berlin),closed_unserved,2026-06-23 22:00:00,158,41.95273208618164,4.051581859588623,96.07550048828125,41.36842105263158,59.0,False,True,False,True
2,line_section,U Rüdesheimer Platz (Berlin),closed_unserved,2026-06-23 22:15:00,28,25.870819091796875,2.2044100761413574,60.164283752441406,26.43859649122807,59.0,True,False,False,False
2,line_section,U Rüdesheimer Platz (Berlin),closed_unserved,2026-06-23 22:30:00,7,25.482315063476562,2.1186511516571045,59.45415496826172,26.473684210526315,59.0,True,False,False,False
2,line_section,U Rüdesheimer Platz (Berlin),closed_unserved,2026-06-23 22:45:00,3,12.388666152954102,0.5913646817207336,30.48721694946289,12.842105263157896,59.0,True,False,False,False
2,line_section,U Rüdesheimer Platz (Berlin),closed_unserved,2026-06-23 23:00:00,5,13.392766952514648,0.7184922695159912,32.885562896728516,15.017241379310345,23.900000000000006,True,False,False,False
2,line_section,U Rüdesheimer Platz (Berlin),closed_unserved,2026-06-23 23:15:00,11,7.527627468109131,0.004904136061668396,19.327272415161133,8.068965517241379,23.900000000000006,True,False,False,False
2,line_section,U Rüdesheimer Platz (Berlin),closed_unserved,2026-06-23 23:30:00,1,7.274809837341309,0.0,18.754776000976562,8.051724137931034,23.900000000000006,True,False,False,False
2,line_section,U Rüdesheimer Platz (Berlin),closed_unserved,2026-06-23 23:45:00,12,4.59145450592041,0.0,12.22896671295166,5.0344827586206895,23.900000000000006,True,False,False,False
2,line_section,S+U Heidelberger Platz (Berlin),closed_unserved,2026-06-23 21:00:00,68,109.09439086914062,11.003939628601074,252.45159912109375,106.59649122807018,178.3,True,False,False,False
2,line_section,S+U Heidelberger Platz (Berlin),closed_unserved,2026-06-23 21:15:00,161,78.79572296142578,7.8745646476745605,181.0714111328125,74.96491228070175,178.3,True,False,False,False
2,line_section,S+U Heidelberger Platz (Berlin),closed_unserved,2026-06-23 21:30:00,100,75.23731231689453,7.558042049407959,171.7334747314453,71.7719298245614,178.3,True,False,False,False
2,line_section,S+U Heidelberger Platz (Berlin),closed_unserved,2026-06-23 21:45:00,37,61.432220458984375,6.073182106018066,139.23292541503906,58.59649122807018,178.3,True,False,False,False
2,line_section,S+U Heidelberger Platz (Berlin),closed_unserved,2026-06-23 22:00:00,18,41.84696960449219,4.0420918464660645,95.90565490722656,41.50877192982456,65.90000000000003,True,False,False,False
2,line_section,S+U Heidelberger Platz (Berlin),closed_unserved,2026-06-23 22:15:00,10,27.13220977783203,2.3621532917022705,62.91883850097656,27.87719298245614,65.90000000000003,True,False,False,False
2,line_section,S+U Heidelberger Platz (Berlin),closed_unserved,2026-06-23 22:30:00,6,24.715557098388672,2.0303919315338135,57.76533889770508,25.859649122807017,65.90000000000003,True,False,False,False
2,line_section,S+U Heidelberger Platz (Berlin),closed_unserved,2026-06-23 22:45:00,5,21.727710723876953,1.6921498775482178,50.94841766357422,23.12280701754386,65.90000000000003,True,False,False,False
2,line_section,S+U Heidelberger Platz (Berlin),closed_unserved,2026-06-23 23:00:00,18,14.28062915802002,0.8161258697509766,34.83401870727539,16.051724137931036,27.0,True,False,False,False
2,line_section,S+U Heidelberger Platz (Berlin),closed_unserved,2026-06-23 23:15:00,2,9.96554183959961,0.2973163425922394,24.958812713623047,10.862068965517242,27.0,True,False,False,False
2,line_section,S+U Heidelberger Platz (Berlin),closed_unserved,2026-06-23 23:30:00,5,8.231451034545898,0.0765637457370758,21.191713333129883,9.120689655172415,27.0,True,False,False,False
2,line_section,S+U Heidelberger Platz (Berlin),closed_unserved,2026-06-23 23:45:00,0,5.461289405822754,0.0,14.147847175598145,5.982758620689655,27.0,True,False,False,False
2,line_section,U Krumme Lanke (Berlin),hop2,2026-06-23 21:00:00,490,101.07887268066406,10.572824478149414,234.74215698242188,96.64912280701755,136.60000000000002,False,True,False,True
2,line_section,U Krumme Lanke (Berlin),hop2,2026-06-23 21:15:00,29,67.94984436035156,7.007236957550049,155.5199737548828,63.0,136.60000000000002,True,False,False,False
2,line_section,U Krumme Lanke (Berlin),hop2,2026-06-23 21:30:00,1,45.10301971435547,4.442295074462891,103.52460479736328,42.228070175438596,136.60000000000002,False,False,True,False
2,line_section,U Krumme Lanke (Berlin),hop2,2026-06-23 21:45:00,76,27.00286865234375,2.3911900520324707,62.828800201416016,26.228070175438596,136.60000000000002,False,True,False,False
2,line_section,U Krumme Lanke (Berlin),hop2,2026-06-23 22:00:00,96,34.92547607421875,3.379384994506836,80.89712524414062,33.98245614035088,47.0,False,True,False,True
2,line_section,U Krumme Lanke (Berlin),hop2,2026-06-23 22:15:00,4,20.88182258605957,1.654255747795105,48.91232681274414,21.31578947368421,47.0,True,False,False,False
2,line_section,U Krumme Lanke (Berlin),hop2,2026-06-23 22:30:00,3,16.40369415283203,1.0875030755996704,39.12013244628906,16.87719298245614,47.0,True,False,False,False
2,line_section,U Krumme Lanke (Berlin),hop2,2026-06-23 22:45:00,6,13.575389862060547,0.7583485245704651,33.05510330200195,13.964912280701755,47.0,True,False,False,False
2,line_section,U Krumme Lanke (Berlin),hop2,2026-06-23 23:00:00,6,9.65579605102539,0.3084180951118469,23.856216430664062,10.189655172413794,18.0,True,False,False,False
2,line_section,U Krumme Lanke (Berlin),hop2,2026-06-23 23:15:00,0,6.101841449737549,0.0,15.627082824707031,6.396551724137931,18.0,True,False,False,False
2,line_section,U Krumme Lanke (Berlin),hop2,2026-06-23 23:30:00,6,8.305837631225586,0.09722426533699036,21.146690368652344,8.948275862068966,18.0,True,False,False,False
2,line_section,U Krumme Lanke (Berlin),hop2,2026-06-23 23:45:00,5,4.016607761383057,0.0,11.092434883117676,4.103448275862069,18.0,True,False,False,False
2,line_section,U Onkel Toms Hütte (Berlin),hop1,2026-06-23 21:00:00,192,76.27430725097656,7.963245868682861,175.71678161621094,71.0701754385965,114.0,False,True,False,True
2,line_section,U Onkel Toms Hütte (Berlin),hop1,2026-06-23 21:15:00,85,55.29694366455078,5.576780796051025,126.28658294677734,50.54385964912281,114.0,True,False,False,False
2,line_section,U Onkel Toms Hütte (Berlin),hop1,2026-06-23 21:30:00,23,49.56100845336914,4.915565013885498,113.43205261230469,45.96491228070175,114.0,True,False,False,False
2,line_section,U Onkel Toms Hütte (Berlin),hop1,2026-06-23 21:45:00,12,36.61427307128906,3.568800449371338,84.81430053710938,34.59649122807018,114.0,True,False,False,False
2,line_section,U Onkel Toms Hütte (Berlin),hop1,2026-06-23 22:00:00,3,35.07582473754883,3.4001402854919434,81.29451751708984,34.228070175438596,58.0,False,False,True,False
2,line_section,U Onkel Toms Hütte (Berlin),hop1,2026-06-23 22:15:00,12,30.51444435119629,2.840169906616211,70.70133972167969,30.24561403508772,58.0,True,False,False,False
2,line_section,U Onkel Toms Hütte (Berlin),hop1,2026-06-23 22:30:00,20,19.264543533325195,1.4304043054580688,45.577274322509766,19.94736842105263,58.0,True,False,False,False
2,line_section,U Onkel Toms Hütte (Berlin),hop1,2026-06-23 22:45:00,14,13.629036903381348,0.761214017868042,33.17557144165039,13.982456140350877,58.0,True,False,False,False
2,line_section,U Onkel Toms Hütte (Berlin),hop1,2026-06-23 23:00:00,0,8.379709243774414,0.13298708200454712,21.226736068725586,8.758620689655173,18.900000000000006,False,False,True,False
2,line_section,U Onkel Toms Hütte (Berlin),hop1,2026-06-23 23:15:00,0,5.783882141113281,0.0,14.7960844039917,5.982758620689655,18.900000000000006,True,False,False,False
2,line_section,U Onkel Toms Hütte (Berlin),hop1,2026-06-23 23:30:00,2,6.743396282196045,0.0,17.419408798217773,7.189655172413793,18.900000000000006,True,False,False,False
2,line_section,U Onkel Toms Hütte (Berlin),hop1,2026-06-23 23:45:00,0,5.222983360290527,0.0,13.587289810180664,5.551724137931035,18.900000000000006,True,False,False,False
2,line_section,U Freie Universität (Thielplatz) (Berlin),closed_unserved,2026-06-23 21:00:00,33,75.1661148071289,7.789487838745117,173.2086639404297,69.6842105263158,119.90000000000003,True,False,False,False
2,line_section,U Freie Universität (Thielplatz) (Berlin),closed_unserved,2026-06-23 21:15:00,259,56.987518310546875,5.694870471954346,130.4593963623047,52.175438596491226,119.90000000000003,False,True,False,True
2,line_section,U Freie Universität (Thielplatz) (Berlin),closed_unserved,2026-06-23 21:30:00,5,65.10118103027344,6.670856475830078,147.9745330810547,60.666666666666664,119.90000000000003,False,False,True,False
2,line_section,U Freie Universität (Thielplatz) (Berlin),closed_unserved,2026-06-23 21:45:00,4,43.74628448486328,4.292610168457031,100.49606323242188,40.96491228070175,119.90000000000003,False,False,True,False
2,line_section,U Freie Universität (Thielplatz) (Berlin),closed_unserved,2026-06-23 22:00:00,6,32.28807830810547,3.0684375762939453,74.84468078613281,31.736842105263158,51.60000000000002,True,False,False,False
2,line_section,U Freie Universität (Thielplatz) (Berlin),closed_unserved,2026-06-23 22:15:00,47,24.381542205810547,2.083672285079956,56.708675384521484,24.56140350877193,51.60000000000002,True,False,False,False
2,line_section,U Freie Universität (Thielplatz) (Berlin),closed_unserved,2026-06-23 22:30:00,9,15.109220504760742,0.9240164160728455,36.23401641845703,15.508771929824562,51.60000000000002,True,False,False,False
2,line_section,U Freie Universität (Thielplatz) (Berlin),closed_unserved,2026-06-23 22:45:00,2,17.229400634765625,1.2081794738769531,41.139949798583984,18.07017543859649,51.60000000000002,True,False,False,False
2,line_section,U Freie Universität (Thielplatz) (Berlin),closed_unserved,2026-06-23 23:00:00,1,11.722085952758789,0.553801953792572,28.8736515045166,12.672413793103448,20.0,True,False,False,False
2,line_section,U Freie Universität (Thielplatz) (Berlin),closed_unserved,2026-06-23 23:15:00,2,6.926898956298828,0.0,17.86724853515625,7.241379310344827,20.0,True,False,False,False
2,line_section,U Freie Universität (Thielplatz) (Berlin),closed_unserved,2026-06-23 23:30:00,2,5.989599227905273,0.0,15.284503936767578,6.431034482758621,20.0,True,False,False,False
2,line_section,U Freie Universität (Thielplatz) (Berlin),closed_unserved,2026-06-23 23:45:00,2,3.4866573810577393,0.0,10.135849952697754,3.310344827586207,20.0,True,False,False,False
2,line_section,U Breitenbachplatz (Berlin),closed_unserved,2026-06-23 21:00:00,31,87.3553466796875,9.043827056884766,202.16036987304688,82.10526315789474,147.0,True,False,False,False
2,line_section,U Breitenbachplatz (Berlin),closed_unserved,2026-06-23 21:15:00,34,84.25088500976562,8.745108604431152,194.33566284179688,80.08771929824562,147.0,True,False,False,False
2,line_section,U Breitenbachplatz (Berlin),closed_unserved,2026-06-23 21:30:00,12,57.983219146728516,5.775235652923584,131.89035034179688,53.68421052631579,147.0,True,False,False,False
2,line_section,U Breitenbachplatz (Berlin),closed_unserved,2026-06-23 21:45:00,0,38.034706115722656,3.7134053707122803,87.81816101074219,36.26315789473684,147.0,False,False,True,False
2,line_section,U Breitenbachplatz (Berlin),closed_unserved,2026-06-23 22:00:00,32,29.664180755615234,2.706439256668091,68.78477478027344,29.43859649122807,46.60000000000002,True,False,False,False
2,line_section,U Breitenbachplatz (Berlin),closed_unserved,2026-06-23 22:15:00,7,17.54254150390625,1.2279534339904785,41.71903991699219,17.964912280701753,46.60000000000002,True,False,False,False
2,line_section,U Breitenbachplatz (Berlin),closed_unserved,2026-06-23 22:30:00,24,16.51763916015625,1.0799157619476318,39.49334716796875,17.017543859649123,46.60000000000002,True,False,False,False
2,line_section,U Breitenbachplatz (Berlin),closed_unserved,2026-06-23 22:45:00,14,16.07048797607422,1.0556668043136597,38.365394592285156,16.982456140350877,46.60000000000002,True,False,False,False
2,line_section,U Breitenbachplatz (Berlin),closed_unserved,2026-06-23 23:00:00,14,10.238853454589844,0.3759792149066925,25.235599517822266,11.017241379310345,22.0,True,False,False,False
2,line_section,U Breitenbachplatz (Berlin),closed_unserved,2026-06-23 23:15:00,1,7.281783103942871,0.0,18.67209815979004,7.741379310344827,22.0,True,False,False,False
2,line_section,U Breitenbachplatz (Berlin),closed_unserved,2026-06-23 23:30:00,1,7.970993995666504,0.05212011933326721,20.385478973388672,8.689655172413794,22.0,True,False,False,False
2,line_section,U Breitenbachplatz (Berlin),closed_unserved,2026-06-23 23:45:00,5,3.5396857261657715,0.0,10.215679168701172,3.4655172413793105,22.0,True,False,False,False
2,line_section,U Oskar-Helene-Heim (Berlin),endpoint_or_interchange,2026-06-23 21:00:00,89,73.0149917602539,7.588435649871826,167.9561309814453,67.17543859649123,131.0,True,False,False,False
2,line_section,U Oskar-Helene-Heim (Berlin),endpoint_or_interchange,2026-06-23 21:15:00,12,58.09679412841797,5.873966693878174,132.39767456054688,53.01754385964912,131.0,True,False,False,False
2,line_section,U Oskar-Helene-Heim (Berlin),endpoint_or_interchange,2026-06-23 21:30:00,27,68.91511535644531,7.153540134429932,157.14869689941406,64.36842105263158,131.0,True,False,False,False
2,line_section,U Oskar-Helene-Heim (Berlin),endpoint_or_interchange,2026-06-23 21:45:00,56,48.509422302246094,4.811252593994141,111.11771392822266,45.01754385964912,131.0,True,False,False,False
2,line_section,U Oskar-Helene-Heim (Berlin),endpoint_or_interchange,2026-06-23 22:00:00,36,26.449764251708984,2.3384718894958496,61.54922103881836,26.36842105263158,49.60000000000002,True,False,False,False
2,line_section,U Oskar-Helene-Heim (Berlin),endpoint_or_interchange,2026-06-23 22:15:00,32,20.361034393310547,1.5935256481170654,47.80093002319336,20.75438596491228,49.60000000000002,True,False,False,False
2,line_section,U Oskar-Helene-Heim (Berlin),endpoint_or_interchange,2026-06-23 22:30:00,7,17.863441467285156,1.262692928314209,42.486751556396484,18.350877192982455,49.60000000000002,True,False,False,False
2,line_section,U Oskar-Helene-Heim (Berlin),endpoint_or_interchange,2026-06-23 22:45:00,9,12.743743896484375,0.665440559387207,31.156599044799805,13.017543859649123,49.60000000000002,True,False,False,False
2,line_section,U Oskar-Helene-Heim (Berlin),endpoint_or_interchange,2026-06-23 23:00:00,11,13.467494010925293,0.7634344100952148,32.92607879638672,14.96551724137931,23.0,True,False,False,False
2,line_section,U Oskar-Helene-Heim (Berlin),endpoint_or_interchange,2026-06-23 23:15:00,1,8.415352821350098,0.11190123856067657,21.38447380065918,8.862068965517242,23.0,True,False,False,False
2,line_section,U Oskar-Helene-Heim (Berlin),endpoint_or_interchange,2026-06-23 23:30:00,10,6.196895599365234,0.0,15.885904312133789,6.620689655172414,23.0,True,False,False,False
2,line_section,U Oskar-Helene-Heim (Berlin),endpoint_or_interchange,2026-06-23 23:45:00,39,2.939990997314453,0.0,9.296148300170898,2.6206896551724137,23.0,False,True,False,True
2,line_section,U Podbielskiallee (Berlin),closed_unserved,2026-06-23 21:00:00,72,71.4415512084961,7.435587406158447,163.97610473632812,66.12280701754386,126.20000000000005,True,False,False,False
2,line_section,U Podbielskiallee (Berlin),closed_unserved,2026-06-23 21:15:00,1,67.023681640625,6.918811321258545,153.40902709960938,61.85964912280702,126.20000000000005,False,False,True,False
2,line_section,U Podbielskiallee (Berlin),closed_unserved,2026-06-23 21:30:00,56,47.6607666015625,4.722174644470215,109.33342742919922,44.31578947368421,126.20000000000005,True,False,False,False
2,line_section,U Podbielskiallee (Berlin),closed_unserved,2026-06-23 21:45:00,99,46.84165573120117,4.6520233154296875,107.21865844726562,43.6140350877193,126.20000000000005,True,False,False,False
2,line_section,U Podbielskiallee (Berlin),closed_unserved,2026-06-23 22:00:00,7,33.78593826293945,3.2481532096862793,78.37041473388672,33.03508771929825,56.60000000000002,True,False,False,False
2,line_section,U Podbielskiallee (Berlin),closed_unserved,2026-06-23 22:15:00,0,24.121723175048828,2.04634165763855,56.204444885253906,24.210526315789473,56.60000000000002,False,False,True,False
2,line_section,U Podbielskiallee (Berlin),closed_unserved,2026-06-23 22:30:00,4,17.14132308959961,1.178095817565918,40.922096252441406,17.50877192982456,56.60000000000002,True,False,False,False
2,line_section,U Podbielskiallee (Berlin),closed_unserved,2026-06-23 22:45:00,19,12.981279373168945,0.6890671253204346,31.699907302856445,13.228070175438596,56.60000000000002,True,False,False,False
2,line_section,U Podbielskiallee (Berlin),closed_unserved,2026-06-23 23:00:00,6,7.217073440551758,0.0033776164054870605,18.49629020690918,7.517241379310345,18.900000000000006,True,False,False,False
2,line_section,U Podbielskiallee (Berlin),closed_unserved,2026-06-23 23:15:00,0,6.797177314758301,0.0,17.510412216186523,7.086206896551724,18.900000000000006,True,False,False,False
2,line_section,U Podbielskiallee (Berlin),closed_unserved,2026-06-23 23:30:00,8,6.922729969024658,0.0,17.842735290527344,7.413793103448276,18.900000000000006,True,False,False,False
2,line_section,U Podbielskiallee (Berlin),closed_unserved,2026-06-23 23:45:00,8,4.853829860687256,0.0,12.803606986999512,5.206896551724138,18.900000000000006,True,False,False,False
2,line_section,U Dahlem-Dorf (Berlin),closed_unserved,2026-06-23 21:00:00,123,81.5166015625,8.464383125305176,188.06712341308594,76.59649122807018,168.3,True,False,False,False
2,line_section,U Dahlem-Dorf (Berlin),closed_unserved,2026-06-23 21:15:00,46,84.744873046875,8.868753433227539,195.59735107421875,80.0,168.3,True,False,False,False
2,line_section,U Dahlem-Dorf (Berlin),closed_unserved,2026-06-23 21:30:00,64,57.82630920410156,5.804638862609863,131.56370544433594,53.421052631578945,168.3,True,False,False,False
2,line_section,U Dahlem-Dorf (Berlin),closed_unserved,2026-06-23 21:45:00,50,53.655364990234375,5.382670879364014,121.80103302001953,49.54385964912281,168.3,True,False,False,False
2,line_section,U Dahlem-Dorf (Berlin),closed_unserved,2026-06-23 22:00:00,109,29.894832611083984,2.753129482269287,69.46630859375,29.63157894736842,54.30000000000001,False,True,False,True
2,line_section,U Dahlem-Dorf (Berlin),closed_unserved,2026-06-23 22:15:00,13,23.47034454345703,1.9598653316497803,54.54952621459961,23.771929824561404,54.30000000000001,True,False,False,False
2,line_section,U Dahlem-Dorf (Berlin),closed_unserved,2026-06-23 22:30:00,12,21.569129943847656,1.701174259185791,50.48709487915039,22.31578947368421,54.30000000000001,True,False,False,False
2,line_section,U Dahlem-Dorf (Berlin),closed_unserved,2026-06-23 22:45:00,0,14.555030822753906,0.8766981959342957,35.07030487060547,15.210526315789474,54.30000000000001,False,False,True,False
2,line_section,U Dahlem-Dorf (Berlin),closed_unserved,2026-06-23 23:00:00,12,9.495891571044922,0.27689307928085327,23.597055435180664,9.96551724137931,15.0,True,False,False,False
2,line_section,U Dahlem-Dorf (Berlin),closed_unserved,2026-06-23 23:15:00,10,8.242151260375977,0.09004411101341248,20.883203506469727,8.706896551724139,15.0,True,False,False,False
2,line_section,U Dahlem-Dorf (Berlin),closed_unserved,2026-06-23 23:30:00,3,4.251701354980469,0.0,11.541807174682617,4.275862068965517,15.0,True,False,False,False
2,line_section,U Dahlem-Dorf (Berlin),closed_unserved,2026-06-23 23:45:00,5,3.3282980918884277,0.0,9.864034652709961,3.1379310344827585,15.0,True,False,False,False
2,line_section,U Bayerischer Platz (Berlin),hop2,2026-06-23 21:00:00,45,169.9747314453125,17.511913299560547,403.9110412597656,176.98245614035088,282.4000000000001,True,False,False,False
2,line_section,U Bayerischer Platz (Berlin),hop2,2026-06-23 21:15:00,538,133.06883239746094,13.679380416870117,307.6489562988281,136.17543859649123,282.4000000000001,False,True,False,True
2,line_section,U Bayerischer Platz (Berlin),hop2,2026-06-23 21:30:00,43,102.1681137084961,10.598257064819336,235.27145385742188,101.19298245614036,282.4000000000001,True,False,False,False
2,line_section,U Bayerischer Platz (Berlin),hop2,2026-06-23 21:45:00,146,73.42414855957031,7.516129016876221,166.2891082763672,70.40350877192982,282.4000000000001,True,False,False,False
2,line_section,U Bayerischer Platz (Berlin),hop2,2026-06-23 22:00:00,25,59.940391540527344,6.037006378173828,135.3884735107422,59.421052631578945,102.30000000000001,True,False,False,False
2,line_section,U Bayerischer Platz (Berlin),hop2,2026-06-23 22:15:00,61,48.44341278076172,4.858880996704102,110.58023071289062,48.78947368421053,102.30000000000001,True,False,False,False
2,line_section,U Bayerischer Platz (Berlin),hop2,2026-06-23 22:30:00,19,38.70703887939453,3.827655076980591,88.77826690673828,39.94736842105263,102.30000000000001,True,False,False,False
2,line_section,U Bayerischer Platz (Berlin),hop2,2026-06-23 22:45:00,19,27.544578552246094,2.512543201446533,63.558937072753906,29.17543859649123,102.30000000000001,True,False,False,False
2,line_section,U Bayerischer Platz (Berlin),hop2,2026-06-23 23:00:00,12,17.306921005249023,1.2107069492340088,41.3876953125,19.93103448275862,31.900000000000006,True,False,False,False
2,line_section,U Bayerischer Platz (Berlin),hop2,2026-06-23 23:15:00,7,11.815360069274902,0.5261859893798828,29.282434463500977,12.913793103448276,31.900000000000006,True,False,False,False
2,line_section,U Bayerischer Platz (Berlin),hop2,2026-06-23 23:30:00,8,8.853089332580566,0.1742626428604126,22.431474685668945,9.758620689655173,31.900000000000006,True,False,False,False
2,line_section,U Bayerischer Platz (Berlin),hop2,2026-06-23 23:45:00,2,9.35140609741211,0.24839860200881958,23.55757713317871,10.568965517241379,31.900000000000006,True,False,False,False
2,line_section,U Wittenbergplatz (Berlin),hop2,2026-06-23 21:00:00,335,249.94635009765625,25.685413360595703,568.9026489257812,258.2456140350877,427.1000000000001,True,False,False,False
2,line_section,U Wittenbergplatz (Berlin),hop2,2026-06-23 21:15:00,174,228.75558471679688,23.645645141601562,529.0728759765625,236.52631578947367,427.1000000000001,True,False,False,False
2,line_section,U Wittenbergplatz (Berlin),hop2,2026-06-23 21:30:00,183,138.45201110839844,14.279829978942871,318.45819091796875,145.17543859649123,427.1000000000001,True,False,False,False
2,line_section,U Wittenbergplatz (Berlin),hop2,2026-06-23 21:45:00,857,132.416015625,13.77366828918457,304.2321472167969,139.49122807017545,427.1000000000001,False,True,False,True
2,line_section,U Wittenbergplatz (Berlin),hop2,2026-06-23 22:00:00,58,111.55233764648438,12.12502670288086,255.1090850830078,119.59649122807018,158.50000000000006,True,False,False,False
2,line_section,U Wittenbergplatz (Berlin),hop2,2026-06-23 22:15:00,4,66.4620590209961,7.21112060546875,149.53518676757812,68.45614035087719,158.50000000000006,False,False,True,False
2,line_section,U Wittenbergplatz (Berlin),hop2,2026-06-23 22:30:00,39,66.28858947753906,7.212678909301758,149.07595825195312,69.42105263157895,158.50000000000006,True,False,False,False
2,line_section,U Wittenbergplatz (Berlin),hop2,2026-06-23 22:45:00,49,43.953025817871094,4.645341873168945,100.3799057006836,47.01754385964912,158.50000000000006,True,False,False,False
2,line_section,U Wittenbergplatz (Berlin),hop2,2026-06-23 23:00:00,4,33.75914764404297,3.4927988052368164,77.56273651123047,40.206896551724135,62.80000000000001,True,False,False,False
2,line_section,U Wittenbergplatz (Berlin),hop2,2026-06-23 23:15:00,0,25.99041748046875,2.5051774978637695,59.03047180175781,31.103448275862068,62.80000000000001,False,False,True,False
2,line_section,U Wittenbergplatz (Berlin),hop2,2026-06-23 23:30:00,22,18.448596954345703,1.4093445539474487,43.32637405395508,22.275862068965516,62.80000000000001,True,False,False,False
2,line_section,U Wittenbergplatz (Berlin),hop2,2026-06-23 23:45:00,4,12.690982818603516,0.6535285115242004,30.86182403564453,15.0,62.80000000000001,True,False,False,False
3,station,U Altstadt Spandau (Berlin),hop1,2026-06-27 06:15:00,11,64.61876678466797,6.592527389526367,146.07382202148438,63.04347826086956,208.2,True,False,False,False
3,station,U Altstadt Spandau (Berlin),hop1,2026-06-27 06:30:00,43,93.60783386230469,9.879942893981934,213.9765625,94.34782608695652,208.2,True,False,False,False
3,station,U Altstadt Spandau (Berlin),hop1,2026-06-27 06:45:00,53,115.76344299316406,12.546390533447266,266.1305236816406,117.91304347826087,208.2,True,False,False,False
3,station,U Altstadt Spandau (Berlin),hop1,2026-06-27 07:00:00,110,157.75662231445312,18.429874420166016,378.7498474121094,162.2173913043478,379.4000000000001,True,False,False,False
3,station,U Altstadt Spandau (Berlin),hop1,2026-06-27 07:15:00,398,165.0605926513672,20.00249671936035,396.8145446777344,171.82608695652175,379.4000000000001,False,True,False,True
3,station,U Altstadt Spandau (Berlin),hop1,2026-06-27 07:30:00,69,132.4627227783203,14.601366996765137,310.6180725097656,135.1304347826087,379.4000000000001,True,False,False,False
3,station,U Altstadt Spandau (Berlin),hop1,2026-06-27 07:45:00,35,157.6244354248047,18.56216049194336,378.0234069824219,164.7391304347826,379.4000000000001,True,False,False,False
3,station,U Altstadt Spandau (Berlin),hop1,2026-06-27 08:00:00,35,119.81594848632812,12.687165260314941,277.5172424316406,120.52173913043478,258.5000000000001,True,False,False,False
3,station,U Altstadt Spandau (Berlin),hop1,2026-06-27 08:15:00,25,169.07179260253906,20.479700088500977,406.0151672363281,177.7391304347826,258.5000000000001,True,False,False,False
3,station,U Altstadt Spandau (Berlin),hop1,2026-06-27 08:30:00,27,132.90122985839844,14.32583236694336,311.8538818359375,134.86363636363637,258.5000000000001,True,False,False,False
3,station,U Altstadt Spandau (Berlin),hop1,2026-06-27 08:45:00,72,123.04730224609375,13.108283996582031,285.2455749511719,122.95454545454545,258.5000000000001,True,False,False,False
3,station,U Altstadt Spandau (Berlin),hop1,2026-06-27 09:00:00,159,133.36178588867188,14.467325210571289,311.6088562011719,136.27272727272728,216.79999999999995,True,False,False,False
3,station,S+U Rathaus Spandau (Berlin),hop2,2026-06-27 06:15:00,43,112.75491333007812,12.232107162475586,258.3340148925781,115.65217391304348,233.0,True,False,False,False
3,station,S+U Rathaus Spandau (Berlin),hop2,2026-06-27 06:30:00,13,96.2861328125,10.174704551696777,220.69166564941406,97.56521739130434,233.0,True,False,False,False
3,station,S+U Rathaus Spandau (Berlin),hop2,2026-06-27 06:45:00,303,110.82594299316406,11.9857177734375,254.58546447753906,112.3913043478261,233.0,False,True,False,True
3,station,S+U Rathaus Spandau (Berlin),hop2,2026-06-27 07:00:00,0,131.76646423339844,14.423362731933594,309.69140625,131.65217391304347,412.80000000000007,False,False,True,False
3,station,S+U Rathaus Spandau (Berlin),hop2,2026-06-27 07:15:00,124,110.99903106689453,11.924116134643555,255.8926544189453,109.52173913043478,412.80000000000007,True,False,False,False
3,station,S+U Rathaus Spandau (Berlin),hop2,2026-06-27 07:30:00,153,171.20877075195312,21.19864273071289,412.2458801269531,177.6086956521739,412.80000000000007,True,False,False,False
3,station,S+U Rathaus Spandau (Berlin),hop2,2026-06-27 07:45:00,26,193.734619140625,25.3768367767334,456.5059814453125,201.2173913043478,412.80000000000007,True,False,False,False
3,station,S+U Rathaus Spandau (Berlin),hop2,2026-06-27 08:00:00,26,151.23873901367188,17.15141487121582,359.6405029296875,157.30434782608697,341.5000000000002,True,False,False,False
3,station,S+U Rathaus Spandau (Berlin),hop2,2026-06-27 08:15:00,20,152.5184326171875,17.36092185974121,362.3764953613281,158.69565217391303,341.5000000000002,True,False,False,False
3,station,S+U Rathaus Spandau (Berlin),hop2,2026-06-27 08:30:00,119,171.1180419921875,20.974319458007812,411.3113098144531,179.63636363636363,341.5000000000002,True,False,False,False
3,station,S+U Rathaus Spandau (Berlin),hop2,2026-06-27 08:45:00,76,153.11256408691406,17.511669158935547,364.23040771484375,158.3181818181818,341.5000000000002,True,False,False,False
3,station,S+U Rathaus Spandau (Berlin),hop2,2026-06-27 09:00:00,15,147.2046356201172,16.479433059692383,347.2527160644531,152.36363636363637,313.59999999999997,False,False,True,False
3,station,U Zitadelle (Berlin),closed_unserved,2026-06-27 06:15:00,0,80.37672424316406,8.427811622619629,183.00057983398438,80.1304347826087,158.59999999999997,False,False,True,False
3,station,U Zitadelle (Berlin),closed_unserved,2026-06-27 06:30:00,0,48.020294189453125,4.620190620422363,109.58027648925781,47.869565217391305,158.59999999999997,False,False,True,False
3,station,U Zitadelle (Berlin),closed_unserved,2026-06-27 06:45:00,0,108.96902465820312,11.767858505249023,250.28201293945312,110.30434782608695,158.59999999999997,False,False,True,False
3,station,U Zitadelle (Berlin),closed_unserved,2026-06-27 07:00:00,0,94.04689025878906,10.078350067138672,215.83120727539062,90.69565217391305,300.70000000000005,False,False,True,False
3,station,U Zitadelle (Berlin),closed_unserved,2026-06-27 07:15:00,0,128.22747802734375,14.002313613891602,299.5797424316406,129.52173913043478,300.70000000000005,False,False,True,False
3,station,U Zitadelle (Berlin),closed_unserved,2026-06-27 07:30:00,0,174.89976501464844,21.950611114501953,419.9940490722656,182.52173913043478,300.70000000000005,False,False,True,False
3,station,U Zitadelle (Berlin),closed_unserved,2026-06-27 07:45:00,0,123.6220703125,13.365735054016113,286.24371337890625,124.91304347826087,300.70000000000005,False,False,True,False
3,station,U Zitadelle (Berlin),closed_unserved,2026-06-27 08:00:00,0,179.68150329589844,22.564191818237305,431.6139831542969,188.56521739130434,352.90000000000015,False,False,True,False
3,station,U Zitadelle (Berlin),closed_unserved,2026-06-27 08:15:00,0,116.6445541381836,12.29421329498291,269.4239196777344,115.8695652173913,352.90000000000015,False,False,True,False
3,station,U Zitadelle (Berlin),closed_unserved,2026-06-27 08:30:00,0,127.70860290527344,13.698452949523926,297.6885986328125,128.27272727272728,352.90000000000015,False,False,True,False
3,station,U Zitadelle (Berlin),closed_unserved,2026-06-27 08:45:00,0,108.24453735351562,11.455556869506836,249.0760040283203,105.95454545454545,352.90000000000015,False,False,True,False
3,station,U Zitadelle (Berlin),closed_unserved,2026-06-27 09:00:00,0,90.1640853881836,9.529301643371582,206.17984008789062,86.81818181818181,281.5999999999999,False,False,True,False
3,station,U Paulsternstr. (Berlin),hop2,2026-06-27 06:15:00,43,54.533111572265625,5.355263710021973,123.5578384399414,53.56521739130435,224.79999999999995,True,False,False,False
3,station,U Paulsternstr. (Berlin),hop2,2026-06-27 06:30:00,156,91.49883270263672,9.675162315368652,208.91346740722656,91.95652173913044,224.79999999999995,True,False,False,False
3,station,U Paulsternstr. (Berlin),hop2,2026-06-27 06:45:00,16,114.58232879638672,12.399832725524902,263.44232177734375,116.34782608695652,224.79999999999995,True,False,False,False
3,station,U Paulsternstr. (Berlin),hop2,2026-06-27 07:00:00,5,98.5280532836914,10.571383476257324,226.65414428710938,95.69565217391305,339.9,False,False,True,False
3,station,U Paulsternstr. (Berlin),hop2,2026-06-27 07:15:00,11,133.9461669921875,14.758162498474121,314.64508056640625,135.7391304347826,339.9,False,False,True,False
3,station,U Paulsternstr. (Berlin),hop2,2026-06-27 07:30:00,107,123.4190673828125,13.467864990234375,286.0425109863281,124.56521739130434,339.9,True,False,False,False
3,station,U Paulsternstr. (Berlin),hop2,2026-06-27 07:45:00,69,217.47695922851562,29.521543502807617,484.5538330078125,223.04347826086956,339.9,True,False,False,False
3,station,U Paulsternstr. (Berlin),hop2,2026-06-27 08:00:00,171,100.30276489257812,10.593506813049316,231.12232971191406,99.1304347826087,271.70000000000005,True,False,False,False
3,station,U Paulsternstr. (Berlin),hop2,2026-06-27 08:15:00,83,116.36363220214844,12.275819778442383,268.6479187011719,115.95652173913044,271.70000000000005,True,False,False,False
3,station,U Paulsternstr. (Berlin),hop2,2026-06-27 08:30:00,341,119.80509948730469,12.734296798706055,277.2539367675781,119.72727272727273,271.70000000000005,False,True,False,True
3,station,U Paulsternstr. (Berlin),hop2,2026-06-27 08:45:00,151,129.79559326171875,13.957077980041504,303.34783935546875,130.86363636363637,271.70000000000005,True,False,False,False
3,station,U Paulsternstr. (Berlin),hop2,2026-06-27 09:00:00,13,124.16889190673828,13.34193229675293,286.7533874511719,125.4090909090909,200.59999999999997,False,False,True,False
3,station,U Haselhorst (Berlin),hop1,2026-06-27 06:15:00,55,73.12227630615234,7.576251029968262,165.8019561767578,72.21739130434783,219.8,True,False,False,False
3,station,U Haselhorst (Berlin),hop1,2026-06-27 06:30:00,100,147.65228271484375,16.76325225830078,347.36767578125,156.2173913043478,219.8,True,False,False,False
3,station,U Haselhorst (Berlin),hop1,2026-06-27 06:45:00,7,87.26195526123047,9.306769371032715,198.5579376220703,86.8695652173913,219.8,False,False,True,False
3,station,U Haselhorst (Berlin),hop1,2026-06-27 07:00:00,351,125.47628021240234,13.57982063293457,292.2662353515625,125.21739130434783,338.6,False,True,False,True
3,station,U Haselhorst (Berlin),hop1,2026-06-27 07:15:00,215,157.35275268554688,18.57184410095215,377.0572814941406,164.30434782608697,338.6,True,False,False,False
3,station,U Haselhorst (Berlin),hop1,2026-06-27 07:30:00,3,145.5391082763672,16.509132385253906,344.56475830078125,149.82608695652175,338.6,False,False,True,False
3,station,U Haselhorst (Berlin),hop1,2026-06-27 07:45:00,90,120.74522399902344,13.019062042236328,278.9419860839844,121.73913043478261,338.6,True,False,False,False
3,station,U Haselhorst (Berlin),hop1,2026-06-27 08:00:00,111,140.8682403564453,15.456855773925781,332.6157531738281,146.08695652173913,261.80000000000007,True,False,False,False
3,station,U Haselhorst (Berlin),hop1,2026-06-27 08:15:00,101,116.4682388305664,12.300422668457031,268.6457824707031,116.47826086956522,261.80000000000007,True,False,False,False
3,station,U Haselhorst (Berlin),hop1,2026-06-27 08:30:00,0,104.62808227539062,11.05884075164795,240.60760498046875,103.0,261.80000000000007,False,False,True,False
3,station,U Haselhorst (Berlin),hop1,2026-06-27 08:45:00,259,98.71392822265625,10.44583797454834,227.18006896972656,96.04545454545455,261.80000000000007,False,True,False,False
3,station,U Haselhorst (Berlin),hop1,2026-06-27 09:00:00,72,116.30176544189453,12.321094512939453,267.2368469238281,115.68181818181819,217.19999999999996,True,False,False,False
4,station,U Rathaus Neukölln (Berlin),hop2,2026-06-30 18:00:00,171,230.47039794921875,31.710927963256836,494.569580078125,229.10526315789474,494.69999999999993,True,False,False,False
4,station,U Rathaus Neukölln (Berlin),hop2,2026-06-30 18:15:00,17,217.7603759765625,28.957378387451172,486.24053955078125,216.71929824561403,494.69999999999993,False,False,True,False
4,station,U Rathaus Neukölln (Berlin),hop2,2026-06-30 18:30:00,109,180.1215362548828,21.284591674804688,437.1103820800781,181.20689655172413,494.69999999999993,True,False,False,False
4,station,U Rathaus Neukölln (Berlin),hop2,2026-06-30 18:45:00,7,141.61248779296875,15.308488845825195,336.1856689453125,142.8448275862069,494.69999999999993,False,False,True,False
4,station,U Rathaus Neukölln (Berlin),hop2,2026-06-30 19:00:00,55,186.0866241455078,22.49712371826172,447.5941162109375,187.9655172413793,395.20000000000033,True,False,False,False
4,station,U Rathaus Neukölln (Berlin),hop2,2026-06-30 19:15:00,112,157.9928436279297,17.76618766784668,383.0013122558594,161.10344827586206,395.20000000000033,True,False,False,False
4,station,U Rathaus Neukölln (Berlin),hop2,2026-06-30 19:30:00,22,173.58543395996094,20.387165069580078,420.9293518066406,174.9655172413793,395.20000000000033,True,False,False,False
4,station,U Rathaus Neukölln (Berlin),hop2,2026-06-30 19:45:00,174,133.47007751464844,14.3971586227417,313.15362548828125,132.98305084745763,395.20000000000033,True,False,False,False
4,station,U Rathaus Neukölln (Berlin),hop2,2026-06-30 20:00:00,506,136.90379333496094,14.971222877502441,319.85723876953125,138.76271186440678,269.0,False,True,False,True
4,station,U Rathaus Neukölln (Berlin),hop2,2026-06-30 20:15:00,144,131.3778076171875,14.28010368347168,305.7821350097656,133.15254237288136,269.0,True,False,False,False
4,station,U Rathaus Neukölln (Berlin),hop2,2026-06-30 20:30:00,140,111.63939666748047,12.042501449584961,257.54803466796875,111.30508474576271,269.0,True,False,False,False
4,station,U Rathaus Neukölln (Berlin),hop2,2026-06-30 20:45:00,47,106.95002746582031,11.677460670471191,246.91270446777344,105.67796610169492,269.0,True,False,False,False
4,station,U Rathaus Neukölln (Berlin),hop2,2026-06-30 21:00:00,75,73.24596405029297,7.868396759033203,167.04916381835938,71.7719298245614,152.0,True,False,False,False
4,station,U Rathaus Neukölln (Berlin),hop2,2026-06-30 21:15:00,10,63.045509338378906,6.695413589477539,142.4910125732422,60.96491228070175,152.0,True,False,False,False
4,station,U Karl-Marx-Str. (Berlin),hop1,2026-06-30 18:00:00,140,167.7811737060547,19.17897605895996,408.190185546875,171.21052631578948,494.79999999999995,True,False,False,False
4,station,U Karl-Marx-Str. (Berlin),hop1,2026-06-30 18:15:00,140,195.4329376220703,24.276079177856445,462.40081787109375,197.3859649122807,494.79999999999995,True,False,False,False
4,station,U Karl-Marx-Str. (Berlin),hop1,2026-06-30 18:30:00,131,210.236083984375,27.339643478393555,480.01849365234375,208.94827586206895,494.79999999999995,True,False,False,False
4,station,U Karl-Marx-Str. (Berlin),hop1,2026-06-30 18:45:00,42,228.63543701171875,31.205528259277344,493.3323059082031,225.13793103448276,494.79999999999995,True,False,False,False
4,station,U Karl-Marx-Str. (Berlin),hop1,2026-06-30 19:00:00,218,224.79547119140625,30.159622192382812,490.525146484375,221.63793103448276,416.0,True,False,False,False
4,station,U Karl-Marx-Str. (Berlin),hop1,2026-06-30 19:15:00,97,165.3088836669922,18.94200897216797,401.7453918457031,168.43103448275863,416.0,True,False,False,False
4,station,U Karl-Marx-Str. (Berlin),hop1,2026-06-30 19:30:00,54,181.86863708496094,21.75399398803711,439.20428466796875,181.98275862068965,416.0,True,False,False,False
4,station,U Karl-Marx-Str. (Berlin),hop1,2026-06-30 19:45:00,136,127.07051086425781,13.708803176879883,296.81549072265625,125.44067796610169,416.0,True,False,False,False
4,station,U Karl-Marx-Str. (Berlin),hop1,2026-06-30 20:00:00,45,158.88143920898438,18.429105758666992,378.8876647949219,165.54237288135593,282.0,True,False,False,False
4,station,U Karl-Marx-Str. (Berlin),hop1,2026-06-30 20:15:00,34,123.46308898925781,13.368135452270508,285.24700927734375,124.62711864406779,282.0,True,False,False,False
4,station,U Karl-Marx-Str. (Berlin),hop1,2026-06-30 20:30:00,57,114.79327392578125,12.378637313842773,264.9050598144531,114.64406779661017,282.0,True,False,False,False
4,station,U Karl-Marx-Str. (Berlin),hop1,2026-06-30 20:45:00,324,90.68693542480469,9.929303169250488,209.28945922851562,87.89830508474576,282.0,False,True,False,True
4,station,U Karl-Marx-Str. (Berlin),hop1,2026-06-30 21:00:00,24,65.22384643554688,6.867700099945068,147.63302612304688,63.280701754385966,136.3,True,False,False,False
4,station,U Karl-Marx-Str. (Berlin),hop1,2026-06-30 21:15:00,24,75.45384216308594,8.317322731018066,172.03257751464844,74.03508771929825,136.3,True,False,False,False
4,station,S+U Neukölln (Berlin),closed_unserved,2026-06-30 18:00:00,0,200.16136169433594,25.339868545532227,468.69580078125,202.01754385964912,446.29999999999984,False,False,True,False
4,station,S+U Neukölln (Berlin),closed_unserved,2026-06-30 18:15:00,0,167.41554260253906,19.272117614746094,406.9050598144531,170.1578947368421,446.29999999999984,False,False,True,False
4,station,S+U Neukölln (Berlin),closed_unserved,2026-06-30 18:30:00,0,204.2890625,25.948169708251953,473.9473876953125,202.25862068965517,446.29999999999984,False,False,True,False
4,station,S+U Neukölln (Berlin),closed_unserved,2026-06-30 18:45:00,0,201.13427734375,25.248950958251953,471.1887512207031,198.89655172413794,446.29999999999984,False,False,True,False
4,station,S+U Neukölln (Berlin),closed_unserved,2026-06-30 19:00:00,0,193.7889404296875,23.749547958374023,459.9930725097656,194.1551724137931,461.8,False,False,True,False
4,station,S+U Neukölln (Berlin),closed_unserved,2026-06-30 19:15:00,0,203.953125,25.715280532836914,472.2928771972656,203.22413793103448,461.8,False,False,True,False
4,station,S+U Neukölln (Berlin),closed_unserved,2026-06-30 19:30:00,0,172.42462158203125,20.24516487121582,417.55419921875,173.91379310344828,461.8,False,False,True,False
4,station,S+U Neukölln (Berlin),closed_unserved,2026-06-30 19:45:00,0,162.42098999023438,18.542770385742188,392.41387939453125,164.22033898305085,461.8,False,False,True,False
4,station,S+U Neukölln (Berlin),closed_unserved,2026-06-30 20:00:00,0,141.73851013183594,15.632107734680176,332.5655212402344,145.10169491525423,276.0,False,False,True,False
4,station,S+U Neukölln (Berlin),closed_unserved,2026-06-30 20:15:00,0,114.5409164428711,12.310639381408691,264.59075927734375,113.52542372881356,276.0,False,False,True,False
4,station,S+U Neukölln (Berlin),closed_unserved,2026-06-30 20:30:00,0,103.33373260498047,11.130071640014648,239.26690673828125,101.27118644067797,276.0,False,False,True,False
4,station,S+U Neukölln (Berlin),closed_unserved,2026-06-30 20:45:00,0,93.02738189697266,10.178672790527344,214.8966522216797,90.50847457627118,276.0,False,False,True,False
4,station,S+U Neukölln (Berlin),closed_unserved,2026-06-30 21:00:00,0,104.70231628417969,11.599516868591309,240.57627868652344,106.56140350877193,148.60000000000002,False,False,True,False
4,station,S+U Neukölln (Berlin),closed_unserved,2026-06-30 21:15:00,0,73.14857482910156,8.04750919342041,166.48426818847656,71.03508771929825,148.60000000000002,False,False,True,False
4,station,U Blaschkoallee (Berlin),hop2,2026-06-30 18:00:00,106,189.90234375,23.247814178466797,454.156494140625,192.89473684210526,500.0,True,False,False,False
4,station,U Blaschkoallee (Berlin),hop2,2026-06-30 18:15:00,116,169.09417724609375,19.53700065612793,410.9613342285156,172.05263157894737,500.0,True,False,False,False
4,station,U Blaschkoallee (Berlin),hop2,2026-06-30 18:30:00,168,196.17068481445312,24.222412109375,464.1549072265625,195.4655172413793,500.0,True,False,False,False
4,station,U Blaschkoallee (Berlin),hop2,2026-06-30 18:45:00,463,224.5382843017578,30.107322692871094,490.9703063964844,219.56896551724137,500.0,True,False,False,False
4,station,U Blaschkoallee (Berlin),hop2,2026-06-30 19:00:00,188,220.66310119628906,29.240692138671875,487.6963806152344,218.55172413793105,446.2000000000001,True,False,False,False
4,station,U Blaschkoallee (Berlin),hop2,2026-06-30 19:15:00,40,171.85293579101562,19.934202194213867,418.1599426269531,174.17241379310346,446.2000000000001,True,False,False,False
4,station,U Blaschkoallee (Berlin),hop2,2026-06-30 19:30:00,217,137.3678741455078,14.950986862182617,323.42169189453125,136.70689655172413,446.2000000000001,True,False,False,False
4,station,U Blaschkoallee (Berlin),hop2,2026-06-30 19:45:00,210,148.33531188964844,16.37853240966797,352.2289123535156,150.98305084745763,446.2000000000001,True,False,False,False
4,station,U Blaschkoallee (Berlin),hop2,2026-06-30 20:00:00,61,136.389404296875,14.906793594360352,317.8582763671875,139.9322033898305,264.0,True,False,False,False
4,station,U Blaschkoallee (Berlin),hop2,2026-06-30 20:15:00,144,119.93223571777344,12.878378868103027,277.8472900390625,119.22033898305085,264.0,True,False,False,False
4,station,U Blaschkoallee (Berlin),hop2,2026-06-30 20:30:00,252,108.92465209960938,11.771931648254395,251.45143127441406,108.37288135593221,264.0,False,True,False,False
4,station,U Blaschkoallee (Berlin),hop2,2026-06-30 20:45:00,128,92.2742919921875,10.085494041442871,213.2926788330078,89.67796610169492,264.0,True,False,False,False
4,station,U Blaschkoallee (Berlin),hop2,2026-06-30 21:00:00,263,77.0900650024414,8.448555946350098,176.1887969970703,75.47368421052632,124.0,False,True,False,True
4,station,U Blaschkoallee (Berlin),hop2,2026-06-30 21:15:00,500,60.36013412475586,6.385765075683594,136.1620635986328,58.26315789473684,124.0,False,True,False,True
4,station,U Grenzallee (Berlin),hop1,2026-06-30 18:00:00,62,217.07386779785156,28.868345260620117,486.11407470703125,217.19298245614036,456.7999999999997,True,False,False,False
4,station,U Grenzallee (Berlin),hop1,2026-06-30 18:15:00,98,186.23861694335938,22.3803653717041,448.7003173828125,186.47368421052633,456.7999999999997,True,False,False,False
4,station,U Grenzallee (Berlin),hop1,2026-06-30 18:30:00,250,214.43502807617188,28.219120025634766,483.7925720214844,212.01724137931035,456.7999999999997,True,False,False,False
4,station,U Grenzallee (Berlin),hop1,2026-06-30 18:45:00,123,170.2895965576172,19.623035430908203,415.7735595703125,171.91379310344828,456.7999999999997,True,False,False,False
4,station,U Grenzallee (Berlin),hop1,2026-06-30 19:00:00,329,166.45645141601562,19.117568969726562,405.7594299316406,168.63793103448276,441.80000000000024,True,False,False,False
4,station,U Grenzallee (Berlin),hop1,2026-06-30 19:15:00,94,162.54360961914062,18.49797248840332,394.812744140625,164.3448275862069,441.80000000000024,True,False,False,False
4,station,U Grenzallee (Berlin),hop1,2026-06-30 19:30:00,15,152.69833374023438,17.085453033447266,365.2441711425781,154.10344827586206,441.80000000000024,False,False,True,False
4,station,U Grenzallee (Berlin),hop1,2026-06-30 19:45:00,242,210.64279174804688,27.341413497924805,479.1504821777344,209.91525423728814,441.80000000000024,True,False,False,False
4,station,U Grenzallee (Berlin),hop1,2026-06-30 20:00:00,149,131.70640563964844,14.362689018249512,306.91729736328125,133.135593220339,265.5,True,False,False,False
4,station,U Grenzallee (Berlin),hop1,2026-06-30 20:15:00,384,115.20808410644531,12.372511863708496,266.08197021484375,114.91525423728814,265.5,False,True,False,True
4,station,U Grenzallee (Berlin),hop1,2026-06-30 20:30:00,182,114.46859741210938,12.324248313903809,264.4087829589844,112.96610169491525,265.5,True,False,False,False
4,station,U Grenzallee (Berlin),hop1,2026-06-30 20:45:00,63,91.0604248046875,9.964929580688477,210.19711303710938,88.44067796610169,265.5,True,False,False,False
4,station,U Grenzallee (Berlin),hop1,2026-06-30 21:00:00,219,75.57209014892578,8.234435081481934,172.6171417236328,74.05263157894737,136.20000000000005,False,True,False,True
4,station,U Grenzallee (Berlin),hop1,2026-06-30 21:15:00,21,78.73987579345703,8.75604248046875,180.0911865234375,77.0701754385965,136.20000000000005,True,False,False,False
5,station,U Kaulsdorf-Nord (Berlin),hop2,2026-06-30 20:00:00,53,132.54002380371094,14.481468200683594,308.0830383300781,134.76271186440678,257.0,True,False,False,False
5,station,U Kaulsdorf-Nord (Berlin),hop2,2026-06-30 20:15:00,44,136.0189666748047,14.889241218566895,317.063720703125,137.89830508474577,257.0,True,False,False,False
5,station,U Kaulsdorf-Nord (Berlin),hop2,2026-06-30 20:30:00,8,79.87967681884766,8.792488098144531,183.23519897460938,76.38983050847457,257.0,False,False,True,False
5,station,U Kaulsdorf-Nord (Berlin),hop2,2026-06-30 20:45:00,141,86.48788452148438,9.545173645019531,198.04742431640625,83.35593220338983,257.0,True,False,False,False
5,station,U Kaulsdorf-Nord (Berlin),hop2,2026-06-30 21:00:00,3,78.33138275146484,8.642679214477539,179.01316833496094,76.59649122807018,134.3,False,False,True,False
5,station,U Kaulsdorf-Nord (Berlin),hop2,2026-06-30 21:15:00,93,66.83448791503906,7.244685649871826,151.5811767578125,64.10526315789474,134.3,True,False,False,False
5,station,U Kaulsdorf-Nord (Berlin),hop2,2026-06-30 21:30:00,34,61.297969818115234,6.5520405769348145,138.1221923828125,59.03508771929825,134.3,True,False,False,False
5,station,U Kaulsdorf-Nord (Berlin),hop2,2026-06-30 21:45:00,41,31.221647262573242,3.02361798286438,72.17353820800781,30.87719298245614,134.3,True,False,False,False
5,station,U Kaulsdorf-Nord (Berlin),hop2,2026-06-30 22:00:00,77,33.766170501708984,3.2298007011413574,77.95217895507812,34.24561403508772,57.30000000000001,True,False,False,True
5,station,U Kaulsdorf-Nord (Berlin),hop2,2026-06-30 22:15:00,65,23.63979721069336,1.9675796031951904,55.15687561035156,24.49122807017544,57.30000000000001,False,True,False,True
5,station,U Kaulsdorf-Nord (Berlin),hop2,2026-06-30 22:30:00,32,17.571258544921875,1.2565734386444092,42.047725677490234,18.789473684210527,57.30000000000001,True,False,False,False
5,station,U Kaulsdorf-Nord (Berlin),hop2,2026-06-30 22:45:00,37,12.453391075134277,0.6688406467437744,30.549715042114258,12.824561403508772,57.30000000000001,False,True,False,False
5,station,U Kienberg (Gärten der Welt) (Berlin),hop1,2026-06-30 20:00:00,48,144.83607482910156,16.171926498413086,339.7550354003906,149.0,275.0,True,False,False,False
5,station,U Kienberg (Gärten der Welt) (Berlin),hop1,2026-06-30 20:15:00,210,116.06207275390625,12.473104476928711,268.0339050292969,115.32203389830508,275.0,True,False,False,False
5,station,U Kienberg (Gärten der Welt) (Berlin),hop1,2026-06-30 20:30:00,115,117.61297607421875,12.702747344970703,271.18707275390625,116.64406779661017,275.0,True,False,False,False
5,station,U Kienberg (Gärten der Welt) (Berlin),hop1,2026-06-30 20:45:00,52,101.16997528076172,11.049787521362305,234.22787475585938,98.2542372881356,275.0,True,False,False,False
5,station,U Kienberg (Gärten der Welt) (Berlin),hop1,2026-06-30 21:00:00,15,80.75188446044922,8.894432067871094,184.91839599609375,78.01754385964912,124.30000000000001,True,False,False,False
5,station,U Kienberg (Gärten der Welt) (Berlin),hop1,2026-06-30 21:15:00,15,57.913333892822266,6.032723426818848,131.11190795898438,54.98245614035088,124.30000000000001,True,False,False,False
5,station,U Kienberg (Gärten der Welt) (Berlin),hop1,2026-06-30 21:30:00,99,48.90441131591797,4.974552631378174,111.07266998291016,47.14035087719298,124.30000000000001,True,False,False,False
5,station,U Kienberg (Gärten der Welt) (Berlin),hop1,2026-06-30 21:45:00,80,39.02195358276367,3.965430974960327,89.18553161621094,38.3859649122807,124.30000000000001,True,False,False,False
5,station,U Kienberg (Gärten der Welt) (Berlin),hop1,2026-06-30 22:00:00,18,27.287446975708008,2.4140214920043945,63.31817626953125,27.894736842105264,53.0,True,False,False,False
5,station,U Kienberg (Gärten der Welt) (Berlin),hop1,2026-06-30 22:15:00,1,24.641157150268555,2.0654852390289307,57.397010803222656,25.31578947368421,53.0,False,False,True,False
5,station,U Kienberg (Gärten der Welt) (Berlin),hop1,2026-06-30 22:30:00,17,19.469867706298828,1.457424521446228,46.16133117675781,20.736842105263158,53.0,True,False,False,False
5,station,U Kienberg (Gärten der Welt) (Berlin),hop1,2026-06-30 22:45:00,8,10.703283309936523,0.4535740613937378,26.195409774780273,10.894736842105264,53.0,True,False,False,False
5,station,U Cottbusser Platz (Berlin),closed_unserved,2026-06-30 20:00:00,0,130.47775268554688,14.181070327758789,302.93896484375,132.54237288135593,264.0,False,False,True,False
5,station,U Cottbusser Platz (Berlin),closed_unserved,2026-06-30 20:15:00,0,125.42182922363281,13.585139274597168,289.6282958984375,126.52542372881356,264.0,False,False,True,False
5,station,U Cottbusser Platz (Berlin),closed_unserved,2026-06-30 20:30:00,0,110.44607543945312,11.92636489868164,254.7684326171875,109.16949152542372,264.0,False,False,True,False
5,station,U Cottbusser Platz (Berlin),closed_unserved,2026-06-30 20:45:00,0,101.98579406738281,11.1492338180542,235.57034301757812,99.54237288135593,264.0,False,False,True,False
5,station,U Cottbusser Platz (Berlin),closed_unserved,2026-06-30 21:00:00,0,73.40351104736328,8.00532341003418,167.174072265625,71.3157894736842,118.90000000000003,False,False,True,False
5,station,U Cottbusser Platz (Berlin),closed_unserved,2026-06-30 21:15:00,0,63.64563751220703,6.791924953460693,143.66961669921875,60.771929824561404,118.90000000000003,False,False,True,False
5,station,U Cottbusser Platz (Berlin),closed_unserved,2026-06-30 21:30:00,0,41.479007720947266,4.146048545837402,94.76689147949219,40.94736842105263,118.90000000000003,False,False,True,False
5,station,U Cottbusser Platz (Berlin),closed_unserved,2026-06-30 21:45:00,0,44.14834976196289,4.5137176513671875,100.6509017944336,42.98245614035088,118.90000000000003,False,False,True,False
5,station,U Cottbusser Platz (Berlin),closed_unserved,2026-06-30 22:00:00,0,34.2464485168457,3.2779645919799805,79.03303527832031,34.719298245614034,52.30000000000001,False,False,True,False
5,station,U Cottbusser Platz (Berlin),closed_unserved,2026-06-30 22:15:00,0,25.41105842590332,2.171159029006958,59.14178466796875,26.210526315789473,52.30000000000001,False,False,True,False
5,station,U Cottbusser Platz (Berlin),closed_unserved,2026-06-30 22:30:00,0,16.820232391357422,1.167832374572754,40.30682373046875,17.92982456140351,52.30000000000001,False,False,True,False
5,station,U Cottbusser Platz (Berlin),closed_unserved,2026-06-30 22:45:00,0,12.187288284301758,0.6376645565032959,29.89767074584961,12.56140350877193,52.30000000000001,False,False,True,False
5,station,U Hellersdorf (Berlin),hop1,2026-06-30 20:00:00,167,110.02473449707031,11.879646301269531,253.92181396484375,109.28813559322033,277.0,True,False,False,False
5,station,U Hellersdorf (Berlin),hop1,2026-06-30 20:15:00,35,129.7318878173828,14.071982383728027,301.5436096191406,130.64406779661016,277.0,True,False,False,False
5,station,U Hellersdorf (Berlin),hop1,2026-06-30 20:30:00,312,105.99464416503906,11.458751678466797,244.81137084960938,104.38983050847457,277.0,False,True,False,True
5,station,U Hellersdorf (Berlin),hop1,2026-06-30 20:45:00,34,119.96265411376953,13.177999496459961,275.787109375,120.67796610169492,277.0,True,False,False,False
5,station,U Hellersdorf (Berlin),hop1,2026-06-30 21:00:00,9,83.52406311035156,9.21876049041748,190.99703979492188,81.54385964912281,135.10000000000008,False,False,True,False
5,station,U Hellersdorf (Berlin),hop1,2026-06-30 21:15:00,101,58.212730407714844,6.0803608894348145,131.6790313720703,55.6140350877193,135.10000000000008,True,False,False,False
5,station,U Hellersdorf (Berlin),hop1,2026-06-30 21:30:00,18,75.08940124511719,8.30538272857666,170.34579467773438,73.29824561403508,135.10000000000008,True,False,False,False
5,station,U Hellersdorf (Berlin),hop1,2026-06-30 21:45:00,69,35.75825119018555,3.613884687423706,82.3086929321289,35.31578947368421,135.10000000000008,True,False,False,False
5,station,U Hellersdorf (Berlin),hop1,2026-06-30 22:00:00,52,35.56993865966797,3.418100357055664,82.02933502197266,35.98245614035088,52.60000000000002,True,False,False,False
5,station,U Hellersdorf (Berlin),hop1,2026-06-30 22:15:00,38,21.434785842895508,1.7007570266723633,50.30563735961914,22.43859649122807,52.60000000000002,True,False,False,False
5,station,U Hellersdorf (Berlin),hop1,2026-06-30 22:30:00,7,13.463289260864258,0.7797338962554932,32.95408630371094,14.087719298245615,52.60000000000002,True,False,False,False
5,station,U Hellersdorf (Berlin),hop1,2026-06-30 22:45:00,13,10.426925659179688,0.4183821380138397,25.457229614257812,10.596491228070175,52.60000000000002,True,False,False,False
5,station,U Louis-Lewin-Str. (Berlin),hop2,2026-06-30 20:00:00,411,116.45520782470703,12.54825496673584,268.25140380859375,116.32203389830508,257.5,False,True,False,True
5,station,U Louis-Lewin-Str. (Berlin),hop2,2026-06-30 20:15:00,38,140.6632080078125,15.506434440612793,328.58551025390625,144.11864406779662,257.5,True,False,False,False
5,station,U Louis-Lewin-Str. (Berlin),hop2,2026-06-30 20:30:00,41,116.069580078125,12.539836883544922,267.2826232910156,115.57627118644068,257.5,True,False,False,False
5,station,U Louis-Lewin-Str. (Berlin),hop2,2026-06-30 20:45:00,27,83.18708801269531,9.171365737915039,190.46194458007812,80.2542372881356,257.5,True,False,False,False
5,station,U Louis-Lewin-Str. (Berlin),hop2,2026-06-30 21:00:00,157,81.5583267211914,8.987428665161133,186.54852294921875,79.49122807017544,167.4000000000001,True,False,False,False
5,station,U Louis-Lewin-Str. (Berlin),hop2,2026-06-30 21:15:00,37,78.57795715332031,8.739039421081543,179.3085174560547,76.52631578947368,167.4000000000001,True,False,False,False
5,station,U Louis-Lewin-Str. (Berlin),hop2,2026-06-30 21:30:00,29,75.88397216796875,8.400420188903809,172.26797485351562,74.14035087719299,167.4000000000001,True,False,False,False
5,station,U Louis-Lewin-Str. (Berlin),hop2,2026-06-30 21:45:00,23,44.996212005615234,4.599327087402344,102.54598236083984,43.68421052631579,167.4000000000001,True,False,False,False
5,station,U Louis-Lewin-Str. (Berlin),hop2,2026-06-30 22:00:00,35,39.13749694824219,3.818549633026123,89.5440902709961,39.50877192982456,61.900000000000034,True,False,False,False
5,station,U Louis-Lewin-Str. (Berlin),hop2,2026-06-30 22:15:00,31,29.160722732543945,2.6361446380615234,67.51787567138672,30.017543859649123,61.900000000000034,True,False,False,False
5,station,U Louis-Lewin-Str. (Berlin),hop2,2026-06-30 22:30:00,9,18.37201499938965,1.336463212966919,43.78230667114258,19.736842105263158,61.900000000000034,True,False,False,False
5,station,U Louis-Lewin-Str. (Berlin),hop2,2026-06-30 22:45:00,31,11.789291381835938,0.5853943824768066,28.900426864624023,12.140350877192983,61.900000000000034,False,True,False,False
6,station,S+U Bundesplatz (Berlin),hop2,2026-07-02 08:15:00,43,386.3648681640625,43.01614761352539,836.2442626953125,487.17543859649123,1194.0,False,False,True,False
6,station,S+U Bundesplatz (Berlin),hop2,2026-07-02 08:30:00,1152,352.8638000488281,39.50298309326172,772.329345703125,437.0701754385965,1194.0,False,True,False,False
6,station,S+U Bundesplatz (Berlin),hop2,2026-07-02 08:45:00,729,353.9497375488281,39.47161102294922,775.2857055664062,444.7543859649123,1194.0,True,False,False,False
6,station,S+U Bundesplatz (Berlin),hop2,2026-07-02 09:00:00,19,303.7154235839844,33.987239837646484,674.1848754882812,371.6666666666667,768.0,False,False,True,False
6,station,S+U Bundesplatz (Berlin),hop2,2026-07-02 09:15:00,296,291.62274169921875,32.308223724365234,652.2789306640625,354.1896551724138,768.0,True,False,False,False
6,station,S+U Bundesplatz (Berlin),hop2,2026-07-02 09:30:00,191,197.026123046875,20.729454040527344,464.1524658203125,226.17241379310346,768.0,True,False,False,False
6,station,S+U Bundesplatz (Berlin),hop2,2026-07-02 09:45:00,349,214.55709838867188,22.797725677490234,501.727783203125,247.9655172413793,768.0,True,False,False,False
6,station,S+U Bundesplatz (Berlin),hop2,2026-07-02 10:00:00,44,190.0933380126953,19.998279571533203,446.4132385253906,224.44827586206895,323.40000000000003,True,False,False,False
6,station,S+U Bundesplatz (Berlin),hop2,2026-07-02 10:15:00,27,146.10647583007812,14.719635009765625,339.6239013671875,178.77586206896552,323.40000000000003,True,False,False,False
6,station,S+U Bundesplatz (Berlin),hop2,2026-07-02 10:30:00,29,78.6750717163086,8.242945671081543,177.46429443359375,97.10169491525424,323.40000000000003,True,False,False,False
6,station,S+U Bundesplatz (Berlin),hop2,2026-07-02 10:45:00,101,76.65140533447266,8.034645080566406,172.15655517578125,96.0677966101695,323.40000000000003,True,False,False,False
6,station,S+U Bundesplatz (Berlin),hop2,2026-07-02 11:00:00,22,48.94917297363281,5.0244059562683105,109.58653259277344,62.983050847457626,100.70000000000002,True,False,False,False
6,station,S+U Bundesplatz (Berlin),hop2,2026-07-02 11:15:00,11,33.68723678588867,3.338402509689331,76.92668914794922,43.11864406779661,100.70000000000002,True,False,False,False
6,station,S+U Bundesplatz (Berlin),hop2,2026-07-02 11:30:00,31,21.59284210205078,1.7327234745025635,50.52766036987305,28.120689655172413,100.70000000000002,True,False,False,False
6,station,S+U Bundesplatz (Berlin),hop2,2026-07-02 11:45:00,13,15.935297012329102,1.0079174041748047,38.60076141357422,21.103448275862068,100.70000000000002,True,False,False,False
6,station,S+U Bundesplatz (Berlin),hop2,2026-07-02 12:00:00,24,12.860923767089844,0.629264235496521,31.41233253479004,17.17241379310345,35.200000000000045,True,False,False,False
6,station,S+U Bundesplatz (Berlin),hop2,2026-07-02 12:15:00,0,13.215845108032227,0.6750879287719727,32.26868438720703,17.896551724137932,35.200000000000045,False,False,True,False
6,station,S+U Bundesplatz (Berlin),hop2,2026-07-02 12:30:00,6,10.043123245239258,0.3251955807209015,24.78997802734375,12.553571428571429,35.200000000000045,True,False,False,False
6,station,U Walther-Schreiber-Platz (Berlin),closed_unserved,2026-07-02 08:15:00,0,247.34716796875,31.117053985595703,535.611328125,285.57894736842104,588.0,False,False,True,False
6,station,U Walther-Schreiber-Platz (Berlin),closed_unserved,2026-07-02 08:30:00,0,207.98785400390625,25.56618309020996,484.8279724121094,234.82456140350877,588.0,False,False,True,False
6,station,U Walther-Schreiber-Platz (Berlin),closed_unserved,2026-07-02 08:45:00,0,201.57229614257812,24.70824432373047,474.5608825683594,229.26315789473685,588.0,False,False,True,False
6,station,U Walther-Schreiber-Platz (Berlin),closed_unserved,2026-07-02 09:00:00,0,167.09310913085938,18.75757598876953,403.0844421386719,199.24561403508773,394.0,False,False,True,False
6,station,U Walther-Schreiber-Platz (Berlin),closed_unserved,2026-07-02 09:15:00,0,169.24769592285156,19.132034301757812,407.7905578613281,202.81034482758622,394.0,False,False,True,False
6,station,U Walther-Schreiber-Platz (Berlin),closed_unserved,2026-07-02 09:30:00,0,129.08615112304688,13.503141403198242,299.3724670410156,159.13793103448276,394.0,False,False,True,False
6,station,U Walther-Schreiber-Platz (Berlin),closed_unserved,2026-07-02 09:45:00,0,124.6546630859375,12.907755851745605,286.41278076171875,155.31034482758622,394.0,False,False,True,False
6,station,U Walther-Schreiber-Platz (Berlin),closed_unserved,2026-07-02 10:00:00,0,99.22539520263672,10.50175666809082,227.38458251953125,123.39655172413794,195.80000000000024,False,False,True,False
6,station,U Walther-Schreiber-Platz (Berlin),closed_unserved,2026-07-02 10:15:00,0,71.17255401611328,7.324533939361572,159.6558074951172,87.22413793103448,195.80000000000024,False,False,True,False
6,station,U Walther-Schreiber-Platz (Berlin),closed_unserved,2026-07-02 10:30:00,0,57.80470275878906,5.778620719909668,130.12820434570312,69.88135593220339,195.80000000000024,False,False,True,False
6,station,U Walther-Schreiber-Platz (Berlin),closed_unserved,2026-07-02 10:45:00,0,37.89218521118164,3.6774661540985107,86.36061096191406,45.67796610169491,195.80000000000024,False,False,True,False
6,station,U Walther-Schreiber-Platz (Berlin),closed_unserved,2026-07-02 11:00:00,0,30.007431030273438,2.826687812805176,69.20035552978516,38.0,56.0,False,False,True,False
6,station,U Walther-Schreiber-Platz (Berlin),closed_unserved,2026-07-02 11:15:00,0,18.52189064025879,1.3163838386535645,44.54077911376953,23.93220338983051,56.0,False,False,True,False
6,station,U Walther-Schreiber-Platz (Berlin),closed_unserved,2026-07-02 11:30:00,0,14.419479370117188,0.8269801139831543,35.18037796020508,18.70689655172414,56.0,False,False,True,False
6,station,U Walther-Schreiber-Platz (Berlin),closed_unserved,2026-07-02 11:45:00,0,10.664324760437012,0.4395553767681122,26.445171356201172,13.241379310344827,56.0,False,False,True,False
6,station,U Walther-Schreiber-Platz (Berlin),closed_unserved,2026-07-02 12:00:00,0,8.5823335647583,0.20041018724441528,21.620820999145508,10.53448275862069,24.30000000000001,False,False,True,False
6,station,U Walther-Schreiber-Platz (Berlin),closed_unserved,2026-07-02 12:15:00,0,7.805065631866455,0.12214599549770355,19.75629997253418,9.775862068965518,24.30000000000001,False,False,True,False
6,station,U Walther-Schreiber-Platz (Berlin),closed_unserved,2026-07-02 12:30:00,0,6.922233581542969,0.03583092987537384,17.556726455688477,8.732142857142858,24.30000000000001,False,False,True,False
6,station,U Friedrich-Wilhelm-Platz (Berlin),hop1,2026-07-02 08:15:00,95,265.4727783203125,30.82366371154785,585.583740234375,304.82456140350877,747.0,True,False,False,False
6,station,U Friedrich-Wilhelm-Platz (Berlin),hop1,2026-07-02 08:30:00,266,280.198974609375,33.27461242675781,606.3987426757812,333.2631578947368,747.0,True,False,False,False
6,station,U Friedrich-Wilhelm-Platz (Berlin),hop1,2026-07-02 08:45:00,408,264.0937805175781,30.948434829711914,583.1480712890625,307.5438596491228,747.0,True,False,False,False
6,station,U Friedrich-Wilhelm-Platz (Berlin),hop1,2026-07-02 09:00:00,551,256.3646545410156,29.6943416595459,570.8169555664062,303.5263157894737,560.0,True,False,False,False
6,station,U Friedrich-Wilhelm-Platz (Berlin),hop1,2026-07-02 09:15:00,98,232.04649353027344,26.648435592651367,529.5726928710938,268.8965517241379,560.0,True,False,False,False
6,station,U Friedrich-Wilhelm-Platz (Berlin),hop1,2026-07-02 09:30:00,9,169.4449462890625,18.146442413330078,406.3557434082031,202.4655172413793,560.0,False,False,True,False
6,station,U Friedrich-Wilhelm-Platz (Berlin),hop1,2026-07-02 09:45:00,296,127.49860382080078,13.023673057556152,294.1480407714844,156.20689655172413,560.0,False,True,False,False
6,station,U Friedrich-Wilhelm-Platz (Berlin),hop1,2026-07-02 10:00:00,54,121.30413055419922,12.45559310913086,277.7294006347656,150.1206896551724,225.0,True,False,False,False
6,station,U Friedrich-Wilhelm-Platz (Berlin),hop1,2026-07-02 10:15:00,18,65.9337158203125,6.657151222229004,147.48060607910156,80.44827586206897,225.0,True,False,False,False
6,station,U Friedrich-Wilhelm-Platz (Berlin),hop1,2026-07-02 10:30:00,12,74.6594009399414,7.647591590881348,167.74925231933594,92.50847457627118,225.0,True,False,False,False
6,station,U Friedrich-Wilhelm-Platz (Berlin),hop1,2026-07-02 10:45:00,11,36.38039779663086,3.54469895362854,83.25071716308594,44.389830508474574,225.0,True,False,False,False
6,station,U Friedrich-Wilhelm-Platz (Berlin),hop1,2026-07-02 11:00:00,5,35.58504867553711,3.4733846187591553,81.18092346191406,45.33898305084746,80.70000000000002,True,False,False,False
6,station,U Friedrich-Wilhelm-Platz (Berlin),hop1,2026-07-02 11:15:00,3,27.95417022705078,2.6012649536132812,64.64783477783203,36.28813559322034,80.70000000000002,True,False,False,False
6,station,U Friedrich-Wilhelm-Platz (Berlin),hop1,2026-07-02 11:30:00,9,20.955358505249023,1.6561044454574585,49.37089157104492,27.79310344827586,80.70000000000002,True,False,False,False
6,station,U Friedrich-Wilhelm-Platz (Berlin),hop1,2026-07-02 11:45:00,10,16.85110092163086,1.1452093124389648,40.922359466552734,22.637931034482758,80.70000000000002,True,False,False,False
6,station,U Friedrich-Wilhelm-Platz (Berlin),hop1,2026-07-02 12:00:00,1,11.203971862792969,0.4670129716396332,27.749446868896484,14.827586206896552,28.900000000000034,True,False,False,False
6,station,U Friedrich-Wilhelm-Platz (Berlin),hop1,2026-07-02 12:15:00,20,7.587705135345459,0.08865049481391907,19.204431533813477,9.568965517241379,28.900000000000034,False,True,False,False
6,station,U Friedrich-Wilhelm-Platz (Berlin),hop1,2026-07-02 12:30:00,6,7.2005767822265625,0.04882153868675232,18.265060424804688,9.053571428571429,28.900000000000034,True,False,False,False
6,station,S+U Rathaus Steglitz (Berlin),hop2,2026-07-02 08:15:00,6,171.59725952148438,19.835172653198242,415.7923278808594,200.59649122807016,493.8000000000003,False,False,True,False
6,station,S+U Rathaus Steglitz (Berlin),hop2,2026-07-02 08:30:00,69,161.89715576171875,18.196977615356445,390.7465515136719,192.24561403508773,493.8000000000003,True,False,False,False
6,station,S+U Rathaus Steglitz (Berlin),hop2,2026-07-02 08:45:00,133,175.97288513183594,20.943016052246094,426.2773742675781,205.28070175438597,493.8000000000003,True,False,False,False
6,station,S+U Rathaus Steglitz (Berlin),hop2,2026-07-02 09:00:00,358,139.34979248046875,14.800291061401367,325.8431091308594,171.21052631578948,306.0,False,True,False,True
6,station,S+U Rathaus Steglitz (Berlin),hop2,2026-07-02 09:15:00,72,116.5054702758789,12.027670860290527,267.4999084472656,141.67241379310346,306.0,True,False,False,False
6,station,S+U Rathaus Steglitz (Berlin),hop2,2026-07-02 09:30:00,43,103.56404113769531,10.957584381103516,237.86570739746094,127.05172413793103,306.0,True,False,False,False
6,station,S+U Rathaus Steglitz (Berlin),hop2,2026-07-02 09:45:00,170,81.0427017211914,8.627033233642578,183.6992950439453,98.53448275862068,306.0,True,False,False,False
6,station,S+U Rathaus Steglitz (Berlin),hop2,2026-07-02 10:00:00,107,66.7386245727539,6.896108627319336,150.23585510253906,80.05172413793103,134.0,True,False,False,False
6,station,S+U Rathaus Steglitz (Berlin),hop2,2026-07-02 10:15:00,88,58.56393051147461,5.924298286437988,131.57376098632812,69.93103448275862,134.0,True,False,False,False
6,station,S+U Rathaus Steglitz (Berlin),hop2,2026-07-02 10:30:00,4,43.77195739746094,4.263664245605469,99.40178680419922,51.32203389830509,134.0,False,False,True,False
6,station,S+U Rathaus Steglitz (Berlin),hop2,2026-07-02 10:45:00,5,31.89464569091797,3.025221347808838,73.61966705322266,38.101694915254235,134.0,True,False,False,False
6,station,S+U Rathaus Steglitz (Berlin),hop2,2026-07-02 11:00:00,80,24.02471351623535,1.9999202489852905,56.19789505004883,29.677966101694917,42.0,False,True,False,True
6,station,S+U Rathaus Steglitz (Berlin),hop2,2026-07-02 11:15:00,6,14.75163459777832,0.8759561777114868,35.981929779052734,18.610169491525422,42.0,True,False,False,False
6,station,S+U Rathaus Steglitz (Berlin),hop2,2026-07-02 11:30:00,1,12.122413635253906,0.5917543172836304,30.06429100036621,15.137931034482758,42.0,True,False,False,False
6,station,S+U Rathaus Steglitz (Berlin),hop2,2026-07-02 11:45:00,23,8.28111457824707,0.17303204536437988,20.824914932250977,9.913793103448276,42.0,False,True,False,False
6,station,S+U Rathaus Steglitz (Berlin),hop2,2026-07-02 12:00:00,0,7.283843040466309,0.06874991953372955,18.486812591552734,9.03448275862069,25.0,False,False,True,False
6,station,S+U Rathaus Steglitz (Berlin),hop2,2026-07-02 12:15:00,0,7.79332160949707,0.12511171400547028,19.732378005981445,9.689655172413794,25.0,False,False,True,False
6,station,S+U Rathaus Steglitz (Berlin),hop2,2026-07-02 12:30:00,18,7.964081287384033,0.14324551820755005,20.176523208618164,9.821428571428571,25.0,True,False,False,False
6,station,U Schloßstr. (Berlin),hop1,2026-07-02 08:15:00,101,203.40296936035156,25.644105911254883,475.10400390625,233.24561403508773,530.0,True,False,False,False
6,station,U Schloßstr. (Berlin),hop1,2026-07-02 08:30:00,52,151.1545867919922,16.31097984313965,360.5030822753906,179.78947368421052,530.0,True,False,False,False
6,station,U Schloßstr. (Berlin),hop1,2026-07-02 08:45:00,50,173.42239379882812,20.43482780456543,420.2332458496094,204.05263157894737,530.0,True,False,False,False
6,station,U Schloßstr. (Berlin),hop1,2026-07-02 09:00:00,235,166.4036102294922,19.364110946655273,399.2860107421875,201.01754385964912,414.0,True,False,False,False
6,station,U Schloßstr. (Berlin),hop1,2026-07-02 09:15:00,36,134.45375061035156,14.158626556396484,313.58233642578125,163.91379310344828,414.0,True,False,False,False
6,station,U Schloßstr. (Berlin),hop1,2026-07-02 09:30:00,95,96.91806030273438,10.334992408752441,222.24647521972656,119.25862068965517,414.0,True,False,False,False
6,station,U Schloßstr. (Berlin),hop1,2026-07-02 09:45:00,49,104.08987426757812,10.926955223083496,238.96205139160156,128.22413793103448,414.0,True,False,False,False
6,station,U Schloßstr. (Berlin),hop1,2026-07-02 10:00:00,8,84.43486022949219,9.031332015991211,191.20663452148438,103.96551724137932,150.70000000000002,False,False,True,False
6,station,U Schloßstr. (Berlin),hop1,2026-07-02 10:15:00,38,59.313968658447266,5.998581409454346,133.15338134765625,70.84482758620689,150.70000000000002,True,False,False,False
6,station,U Schloßstr. (Berlin),hop1,2026-07-02 10:30:00,15,41.1795654296875,3.99108624458313,93.63753509521484,48.389830508474574,150.70000000000002,True,False,False,False
6,station,U Schloßstr. (Berlin),hop1,2026-07-02 10:45:00,84,32.89682388305664,3.092968225479126,75.93991088867188,39.54237288135593,150.70000000000002,False,True,False,False
6,station,U Schloßstr. (Berlin),hop1,2026-07-02 11:00:00,15,24.45064926147461,2.073399782180786,57.07777404785156,30.559322033898304,52.70000000000002,True,False,False,False
6,station,U Schloßstr. (Berlin),hop1,2026-07-02 11:15:00,67,18.218177795410156,1.2718456983566284,43.945770263671875,23.25423728813559,52.70000000000002,False,True,False,True
6,station,U Schloßstr. (Berlin),hop1,2026-07-02 11:30:00,18,12.487133979797363,0.6376907229423523,30.896543502807617,15.775862068965518,52.70000000000002,True,False,False,False
6,station,U Schloßstr. (Berlin),hop1,2026-07-02 11:45:00,4,10.247150421142578,0.39772066473960876,25.44472312927246,12.53448275862069,52.70000000000002,True,False,False,False
6,station,U Schloßstr. (Berlin),hop1,2026-07-02 12:00:00,4,8.65424919128418,0.21195486187934875,21.75637435913086,10.724137931034482,21.30000000000001,True,False,False,False
6,station,U Schloßstr. (Berlin),hop1,2026-07-02 12:15:00,5,5.250969886779785,0.0,13.384346961975098,6.603448275862069,21.30000000000001,True,False,False,False
6,station,U Schloßstr. (Berlin),hop1,2026-07-02 12:30:00,22,5.28554105758667,0.0,13.470253944396973,6.678571428571429,21.30000000000001,False,True,False,True
7,line_section,U Kottbusser Tor (Berlin),hop2,2026-07-11 08:30:00,62,126.09774780273438,12.868459701538086,296.04083251953125,119.5,255.40000000000003,True,False,False,False
7,line_section,U Kottbusser Tor (Berlin),hop2,2026-07-11 08:45:00,46,118.88371276855469,12.077420234680176,276.73956298828125,112.36363636363636,255.40000000000003,True,False,False,False
7,line_section,U Kottbusser Tor (Berlin),hop2,2026-07-11 09:00:00,62,100.66487121582031,10.121416091918945,233.3956298828125,94.54545454545455,217.0,True,False,False,False
7,line_section,U Kottbusser Tor (Berlin),hop2,2026-07-11 09:15:00,24,111.54843139648438,11.403573036193848,258.0008544921875,106.82608695652173,217.0,True,False,False,False
7,line_section,U Gneisenaustr. (Berlin),hop2,2026-07-11 08:30:00,432,152.1750030517578,16.009212493896484,365.19000244140625,150.0,370.00000000000017,False,True,False,True
7,line_section,U Gneisenaustr. (Berlin),hop2,2026-07-11 08:45:00,8,136.34454345703125,13.920336723327637,322.1887512207031,132.9090909090909,370.00000000000017,False,False,True,False
7,line_section,U Gneisenaustr. (Berlin),hop2,2026-07-11 09:00:00,34,156.54786682128906,16.982980728149414,375.1988830566406,157.5909090909091,268.6,True,False,False,False
7,line_section,U Gneisenaustr. (Berlin),hop2,2026-07-11 09:15:00,256,143.07232666015625,15.065796852111816,337.6315612792969,144.1304347826087,268.6,True,False,False,False
7,line_section,U Schönleinstr. (Berlin),hop1,2026-07-11 08:30:00,55,137.37762451171875,14.137639999389648,325.8050842285156,132.1818181818182,376.70000000000005,True,False,False,False
7,line_section,U Schönleinstr. (Berlin),hop1,2026-07-11 08:45:00,165,147.46768188476562,15.547666549682617,351.26226806640625,144.22727272727272,376.70000000000005,True,False,False,False
7,line_section,U Schönleinstr. (Berlin),hop1,2026-07-11 09:00:00,393,91.5090103149414,9.24828815460205,211.23780822753906,86.4090909090909,211.99999999999997,False,True,False,True
7,line_section,U Schönleinstr. (Berlin),hop1,2026-07-11 09:15:00,364,99.53553771972656,10.060919761657715,230.51461791992188,94.56521739130434,211.99999999999997,False,True,False,True
7,line_section,U Südstern (Berlin),hop1,2026-07-11 08:30:00,39,144.80523681640625,15.014881134033203,345.0219421386719,142.6818181818182,330.50000000000006,True,False,False,False
7,line_section,U Südstern (Berlin),hop1,2026-07-11 08:45:00,71,186.21096801757812,22.809133529663086,443.896728515625,187.0909090909091,330.50000000000006,True,False,False,False
7,line_section,U Südstern (Berlin),hop1,2026-07-11 09:00:00,249,131.49224853515625,13.401078224182129,308.8651428222656,130.4090909090909,212.6,True,False,False,True
7,line_section,U Südstern (Berlin),hop1,2026-07-11 09:15:00,240,66.20609283447266,6.670963287353516,150.39462280273438,61.78260869565217,212.6,False,True,False,True
7,line_section,U Hermannplatz (Berlin),endpoint_or_interchange,2026-07-11 08:30:00,69,151.52003479003906,16.01515769958496,361.5744934082031,150.13636363636363,437.1,True,False,False,False
7,line_section,U Hermannplatz (Berlin),endpoint_or_interchange,2026-07-11 08:45:00,84,137.28009033203125,14.221785545349121,323.7043151855469,134.13636363636363,437.1,True,False,False,False
7,line_section,U Hermannplatz (Berlin),endpoint_or_interchange,2026-07-11 09:00:00,1,112.27218627929688,11.327988624572754,259.78851318359375,108.54545454545455,190.79999999999998,False,False,True,False
7,line_section,U Hermannplatz (Berlin),endpoint_or_interchange,2026-07-11 09:15:00,175,93.04014587402344,9.53824520111084,214.71470642089844,89.65217391304348,190.79999999999998,True,False,False,False
7,line_section,U Rathaus Neukölln (Berlin),hop1,2026-07-11 08:30:00,167,165.55291748046875,18.62401580810547,400.02362060546875,164.8181818181818,366.5000000000001,True,False,False,False
7,line_section,U Rathaus Neukölln (Berlin),hop1,2026-07-11 08:45:00,59,196.360107421875,25.003498077392578,460.34466552734375,196.0,366.5000000000001,True,False,False,False
7,line_section,U Rathaus Neukölln (Berlin),hop1,2026-07-11 09:00:00,41,113.22293090820312,11.488896369934082,262.5927734375,108.36363636363636,212.79999999999998,True,False,False,False
7,line_section,U Rathaus Neukölln (Berlin),hop1,2026-07-11 09:15:00,72,120.40803527832031,12.457723617553711,278.9087219238281,118.56521739130434,212.79999999999998,True,False,False,False
7,line_section,U Karl-Marx-Str. (Berlin),hop2,2026-07-11 08:30:00,86,98.84365844726562,10.146821975708008,229.306640625,93.81818181818181,317.20000000000005,True,False,False,False
7,line_section,U Karl-Marx-Str. (Berlin),hop2,2026-07-11 08:45:00,37,148.91148376464844,15.8811674118042,354.553955078125,146.8181818181818,317.20000000000005,True,False,False,False
7,line_section,U Karl-Marx-Str. (Berlin),hop2,2026-07-11 09:00:00,24,144.97401428222656,15.339189529418945,342.635498046875,145.0,206.59999999999997,True,False,False,False
7,line_section,U Karl-Marx-Str. (Berlin),hop2,2026-07-11 09:15:00,299,81.29241180419922,8.361617088317871,185.80882263183594,76.21739130434783,206.59999999999997,False,True,False,True
7,line_section,U Leinestr. (Berlin),endpoint_or_interchange,2026-07-11 08:30:00,73,157.4891815185547,17.112720489501953,379.62799072265625,155.77272727272728,296.00000000000045,True,False,False,False
7,line_section,U Leinestr. (Berlin),endpoint_or_interchange,2026-07-11 08:45:00,12,123.44246673583984,12.574645042419434,289.03228759765625,117.45454545454545,296.00000000000045,False,False,True,False
7,line_section,U Leinestr. (Berlin),endpoint_or_interchange,2026-07-11 09:00:00,8,121.1125259399414,12.26916217803955,282.27862548828125,116.4090909090909,276.79999999999995,False,False,True,False
7,line_section,U Leinestr. (Berlin),endpoint_or_interchange,2026-07-11 09:15:00,65,142.5379638671875,15.108875274658203,336.58251953125,141.47826086956522,276.79999999999995,True,False,False,False
7,line_section,U Boddinstr. (Berlin),closed_unserved,2026-07-11 08:30:00,45,117.49577331542969,11.96822452545166,274.7210388183594,110.77272727272727,310.00000000000017,True,False,False,False
7,line_section,U Boddinstr. (Berlin),closed_unserved,2026-07-11 08:45:00,52,182.50393676757812,22.148021697998047,437.1433410644531,181.22727272727272,310.00000000000017,True,False,False,False
7,line_section,U Boddinstr. (Berlin),closed_unserved,2026-07-11 09:00:00,9,143.22047424316406,15.0118989944458,338.63800048828125,141.72727272727272,207.79999999999998,False,False,True,False
7,line_section,U Boddinstr. (Berlin),closed_unserved,2026-07-11 09:15:00,58,108.19001770019531,11.097688674926758,250.2347412109375,103.95652173913044,207.79999999999998,True,False,False,False
7,line_section,S+U Hermannstr. (Berlin),hop1,2026-07-11 08:30:00,145,173.82496643066406,20.092546463012695,419.8772277832031,171.95454545454547,295.60000000000025,True,False,False,False
7,line_section,S+U Hermannstr. (Berlin),hop1,2026-07-11 08:45:00,5,125.75300598144531,12.779891014099121,295.9205322265625,120.13636363636364,295.60000000000025,False,False,True,False
7,line_section,S+U Hermannstr. (Berlin),hop1,2026-07-11 09:00:00,137,143.450439453125,15.017032623291016,338.71197509765625,143.95454545454547,199.59999999999997,True,False,False,False
7,line_section,S+U Hermannstr. (Berlin),hop1,2026-07-11 09:15:00,134,88.89128112792969,8.985649108886719,204.5052947998047,83.3913043478261,199.59999999999997,True,False,False,False
8,line_section,U Kochstr. (Checkpoint Charlie) (Berlin),hop1,2026-07-13 14:00:00,14,24.540372848510742,2.063375473022461,57.03785705566406,24.120689655172413,101.70000000000002,True,False,False,False
8,line_section,U Kochstr. (Checkpoint Charlie) (Berlin),hop1,2026-07-13 14:15:00,5,38.76631546020508,3.689552068710327,88.45771789550781,37.724137931034484,101.70000000000002,True,False,False,False
8,line_section,U Kochstr. (Checkpoint Charlie) (Berlin),hop1,2026-07-13 14:30:00,67,45.85342025756836,4.494415283203125,104.32379150390625,44.689655172413794,101.70000000000002,True,False,False,False
8,line_section,U Kochstr. (Checkpoint Charlie) (Berlin),hop1,2026-07-13 14:45:00,81,71.17662811279297,7.317024230957031,161.3280487060547,68.96551724137932,101.70000000000002,True,False,False,False
8,line_section,U Kochstr. (Checkpoint Charlie) (Berlin),hop1,2026-07-13 15:00:00,96,78.76509857177734,8.118045806884766,180.52041625976562,76.43103448275862,256.0,True,False,False,False
8,line_section,U Kochstr. (Checkpoint Charlie) (Berlin),hop1,2026-07-13 15:15:00,45,99.20890808105469,9.97767448425293,231.33172607421875,96.24137931034483,256.0,True,False,False,False
8,line_section,U Hallesches Tor (Berlin),endpoint_or_interchange,2026-07-13 14:00:00,14,43.46689987182617,4.1061577796936035,99.02000427246094,42.310344827586206,107.60000000000002,True,False,False,False
8,line_section,U Hallesches Tor (Berlin),endpoint_or_interchange,2026-07-13 14:15:00,13,43.193904876708984,4.125190734863281,98.3593978881836,41.810344827586206,107.60000000000002,True,False,False,False
8,line_section,U Hallesches Tor (Berlin),endpoint_or_interchange,2026-07-13 14:30:00,9,48.633811950683594,4.709062576293945,110.51862335205078,47.689655172413794,107.60000000000002,True,False,False,False
8,line_section,U Hallesches Tor (Berlin),endpoint_or_interchange,2026-07-13 14:45:00,98,59.26728057861328,5.75888729095459,133.768310546875,57.706896551724135,107.60000000000002,True,False,False,False
8,line_section,U Hallesches Tor (Berlin),endpoint_or_interchange,2026-07-13 15:00:00,62,90.07535552978516,9.139058113098145,207.96763610839844,88.87931034482759,260.00000000000006,True,False,False,False
8,line_section,U Hallesches Tor (Berlin),endpoint_or_interchange,2026-07-13 15:15:00,111,90.95867919921875,9.235297203063965,210.4813995361328,88.32758620689656,260.00000000000006,True,False,False,False
8,line_section,U Kottbusser Tor (Berlin),hop2,2026-07-13 14:00:00,53,34.27531814575195,3.16131591796875,78.47853088378906,32.89655172413793,109.9,True,False,False,False
8,line_section,U Kottbusser Tor (Berlin),hop2,2026-07-13 14:15:00,32,35.50190734863281,3.2983527183532715,81.28547668457031,33.93103448275862,109.9,True,False,False,False
8,line_section,U Kottbusser Tor (Berlin),hop2,2026-07-13 14:30:00,18,41.97499465942383,4.039987087249756,95.67172241210938,40.275862068965516,109.9,True,False,False,False
8,line_section,U Kottbusser Tor (Berlin),hop2,2026-07-13 14:45:00,5,65.29364776611328,6.621535301208496,147.21612548828125,62.56896551724138,109.9,False,False,True,False
8,line_section,U Kottbusser Tor (Berlin),hop2,2026-07-13 15:00:00,84,77.36758422851562,8.00718879699707,177.38909912109375,74.13793103448276,191.0,True,False,False,False
8,line_section,U Kottbusser Tor (Berlin),hop2,2026-07-13 15:15:00,194,77.17711639404297,8.032435417175293,176.9452667236328,72.37931034482759,191.0,False,True,False,True
8,line_section,U Prinzenstr. (Berlin),hop1,2026-07-13 14:00:00,32,31.298383712768555,2.780712127685547,71.87831115722656,30.56896551724138,110.9,True,False,False,False
8,line_section,U Prinzenstr. (Berlin),hop1,2026-07-13 14:15:00,1,38.07002639770508,3.5740156173706055,86.97874450683594,37.310344827586206,110.9,False,False,True,False
8,line_section,U Prinzenstr. (Berlin),hop1,2026-07-13 14:30:00,86,53.83249282836914,5.188140869140625,121.65679168701172,52.10344827586207,110.9,True,False,False,False
8,line_section,U Prinzenstr. (Berlin),hop1,2026-07-13 14:45:00,75,60.11576843261719,5.819951057434082,135.52308654785156,58.08620689655172,110.9,True,False,False,False
8,line_section,U Prinzenstr. (Berlin),hop1,2026-07-13 15:00:00,121,74.53408813476562,7.523293495178223,169.98838806152344,71.84482758620689,236.60000000000002,True,False,False,False
8,line_section,U Prinzenstr. (Berlin),hop1,2026-07-13 15:15:00,84,91.93506622314453,9.398953437805176,213.69332885742188,89.03448275862068,236.60000000000002,True,False,False,False
8,line_section,U Gneisenaustr. (Berlin),hop1,2026-07-13 14:00:00,3,34.29214859008789,3.2206389904022217,78.4272232055664,34.03448275862069,104.80000000000001,False,False,True,False
8,line_section,U Gneisenaustr. (Berlin),hop1,2026-07-13 14:15:00,48,50.02703094482422,4.883566856384277,113.3924789428711,48.206896551724135,104.80000000000001,True,False,False,False
8,line_section,U Gneisenaustr. (Berlin),hop1,2026-07-13 14:30:00,185,44.746116638183594,4.39854097366333,101.89791870117188,44.206896551724135,104.80000000000001,False,True,False,True
8,line_section,U Gneisenaustr. (Berlin),hop1,2026-07-13 14:45:00,39,49.30500793457031,4.784972667694092,112.05194091796875,48.224137931034484,104.80000000000001,True,False,False,False
8,line_section,U Gneisenaustr. (Berlin),hop1,2026-07-13 15:00:00,84,65.54072570800781,6.624697685241699,148.20578002929688,62.775862068965516,193.8,True,False,False,False
8,line_section,U Gneisenaustr. (Berlin),hop1,2026-07-13 15:15:00,175,70.67495727539062,7.183585166931152,160.49942016601562,67.60344827586206,193.8,False,True,False,False
8,line_section,U Südstern (Berlin),hop2,2026-07-13 14:00:00,23,32.1815299987793,2.991962194442749,73.87409973144531,31.93103448275862,104.60000000000002,True,False,False,False
8,line_section,U Südstern (Berlin),hop2,2026-07-13 14:15:00,6,39.6093864440918,3.807321071624756,90.31184387207031,38.672413793103445,104.60000000000002,True,False,False,False
8,line_section,U Südstern (Berlin),hop2,2026-07-13 14:30:00,44,50.38135528564453,4.983644962310791,114.39346313476562,48.8448275862069,104.60000000000002,True,False,False,False
8,line_section,U Südstern (Berlin),hop2,2026-07-13 14:45:00,100,53.8172721862793,5.272595405578613,121.5665512084961,51.741379310344826,104.60000000000002,True,False,False,False
8,line_section,U Südstern (Berlin),hop2,2026-07-13 15:00:00,57,63.091697692871094,6.357697010040283,143.04513549804688,59.827586206896555,196.80000000000007,True,False,False,False
8,line_section,U Südstern (Berlin),hop2,2026-07-13 15:15:00,70,86.02169036865234,8.887475967407227,198.59552001953125,82.46551724137932,196.80000000000007,True,False,False,False
8,line_section,U Mehringdamm (Berlin),endpoint_or_interchange,2026-07-13 14:00:00,44,31.206356048583984,2.7280540466308594,71.77613067626953,31.224137931034484,136.70000000000002,True,False,False,False
8,line_section,U Mehringdamm (Berlin),endpoint_or_interchange,2026-07-13 14:15:00,30,38.105464935302734,3.5205917358398438,87.19684600830078,37.63793103448276,136.70000000000002,True,False,False,False
8,line_section,U Mehringdamm (Berlin),endpoint_or_interchange,2026-07-13 14:30:00,6,62.26483154296875,6.114266395568848,140.39268493652344,61.706896551724135,136.70000000000002,False,False,True,False
8,line_section,U Mehringdamm (Berlin),endpoint_or_interchange,2026-07-13 14:45:00,44,75.87208557128906,7.652298450469971,173.06214904785156,74.94827586206897,136.70000000000002,True,False,False,False
8,line_section,U Mehringdamm (Berlin),endpoint_or_interchange,2026-07-13 15:00:00,27,78.09992980957031,7.909153461456299,178.59637451171875,77.06896551724138,242.40000000000003,True,False,False,False
8,line_section,U Mehringdamm (Berlin),endpoint_or_interchange,2026-07-13 15:15:00,196,93.86482238769531,9.429479598999023,218.0198211669922,92.44827586206897,242.40000000000003,True,False,False,False
8,line_section,U Platz der Luftbrücke (Berlin),closed_unserved,2026-07-13 14:00:00,2,34.961185455322266,3.2986714839935303,80.08036041259766,34.293103448275865,96.80000000000001,False,False,True,False
8,line_section,U Platz der Luftbrücke (Berlin),closed_unserved,2026-07-13 14:15:00,17,36.41587448120117,3.452669620513916,83.35317993164062,35.46551724137931,96.80000000000001,True,False,False,False
8,line_section,U Platz der Luftbrücke (Berlin),closed_unserved,2026-07-13 14:30:00,36,45.81990432739258,4.488372802734375,104.32421875,44.37931034482759,96.80000000000001,True,False,False,False
8,line_section,U Platz der Luftbrücke (Berlin),closed_unserved,2026-07-13 14:45:00,16,50.27128982543945,4.8827924728393555,114.10511779785156,48.37931034482759,96.80000000000001,True,False,False,False
8,line_section,U Platz der Luftbrücke (Berlin),closed_unserved,2026-07-13 15:00:00,66,72.93400573730469,7.436190128326416,166.3630828857422,69.53448275862068,212.0,True,False,False,False
8,line_section,U Platz der Luftbrücke (Berlin),closed_unserved,2026-07-13 15:15:00,9,71.27344512939453,7.2532782554626465,162.21348571777344,67.56896551724138,212.0,True,False,False,False
8,line_section,U Gleisdreieck (Berlin),hop2,2026-07-13 14:00:00,37,46.78029251098633,4.441085338592529,106.42464447021484,45.672413793103445,133.9,True,False,False,False
8,line_section,U Gleisdreieck (Berlin),hop2,2026-07-13 14:15:00,31,64.6932144165039,6.4826130867004395,145.16029357910156,62.706896551724135,133.9,True,False,False,False
8,line_section,U Gleisdreieck (Berlin),hop2,2026-07-13 14:30:00,67,74.78874206542969,7.534879684448242,169.92539978027344,73.82758620689656,133.9,True,False,False,False
8,line_section,U Gleisdreieck (Berlin),hop2,2026-07-13 14:45:00,39,69.361328125,6.928617000579834,156.60243225097656,68.3103448275862,133.9,True,False,False,False
8,line_section,U Gleisdreieck (Berlin),hop2,2026-07-13 15:00:00,3,114.83611297607422,11.571102142333984,266.7202453613281,115.8103448275862,327.6,False,False,True,False
8,line_section,U Gleisdreieck (Berlin),hop2,2026-07-13 15:15:00,219,130.87820434570312,13.34309196472168,307.5032653808594,131.58620689655172,327.6,True,False,False,False
8,line_section,U Möckernbrücke (Berlin),hop1,2026-07-13 14:00:00,23,35.81373977661133,3.3257946968078613,82.09159088134766,34.94827586206897,118.70000000000002,True,False,False,False
8,line_section,U Möckernbrücke (Berlin),hop1,2026-07-13 14:15:00,54,51.480018615722656,4.984079837799072,116.56544494628906,49.43103448275862,118.70000000000002,True,False,False,False
8,line_section,U Möckernbrücke (Berlin),hop1,2026-07-13 14:30:00,26,57.265357971191406,5.556924343109131,130.11476135253906,55.94827586206897,118.70000000000002,True,False,False,False
8,line_section,U Möckernbrücke (Berlin),hop1,2026-07-13 14:45:00,78,79.78660583496094,8.118732452392578,182.42214965820312,79.08620689655173,118.70000000000002,True,False,False,False
8,line_section,U Möckernbrücke (Berlin),hop1,2026-07-13 15:00:00,32,97.08039855957031,9.775613784790039,225.52667236328125,96.8103448275862,289.8,True,False,False,False
8,line_section,U Möckernbrücke (Berlin),hop1,2026-07-13 15:15:00,10,144.59239196777344,15.000205039978027,341.78448486328125,147.29310344827587,289.8,False,False,True,False
8,line_section,S+U Yorckstr. (Berlin),hop2,2026-07-13 14:00:00,23,35.06376647949219,3.324420213699341,80.2934799194336,34.724137931034484,127.00000000000006,True,False,False,False
8,line_section,S+U Yorckstr. (Berlin),hop2,2026-07-13 14:15:00,27,49.19071960449219,4.750566005706787,111.65376281738281,47.706896551724135,127.00000000000006,True,False,False,False
8,line_section,S+U Yorckstr. (Berlin),hop2,2026-07-13 14:30:00,183,57.06161117553711,5.621819496154785,129.42105102539062,56.327586206896555,127.00000000000006,False,True,False,True
8,line_section,S+U Yorckstr. (Berlin),hop2,2026-07-13 14:45:00,2,75.44632720947266,7.695812702178955,171.72247314453125,74.34482758620689,127.00000000000006,False,False,True,False
8,line_section,S+U Yorckstr. (Berlin),hop2,2026-07-13 15:00:00,143,85.58368682861328,8.694249153137207,196.7130584716797,83.91379310344827,210.8,True,False,False,False
8,line_section,S+U Yorckstr. (Berlin),hop2,2026-07-13 15:15:00,22,113.6688003540039,11.411029815673828,264.2032775878906,112.77586206896552,210.8,True,False,False,False
8,line_section,U Paradestr. (Berlin),closed_unserved,2026-07-13 14:00:00,17,31.069793701171875,2.8611254692077637,71.49022674560547,30.29310344827586,104.70000000000002,True,False,False,False
8,line_section,U Paradestr. (Berlin),closed_unserved,2026-07-13 14:15:00,25,33.904266357421875,3.185002565383911,77.53008270263672,32.60344827586207,104.70000000000002,True,False,False,False
8,line_section,U Paradestr. (Berlin),closed_unserved,2026-07-13 14:30:00,71,51.44055938720703,5.146629810333252,116.56990814208984,49.58620689655172,104.70000000000002,True,False,False,False
8,line_section,U Paradestr. (Berlin),closed_unserved,2026-07-13 14:45:00,79,60.360107421875,6.072384834289551,136.1389617919922,57.1551724137931,104.70000000000002,True,False,False,False
8,line_section,U Paradestr. (Berlin),closed_unserved,2026-07-13 15:00:00,34,80.87592315673828,8.431761741638184,185.9795684814453,77.15517241379311,196.8,True,False,False,False
8,line_section,U Paradestr. (Berlin),closed_unserved,2026-07-13 15:15:00,24,62.34968185424805,6.293281555175781,141.4037628173828,58.310344827586206,196.8,True,False,False,False
8,line_section,S+U Tempelhof (Berlin),closed_unserved,2026-07-13 14:00:00,122,25.815284729003906,2.232470989227295,59.815547943115234,25.17241379310345,108.9,False,True,False,True
8,line_section,S+U Tempelhof (Berlin),closed_unserved,2026-07-13 14:15:00,3,45.25315856933594,4.42914342880249,103.11709594726562,42.94827586206897,108.9,False,False,True,False
8,line_section,S+U Tempelhof (Berlin),closed_unserved,2026-07-13 14:30:00,40,46.827640533447266,4.641757011413574,106.71724700927734,45.08620689655172,108.9,True,False,False,False
8,line_section,S+U Tempelhof (Berlin),closed_unserved,2026-07-13 14:45:00,12,68.7966079711914,7.176185131072998,155.86404418945312,65.63793103448276,108.9,True,False,False,False
8,line_section,S+U Tempelhof (Berlin),closed_unserved,2026-07-13 15:00:00,19,76.17130279541016,7.950531482696533,174.66136169433594,71.1896551724138,198.8,True,False,False,False
8,line_section,S+U Tempelhof (Berlin),closed_unserved,2026-07-13 15:15:00,59,96.01248168945312,9.944729804992676,224.21282958984375,91.43103448275862,198.8,True,False,False,False
8,line_section,U Alt-Tempelhof (Berlin),closed_unserved,2026-07-13 14:00:00,17,30.592702865600586,2.831361770629883,70.37848663330078,29.655172413793103,101.80000000000001,True,False,False,False
8,line_section,U Alt-Tempelhof (Berlin),closed_unserved,2026-07-13 14:15:00,35,34.67320251464844,3.286383628845215,79.37236022949219,33.51724137931034,101.80000000000001,True,False,False,False
8,line_section,U Alt-Tempelhof (Berlin),closed_unserved,2026-07-13 14:30:00,51,47.454830169677734,4.709338665008545,108.10983276367188,45.43103448275862,101.80000000000001,True,False,False,False
8,line_section,U Alt-Tempelhof (Berlin),closed_unserved,2026-07-13 14:45:00,53,62.40262222290039,6.370852470397949,140.7022247314453,59.310344827586206,101.80000000000001,True,False,False,False
8,line_section,U Alt-Tempelhof (Berlin),closed_unserved,2026-07-13 15:00:00,62,90.94214630126953,9.547423362731934,210.64398193359375,87.48275862068965,233.00000000000006,True,False,False,False
8,line_section,U Alt-Tempelhof (Berlin),closed_unserved,2026-07-13 15:15:00,244,80.84654235839844,8.425189018249512,186.2094268798828,76.13793103448276,233.00000000000006,False,True,False,True
8,line_section,U Kaiserin-Augusta-Str. (Berlin),endpoint_or_interchange,2026-07-13 14:00:00,43,28.71831512451172,2.5990169048309326,66.12149810791016,28.0,97.80000000000001,True,False,False,False
8,line_section,U Kaiserin-Augusta-Str. (Berlin),endpoint_or_interchange,2026-07-13 14:15:00,106,33.94789123535156,3.1941545009613037,77.61709594726562,32.793103448275865,97.80000000000001,False,True,False,True
8,line_section,U Kaiserin-Augusta-Str. (Berlin),endpoint_or_interchange,2026-07-13 14:30:00,34,46.49243927001953,4.613077163696289,105.82173156738281,44.86206896551724,97.80000000000001,True,False,False,False
8,line_section,U Kaiserin-Augusta-Str. (Berlin),endpoint_or_interchange,2026-07-13 14:45:00,24,69.71517181396484,7.235904216766357,158.17918395996094,66.29310344827586,97.80000000000001,True,False,False,False
8,line_section,U Kaiserin-Augusta-Str. (Berlin),endpoint_or_interchange,2026-07-13 15:00:00,55,71.1007080078125,7.371061325073242,161.7266845703125,67.37931034482759,214.0,True,False,False,False
8,line_section,U Kaiserin-Augusta-Str. (Berlin),endpoint_or_interchange,2026-07-13 15:15:00,22,89.31594848632812,9.259742736816406,207.20277404785156,85.0,214.0,True,False,False,False
8,line_section,U Ullsteinstr. (Berlin),hop1,2026-07-13 14:00:00,11,24.170759201049805,2.0563101768493652,56.22372817993164,23.396551724137932,93.0,True,False,False,False
8,line_section,U Ullsteinstr. (Berlin),hop1,2026-07-13 14:15:00,28,33.81283187866211,3.1628811359405518,77.37623596191406,32.51724137931034,93.0,True,False,False,False
8,line_section,U Ullsteinstr. (Berlin),hop1,2026-07-13 14:30:00,100,47.41279983520508,4.711855411529541,107.89664459228516,45.53448275862069,93.0,True,False,False,True
8,line_section,U Ullsteinstr. (Berlin),hop1,2026-07-13 14:45:00,49,60.77906799316406,6.1868767738342285,136.90907287597656,57.53448275862069,93.0,True,False,False,False
8,line_section,U Ullsteinstr. (Berlin),hop1,2026-07-13 15:00:00,22,70.76740264892578,7.351317882537842,161.06838989257812,66.65517241379311,248.0,True,False,False,False
8,line_section,U Ullsteinstr. (Berlin),hop1,2026-07-13 15:15:00,76,100.96138000488281,10.390254974365234,235.2464141845703,96.82758620689656,248.0,True,False,False,False
8,line_section,U Westphalweg (Berlin),hop2,2026-07-13 14:00:00,0,23.419666290283203,1.9508838653564453,54.485633850097656,22.913793103448278,96.80000000000001,False,False,True,False
8,line_section,U Westphalweg (Berlin),hop2,2026-07-13 14:15:00,4,30.503690719604492,2.7595269680023193,70.0842514038086,29.448275862068964,96.80000000000001,True,False,False,False
8,line_section,U Westphalweg (Berlin),hop2,2026-07-13 14:30:00,2,46.87563705444336,4.6531500816345215,106.70801544189453,45.3448275862069,96.80000000000001,False,False,True,False
8,line_section,U Westphalweg (Berlin),hop2,2026-07-13 14:45:00,26,60.72991180419922,6.136223793029785,137.03396606445312,57.43103448275862,96.80000000000001,True,False,False,False
8,line_section,U Westphalweg (Berlin),hop2,2026-07-13 15:00:00,17,57.058876037597656,5.677214622497559,129.9861602783203,53.63793103448276,244.00000000000006,True,False,False,False
8,line_section,U Westphalweg (Berlin),hop2,2026-07-13 15:15:00,192,96.41690063476562,9.870759010314941,224.84014892578125,92.39655172413794,244.00000000000006,True,False,False,False
8,line_section,U Stadtmitte (Berlin),hop2,2026-07-13 14:00:00,0,29.171531677246094,2.496105909347534,67.37464904785156,28.913793103448278,102.0,False,False,True,False
8,line_section,U Stadtmitte (Berlin),hop2,2026-07-13 14:15:00,2,39.71133804321289,3.7297606468200684,90.66789245605469,39.241379310344826,102.0,False,False,True,False
8,line_section,U Stadtmitte (Berlin),hop2,2026-07-13 14:30:00,197,52.52976608276367,5.083408355712891,118.97644805908203,51.55172413793103,102.0,False,True,False,True
8,line_section,U Stadtmitte (Berlin),hop2,2026-07-13 14:45:00,107,60.58531188964844,5.906341552734375,136.59613037109375,59.03448275862069,102.0,True,False,False,True
8,line_section,U Stadtmitte (Berlin),hop2,2026-07-13 15:00:00,21,81.15632629394531,8.300947189331055,186.63221740722656,79.94827586206897,224.00000000000006,True,False,False,False
8,line_section,U Stadtmitte (Berlin),hop2,2026-07-13 15:15:00,11,84.73374938964844,8.697365760803223,195.24305725097656,82.51724137931035,224.00000000000006,True,False,False,False
9,station,U Sophie-Charlotte-Platz (Berlin),hop2,2026-07-14 16:30:00,368,182.79798889160156,22.120519638061523,438.4700622558594,193.26315789473685,451.0,True,False,False,False
9,station,U Sophie-Charlotte-Platz (Berlin),hop2,2026-07-14 16:45:00,476,195.81666564941406,24.92594337463379,462.713623046875,205.5,451.0,False,True,False,True
9,station,U Sophie-Charlotte-Platz (Berlin),hop2,2026-07-14 17:00:00,125,191.26708984375,23.297401428222656,458.6750793457031,197.56896551724137,543.0,True,False,False,False
9,station,U Sophie-Charlotte-Platz (Berlin),hop2,2026-07-14 17:15:00,267,240.7333984375,32.58000183105469,508.75531005859375,248.58620689655172,543.0,True,False,False,False
9,station,U Sophie-Charlotte-Platz (Berlin),hop2,2026-07-14 17:30:00,190,199.32107543945312,24.90960693359375,470.0091857910156,205.6551724137931,543.0,True,False,False,False
9,station,U Sophie-Charlotte-Platz (Berlin),hop2,2026-07-14 17:45:00,64,244.57858276367188,33.0772819519043,511.3945617675781,256.7413793103448,543.0,True,False,False,False
9,station,U Sophie-Charlotte-Platz (Berlin),hop2,2026-07-14 18:00:00,207,209.67434692382812,26.851564407348633,482.772705078125,215.40350877192984,543.0,True,False,False,False
9,station,U Sophie-Charlotte-Platz (Berlin),hop2,2026-07-14 18:15:00,44,226.14976501464844,29.462493896484375,498.46539306640625,230.6315789473684,543.0,True,False,False,False
9,station,U Olympia-Stadion (Berlin),hop2,2026-07-14 16:30:00,365,158.0103302001953,17.587688446044922,378.6956481933594,167.78947368421052,423.0,True,False,False,False
9,station,U Olympia-Stadion (Berlin),hop2,2026-07-14 16:45:00,10,185.83206176757812,22.86000633239746,446.3554382324219,194.51724137931035,423.0,False,False,True,False
9,station,U Olympia-Stadion (Berlin),hop2,2026-07-14 17:00:00,111,209.9642333984375,27.448772430419922,481.8984680175781,215.41379310344828,500.0,True,False,False,False
9,station,U Olympia-Stadion (Berlin),hop2,2026-07-14 17:15:00,64,218.84715270996094,29.262855529785156,489.1186828613281,224.58620689655172,500.0,True,False,False,False
9,station,U Olympia-Stadion (Berlin),hop2,2026-07-14 17:30:00,262,194.20333862304688,24.163660049438477,462.2580871582031,201.1206896551724,500.0,True,False,False,False
9,station,U Olympia-Stadion (Berlin),hop2,2026-07-14 17:45:00,441,188.01705932617188,22.919431686401367,451.56280517578125,196.36206896551724,500.0,True,False,False,False
9,station,U Olympia-Stadion (Berlin),hop2,2026-07-14 18:00:00,500,187.06710815429688,22.69948387145996,450.5070495605469,195.4561403508772,500.0,False,True,False,False
9,station,U Olympia-Stadion (Berlin),hop2,2026-07-14 18:15:00,500,217.7303924560547,28.436527252197266,487.6567687988281,222.17543859649123,500.0,False,True,False,False
9,station,U Neu-Westend (Berlin),hop1,2026-07-14 16:30:00,51,161.07322692871094,18.117534637451172,386.3743896484375,170.89473684210526,388.0,True,False,False,False
9,station,U Neu-Westend (Berlin),hop1,2026-07-14 16:45:00,1,153.93325805664062,16.84116554260254,368.0643005371094,161.01724137931035,388.0,False,False,True,False
9,station,U Neu-Westend (Berlin),hop1,2026-07-14 17:00:00,61,173.8172607421875,20.163740158081055,423.4921875,181.43103448275863,501.0,True,False,False,False
9,station,U Neu-Westend (Berlin),hop1,2026-07-14 17:15:00,8,201.82672119140625,25.676918029785156,472.4267578125,206.24137931034483,501.0,False,False,True,False
9,station,U Neu-Westend (Berlin),hop1,2026-07-14 17:30:00,326,161.4772186279297,17.90467643737793,392.4236755371094,167.5344827586207,501.0,True,False,False,False
9,station,U Neu-Westend (Berlin),hop1,2026-07-14 17:45:00,216,201.1217041015625,25.570858001708984,470.2353210449219,206.55172413793105,501.0,True,False,False,False
9,station,U Neu-Westend (Berlin),hop1,2026-07-14 18:00:00,16,202.93235778808594,25.911113739013672,473.22833251953125,207.3684210526316,501.0,False,False,True,False
9,station,U Neu-Westend (Berlin),hop1,2026-07-14 18:15:00,6,202.21661376953125,25.327842712402344,472.35546875,205.24561403508773,501.0,False,False,True,False
9,station,U Theodor-Heuss-Platz (Berlin),closed_unserved,2026-07-14 16:30:00,0,158.00390625,17.482070922851562,379.1949157714844,166.9298245614035,369.0,False,False,True,False
9,station,U Theodor-Heuss-Platz (Berlin),closed_unserved,2026-07-14 16:45:00,0,151.521728515625,16.446102142333984,360.3492736816406,159.06896551724137,369.0,False,False,True,False
9,station,U Theodor-Heuss-Platz (Berlin),closed_unserved,2026-07-14 17:00:00,0,190.33404541015625,23.431142807006836,456.323974609375,197.32758620689654,505.0,False,False,True,False
9,station,U Theodor-Heuss-Platz (Berlin),closed_unserved,2026-07-14 17:15:00,0,230.27659606933594,31.61079216003418,495.2356262207031,237.8448275862069,505.0,False,False,True,False
9,station,U Theodor-Heuss-Platz (Berlin),closed_unserved,2026-07-14 17:30:00,0,181.06886291503906,21.529321670532227,439.4807434082031,189.06896551724137,505.0,False,False,True,False
9,station,U Theodor-Heuss-Platz (Berlin),closed_unserved,2026-07-14 17:45:00,0,195.71145629882812,24.453102111816406,463.6849060058594,202.05172413793105,505.0,False,False,True,False
9,station,U Theodor-Heuss-Platz (Berlin),closed_unserved,2026-07-14 18:00:00,0,217.82525634765625,29.194473266601562,487.40899658203125,223.05263157894737,505.0,False,False,True,False
9,station,U Theodor-Heuss-Platz (Berlin),closed_unserved,2026-07-14 18:15:00,0,176.55206298828125,20.442975997924805,430.4306335449219,184.01754385964912,505.0,False,False,True,False
9,station,U Kaiserdamm (Berlin),hop1,2026-07-14 16:30:00,248,197.49891662597656,25.395540237426758,464.230224609375,205.89473684210526,384.0,True,False,False,False
9,station,U Kaiserdamm (Berlin),hop1,2026-07-14 16:45:00,211,148.00125122070312,15.959519386291504,350.54913330078125,157.20689655172413,384.0,True,False,False,False
9,station,U Kaiserdamm (Berlin),hop1,2026-07-14 17:00:00,87,169.165771484375,19.376249313354492,412.4771728515625,176.81034482758622,508.1,True,False,False,False
9,station,U Kaiserdamm (Berlin),hop1,2026-07-14 17:15:00,18,203.96807861328125,26.049625396728516,475.5419616699219,208.3448275862069,508.1,False,False,True,False
9,station,U Kaiserdamm (Berlin),hop1,2026-07-14 17:30:00,26,185.28173828125,22.268192291259766,448.21484375,192.05172413793105,508.1,True,False,False,False
9,station,U Kaiserdamm (Berlin),hop1,2026-07-14 17:45:00,186,200.14088439941406,25.415756225585938,469.6055908203125,206.10344827586206,508.1,True,False,False,False
9,station,U Kaiserdamm (Berlin),hop1,2026-07-14 18:00:00,515,212.53814697265625,27.885047912597656,483.3604431152344,218.33333333333334,489.5,False,True,False,True
9,station,U Kaiserdamm (Berlin),hop1,2026-07-14 18:15:00,214,179.85658264160156,20.927154541015625,438.1104736328125,185.89473684210526,489.5,True,False,False,False
10,station,U Krumme Lanke (Berlin),closed_unserved,2026-07-16 11:30:00,0,14.830755233764648,0.8498473167419434,35.8292350769043,15.344827586206897,50.400000000000034,False,False,True,False
10,station,U Krumme Lanke (Berlin),closed_unserved,2026-07-16 11:45:00,0,8.908231735229492,0.16511106491088867,22.531511306762695,8.913793103448276,50.400000000000034,False,False,True,False
10,station,U Krumme Lanke (Berlin),closed_unserved,2026-07-16 12:00:00,0,6.800449848175049,0.0,17.63686180114746,6.793103448275862,17.0,True,False,False,False
10,station,U Krumme Lanke (Berlin),closed_unserved,2026-07-16 12:15:00,0,8.20020580291748,0.08870905637741089,21.171361923217773,8.53448275862069,17.0,False,False,True,False
10,station,U Krumme Lanke (Berlin),closed_unserved,2026-07-16 12:30:00,0,4.898308277130127,0.0,12.955680847167969,4.607142857142857,17.0,True,False,False,False
10,station,U Krumme Lanke (Berlin),closed_unserved,2026-07-16 12:45:00,0,7.148647785186768,0.0,18.586502075195312,7.410714285714286,17.0,True,False,False,False
10,station,U Onkel Toms Hütte (Berlin),hop1,2026-07-16 11:30:00,24,15.8893404006958,0.9640833139419556,38.1201171875,16.24137931034483,52.400000000000034,True,False,False,False
10,station,U Onkel Toms Hütte (Berlin),hop1,2026-07-16 11:45:00,35,12.313983917236328,0.5872746706008911,30.44032096862793,12.517241379310345,52.400000000000034,False,True,False,False
10,station,U Onkel Toms Hütte (Berlin),hop1,2026-07-16 12:00:00,11,10.061676979064941,0.29088783264160156,25.158926010131836,10.327586206896552,21.30000000000001,True,False,False,False
10,station,U Onkel Toms Hütte (Berlin),hop1,2026-07-16 12:15:00,0,7.313783168792725,0.0,18.996963500976562,7.551724137931035,21.30000000000001,True,False,False,False
10,station,U Onkel Toms Hütte (Berlin),hop1,2026-07-16 12:30:00,7,6.938407897949219,0.0,18.035049438476562,7.160714285714286,21.30000000000001,True,False,False,False
10,station,U Onkel Toms Hütte (Berlin),hop1,2026-07-16 12:45:00,7,7.729912757873535,0.03856411576271057,20.131853103637695,7.910714285714286,21.30000000000001,True,False,False,False
10,station,U Oskar-Helene-Heim (Berlin),hop2,2026-07-16 11:30:00,15,14.452508926391602,0.8118200302124023,35.09419250488281,14.810344827586206,42.0,True,False,False,False
10,station,U Oskar-Helene-Heim (Berlin),hop2,2026-07-16 11:45:00,23,8.375874519348145,0.10444988310337067,21.366456985473633,8.431034482758621,42.0,False,True,False,False
10,station,U Oskar-Helene-Heim (Berlin),hop2,2026-07-16 12:00:00,0,9.511884689331055,0.2343675196170807,23.972366333007812,9.793103448275861,19.0,False,False,True,False
10,station,U Oskar-Helene-Heim (Berlin),hop2,2026-07-16 12:15:00,0,7.660960674285889,0.03536504507064819,19.91441535949707,7.931034482758621,19.0,False,False,True,False
10,station,U Oskar-Helene-Heim (Berlin),hop2,2026-07-16 12:30:00,2,6.490688323974609,0.0,16.81109619140625,6.678571428571429,19.0,True,False,False,False
10,station,U Oskar-Helene-Heim (Berlin),hop2,2026-07-16 12:45:00,0,7.575472831726074,0.024671077728271484,19.628665924072266,7.839285714285714,19.0,False,False,True,False
11,station,S+U Westhafen (Berlin),hop2,2026-08-05 06:15:00,52,122.44070434570312,13.015652656555176,286.1766662597656,115.83050847457628,372.00000000000006,True,False,False,False
11,station,S+U Westhafen (Berlin),hop2,2026-08-05 06:30:00,42,196.17051696777344,24.168975830078125,461.5179748535156,193.0,372.00000000000006,True,False,False,False
11,station,S+U Westhafen (Berlin),hop2,2026-08-05 06:45:00,17,170.75808715820312,19.587425231933594,411.3921203613281,169.40677966101694,372.00000000000006,False,False,True,False
11,station,S+U Westhafen (Berlin),hop2,2026-08-05 07:00:00,68,176.3563690185547,20.402803421020508,426.5994873046875,170.84745762711864,454.0,True,False,False,False
11,station,S+U Westhafen (Berlin),hop2,2026-08-05 07:15:00,198,178.67303466796875,20.918973922729492,432.3561096191406,171.66101694915255,454.0,True,False,False,False
11,station,S+U Westhafen (Berlin),hop2,2026-08-05 07:30:00,21,253.7032012939453,34.52529525756836,508.87359619140625,238.22033898305085,454.0,False,False,True,False
11,station,S+U Westhafen (Berlin),hop2,2026-08-05 07:45:00,363,240.51803588867188,32.44449996948242,501.69805908203125,226.0677966101695,454.0,True,False,False,False
11,station,S+U Westhafen (Berlin),hop2,2026-08-05 08:00:00,19,222.19821166992188,28.869705200195312,490.17474365234375,209.1206896551724,515.0,False,False,True,False
11,station,S+U Westhafen (Berlin),hop2,2026-08-05 08:15:00,7,229.80335998535156,30.30204963684082,496.7276306152344,215.5438596491228,515.0,False,False,True,False
11,station,S+U Westhafen (Berlin),hop2,2026-08-05 08:30:00,228,195.65321350097656,23.982498168945312,461.76123046875,187.140350877193,515.0,True,False,False,False
11,station,S+U Westhafen (Berlin),hop2,2026-08-05 08:45:00,367,202.1920623779297,25.220155715942383,470.0624694824219,191.43859649122808,515.0,True,False,False,False
11,station,S+U Westhafen (Berlin),hop2,2026-08-05 09:00:00,285,164.61807250976562,18.420644760131836,397.1956787109375,157.19298245614036,341.0,True,False,False,False
11,station,U Birkenstr. (Berlin),hop1,2026-08-05 06:15:00,563,113.20182037353516,11.698555946350098,264.30419921875,106.0,378.00000000000006,False,True,False,True
11,station,U Birkenstr. (Berlin),hop1,2026-08-05 06:30:00,155,181.89393615722656,20.75221824645996,436.56982421875,179.11864406779662,378.00000000000006,True,False,False,False
11,station,U Birkenstr. (Berlin),hop1,2026-08-05 06:45:00,136,195.3123779296875,23.186120986938477,461.91259765625,192.23728813559322,378.00000000000006,True,False,False,False
11,station,U Birkenstr. (Berlin),hop1,2026-08-05 07:00:00,39,179.78561401367188,20.574060440063477,434.4593200683594,173.98305084745763,562.0,True,False,False,False
11,station,U Birkenstr. (Berlin),hop1,2026-08-05 07:15:00,49,267.4324951171875,34.32697677612305,542.3126831054688,250.79661016949152,562.0,True,False,False,False
11,station,U Birkenstr. (Berlin),hop1,2026-08-05 07:30:00,81,261.52349853515625,33.34107208251953,537.7069091796875,242.5084745762712,562.0,True,False,False,False
11,station,U Birkenstr. (Berlin),hop1,2026-08-05 07:45:00,574,230.22274780273438,28.611799240112305,505.447509765625,214.96610169491527,562.0,False,True,False,True
11,station,U Birkenstr. (Berlin),hop1,2026-08-05 08:00:00,345,270.4171447753906,34.48384094238281,549.1925659179688,249.91379310344828,574.0,True,False,False,False
11,station,U Birkenstr. (Berlin),hop1,2026-08-05 08:15:00,314,275.92181396484375,35.58451461791992,552.4966430664062,256.12280701754383,574.0,True,False,False,False
11,station,U Birkenstr. (Berlin),hop1,2026-08-05 08:30:00,65,276.7395935058594,35.87508773803711,552.4674072265625,257.6666666666667,574.0,True,False,False,False
11,station,U Birkenstr. (Berlin),hop1,2026-08-05 08:45:00,26,244.935791015625,31.270605087280273,520.5078735351562,225.47368421052633,574.0,False,False,True,False
11,station,U Birkenstr. (Berlin),hop1,2026-08-05 09:00:00,423,209.43112182617188,25.726245880126953,481.82177734375,199.80701754385964,347.0,True,False,False,True
11,station,U Hansaplatz (Berlin),hop1,2026-08-05 06:15:00,470,270.72296142578125,29.24520492553711,601.6738891601562,260.66101694915255,581.0000000000001,True,False,False,False
11,station,U Hansaplatz (Berlin),hop1,2026-08-05 06:30:00,81,257.26348876953125,27.646751403808594,575.7295532226562,246.33898305084745,581.0000000000001,True,False,False,False
11,station,U Hansaplatz (Berlin),hop1,2026-08-05 06:45:00,1085,297.0972900390625,32.462730407714844,658.3248901367188,290.06779661016947,581.0000000000001,False,True,False,True
11,station,U Hansaplatz (Berlin),hop1,2026-08-05 07:00:00,186,371.2254333496094,41.760032653808594,799.4183349609375,370.91525423728814,903.5,True,False,False,False
11,station,U Hansaplatz (Berlin),hop1,2026-08-05 07:15:00,99,377.31842041015625,43.13114547729492,808.7552490234375,378.6949152542373,903.5,True,False,False,False
11,station,U Hansaplatz (Berlin),hop1,2026-08-05 07:30:00,6,400.775146484375,46.350093841552734,854.6859130859375,404.33898305084745,903.5,False,False,True,False
11,station,U Hansaplatz (Berlin),hop1,2026-08-05 07:45:00,534,413.8714294433594,48.46224594116211,876.0180053710938,421.864406779661,903.5,True,False,False,False
11,station,U Hansaplatz (Berlin),hop1,2026-08-05 08:00:00,66,432.35888671875,51.291954040527344,908.2274780273438,442.62068965517244,1059.2,True,False,False,False
11,station,U Hansaplatz (Berlin),hop1,2026-08-05 08:15:00,11,466.08221435546875,56.9088134765625,965.49169921875,484.7719298245614,1059.2,False,False,True,False
11,station,U Hansaplatz (Berlin),hop1,2026-08-05 08:30:00,656,413.9727783203125,48.35991287231445,882.2381591796875,417.5964912280702,1059.2,True,False,False,False
11,station,U Hansaplatz (Berlin),hop1,2026-08-05 08:45:00,56,379.531005859375,43.18421936035156,821.855224609375,371.3859649122807,1059.2,True,False,False,False
11,station,U Hansaplatz (Berlin),hop1,2026-08-05 09:00:00,344,397.56854248046875,46.65256118774414,849.4157104492188,402.6666666666667,760.0,True,False,False,False
11,station,U Turmstr. (Berlin),closed_unserved,2026-08-05 06:15:00,0,195.5407257080078,21.946115493774414,462.1240234375,191.74576271186442,463.20000000000005,False,False,True,False
11,station,U Turmstr. (Berlin),closed_unserved,2026-08-05 06:30:00,0,219.12503051757812,25.00412940979004,502.18701171875,210.6949152542373,463.20000000000005,False,False,True,False
11,station,U Turmstr. (Berlin),closed_unserved,2026-08-05 06:45:00,0,243.4814910888672,28.161670684814453,537.6592407226562,230.6949152542373,463.20000000000005,False,False,True,False
11,station,U Turmstr. (Berlin),closed_unserved,2026-08-05 07:00:00,0,285.40875244140625,33.23201370239258,605.1444702148438,267.76271186440675,708.0,False,False,True,False
11,station,U Turmstr. (Berlin),closed_unserved,2026-08-05 07:15:00,0,257.1084899902344,29.6496639251709,558.97265625,237.27118644067798,708.0,False,False,True,False
11,station,U Turmstr. (Berlin),closed_unserved,2026-08-05 07:30:00,0,326.3580322265625,39.494964599609375,667.4537353515625,317.864406779661,708.0,False,False,True,False
11,station,U Turmstr. (Berlin),closed_unserved,2026-08-05 07:45:00,0,302.35382080078125,35.43494415283203,631.0302124023438,283.1864406779661,708.0,False,False,True,False
11,station,U Turmstr. (Berlin),closed_unserved,2026-08-05 08:00:00,0,258.475830078125,29.600229263305664,562.8719482421875,235.4655172413793,708.0,False,False,True,False
11,station,U Turmstr. (Berlin),closed_unserved,2026-08-05 08:15:00,0,304.456787109375,35.94187927246094,636.276611328125,283.12280701754383,708.0,False,False,True,False
11,station,U Turmstr. (Berlin),closed_unserved,2026-08-05 08:30:00,0,294.2131652832031,34.44550323486328,622.4530639648438,270.2631578947368,708.0,False,False,True,False
11,station,U Turmstr. (Berlin),closed_unserved,2026-08-05 08:45:00,0,281.14154052734375,32.96701431274414,599.3407592773438,254.75438596491227,708.0,False,False,True,False
11,station,U Turmstr. (Berlin),closed_unserved,2026-08-05 09:00:00,0,233.63893127441406,27.261978149414062,522.643798828125,216.2280701754386,464.0,False,False,True,False
11,station,S+U Zoologischer Garten Bhf (Berlin),hop2,2026-08-05 06:15:00,702,341.36737060546875,35.213443756103516,768.613525390625,356.06779661016947,814.6000000000001,True,False,False,False
11,station,S+U Zoologischer Garten Bhf (Berlin),hop2,2026-08-05 06:30:00,409,390.4964294433594,40.187660217285156,869.4878540039062,418.91525423728814,814.6000000000001,True,False,False,False
11,station,S+U Zoologischer Garten Bhf (Berlin),hop2,2026-08-05 06:45:00,474,448.87213134765625,46.873416900634766,983.3462524414062,485.77966101694915,814.6000000000001,True,False,False,False
11,station,S+U Zoologischer Garten Bhf (Berlin),hop2,2026-08-05 07:00:00,20,619.4435424804688,65.76101684570312,1284.79833984375,648.0338983050848,1437.5,False,False,True,False
11,station,S+U Zoologischer Garten Bhf (Berlin),hop2,2026-08-05 07:15:00,328,512.9815063476562,53.95945358276367,1095.2305908203125,544.8983050847457,1437.5,True,False,False,False
11,station,S+U Zoologischer Garten Bhf (Berlin),hop2,2026-08-05 07:30:00,542,695.8634033203125,76.79833221435547,1415.31640625,699.9152542372881,1437.5,True,False,False,False
11,station,S+U Zoologischer Garten Bhf (Berlin),hop2,2026-08-05 07:45:00,24,562.3626708984375,59.692264556884766,1181.1446533203125,590.542372881356,1437.5,False,False,True,False
11,station,S+U Zoologischer Garten Bhf (Berlin),hop2,2026-08-05 08:00:00,328,626.3358764648438,67.40737915039062,1291.3509521484375,642.7413793103449,1681.0000000000007,True,False,False,False
11,station,S+U Zoologischer Garten Bhf (Berlin),hop2,2026-08-05 08:15:00,264,750.8067626953125,85.08512115478516,1513.5028076171875,735.7894736842105,1681.0000000000007,True,False,False,False
11,station,S+U Zoologischer Garten Bhf (Berlin),hop2,2026-08-05 08:30:00,951,730.50390625,82.16699981689453,1472.5848388671875,725.7894736842105,1681.0000000000007,True,False,False,False
11,station,S+U Zoologischer Garten Bhf (Berlin),hop2,2026-08-05 08:45:00,109,934.1813354492188,113.9200439453125,1832.32421875,832.7894736842105,1681.0000000000007,False,False,True,False
11,station,S+U Zoologischer Garten Bhf (Berlin),hop2,2026-08-05 09:00:00,380,565.06005859375,59.569915771484375,1191.5697021484375,591.8245614035088,1103.0,True,False,False,False
12,line_section,U Elsterwerdaer Platz (Berlin),hop2,2026-08-05 21:00:00,96,99.06875610351562,10.644829750061035,230.12831115722656,90.33333333333333,156.60000000000002,True,False,False,False
12,line_section,U Elsterwerdaer Platz (Berlin),hop2,2026-08-05 21:15:00,54,81.6836929321289,8.624417304992676,188.47923278808594,73.2280701754386,156.60000000000002,True,False,False,False
12,line_section,U Elsterwerdaer Platz (Berlin),hop2,2026-08-05 21:30:00,18,56.97742462158203,5.753133773803711,130.34442138671875,51.01754385964912,156.60000000000002,True,False,False,False
12,line_section,U Elsterwerdaer Platz (Berlin),hop2,2026-08-05 21:45:00,37,50.249305725097656,5.0166707038879395,114.6696548461914,45.85964912280702,156.60000000000002,True,False,False,False
12,line_section,U Elsterwerdaer Platz (Berlin),hop2,2026-08-05 22:00:00,13,33.06903076171875,3.211660623550415,76.24816131591797,32.1578947368421,58.30000000000001,True,False,False,False
12,line_section,U Elsterwerdaer Platz (Berlin),hop2,2026-08-05 22:15:00,10,24.69414710998535,2.214510917663574,57.279083251953125,25.228070175438596,58.30000000000001,True,False,False,False
12,line_section,U Elsterwerdaer Platz (Berlin),hop2,2026-08-05 22:30:00,12,19.088943481445312,1.479840874671936,44.94342803955078,19.859649122807017,58.30000000000001,True,False,False,False
12,line_section,U Elsterwerdaer Platz (Berlin),hop2,2026-08-05 22:45:00,7,18.16027069091797,1.3791731595993042,43.14885711669922,19.280701754385966,58.30000000000001,True,False,False,False
12,line_section,U Elsterwerdaer Platz (Berlin),hop2,2026-08-05 23:00:00,5,11.421100616455078,0.5616806745529175,28.337787628173828,12.60344827586207,19.900000000000006,True,False,False,False
12,line_section,U Elsterwerdaer Platz (Berlin),hop2,2026-08-05 23:15:00,2,6.969289302825928,0.0,17.872089385986328,7.344827586206897,19.900000000000006,True,False,False,False
12,line_section,U Elsterwerdaer Platz (Berlin),hop2,2026-08-05 23:30:00,9,5.331596374511719,0.0,13.76872444152832,5.568965517241379,19.900000000000006,True,False,False,False
12,line_section,U Elsterwerdaer Platz (Berlin),hop2,2026-08-05 23:45:00,2,5.4349541664123535,0.0,14.02651309967041,5.810344827586207,19.900000000000006,True,False,False,False
12,line_section,U Elsterwerdaer Platz (Berlin),hop2,2026-08-06 00:00:00,1,2.7909491062164307,0.0,9.34422779083252,2.5344827586206895,5.0,True,False,False,False
12,line_section,U Elsterwerdaer Platz (Berlin),hop2,2026-08-06 00:15:00,1,1.2665183544158936,0.0,3.853607177734375,1.1551724137931034,5.0,True,False,False,False
12,line_section,S+U Wuhletal (Berlin),hop1,2026-08-05 21:00:00,51,91.60990905761719,9.780914306640625,212.76446533203125,82.26315789473684,137.60000000000002,True,False,False,False
12,line_section,S+U Wuhletal (Berlin),hop1,2026-08-05 21:15:00,5,66.40299224853516,6.763742446899414,151.7281036376953,58.87719298245614,137.60000000000002,False,False,True,False
12,line_section,S+U Wuhletal (Berlin),hop1,2026-08-05 21:30:00,70,62.786170959472656,6.452972888946533,143.05697631835938,55.68421052631579,137.60000000000002,True,False,False,False
12,line_section,S+U Wuhletal (Berlin),hop1,2026-08-05 21:45:00,61,43.63842010498047,4.295450210571289,100.30594635009766,40.24561403508772,137.60000000000002,True,False,False,False
12,line_section,S+U Wuhletal (Berlin),hop1,2026-08-05 22:00:00,30,27.68723487854004,2.5786640644073486,63.83692932128906,27.228070175438596,51.0,True,False,False,False
12,line_section,S+U Wuhletal (Berlin),hop1,2026-08-05 22:15:00,1,25.587051391601562,2.322171449661255,59.187156677246094,25.859649122807017,51.0,False,False,True,False
12,line_section,S+U Wuhletal (Berlin),hop1,2026-08-05 22:30:00,56,15.292613983154297,1.0032343864440918,36.67322540283203,15.43859649122807,51.0,False,True,False,True
12,line_section,S+U Wuhletal (Berlin),hop1,2026-08-05 22:45:00,33,14.453779220581055,0.9345508217811584,35.093231201171875,15.228070175438596,51.0,True,False,False,False
12,line_section,S+U Wuhletal (Berlin),hop1,2026-08-05 23:00:00,48,6.403966426849365,0.0,16.379743576049805,6.706896551724138,15.0,False,True,False,True
12,line_section,S+U Wuhletal (Berlin),hop1,2026-08-05 23:15:00,12,7.517475128173828,0.0325329452753067,19.177989959716797,7.931034482758621,15.0,True,False,False,False
12,line_section,S+U Wuhletal (Berlin),hop1,2026-08-05 23:30:00,2,4.96337366104126,0.0,13.02742862701416,5.172413793103448,15.0,True,False,False,False
12,line_section,S+U Wuhletal (Berlin),hop1,2026-08-05 23:45:00,1,4.3149566650390625,0.0,11.676441192626953,4.344827586206897,15.0,True,False,False,False
12,line_section,S+U Wuhletal (Berlin),hop1,2026-08-06 00:00:00,2,3.1291072368621826,0.0,9.92648983001709,2.8793103448275863,6.0,True,False,False,False
12,line_section,S+U Wuhletal (Berlin),hop1,2026-08-06 00:15:00,10,2.5442707538604736,0.0,8.837299346923828,2.310344827586207,6.0,False,True,False,True
12,line_section,U Kaulsdorf-Nord (Berlin),endpoint_or_interchange,2026-08-05 21:00:00,83,86.30322265625,9.210796356201172,199.76675415039062,76.59649122807018,134.3,True,False,False,False
12,line_section,U Kaulsdorf-Nord (Berlin),endpoint_or_interchange,2026-08-05 21:15:00,26,72.49083709716797,7.485167503356934,166.44796752929688,64.10526315789474,134.3,True,False,False,False
12,line_section,U Kaulsdorf-Nord (Berlin),endpoint_or_interchange,2026-08-05 21:30:00,3,66.58012390136719,6.890476703643799,151.93212890625,59.03508771929825,134.3,False,False,True,False
12,line_section,U Kaulsdorf-Nord (Berlin),endpoint_or_interchange,2026-08-05 21:45:00,62,32.71882629394531,3.154047727584839,75.56876373291016,30.87719298245614,134.3,True,False,False,False
12,line_section,U Kaulsdorf-Nord (Berlin),endpoint_or_interchange,2026-08-05 22:00:00,98,35.622554779052734,3.4966399669647217,82.1749038696289,34.24561403508772,57.30000000000001,False,True,False,True
12,line_section,U Kaulsdorf-Nord (Berlin),endpoint_or_interchange,2026-08-05 22:15:00,14,24.203960418701172,2.17333722114563,56.152427673339844,24.49122807017544,57.30000000000001,True,False,False,False
12,line_section,U Kaulsdorf-Nord (Berlin),endpoint_or_interchange,2026-08-05 22:30:00,16,18.328426361083984,1.3759546279907227,43.357425689697266,18.789473684210527,57.30000000000001,True,False,False,False
12,line_section,U Kaulsdorf-Nord (Berlin),endpoint_or_interchange,2026-08-05 22:45:00,2,12.525919914245605,0.6825534105300903,30.925832748413086,12.824561403508772,57.30000000000001,True,False,False,False
12,line_section,U Kaulsdorf-Nord (Berlin),endpoint_or_interchange,2026-08-05 23:00:00,2,9.864173889160156,0.36086755990982056,24.44162940979004,10.620689655172415,17.900000000000006,True,False,False,False
12,line_section,U Kaulsdorf-Nord (Berlin),endpoint_or_interchange,2026-08-05 23:15:00,9,7.147575855255127,0.0,18.280784606933594,7.5,17.900000000000006,True,False,False,False
12,line_section,U Kaulsdorf-Nord (Berlin),endpoint_or_interchange,2026-08-05 23:30:00,0,4.916566371917725,0.0,12.9118070602417,5.120689655172414,17.900000000000006,True,False,False,False
12,line_section,U Kaulsdorf-Nord (Berlin),endpoint_or_interchange,2026-08-05 23:45:00,1,3.523498296737671,0.0,10.217018127441406,3.2758620689655173,17.900000000000006,True,False,False,False
12,line_section,U Kaulsdorf-Nord (Berlin),endpoint_or_interchange,2026-08-06 00:00:00,0,1.3459389209747314,0.0,4.328702926635742,1.3275862068965518,7.0,True,False,False,False
12,line_section,U Kaulsdorf-Nord (Berlin),endpoint_or_interchange,2026-08-06 00:15:00,0,2.2093703746795654,0.0,8.16789436340332,2.0172413793103448,7.0,True,False,False,False
12,line_section,U Kienberg (Gärten der Welt) (Berlin),closed_unserved,2026-08-05 21:00:00,23,87.63557434082031,9.316448211669922,203.35873413085938,78.01754385964912,124.30000000000001,True,False,False,False
12,line_section,U Kienberg (Gärten der Welt) (Berlin),closed_unserved,2026-08-05 21:15:00,0,62.28386306762695,6.271259784698486,142.10939025878906,54.98245614035088,124.30000000000001,False,False,True,False
12,line_section,U Kienberg (Gärten der Welt) (Berlin),closed_unserved,2026-08-05 21:30:00,41,52.68949890136719,5.232114791870117,120.1847152709961,47.14035087719298,124.30000000000001,True,False,False,False
12,line_section,U Kienberg (Gärten der Welt) (Berlin),closed_unserved,2026-08-05 21:45:00,64,41.80792999267578,4.092905521392822,96.02554321289062,38.3859649122807,124.30000000000001,True,False,False,False
12,line_section,U Kienberg (Gärten der Welt) (Berlin),closed_unserved,2026-08-05 22:00:00,142,28.52408218383789,2.64916729927063,65.73283386230469,27.894736842105264,53.0,False,True,False,True
12,line_section,U Kienberg (Gärten der Welt) (Berlin),closed_unserved,2026-08-05 22:15:00,33,25.150943756103516,2.251964569091797,58.246498107910156,25.31578947368421,53.0,True,False,False,False
12,line_section,U Kienberg (Gärten der Welt) (Berlin),closed_unserved,2026-08-05 22:30:00,17,20.23920249938965,1.6108137369155884,47.49477767944336,20.736842105263158,53.0,True,False,False,False
12,line_section,U Kienberg (Gärten der Welt) (Berlin),closed_unserved,2026-08-05 22:45:00,28,10.761067390441895,0.46593353152275085,26.57343292236328,10.894736842105264,53.0,False,True,False,False
12,line_section,U Kienberg (Gärten der Welt) (Berlin),closed_unserved,2026-08-05 23:00:00,3,9.836210250854492,0.3509350121021271,24.478498458862305,10.586206896551724,19.0,True,False,False,False
12,line_section,U Kienberg (Gärten der Welt) (Berlin),closed_unserved,2026-08-05 23:15:00,7,7.340742588043213,0.0055205076932907104,18.822139739990234,7.568965517241379,19.0,True,False,False,False
12,line_section,U Kienberg (Gärten der Welt) (Berlin),closed_unserved,2026-08-05 23:30:00,3,5.489687919616699,0.0,14.11376953125,5.620689655172414,19.0,True,False,False,False
12,line_section,U Kienberg (Gärten der Welt) (Berlin),closed_unserved,2026-08-05 23:45:00,0,4.049992561340332,0.0,11.15829086303711,4.086206896551724,19.0,True,False,False,False
12,line_section,U Kienberg (Gärten der Welt) (Berlin),closed_unserved,2026-08-06 00:00:00,0,2.195300817489624,0.0,8.094922065734863,2.0172413793103448,4.0,True,False,False,False
12,line_section,U Kienberg (Gärten der Welt) (Berlin),closed_unserved,2026-08-06 00:15:00,0,1.2065871953964233,0.0,3.6440329551696777,1.103448275862069,4.0,True,False,False,False
12,line_section,U Cottbusser Platz (Berlin),closed_unserved,2026-08-05 21:00:00,149,80.60845184326172,8.498870849609375,186.1361541748047,71.3157894736842,118.90000000000003,True,False,False,True
12,line_section,U Cottbusser Platz (Berlin),closed_unserved,2026-08-05 21:15:00,145,68.63614654541016,7.041042327880859,156.95994567871094,60.771929824561404,118.90000000000003,True,False,False,True
12,line_section,U Cottbusser Platz (Berlin),closed_unserved,2026-08-05 21:30:00,38,45.06221389770508,4.447556972503662,103.5328140258789,40.94736842105263,118.90000000000003,True,False,False,False
12,line_section,U Cottbusser Platz (Berlin),closed_unserved,2026-08-05 21:45:00,4,46.87374496459961,4.640833854675293,107.33721923828125,42.98245614035088,118.90000000000003,False,False,True,False
12,line_section,U Cottbusser Platz (Berlin),closed_unserved,2026-08-05 22:00:00,28,35.804779052734375,3.4968795776367188,82.47340393066406,34.719298245614034,52.30000000000001,True,False,False,False
12,line_section,U Cottbusser Platz (Berlin),closed_unserved,2026-08-05 22:15:00,54,26.033212661743164,2.3880116939544678,60.12308120727539,26.210526315789473,52.30000000000001,True,False,False,True
12,line_section,U Cottbusser Platz (Berlin),closed_unserved,2026-08-05 22:30:00,3,17.531278610229492,1.29066801071167,41.68098831176758,17.92982456140351,52.30000000000001,True,False,False,False
12,line_section,U Cottbusser Platz (Berlin),closed_unserved,2026-08-05 22:45:00,2,12.214208602905273,0.6536414623260498,30.20538330078125,12.56140350877193,52.30000000000001,True,False,False,False
12,line_section,U Cottbusser Platz (Berlin),closed_unserved,2026-08-05 23:00:00,78,17.434322357177734,1.2702311277389526,41.69390869140625,20.17241379310345,20.0,False,True,False,True
12,line_section,U Cottbusser Platz (Berlin),closed_unserved,2026-08-05 23:15:00,9,9.248937606811523,0.26109567284584045,23.10934829711914,9.844827586206897,20.0,True,False,False,False
12,line_section,U Cottbusser Platz (Berlin),closed_unserved,2026-08-05 23:30:00,3,5.306997299194336,0.0,13.730656623840332,5.517241379310345,20.0,True,False,False,False
12,line_section,U Cottbusser Platz (Berlin),closed_unserved,2026-08-05 23:45:00,6,4.538229465484619,0.0,12.133621215820312,4.586206896551724,20.0,True,False,False,False
12,line_section,U Cottbusser Platz (Berlin),closed_unserved,2026-08-06 00:00:00,0,1.3387640714645386,0.0,4.254931449890137,1.3103448275862069,6.700000000000017,True,False,False,False
12,line_section,U Cottbusser Platz (Berlin),closed_unserved,2026-08-06 00:15:00,0,2.3395564556121826,0.0,8.45488166809082,2.103448275862069,6.700000000000017,True,False,False,False
12,line_section,U Hellersdorf (Berlin),closed_unserved,2026-08-05 21:00:00,6,90.60945892333984,9.690116882324219,210.1208953857422,81.54385964912281,135.10000000000008,False,False,True,False
12,line_section,U Hellersdorf (Berlin),closed_unserved,2026-08-05 21:15:00,60,62.76417541503906,6.3729472160339355,143.05508422851562,55.6140350877193,135.10000000000008,True,False,False,False
12,line_section,U Hellersdorf (Berlin),closed_unserved,2026-08-05 21:30:00,86,81.04462432861328,8.644192695617676,186.77371215820312,73.29824561403508,135.10000000000008,True,False,False,False
12,line_section,U Hellersdorf (Berlin),closed_unserved,2026-08-05 21:45:00,78,37.600730895996094,3.705040454864502,86.42173767089844,35.31578947368421,135.10000000000008,True,False,False,False
12,line_section,U Hellersdorf (Berlin),closed_unserved,2026-08-05 22:00:00,48,37.00241470336914,3.620797634124756,85.0660171508789,35.98245614035088,52.60000000000002,True,False,False,False
12,line_section,U Hellersdorf (Berlin),closed_unserved,2026-08-05 22:15:00,26,21.978933334350586,1.889379858970642,51.094261169433594,22.43859649122807,52.60000000000002,True,False,False,False
12,line_section,U Hellersdorf (Berlin),closed_unserved,2026-08-05 22:30:00,0,13.888593673706055,0.8327561616897583,33.9583740234375,14.087719298245615,52.60000000000002,False,False,True,False
12,line_section,U Hellersdorf (Berlin),closed_unserved,2026-08-05 22:45:00,6,10.61530590057373,0.44440290331840515,26.15750503540039,10.596491228070175,52.60000000000002,True,False,False,False
12,line_section,U Hellersdorf (Berlin),closed_unserved,2026-08-05 23:00:00,3,11.932290077209473,0.6296418905258179,29.646764755249023,13.275862068965518,21.0,True,False,False,False
12,line_section,U Hellersdorf (Berlin),closed_unserved,2026-08-05 23:15:00,1,8.835615158081055,0.20955154299736023,22.242368698120117,9.413793103448276,21.0,True,False,False,False
12,line_section,U Hellersdorf (Berlin),closed_unserved,2026-08-05 23:30:00,1,4.699538707733154,0.0,12.459675788879395,4.827586206896552,21.0,True,False,False,False
12,line_section,U Hellersdorf (Berlin),closed_unserved,2026-08-05 23:45:00,14,3.4361491203308105,0.0,10.058982849121094,3.2413793103448274,21.0,False,True,False,False
12,line_section,U Hellersdorf (Berlin),closed_unserved,2026-08-06 00:00:00,0,3.017259359359741,0.0,9.738969802856445,2.706896551724138,7.0,True,False,False,False
12,line_section,U Hellersdorf (Berlin),closed_unserved,2026-08-06 00:15:00,6,2.5201096534729004,0.0,8.80632495880127,2.293103448275862,7.0,True,False,False,False
12,line_section,U Hönow (Berlin),endpoint_or_interchange,2026-08-05 21:00:00,86,78.51986694335938,8.23940372467041,181.33599853515625,69.21052631578948,117.90000000000003,True,False,False,False
12,line_section,U Hönow (Berlin),endpoint_or_interchange,2026-08-05 21:15:00,215,70.2471694946289,7.2087273597717285,160.8698272705078,62.05263157894737,117.90000000000003,False,True,False,True
12,line_section,U Hönow (Berlin),endpoint_or_interchange,2026-08-05 21:30:00,2,47.48854064941406,4.685434341430664,108.96177673339844,42.87719298245614,117.90000000000003,False,False,True,False
12,line_section,U Hönow (Berlin),endpoint_or_interchange,2026-08-05 21:45:00,8,41.315738677978516,4.069021701812744,94.66230010986328,38.10526315789474,117.90000000000003,True,False,False,False
12,line_section,U Hönow (Berlin),endpoint_or_interchange,2026-08-05 22:00:00,33,31.142976760864258,2.965008497238159,71.91153717041016,30.42105263157895,51.30000000000001,True,False,False,False
12,line_section,U Hönow (Berlin),endpoint_or_interchange,2026-08-05 22:15:00,12,18.440391540527344,1.4324079751968384,43.502532958984375,18.80701754385965,51.30000000000001,True,False,False,False
12,line_section,U Hönow (Berlin),endpoint_or_interchange,2026-08-05 22:30:00,14,20.314685821533203,1.6242694854736328,47.64055633544922,20.789473684210527,51.30000000000001,True,False,False,False
12,line_section,U Hönow (Berlin),endpoint_or_interchange,2026-08-05 22:45:00,19,17.569690704345703,1.2941645383834839,41.912879943847656,18.614035087719298,51.30000000000001,True,False,False,False
12,line_section,U Hönow (Berlin),endpoint_or_interchange,2026-08-05 23:00:00,60,10.196484565734863,0.39625924825668335,25.359888076782227,11.017241379310345,17.900000000000006,False,True,False,True
12,line_section,U Hönow (Berlin),endpoint_or_interchange,2026-08-05 23:15:00,3,6.635391712188721,0.0,16.994861602783203,6.827586206896552,17.900000000000006,True,False,False,False
12,line_section,U Hönow (Berlin),endpoint_or_interchange,2026-08-05 23:30:00,12,4.563235282897949,0.0,12.171143531799316,4.637931034482759,17.900000000000006,True,False,False,False
12,line_section,U Hönow (Berlin),endpoint_or_interchange,2026-08-05 23:45:00,7,4.361893653869629,0.0,11.763364791870117,4.413793103448276,17.900000000000006,True,False,False,False
12,line_section,U Hönow (Berlin),endpoint_or_interchange,2026-08-06 00:00:00,4,1.9690417051315308,0.0,7.547553539276123,1.8448275862068966,7.0,True,False,False,False
12,line_section,U Hönow (Berlin),endpoint_or_interchange,2026-08-06 00:15:00,1,2.561661720275879,0.0,8.858023643493652,2.3275862068965516,7.0,True,False,False,False
12,line_section,U Louis-Lewin-Str. (Berlin),closed_unserved,2026-08-05 21:00:00,101,88.60169982910156,9.454266548156738,205.42002868652344,79.49122807017544,167.4000000000001,True,False,False,False
12,line_section,U Louis-Lewin-Str. (Berlin),closed_unserved,2026-08-05 21:15:00,23,85.00386047363281,9.02280044555664,196.26390075683594,76.52631578947368,167.4000000000001,True,False,False,False
12,line_section,U Louis-Lewin-Str. (Berlin),closed_unserved,2026-08-05 21:30:00,6,82.03296661376953,8.8046293258667,189.07774353027344,74.14035087719299,167.4000000000001,False,False,True,False
12,line_section,U Louis-Lewin-Str. (Berlin),closed_unserved,2026-08-05 21:45:00,66,47.742374420166016,4.7138895988464355,109.35197448730469,43.68421052631579,167.4000000000001,True,False,False,False
12,line_section,U Louis-Lewin-Str. (Berlin),closed_unserved,2026-08-05 22:00:00,5,40.90470504760742,4.022263526916504,93.8121109008789,39.50877192982456,61.900000000000034,True,False,False,False
12,line_section,U Louis-Lewin-Str. (Berlin),closed_unserved,2026-08-05 22:15:00,46,30.019285202026367,2.855754852294922,69.24754333496094,30.017543859649123,61.900000000000034,True,False,False,False
12,line_section,U Louis-Lewin-Str. (Berlin),closed_unserved,2026-08-05 22:30:00,15,19.06675148010254,1.4713091850280762,44.94728088378906,19.736842105263158,61.900000000000034,True,False,False,False
12,line_section,U Louis-Lewin-Str. (Berlin),closed_unserved,2026-08-05 22:45:00,4,11.800734519958496,0.6009556651115417,29.170440673828125,12.140350877192983,61.900000000000034,True,False,False,False
12,line_section,U Louis-Lewin-Str. (Berlin),closed_unserved,2026-08-05 23:00:00,7,8.361486434936523,0.1479218304157257,21.140953063964844,8.844827586206897,17.0,True,False,False,False
12,line_section,U Louis-Lewin-Str. (Berlin),closed_unserved,2026-08-05 23:15:00,1,7.798328399658203,0.06863029301166534,19.889867782592773,8.206896551724139,17.0,True,False,False,False
12,line_section,U Louis-Lewin-Str. (Berlin),closed_unserved,2026-08-05 23:30:00,2,4.239095211029053,0.0,11.511466026306152,4.224137931034483,17.0,True,False,False,False
12,line_section,U Louis-Lewin-Str. (Berlin),closed_unserved,2026-08-05 23:45:00,0,4.899299621582031,0.0,12.899967193603516,5.120689655172414,17.0,True,False,False,False
12,line_section,U Louis-Lewin-Str. (Berlin),closed_unserved,2026-08-06 00:00:00,0,1.8295890092849731,0.0,7.044947624206543,1.7241379310344827,6.700000000000017,True,False,False,False
12,line_section,U Louis-Lewin-Str. (Berlin),closed_unserved,2026-08-06 00:15:00,0,1.4846173524856567,0.0,5.11497688293457,1.4482758620689655,6.700000000000017,True,False,False,False
13,line_section,U Altstadt Spandau (Berlin),hop1,2026-08-08 20:15:00,398,66.74169921875,6.834826946258545,151.60110473632812,64.63636363636364,173.70000000000016,False,True,False,True
13,line_section,U Altstadt Spandau (Berlin),hop1,2026-08-08 20:30:00,36,71.05777740478516,7.23055362701416,161.1955108642578,69.18181818181819,173.70000000000016,True,False,False,False
13,line_section,U Altstadt Spandau (Berlin),hop1,2026-08-08 20:45:00,250,36.54024887084961,3.4092860221862793,85.06756591796875,36.56521739130435,173.70000000000016,False,True,False,True
13,line_section,U Altstadt Spandau (Berlin),hop1,2026-08-08 21:00:00,92,56.896522521972656,5.569577693939209,129.38458251953125,55.91304347826087,93.2000000000001,True,False,False,False
13,line_section,S+U Rathaus Spandau (Berlin),hop2,2026-08-08 20:15:00,54,65.93998718261719,6.7287983894348145,149.5721435546875,63.63636363636363,201.70000000000005,True,False,False,False
13,line_section,S+U Rathaus Spandau (Berlin),hop2,2026-08-08 20:30:00,49,66.74962615966797,6.772424221038818,151.583984375,64.9090909090909,201.70000000000005,True,False,False,False
13,line_section,S+U Rathaus Spandau (Berlin),hop2,2026-08-08 20:45:00,54,46.0919075012207,4.438215255737305,105.50564575195312,44.78260869565217,201.70000000000005,True,False,False,False
13,line_section,S+U Rathaus Spandau (Berlin),hop2,2026-08-08 21:00:00,35,47.09895706176758,4.483737945556641,107.722900390625,46.56521739130435,75.20000000000006,True,False,False,False
13,line_section,U Zitadelle (Berlin),endpoint_or_interchange,2026-08-08 20:15:00,28,73.1953125,7.583099842071533,166.17657470703125,70.86363636363636,170.9000000000001,True,False,False,False
13,line_section,U Zitadelle (Berlin),endpoint_or_interchange,2026-08-08 20:30:00,323,77.82804870605469,7.96919059753418,177.23863220214844,76.5,170.9000000000001,False,True,False,True
13,line_section,U Zitadelle (Berlin),endpoint_or_interchange,2026-08-08 20:45:00,121,75.76331329345703,7.702854633331299,172.1818389892578,73.65217391304348,170.9000000000001,True,False,False,False
13,line_section,U Zitadelle (Berlin),endpoint_or_interchange,2026-08-08 21:00:00,20,34.60322952270508,3.2250208854675293,80.64932250976562,34.95652173913044,58.0,True,False,False,False
13,line_section,U Paulsternstr. (Berlin),endpoint_or_interchange,2026-08-08 20:15:00,68,107.58963012695312,11.358824729919434,246.982177734375,109.0909090909091,161.10000000000002,True,False,False,False
13,line_section,U Paulsternstr. (Berlin),endpoint_or_interchange,2026-08-08 20:30:00,21,74.69122314453125,7.638917922973633,169.80007934570312,72.86363636363636,161.10000000000002,True,False,False,False
13,line_section,U Paulsternstr. (Berlin),endpoint_or_interchange,2026-08-08 20:45:00,75,46.04487991333008,4.419922351837158,105.5183334350586,44.869565217391305,161.10000000000002,True,False,False,False
13,line_section,U Paulsternstr. (Berlin),endpoint_or_interchange,2026-08-08 21:00:00,9,50.39080810546875,4.843317031860352,114.65436553955078,49.91304347826087,71.60000000000001,True,False,False,False
13,line_section,U Haselhorst (Berlin),closed_unserved,2026-08-08 20:15:00,72,80.95880889892578,8.406271934509277,184.31088256835938,79.5,180.30000000000013,True,False,False,False
13,line_section,U Haselhorst (Berlin),closed_unserved,2026-08-08 20:30:00,64,61.46269226074219,6.1181182861328125,139.3646697998047,59.81818181818182,180.30000000000013,True,False,False,False
13,line_section,U Haselhorst (Berlin),closed_unserved,2026-08-08 20:45:00,8,56.34237289428711,5.526604175567627,128.780029296875,53.91304347826087,180.30000000000013,True,False,False,False
13,line_section,U Haselhorst (Berlin),closed_unserved,2026-08-08 21:00:00,22,51.89214324951172,4.992839336395264,117.73375701904297,51.43478260869565,81.20000000000002,True,False,False,False
13,line_section,U Siemensdamm (Berlin),hop2,2026-08-08 20:15:00,84,70.59860229492188,7.298214912414551,160.21023559570312,68.45454545454545,135.70000000000005,True,False,False,False
13,line_section,U Siemensdamm (Berlin),hop2,2026-08-08 20:30:00,57,60.26626205444336,5.991996765136719,136.51210021972656,58.18181818181818,135.70000000000005,True,False,False,False
13,line_section,U Siemensdamm (Berlin),hop2,2026-08-08 20:45:00,11,36.27220153808594,3.364541530609131,84.4646224975586,36.34782608695652,135.70000000000005,True,False,False,False
13,line_section,U Siemensdamm (Berlin),hop2,2026-08-08 21:00:00,87,41.596595764160156,3.9259400367736816,95.67483520507812,41.56521739130435,82.0,True,False,False,True
13,line_section,U Rohrdamm (Berlin),hop1,2026-08-08 20:15:00,31,87.41958618164062,9.154073715209961,199.4288330078125,86.54545454545455,166.1000000000002,True,False,False,False
13,line_section,U Rohrdamm (Berlin),hop1,2026-08-08 20:30:00,2,71.37328338623047,7.273701190948486,162.2295684814453,69.18181818181819,166.1000000000002,False,False,True,False
13,line_section,U Rohrdamm (Berlin),hop1,2026-08-08 20:45:00,265,51.451717376708984,5.013770580291748,117.1523666381836,49.17391304347826,166.1000000000002,False,True,False,True
13,line_section,U Rohrdamm (Berlin),hop1,2026-08-08 21:00:00,59,39.137813568115234,3.6943726539611816,90.3733139038086,39.130434782608695,72.40000000000003,True,False,False,False
14,line_section,S+U Zoologischer Garten Bhf (Berlin),hop2,2026-08-15 11:30:00,10,17.121715545654297,1.0225948095321655,41.907257080078125,21.217391304347824,85.80000000000001,True,False,False,False
14,line_section,S+U Zoologischer Garten Bhf (Berlin),hop2,2026-08-15 11:45:00,0,19.19803237915039,1.2795863151550293,46.00319290161133,24.08695652173913,85.80000000000001,False,False,True,False
14,line_section,S+U Zoologischer Garten Bhf (Berlin),hop2,2026-08-15 12:00:00,54,8.626123428344727,0.1117999404668808,21.666563034057617,10.0,28.0,False,True,False,True
14,line_section,S+U Zoologischer Garten Bhf (Berlin),hop2,2026-08-15 12:15:00,29,7.907120704650879,0.04378768801689148,20.040403366088867,9.26086956521739,28.0,False,True,False,True
14,line_section,S+U Zoologischer Garten Bhf (Berlin),hop2,2026-08-15 12:30:00,0,9.399906158447266,0.1797543466091156,23.416990280151367,11.26086956521739,28.0,False,False,True,False
14,line_section,S+U Zoologischer Garten Bhf (Berlin),hop2,2026-08-15 12:45:00,21,9.171059608459473,0.15249043703079224,22.910947799682617,10.91304347826087,28.0,True,False,False,False
14,line_section,S+U Zoologischer Garten Bhf (Berlin),hop2,2026-08-15 13:00:00,14,12.535087585449219,0.5078466534614563,30.974693298339844,15.782608695652174,59.0,True,False,False,False
14,line_section,S+U Zoologischer Garten Bhf (Berlin),hop2,2026-08-15 13:15:00,27,15.204910278320312,0.7945079803466797,37.25712203979492,19.347826086956523,59.0,True,False,False,False
14,line_section,S+U Zoologischer Garten Bhf (Berlin),hop2,2026-08-15 13:30:00,32,17.91492462158203,1.101944923400879,43.41867446899414,22.608695652173914,59.0,True,False,False,False
14,line_section,S+U Zoologischer Garten Bhf (Berlin),hop2,2026-08-15 13:45:00,18,28.808372497558594,2.6381983757019043,66.5261459350586,37.04347826086956,59.0,True,False,False,False
14,line_section,S+U Zoologischer Garten Bhf (Berlin),hop2,2026-08-15 14:00:00,7,34.32293701171875,3.2769362926483154,79.31074523925781,41.69565217391305,160.3000000000001,True,False,False,False
14,line_section,S+U Zoologischer Garten Bhf (Berlin),hop2,2026-08-15 14:15:00,52,50.780120849609375,5.4304304122924805,113.90948486328125,62.21739130434783,160.3000000000001,True,False,False,False
14,line_section,S+U Zoologischer Garten Bhf (Berlin),hop2,2026-08-15 14:30:00,57,49.16716003417969,5.19213342666626,110.5522232055664,59.65217391304348,160.3000000000001,True,False,False,False
14,line_section,S+U Zoologischer Garten Bhf (Berlin),hop2,2026-08-15 14:45:00,49,95.49708557128906,10.617725372314453,216.76544189453125,119.82608695652173,160.3000000000001,True,False,False,False
14,line_section,U Augsburger Str. (Berlin),hop1,2026-08-15 11:30:00,54,27.714319229125977,2.5180656909942627,64.04315185546875,33.91304347826087,89.40000000000003,True,False,False,False
14,line_section,U Augsburger Str. (Berlin),hop1,2026-08-15 11:45:00,18,22.122831344604492,1.7216176986694336,51.65827560424805,27.17391304347826,89.40000000000003,True,False,False,False
14,line_section,U Augsburger Str. (Berlin),hop1,2026-08-15 12:00:00,8,11.773279190063477,0.47083547711372375,28.75284194946289,14.26086956521739,33.400000000000034,True,False,False,False
14,line_section,U Augsburger Str. (Berlin),hop1,2026-08-15 12:15:00,1,9.853799819946289,0.26178792119026184,24.22715950012207,11.608695652173912,33.400000000000034,True,False,False,False
14,line_section,U Augsburger Str. (Berlin),hop1,2026-08-15 12:30:00,1,16.359891891479492,1.004067301750183,39.66545867919922,21.217391304347824,33.400000000000034,False,False,True,False
14,line_section,U Augsburger Str. (Berlin),hop1,2026-08-15 12:45:00,22,10.60906982421875,0.3292703926563263,26.081497192382812,12.652173913043478,33.400000000000034,True,False,False,False
14,line_section,U Augsburger Str. (Berlin),hop1,2026-08-15 13:00:00,8,16.43549156188965,1.0154027938842773,39.958518981933594,21.08695652173913,67.50000000000003,True,False,False,False
14,line_section,U Augsburger Str. (Berlin),hop1,2026-08-15 13:15:00,2,20.749446868896484,1.602448582649231,48.81735610961914,26.652173913043477,67.50000000000003,True,False,False,False
14,line_section,U Augsburger Str. (Berlin),hop1,2026-08-15 13:30:00,27,19.293685913085938,1.3397942781448364,46.021114349365234,24.08695652173913,67.50000000000003,True,False,False,False
14,line_section,U Augsburger Str. (Berlin),hop1,2026-08-15 13:45:00,6,34.580142974853516,3.4582154750823975,79.73521423339844,43.91304347826087,67.50000000000003,True,False,False,False
14,line_section,U Augsburger Str. (Berlin),hop1,2026-08-15 14:00:00,43,36.14793014526367,3.575792074203491,83.38285064697266,43.69565217391305,169.0,True,False,False,False
14,line_section,U Augsburger Str. (Berlin),hop1,2026-08-15 14:15:00,33,50.89472961425781,5.395567417144775,114.12654876708984,61.608695652173914,169.0,True,False,False,False
14,line_section,U Augsburger Str. (Berlin),hop1,2026-08-15 14:30:00,135,66.31509399414062,7.275052547454834,147.3529510498047,81.95652173913044,169.0,True,False,False,False
14,line_section,U Augsburger Str. (Berlin),hop1,2026-08-15 14:45:00,24,95.71684265136719,10.467576026916504,217.40301513671875,118.95652173913044,169.0,True,False,False,False
14,line_section,U Kurfürstendamm (Berlin),hop1,2026-08-15 11:30:00,44,32.811119079589844,3.147784948348999,75.92791748046875,41.608695652173914,101.80000000000001,True,False,False,False
14,line_section,U Kurfürstendamm (Berlin),hop1,2026-08-15 11:45:00,6,25.72046661376953,2.2191853523254395,59.528141021728516,32.56521739130435,101.80000000000001,True,False,False,False
14,line_section,U Kurfürstendamm (Berlin),hop1,2026-08-15 12:00:00,33,12.368535995483398,0.5366012454032898,30.324689865112305,15.478260869565217,37.900000000000006,False,True,False,False
14,line_section,U Kurfürstendamm (Berlin),hop1,2026-08-15 12:15:00,28,16.895654678344727,1.0839755535125732,41.06808853149414,22.52173913043478,37.900000000000006,True,False,False,False
14,line_section,U Kurfürstendamm (Berlin),hop1,2026-08-15 12:30:00,5,7.875791072845459,0.045795127749443054,19.798147201538086,9.130434782608695,37.900000000000006,True,False,False,False
14,line_section,U Kurfürstendamm (Berlin),hop1,2026-08-15 12:45:00,13,11.949357032775879,0.48108258843421936,29.32575225830078,15.043478260869565,37.900000000000006,True,False,False,False
14,line_section,U Kurfürstendamm (Berlin),hop1,2026-08-15 13:00:00,153,13.521190643310547,0.6464529037475586,33.268009185791016,16.956521739130434,77.70000000000002,False,True,False,True
14,line_section,U Kurfürstendamm (Berlin),hop1,2026-08-15 13:15:00,36,15.957382202148438,0.9260103702545166,38.95508575439453,20.08695652173913,77.70000000000002,True,False,False,False
14,line_section,U Kurfürstendamm (Berlin),hop1,2026-08-15 13:30:00,51,30.95654296875,2.9419186115264893,71.68219757080078,40.26086956521739,77.70000000000002,True,False,False,False
14,line_section,U Kurfürstendamm (Berlin),hop1,2026-08-15 13:45:00,5,41.2623405456543,4.286858081817627,93.91646575927734,53.391304347826086,77.70000000000002,True,False,False,False
14,line_section,U Kurfürstendamm (Berlin),hop1,2026-08-15 14:00:00,2,34.639060974121094,3.352642774581909,80.2326889038086,41.95652173913044,164.50000000000009,False,False,True,False
14,line_section,U Kurfürstendamm (Berlin),hop1,2026-08-15 14:15:00,18,38.51319122314453,3.850004196166992,88.52976989746094,46.47826086956522,164.50000000000009,True,False,False,False
14,line_section,U Kurfürstendamm (Berlin),hop1,2026-08-15 14:30:00,41,71.73367309570312,8.221932411193848,159.52523803710938,89.91304347826087,164.50000000000009,True,False,False,False
14,line_section,U Kurfürstendamm (Berlin),hop1,2026-08-15 14:45:00,80,85.42334747314453,9.790299415588379,191.76637268066406,106.73913043478261,164.50000000000009,True,False,False,False
14,line_section,U Uhlandstr. (Berlin),hop2,2026-08-15 11:30:00,2,18.33013153076172,1.2054219245910645,44.12036895751953,22.391304347826086,62.20000000000002,True,False,False,False
14,line_section,U Uhlandstr. (Berlin),hop2,2026-08-15 11:45:00,57,11.830931663513184,0.4603995680809021,28.994590759277344,13.73913043478261,62.20000000000002,False,True,False,False
14,line_section,U Uhlandstr. (Berlin),hop2,2026-08-15 12:00:00,3,9.267915725708008,0.20067942142486572,22.98976707458496,10.956521739130435,23.80000000000001,True,False,False,False
14,line_section,U Uhlandstr. (Berlin),hop2,2026-08-15 12:15:00,15,6.776793956756592,0.0,17.28424072265625,8.043478260869565,23.80000000000001,True,False,False,False
14,line_section,U Uhlandstr. (Berlin),hop2,2026-08-15 12:30:00,2,7.30310583114624,0.0,18.602638244628906,8.608695652173912,23.80000000000001,True,False,False,False
14,line_section,U Uhlandstr. (Berlin),hop2,2026-08-15 12:45:00,8,10.240848541259766,0.29101309180259705,25.215839385986328,12.478260869565217,23.80000000000001,True,False,False,False
14,line_section,U Uhlandstr. (Berlin),hop2,2026-08-15 13:00:00,4,9.884819030761719,0.2501973807811737,24.37589454650879,11.91304347826087,46.80000000000001,True,False,False,False
14,line_section,U Uhlandstr. (Berlin),hop2,2026-08-15 13:15:00,15,13.234758377075195,0.6067765951156616,32.46014404296875,16.347826086956523,46.80000000000001,True,False,False,False
14,line_section,U Uhlandstr. (Berlin),hop2,2026-08-15 13:30:00,37,13.040555000305176,0.5658831000328064,32.03328323364258,15.869565217391305,46.80000000000001,False,True,False,False
14,line_section,U Uhlandstr. (Berlin),hop2,2026-08-15 13:45:00,2,27.612154006958008,2.535700798034668,63.644927978515625,35.08695652173913,46.80000000000001,False,False,True,False
14,line_section,U Uhlandstr. (Berlin),hop2,2026-08-15 14:00:00,24,32.308387756347656,3.089007616043091,74.46068572998047,39.43478260869565,135.0,True,False,False,False
14,line_section,U Uhlandstr. (Berlin),hop2,2026-08-15 14:15:00,83,33.96955490112305,3.3201987743377686,78.10238647460938,41.08695652173913,135.0,False,True,False,False
14,line_section,U Uhlandstr. (Berlin),hop2,2026-08-15 14:30:00,4,49.87483596801758,5.193019390106201,111.7188949584961,60.56521739130435,135.0,False,False,True,False
14,line_section,U Uhlandstr. (Berlin),hop2,2026-08-15 14:45:00,26,71.29974365234375,7.742335319519043,158.81912231445312,87.52173913043478,135.0,True,False,False,False
14,line_section,U Fehrbelliner Platz (Berlin),hop2,2026-08-15 11:30:00,11,13.148784637451172,0.574552059173584,32.74034118652344,16.217391304347824,53.500000000000014,True,False,False,False
14,line_section,U Fehrbelliner Platz (Berlin),hop2,2026-08-15 11:45:00,29,7.773077964782715,0.021876826882362366,19.83028221130371,9.217391304347826,53.500000000000014,False,True,False,False
14,line_section,U Fehrbelliner Platz (Berlin),hop2,2026-08-15 12:00:00,7,4.455443382263184,0.0,11.787374496459961,5.217391304347826,22.900000000000006,True,False,False,False
14,line_section,U Fehrbelliner Platz (Berlin),hop2,2026-08-15 12:15:00,1,7.113943099975586,0.0,18.260652542114258,8.826086956521738,22.900000000000006,True,False,False,False
14,line_section,U Fehrbelliner Platz (Berlin),hop2,2026-08-15 12:30:00,13,6.328907489776611,0.0,16.28321647644043,7.782608695652174,22.900000000000006,True,False,False,False
14,line_section,U Fehrbelliner Platz (Berlin),hop2,2026-08-15 12:45:00,4,9.905023574829102,0.23173731565475464,24.854904174804688,12.565217391304348,22.900000000000006,True,False,False,False
14,line_section,U Fehrbelliner Platz (Berlin),hop2,2026-08-15 13:00:00,26,10.923078536987305,0.33980733156204224,27.24626922607422,13.782608695652174,42.900000000000006,True,False,False,False
14,line_section,U Fehrbelliner Platz (Berlin),hop2,2026-08-15 13:15:00,11,11.525046348571777,0.3809908628463745,28.726755142211914,14.521739130434783,42.900000000000006,True,False,False,False
14,line_section,U Fehrbelliner Platz (Berlin),hop2,2026-08-15 13:30:00,26,15.734676361083984,0.8273682594299316,38.626163482666016,20.08695652173913,42.900000000000006,True,False,False,False
14,line_section,U Fehrbelliner Platz (Berlin),hop2,2026-08-15 13:45:00,3,19.22098159790039,1.2674849033355713,46.18218994140625,24.347826086956523,42.900000000000006,True,False,False,False
14,line_section,U Fehrbelliner Platz (Berlin),hop2,2026-08-15 14:00:00,4,19.10686492919922,1.2153061628341675,46.03199005126953,23.347826086956523,101.0,True,False,False,False
14,line_section,U Fehrbelliner Platz (Berlin),hop2,2026-08-15 14:15:00,3,25.82164764404297,2.1430814266204834,60.035213470458984,31.304347826086957,101.0,True,False,False,False
14,line_section,U Fehrbelliner Platz (Berlin),hop2,2026-08-15 14:30:00,123,45.3088264465332,4.538388729095459,102.07861328125,54.608695652173914,101.0,False,True,False,True
14,line_section,U Fehrbelliner Platz (Berlin),hop2,2026-08-15 14:45:00,32,50.818138122558594,5.160573959350586,113.76240539550781,60.95652173913044,101.0,True,False,False,False
14,line_section,U Blissestr. (Berlin),hop1,2026-08-15 11:30:00,38,17.310283660888672,1.0581369400024414,42.01432800292969,21.26086956521739,71.50000000000001,True,False,False,False
14,line_section,U Blissestr. (Berlin),hop1,2026-08-15 11:45:00,9,17.292339324951172,1.0611027479171753,41.93187713623047,21.565217391304348,71.50000000000001,True,False,False,False
14,line_section,U Blissestr. (Berlin),hop1,2026-08-15 12:00:00,11,12.384363174438477,0.5235368013381958,30.479978561401367,15.652173913043478,27.0,True,False,False,False
14,line_section,U Blissestr. (Berlin),hop1,2026-08-15 12:15:00,5,10.404886245727539,0.3208214044570923,25.802459716796875,12.782608695652174,27.0,True,False,False,False
14,line_section,U Blissestr. (Berlin),hop1,2026-08-15 12:30:00,14,8.535091400146484,0.11084425449371338,21.584970474243164,10.08695652173913,27.0,True,False,False,False
14,line_section,U Blissestr. (Berlin),hop1,2026-08-15 12:45:00,0,5.350085258483887,0.0,13.811984062194824,6.304347826086956,27.0,True,False,False,False
14,line_section,U Blissestr. (Berlin),hop1,2026-08-15 13:00:00,5,9.759415626525879,0.22783824801445007,24.204299926757812,11.826086956521738,51.900000000000006,True,False,False,False
14,line_section,U Blissestr. (Berlin),hop1,2026-08-15 13:15:00,9,10.72447395324707,0.31870800256729126,26.55597686767578,13.043478260869565,51.900000000000006,True,False,False,False
14,line_section,U Blissestr. (Berlin),hop1,2026-08-15 13:30:00,15,17.163288116455078,1.0485994815826416,41.6495475769043,21.869565217391305,51.900000000000006,True,False,False,False
14,line_section,U Blissestr. (Berlin),hop1,2026-08-15 13:45:00,48,31.589920043945312,3.0272138118743896,72.65791320800781,40.78260869565217,51.900000000000006,True,False,False,False
14,line_section,U Blissestr. (Berlin),hop1,2026-08-15 14:00:00,10,34.21182632446289,3.2836380004882812,78.6116714477539,41.91304347826087,109.9,True,False,False,False
14,line_section,U Blissestr. (Berlin),hop1,2026-08-15 14:15:00,7,35.221553802490234,3.436704397201538,80.82581329345703,42.95652173913044,109.9,True,False,False,False
14,line_section,U Blissestr. (Berlin),hop1,2026-08-15 14:30:00,125,47.03294372558594,4.793973445892334,105.59698486328125,56.78260869565217,109.9,False,True,False,True
14,line_section,U Blissestr. (Berlin),hop1,2026-08-15 14:45:00,45,55.92914962768555,5.820318698883057,124.57398986816406,68.08695652173913,109.9,True,False,False,False
14,line_section,U Spichernstr. (Berlin),endpoint_or_interchange,2026-08-15 11:30:00,49,27.649282455444336,2.4886226654052734,64.09242248535156,34.47826086956522,95.0,True,False,False,False
14,line_section,U Spichernstr. (Berlin),endpoint_or_interchange,2026-08-15 11:45:00,36,21.981964111328125,1.699318289756775,51.44417190551758,27.347826086956523,95.0,True,False,False,False
14,line_section,U Spichernstr. (Berlin),endpoint_or_interchange,2026-08-15 12:00:00,0,15.971814155578613,0.9705619215965271,38.899112701416016,20.652173913043477,50.0,False,False,True,False
14,line_section,U Spichernstr. (Berlin),endpoint_or_interchange,2026-08-15 12:15:00,4,14.893697738647461,0.8388770818710327,36.25435256958008,19.304347826086957,50.0,True,False,False,False
14,line_section,U Spichernstr. (Berlin),endpoint_or_interchange,2026-08-15 12:30:00,19,14.892763137817383,0.8292228579521179,36.21505355834961,19.217391304347824,50.0,True,False,False,False
14,line_section,U Spichernstr. (Berlin),endpoint_or_interchange,2026-08-15 12:45:00,3,18.550886154174805,1.2860772609710693,44.36872482299805,24.869565217391305,50.0,True,False,False,False
14,line_section,U Spichernstr. (Berlin),endpoint_or_interchange,2026-08-15 13:00:00,2,25.838390350341797,2.3311190605163574,59.768524169921875,34.52173913043478,87.60000000000008,False,False,True,False
14,line_section,U Spichernstr. (Berlin),endpoint_or_interchange,2026-08-15 13:15:00,27,18.967756271362305,1.3317521810531616,45.29353713989258,24.391304347826086,87.60000000000008,True,False,False,False
14,line_section,U Spichernstr. (Berlin),endpoint_or_interchange,2026-08-15 13:30:00,56,19.078771591186523,1.304586410522461,45.621646881103516,23.782608695652176,87.60000000000008,False,True,False,False
14,line_section,U Spichernstr. (Berlin),endpoint_or_interchange,2026-08-15 13:45:00,24,29.709394454956055,2.8381576538085938,68.7705307006836,37.73913043478261,87.60000000000008,True,False,False,False
14,line_section,U Spichernstr. (Berlin),endpoint_or_interchange,2026-08-15 14:00:00,12,51.92451477050781,5.633131980895996,116.71370697021484,63.65217391304348,247.10000000000005,True,False,False,False
14,line_section,U Spichernstr. (Berlin),endpoint_or_interchange,2026-08-15 14:15:00,22,67.34049224853516,7.630731582641602,150.17637634277344,84.0,247.10000000000005,True,False,False,False
14,line_section,U Spichernstr. (Berlin),endpoint_or_interchange,2026-08-15 14:30:00,6,53.022918701171875,5.7914299964904785,119.00863647460938,64.3913043478261,247.10000000000005,True,False,False,False
14,line_section,U Spichernstr. (Berlin),endpoint_or_interchange,2026-08-15 14:45:00,120,169.07608032226562,16.696603775024414,392.6766052246094,206.30434782608697,247.10000000000005,True,False,False,False
14,line_section,U Hohenzollernplatz (Berlin),hop1,2026-08-15 11:30:00,0,21.65115737915039,1.6341352462768555,50.82855987548828,26.26086956521739,67.0,False,False,True,False
14,line_section,U Hohenzollernplatz (Berlin),hop1,2026-08-15 11:45:00,1,13.99105167388916,0.7009949088096619,34.2552375793457,16.695652173913043,67.0,True,False,False,False
14,line_section,U Hohenzollernplatz (Berlin),hop1,2026-08-15 12:00:00,10,10.278883934020996,0.31235042214393616,25.315200805664062,12.26086956521739,23.0,True,False,False,False
14,line_section,U Hohenzollernplatz (Berlin),hop1,2026-08-15 12:15:00,8,7.7329607009887695,0.05286474525928497,19.45901107788086,9.08695652173913,23.0,True,False,False,False
14,line_section,U Hohenzollernplatz (Berlin),hop1,2026-08-15 12:30:00,8,10.463546752929688,0.3252426087856293,25.833139419555664,12.565217391304348,23.0,True,False,False,False
14,line_section,U Hohenzollernplatz (Berlin),hop1,2026-08-15 12:45:00,10,10.741615295410156,0.3503190875053406,26.496524810791016,12.956521739130435,23.0,True,False,False,False
14,line_section,U Hohenzollernplatz (Berlin),hop1,2026-08-15 13:00:00,0,10.192272186279297,0.2904716730117798,25.096052169799805,12.304347826086957,52.900000000000006,False,False,True,False
14,line_section,U Hohenzollernplatz (Berlin),hop1,2026-08-15 13:15:00,4,13.81767749786377,0.6710802912712097,33.863861083984375,17.08695652173913,52.900000000000006,True,False,False,False
14,line_section,U Hohenzollernplatz (Berlin),hop1,2026-08-15 13:30:00,12,18.86041259765625,1.2866607904434204,45.16293716430664,23.782608695652176,52.900000000000006,True,False,False,False
14,line_section,U Hohenzollernplatz (Berlin),hop1,2026-08-15 13:45:00,4,26.554250717163086,2.4146957397460938,61.3076057434082,33.52173913043478,52.900000000000006,True,False,False,False
14,line_section,U Hohenzollernplatz (Berlin),hop1,2026-08-15 14:00:00,5,34.18681335449219,3.332174062728882,78.72942352294922,41.34782608695652,133.70000000000002,True,False,False,False
14,line_section,U Hohenzollernplatz (Berlin),hop1,2026-08-15 14:15:00,0,51.57318115234375,5.379981517791748,115.35555267333984,62.47826086956522,133.70000000000002,False,False,True,False
14,line_section,U Hohenzollernplatz (Berlin),hop1,2026-08-15 14:30:00,5,43.561397552490234,4.437124252319336,98.55341339111328,51.69565217391305,133.70000000000002,True,False,False,False
14,line_section,U Hohenzollernplatz (Berlin),hop1,2026-08-15 14:45:00,45,71.2887954711914,7.705375671386719,158.74758911132812,86.91304347826087,133.70000000000002,True,False,False,False
14,line_section,U Güntzelstr. (Berlin),hop1,2026-08-15 11:30:00,23,13.032943725585938,0.5945197343826294,31.856687545776367,15.173913043478262,75.4,True,False,False,False
14,line_section,U Güntzelstr. (Berlin),hop1,2026-08-15 11:45:00,4,11.645769119262695,0.43497994542121887,28.38955307006836,13.130434782608695,75.4,True,False,False,False
14,line_section,U Güntzelstr. (Berlin),hop1,2026-08-15 12:00:00,0,12.01411247253418,0.5020259022712708,29.26530647277832,14.565217391304348,42.900000000000006,False,False,True,False
14,line_section,U Güntzelstr. (Berlin),hop1,2026-08-15 12:15:00,5,13.204304695129395,0.6422868371009827,32.20352554321289,16.434782608695652,42.900000000000006,True,False,False,False
14,line_section,U Güntzelstr. (Berlin),hop1,2026-08-15 12:30:00,1,11.479779243469238,0.43449994921684265,28.00306510925293,13.869565217391305,42.900000000000006,True,False,False,False
14,line_section,U Güntzelstr. (Berlin),hop1,2026-08-15 12:45:00,0,15.4298095703125,0.8753065466880798,37.447818756103516,19.956521739130434,42.900000000000006,False,False,True,False
14,line_section,U Güntzelstr. (Berlin),hop1,2026-08-15 13:00:00,13,14.123558044433594,0.7355693578720093,34.47195053100586,17.52173913043478,68.0,True,False,False,False
14,line_section,U Güntzelstr. (Berlin),hop1,2026-08-15 13:15:00,3,25.423965454101562,2.286860227584839,58.690406799316406,32.82608695652174,68.0,True,False,False,False
14,line_section,U Güntzelstr. (Berlin),hop1,2026-08-15 13:30:00,17,23.211191177368164,1.9294326305389404,53.83174133300781,29.434782608695652,68.0,True,False,False,False
14,line_section,U Güntzelstr. (Berlin),hop1,2026-08-15 13:45:00,12,41.038578033447266,4.2526044845581055,93.1490707397461,52.08695652173913,68.0,True,False,False,False
14,line_section,U Güntzelstr. (Berlin),hop1,2026-08-15 14:00:00,32,43.849334716796875,4.542343616485596,99.41105651855469,53.0,136.70000000000002,True,False,False,False
14,line_section,U Güntzelstr. (Berlin),hop1,2026-08-15 14:15:00,35,41.5995979309082,4.257567405700684,94.69276428222656,50.04347826086956,136.70000000000002,True,False,False,False
14,line_section,U Güntzelstr. (Berlin),hop1,2026-08-15 14:30:00,2,59.06965255737305,6.4305949211120605,131.73089599609375,72.30434782608695,136.70000000000002,False,False,True,False
14,line_section,U Güntzelstr. (Berlin),hop1,2026-08-15 14:45:00,129,75.90312194824219,8.428753852844238,169.53904724121094,92.8695652173913,136.70000000000002,True,False,False,False
14,line_section,U Berliner Str. (Berlin),endpoint_or_interchange,2026-08-15 11:30:00,39,23.294815063476562,1.8564338684082031,54.23950958251953,29.130434782608695,77.4,True,False,False,False
14,line_section,U Berliner Str. (Berlin),endpoint_or_interchange,2026-08-15 11:45:00,11,17.90155029296875,1.1494120359420776,43.243507385253906,22.17391304347826,77.4,True,False,False,False
14,line_section,U Berliner Str. (Berlin),endpoint_or_interchange,2026-08-15 12:00:00,1,15.791647911071777,0.9216105341911316,38.39543914794922,20.73913043478261,43.50000000000003,True,False,False,False
14,line_section,U Berliner Str. (Berlin),endpoint_or_interchange,2026-08-15 12:15:00,7,11.893234252929688,0.4794497787952423,29.203277587890625,15.043478260869565,43.50000000000003,True,False,False,False
14,line_section,U Berliner Str. (Berlin),endpoint_or_interchange,2026-08-15 12:30:00,6,9.862430572509766,0.24326053261756897,24.370763778686523,11.826086956521738,43.50000000000003,True,False,False,False
14,line_section,U Berliner Str. (Berlin),endpoint_or_interchange,2026-08-15 12:45:00,3,15.005895614624023,0.8124001026153564,36.620479583740234,19.956521739130434,43.50000000000003,True,False,False,False
14,line_section,U Berliner Str. (Berlin),endpoint_or_interchange,2026-08-15 13:00:00,45,12.979990005493164,0.5782755017280579,32.00149917602539,16.26086956521739,71.60000000000002,False,True,False,False
14,line_section,U Berliner Str. (Berlin),endpoint_or_interchange,2026-08-15 13:15:00,0,24.242496490478516,2.0670554637908936,56.10978698730469,32.0,71.60000000000002,False,False,True,False
14,line_section,U Berliner Str. (Berlin),endpoint_or_interchange,2026-08-15 13:30:00,51,21.1389217376709,1.554511547088623,49.6583251953125,26.869565217391305,71.60000000000002,False,True,False,False
14,line_section,U Berliner Str. (Berlin),endpoint_or_interchange,2026-08-15 13:45:00,3,26.028186798095703,2.289823055267334,60.12282943725586,33.17391304347826,71.60000000000002,True,False,False,False
14,line_section,U Berliner Str. (Berlin),endpoint_or_interchange,2026-08-15 14:00:00,1,57.560264587402344,6.382336139678955,128.87258911132812,72.6086956521739,201.9,False,False,True,False
14,line_section,U Berliner Str. (Berlin),endpoint_or_interchange,2026-08-15 14:15:00,27,57.904754638671875,6.440382480621338,129.56549072265625,72.26086956521739,201.9,True,False,False,False
14,line_section,U Berliner Str. (Berlin),endpoint_or_interchange,2026-08-15 14:30:00,44,61.950294494628906,6.922390937805176,137.698974609375,77.52173913043478,201.9,True,False,False,False
14,line_section,U Berliner Str. (Berlin),endpoint_or_interchange,2026-08-15 14:45:00,89,107.06260681152344,11.72754955291748,244.92486572265625,134.2608695652174,201.9,True,False,False,False
14,line_section,S+U Bundesplatz (Berlin),closed_unserved,2026-08-15 11:30:00,0,12.71405029296875,0.5599476099014282,31.311830520629883,15.043478260869565,54.7,False,False,True,False
14,line_section,S+U Bundesplatz (Berlin),closed_unserved,2026-08-15 11:45:00,0,10.376913070678711,0.3061475157737732,25.628995895385742,11.956521739130435,54.7,False,False,True,False
14,line_section,S+U Bundesplatz (Berlin),closed_unserved,2026-08-15 12:00:00,2,9.339324951171875,0.2089546024799347,23.267892837524414,11.043478260869565,22.900000000000006,True,False,False,False
14,line_section,S+U Bundesplatz (Berlin),closed_unserved,2026-08-15 12:15:00,7,11.039022445678711,0.39258873462677,27.260129928588867,13.434782608695652,22.900000000000006,True,False,False,False
14,line_section,S+U Bundesplatz (Berlin),closed_unserved,2026-08-15 12:30:00,9,6.011430740356445,0.0,15.381237030029297,7.043478260869565,22.900000000000006,True,False,False,False
14,line_section,S+U Bundesplatz (Berlin),closed_unserved,2026-08-15 12:45:00,13,5.541566371917725,0.0,14.17609691619873,6.521739130434782,22.900000000000006,True,False,False,False
14,line_section,S+U Bundesplatz (Berlin),closed_unserved,2026-08-15 13:00:00,2,9.335004806518555,0.19939979910850525,23.192617416381836,11.173913043478262,59.400000000000034,True,False,False,False
14,line_section,S+U Bundesplatz (Berlin),closed_unserved,2026-08-15 13:15:00,2,18.486892700195312,1.2613065242767334,44.237918853759766,23.82608695652174,59.400000000000034,True,False,False,False
14,line_section,S+U Bundesplatz (Berlin),closed_unserved,2026-08-15 13:30:00,14,16.495925903320312,0.9654947519302368,40.16847229003906,20.608695652173914,59.400000000000034,True,False,False,False
14,line_section,S+U Bundesplatz (Berlin),closed_unserved,2026-08-15 13:45:00,6,31.58894920349121,3.0438780784606934,72.60664367675781,40.08695652173913,59.400000000000034,True,False,False,False
14,line_section,S+U Bundesplatz (Berlin),closed_unserved,2026-08-15 14:00:00,3,19.189369201660156,1.274977445602417,45.880271911621094,23.17391304347826,85.00000000000006,True,False,False,False
14,line_section,S+U Bundesplatz (Berlin),closed_unserved,2026-08-15 14:15:00,5,26.78485107421875,2.409402847290039,61.85993194580078,32.30434782608695,85.00000000000006,True,False,False,False
14,line_section,S+U Bundesplatz (Berlin),closed_unserved,2026-08-15 14:30:00,69,26.149978637695312,2.3025646209716797,60.439918518066406,31.304347826086957,85.00000000000006,False,True,False,False
14,line_section,S+U Bundesplatz (Berlin),closed_unserved,2026-08-15 14:45:00,92,45.149532318115234,4.5828070640563965,101.7574234008789,53.08695652173913,85.00000000000006,True,False,False,True
14,line_section,U Eisenacher Str. (Berlin),hop2,2026-08-15 11:30:00,8,9.453268051147461,0.23198235034942627,23.62982177734375,11.217391304347826,39.400000000000006,True,False,False,False
14,line_section,U Eisenacher Str. (Berlin),hop2,2026-08-15 11:45:00,1,6.967634677886963,0.0,17.87720489501953,8.304347826086957,39.400000000000006,True,False,False,False
14,line_section,U Eisenacher Str. (Berlin),hop2,2026-08-15 12:00:00,1,8.800477981567383,0.1585162878036499,22.32381820678711,10.782608695652174,19.900000000000006,True,False,False,False
14,line_section,U Eisenacher Str. (Berlin),hop2,2026-08-15 12:15:00,13,4.467392921447754,0.0,11.89029312133789,5.304347826086956,19.900000000000006,False,True,False,False
14,line_section,U Eisenacher Str. (Berlin),hop2,2026-08-15 12:30:00,1,4.451576232910156,0.0,11.892306327819824,5.260869565217392,19.900000000000006,True,False,False,False
14,line_section,U Eisenacher Str. (Berlin),hop2,2026-08-15 12:45:00,8,9.1239013671875,0.16606110334396362,23.12034797668457,11.434782608695652,19.900000000000006,True,False,False,False
14,line_section,U Eisenacher Str. (Berlin),hop2,2026-08-15 13:00:00,4,6.842019081115723,0.0,17.58057403564453,8.478260869565217,29.900000000000006,True,False,False,False
14,line_section,U Eisenacher Str. (Berlin),hop2,2026-08-15 13:15:00,2,6.447746276855469,0.0,16.570430755615234,7.869565217391305,29.900000000000006,True,False,False,False
14,line_section,U Eisenacher Str. (Berlin),hop2,2026-08-15 13:30:00,14,12.283588409423828,0.4851802885532379,30.47996711730957,15.434782608695652,29.900000000000006,True,False,False,False
14,line_section,U Eisenacher Str. (Berlin),hop2,2026-08-15 13:45:00,2,15.552582740783691,0.8340620994567871,37.923194885253906,19.608695652173914,29.900000000000006,True,False,False,False
14,line_section,U Eisenacher Str. (Berlin),hop2,2026-08-15 14:00:00,4,21.077159881591797,1.5044820308685303,49.776390075683594,26.130434782608695,74.0,True,False,False,False
14,line_section,U Eisenacher Str. (Berlin),hop2,2026-08-15 14:15:00,3,28.668941497802734,2.5985379219055176,66.07645416259766,35.52173913043478,74.0,True,False,False,False
14,line_section,U Eisenacher Str. (Berlin),hop2,2026-08-15 14:30:00,27,17.82306480407715,1.1018673181533813,43.01191711425781,21.82608695652174,74.0,True,False,False,False
14,line_section,U Eisenacher Str. (Berlin),hop2,2026-08-15 14:45:00,22,42.7795524597168,4.1764116287231445,96.80809783935547,50.91304347826087,74.0,True,False,False,False
14,line_section,U Bayerischer Platz (Berlin),hop1,2026-08-15 11:30:00,7,25.13865852355957,2.113232374191284,58.273502349853516,30.956521739130434,73.0,True,False,False,False
14,line_section,U Bayerischer Platz (Berlin),hop1,2026-08-15 11:45:00,6,10.008393287658691,0.25948983430862427,24.828327178955078,11.608695652173912,73.0,True,False,False,False
14,line_section,U Bayerischer Platz (Berlin),hop1,2026-08-15 12:00:00,6,10.736892700195312,0.3465000092983246,26.682846069335938,13.130434782608695,23.0,True,False,False,False
14,line_section,U Bayerischer Platz (Berlin),hop1,2026-08-15 12:15:00,12,9.795676231384277,0.25697970390319824,24.389020919799805,12.08695652173913,23.0,True,False,False,False
14,line_section,U Bayerischer Platz (Berlin),hop1,2026-08-15 12:30:00,2,4.971316337585449,0.0,12.985187530517578,5.826086956521739,23.0,True,False,False,False
14,line_section,U Bayerischer Platz (Berlin),hop1,2026-08-15 12:45:00,1,6.504370212554932,0.0,16.718229293823242,7.826086956521739,23.0,True,False,False,False
14,line_section,U Bayerischer Platz (Berlin),hop1,2026-08-15 13:00:00,8,8.358007431030273,0.09563922882080078,21.088584899902344,9.956521739130435,37.70000000000002,True,False,False,False
14,line_section,U Bayerischer Platz (Berlin),hop1,2026-08-15 13:15:00,43,16.885114669799805,1.0332731008529663,41.00038528442383,21.869565217391305,37.70000000000002,False,True,False,True
14,line_section,U Bayerischer Platz (Berlin),hop1,2026-08-15 13:30:00,7,11.927623748779297,0.4310644567012787,29.475929260253906,14.521739130434783,37.70000000000002,True,False,False,False
14,line_section,U Bayerischer Platz (Berlin),hop1,2026-08-15 13:45:00,31,17.290197372436523,1.0685921907424927,41.9184684753418,21.91304347826087,37.70000000000002,True,False,False,False
14,line_section,U Bayerischer Platz (Berlin),hop1,2026-08-15 14:00:00,46,22.085968017578125,1.654601812362671,51.7467155456543,27.17391304347826,97.50000000000003,True,False,False,False
14,line_section,U Bayerischer Platz (Berlin),hop1,2026-08-15 14:15:00,11,36.29747772216797,3.543161630630493,83.14823913574219,44.30434782608695,97.50000000000003,True,False,False,False
14,line_section,U Bayerischer Platz (Berlin),hop1,2026-08-15 14:30:00,2,38.13871765136719,3.737583875656128,87.06302642822266,46.04347826086956,97.50000000000003,False,False,True,False
14,line_section,U Bayerischer Platz (Berlin),hop1,2026-08-15 14:45:00,97,52.24854278564453,5.3476457595825195,116.8820571899414,62.869565217391305,97.50000000000003,True,False,False,False
14,line_section,U Wittenbergplatz (Berlin),hop2,2026-08-15 11:30:00,50,20.623319625854492,1.495745301246643,48.866363525390625,25.695652173913043,63.400000000000006,False,True,False,False
14,line_section,U Wittenbergplatz (Berlin),hop2,2026-08-15 11:45:00,11,20.24950408935547,1.4756239652633667,48.01274871826172,25.347826086956523,63.400000000000006,True,False,False,False
14,line_section,U Wittenbergplatz (Berlin),hop2,2026-08-15 12:00:00,2,19.929367065429688,1.4920085668563843,47.141422271728516,26.695652173913043,41.0,True,False,False,False
14,line_section,U Wittenbergplatz (Berlin),hop2,2026-08-15 12:15:00,0,9.979637145996094,0.2708092927932739,24.492101669311523,11.956521739130435,41.0,False,False,True,False
14,line_section,U Wittenbergplatz (Berlin),hop2,2026-08-15 12:30:00,7,11.537385940551758,0.43348798155784607,28.255340576171875,14.347826086956522,41.0,True,False,False,False
14,line_section,U Wittenbergplatz (Berlin),hop2,2026-08-15 12:45:00,5,10.900307655334473,0.3530197739601135,26.764596939086914,13.347826086956522,41.0,True,False,False,False
14,line_section,U Wittenbergplatz (Berlin),hop2,2026-08-15 13:00:00,14,14.27629566192627,0.7337633371353149,34.92980194091797,18.130434782608695,51.900000000000006,True,False,False,False
14,line_section,U Wittenbergplatz (Berlin),hop2,2026-08-15 13:15:00,16,17.00784683227539,1.0674893856048584,41.3648681640625,21.565217391304348,51.900000000000006,True,False,False,False
14,line_section,U Wittenbergplatz (Berlin),hop2,2026-08-15 13:30:00,8,24.257343292236328,2.0620319843292236,56.22810363769531,30.956521739130434,51.900000000000006,True,False,False,False
14,line_section,U Wittenbergplatz (Berlin),hop2,2026-08-15 13:45:00,20,31.345420837402344,3.0689868927001953,72.45866394042969,40.21739130434783,51.900000000000006,True,False,False,False
14,line_section,U Wittenbergplatz (Berlin),hop2,2026-08-15 14:00:00,36,52.30044174194336,5.748229503631592,117.09239196777344,64.69565217391305,200.40000000000003,True,False,False,False
14,line_section,U Wittenbergplatz (Berlin),hop2,2026-08-15 14:15:00,2,51.2026252746582,5.589919090270996,114.80481719970703,62.869565217391305,200.40000000000003,False,False,True,False
14,line_section,U Wittenbergplatz (Berlin),hop2,2026-08-15 14:30:00,124,90.28817749023438,10.326404571533203,203.35107421875,114.26086956521739,200.40000000000003,True,False,False,False
14,line_section,U Wittenbergplatz (Berlin),hop2,2026-08-15 14:45:00,4,115.98497009277344,12.553080558776855,264.89447021484375,144.82608695652175,200.40000000000003,False,False,True,False
14,line_section,U Walther-Schreiber-Platz (Berlin),endpoint_or_interchange,2026-08-15 11:30:00,0,6.842779159545898,0.0,17.503646850585938,8.173913043478262,30.700000000000003,True,False,False,False
14,line_section,U Walther-Schreiber-Platz (Berlin),endpoint_or_interchange,2026-08-15 11:45:00,4,5.912449836730957,0.0,15.012472152709961,7.130434782608695,30.700000000000003,True,False,False,False
14,line_section,U Walther-Schreiber-Platz (Berlin),endpoint_or_interchange,2026-08-15 12:00:00,0,7.697499752044678,0.054205283522605896,19.642717361450195,9.391304347826088,19.80000000000001,False,False,True,False
14,line_section,U Walther-Schreiber-Platz (Berlin),endpoint_or_interchange,2026-08-15 12:15:00,13,5.944697856903076,0.0,15.202150344848633,7.434782608695652,19.80000000000001,True,False,False,False
14,line_section,U Walther-Schreiber-Platz (Berlin),endpoint_or_interchange,2026-08-15 12:30:00,9,3.95377516746521,0.0,10.99059009552002,4.521739130434782,19.80000000000001,True,False,False,False
14,line_section,U Walther-Schreiber-Platz (Berlin),endpoint_or_interchange,2026-08-15 12:45:00,31,4.854601860046387,0.0,12.738720893859863,5.956521739130435,19.80000000000001,False,True,False,True
14,line_section,U Walther-Schreiber-Platz (Berlin),endpoint_or_interchange,2026-08-15 13:00:00,6,4.827419757843018,0.0,12.660799026489258,5.869565217391305,28.900000000000006,True,False,False,False
14,line_section,U Walther-Schreiber-Platz (Berlin),endpoint_or_interchange,2026-08-15 13:15:00,13,7.560427665710449,0.01511557400226593,19.245676040649414,9.217391304347826,28.900000000000006,True,False,False,False
14,line_section,U Walther-Schreiber-Platz (Berlin),endpoint_or_interchange,2026-08-15 13:30:00,22,7.614119052886963,0.016635939478874207,19.3931941986084,9.173913043478262,28.900000000000006,False,True,False,False
14,line_section,U Walther-Schreiber-Platz (Berlin),endpoint_or_interchange,2026-08-15 13:45:00,12,15.779210090637207,0.85760498046875,38.4925537109375,19.782608695652176,28.900000000000006,True,False,False,False
14,line_section,U Walther-Schreiber-Platz (Berlin),endpoint_or_interchange,2026-08-15 14:00:00,0,19.176372528076172,1.2332470417022705,46.01809310913086,23.434782608695652,53.0,False,False,True,False
14,line_section,U Walther-Schreiber-Platz (Berlin),endpoint_or_interchange,2026-08-15 14:15:00,26,15.610626220703125,0.8375803828239441,38.08443832397461,18.782608695652176,53.0,True,False,False,False
14,line_section,U Walther-Schreiber-Platz (Berlin),endpoint_or_interchange,2026-08-15 14:30:00,11,16.512842178344727,0.9368770718574524,40.31278610229492,19.91304347826087,53.0,True,False,False,False
14,line_section,U Walther-Schreiber-Platz (Berlin),endpoint_or_interchange,2026-08-15 14:45:00,28,27.643863677978516,2.4004223346710205,63.94757080078125,32.21739130434783,53.0,True,False,False,False
14,line_section,U Friedrich-Wilhelm-Platz (Berlin),closed_unserved,2026-08-15 11:30:00,5,9.835016250610352,0.2744799256324768,24.422555923461914,11.652173913043478,40.0,True,False,False,False
14,line_section,U Friedrich-Wilhelm-Platz (Berlin),closed_unserved,2026-08-15 11:45:00,7,11.376176834106445,0.42314285039901733,28.296321868896484,13.565217391304348,40.0,True,False,False,False
14,line_section,U Friedrich-Wilhelm-Platz (Berlin),closed_unserved,2026-08-15 12:00:00,9,6.527885437011719,0.0,16.710886001586914,7.869565217391305,15.900000000000006,True,False,False,False
14,line_section,U Friedrich-Wilhelm-Platz (Berlin),closed_unserved,2026-08-15 12:15:00,1,4.7950849533081055,0.0,12.539180755615234,5.695652173913044,15.900000000000006,True,False,False,False
14,line_section,U Friedrich-Wilhelm-Platz (Berlin),closed_unserved,2026-08-15 12:30:00,5,4.197061061859131,0.0,11.401753425598145,4.826086956521739,15.900000000000006,True,False,False,False
14,line_section,U Friedrich-Wilhelm-Platz (Berlin),closed_unserved,2026-08-15 12:45:00,1,6.360228061676025,0.0,16.349592208862305,7.826086956521739,15.900000000000006,True,False,False,False
14,line_section,U Friedrich-Wilhelm-Platz (Berlin),closed_unserved,2026-08-15 13:00:00,0,8.243827819824219,0.0862131416797638,20.8796443939209,10.043478260869565,33.70000000000002,False,False,True,False
14,line_section,U Friedrich-Wilhelm-Platz (Berlin),closed_unserved,2026-08-15 13:15:00,3,8.014530181884766,0.05520884692668915,20.36455726623535,9.695652173913043,33.70000000000002,True,False,False,False
14,line_section,U Friedrich-Wilhelm-Platz (Berlin),closed_unserved,2026-08-15 13:30:00,15,11.874993324279785,0.4258534908294678,29.512317657470703,14.565217391304348,33.70000000000002,True,False,False,False
14,line_section,U Friedrich-Wilhelm-Platz (Berlin),closed_unserved,2026-08-15 13:45:00,4,15.389899253845215,0.8114303946495056,37.60752868652344,19.17391304347826,33.70000000000002,True,False,False,False
14,line_section,U Friedrich-Wilhelm-Platz (Berlin),closed_unserved,2026-08-15 14:00:00,8,28.13839340209961,2.4954750537872314,65.06645202636719,34.30434782608695,95.70000000000002,True,False,False,False
14,line_section,U Friedrich-Wilhelm-Platz (Berlin),closed_unserved,2026-08-15 14:15:00,16,29.76116180419922,2.7115719318389893,68.61685180664062,36.21739130434783,95.70000000000002,True,False,False,False
14,line_section,U Friedrich-Wilhelm-Platz (Berlin),closed_unserved,2026-08-15 14:30:00,17,32.655418395996094,3.046131134033203,75.03060913085938,39.34782608695652,95.70000000000002,True,False,False,False
14,line_section,U Friedrich-Wilhelm-Platz (Berlin),closed_unserved,2026-08-15 14:45:00,9,45.45350646972656,4.482341289520264,102.35032653808594,53.73913043478261,95.70000000000002,True,False,False,False
14,line_section,S+U Rathaus Steglitz (Berlin),hop2,2026-08-15 11:30:00,3,6.091947555541992,0.0,15.396846771240234,7.304347826086956,29.700000000000003,True,False,False,False
14,line_section,S+U Rathaus Steglitz (Berlin),hop2,2026-08-15 11:45:00,7,9.595148086547852,0.26904749870300293,24.067779541015625,11.391304347826088,29.700000000000003,True,False,False,False
14,line_section,S+U Rathaus Steglitz (Berlin),hop2,2026-08-15 12:00:00,26,9.723023414611816,0.29112184047698975,24.512605667114258,12.08695652173913,17.900000000000006,False,True,False,True
14,line_section,S+U Rathaus Steglitz (Berlin),hop2,2026-08-15 12:15:00,6,4.606743812561035,0.0,12.207796096801758,5.521739130434782,17.900000000000006,True,False,False,False
14,line_section,S+U Rathaus Steglitz (Berlin),hop2,2026-08-15 12:30:00,8,3.9367756843566895,0.0,10.941508293151855,4.391304347826087,17.900000000000006,True,False,False,False
14,line_section,S+U Rathaus Steglitz (Berlin),hop2,2026-08-15 12:45:00,3,3.2625198364257812,0.0,9.769760131835938,3.3043478260869565,17.900000000000006,True,False,False,False
14,line_section,S+U Rathaus Steglitz (Berlin),hop2,2026-08-15 13:00:00,2,5.618595123291016,0.0,14.364339828491211,6.956521739130435,22.0,True,False,False,False
14,line_section,S+U Rathaus Steglitz (Berlin),hop2,2026-08-15 13:15:00,5,8.304478645324707,0.09662103652954102,21.11547088623047,10.08695652173913,22.0,True,False,False,False
14,line_section,S+U Rathaus Steglitz (Berlin),hop2,2026-08-15 13:30:00,1,7.749975204467773,0.03775802254676819,19.824220657348633,9.304347826086957,22.0,True,False,False,False
14,line_section,S+U Rathaus Steglitz (Berlin),hop2,2026-08-15 13:45:00,12,9.222726821899414,0.18059366941452026,23.303264617919922,10.869565217391305,22.0,True,False,False,False
14,line_section,S+U Rathaus Steglitz (Berlin),hop2,2026-08-15 14:00:00,4,10.342218399047852,0.2710994482040405,25.98539161682129,12.08695652173913,43.70000000000002,True,False,False,False
14,line_section,S+U Rathaus Steglitz (Berlin),hop2,2026-08-15 14:15:00,5,15.540693283081055,0.8300250768661499,37.97691345214844,18.608695652173914,43.70000000000002,True,False,False,False
14,line_section,S+U Rathaus Steglitz (Berlin),hop2,2026-08-15 14:30:00,42,16.585689544677734,0.9482432007789612,40.48829650878906,19.869565217391305,43.70000000000002,False,True,False,False
14,line_section,S+U Rathaus Steglitz (Berlin),hop2,2026-08-15 14:45:00,21,16.942703247070312,0.9841669797897339,41.28525161743164,19.695652173913043,43.70000000000002,True,False,False,False
14,line_section,U Schloßstr. (Berlin),hop1,2026-08-15 11:30:00,1,5.7640790939331055,0.0,14.610334396362305,6.913043478260869,25.700000000000003,True,False,False,False
14,line_section,U Schloßstr. (Berlin),hop1,2026-08-15 11:45:00,0,4.083515644073486,0.0,11.17795181274414,4.478260869565218,25.700000000000003,True,False,False,False
14,line_section,U Schloßstr. (Berlin),hop1,2026-08-15 12:00:00,10,4.987142086029053,0.0,12.934027671813965,6.0,15.900000000000006,True,False,False,False
14,line_section,U Schloßstr. (Berlin),hop1,2026-08-15 12:15:00,0,4.6218414306640625,0.0,12.228349685668945,5.608695652173913,15.900000000000006,True,False,False,False
14,line_section,U Schloßstr. (Berlin),hop1,2026-08-15 12:30:00,1,4.191812992095947,0.0,11.415942192077637,4.956521739130435,15.900000000000006,True,False,False,False
14,line_section,U Schloßstr. (Berlin),hop1,2026-08-15 12:45:00,10,4.230196952819824,0.0,11.500389099121094,5.043478260869565,15.900000000000006,True,False,False,False
14,line_section,U Schloßstr. (Berlin),hop1,2026-08-15 13:00:00,2,3.729616165161133,0.0,10.528155326843262,4.086956521739131,26.900000000000006,True,False,False,False
14,line_section,U Schloßstr. (Berlin),hop1,2026-08-15 13:15:00,7,5.9850358963012695,0.0,15.319211959838867,7.304347826086956,26.900000000000006,True,False,False,False
14,line_section,U Schloßstr. (Berlin),hop1,2026-08-15 13:30:00,4,11.586091995239258,0.4304080009460449,28.983707427978516,14.173913043478262,26.900000000000006,True,False,False,False
14,line_section,U Schloßstr. (Berlin),hop1,2026-08-15 13:45:00,11,11.496286392211914,0.4244636595249176,28.77995491027832,13.782608695652174,26.900000000000006,True,False,False,False
14,line_section,U Schloßstr. (Berlin),hop1,2026-08-15 14:00:00,18,15.90638542175293,0.8538640737533569,38.851661682128906,19.17391304347826,58.900000000000006,True,False,False,False
14,line_section,U Schloßstr. (Berlin),hop1,2026-08-15 14:15:00,0,20.554664611816406,1.4092756509780884,48.83914566040039,24.869565217391305,58.900000000000006,False,False,True,False
14,line_section,U Schloßstr. (Berlin),hop1,2026-08-15 14:30:00,4,22.270790100097656,1.6475372314453125,52.33885955810547,26.52173913043478,58.900000000000006,True,False,False,False
14,line_section,U Schloßstr. (Berlin),hop1,2026-08-15 14:45:00,37,37.106895446777344,3.4934592247009277,84.73849487304688,43.21739130434783,58.900000000000006,True,False,False,False
15,line_section,U Möckernbrücke (Berlin),hop2,2026-08-17 15:45:00,219,144.2103271484375,14.584087371826172,339.1516418457031,144.82758620689654,289.8,True,False,False,False
15,line_section,U Möckernbrücke (Berlin),hop2,2026-08-17 16:00:00,2,171.0985107421875,17.690269470214844,411.9377136230469,171.08620689655172,526.0,False,False,True,False
15,line_section,U Möckernbrücke (Berlin),hop2,2026-08-17 16:15:00,238,214.99049377441406,23.494857788085938,496.85516357421875,207.10344827586206,526.0,True,False,False,False
15,line_section,U Möckernbrücke (Berlin),hop2,2026-08-17 16:30:00,245,250.2211151123047,28.048782348632812,554.512939453125,236.05263157894737,526.0,True,False,False,False
15,line_section,U Möckernbrücke (Berlin),hop2,2026-08-17 16:45:00,54,238.90830993652344,26.43832778930664,536.361083984375,224.44827586206895,526.0,True,False,False,False
15,line_section,U Möckernbrücke (Berlin),hop2,2026-08-17 17:00:00,428,249.41888427734375,27.083740234375,556.728515625,227.94827586206895,612.2,True,False,False,False
15,line_section,U Möckernbrücke (Berlin),hop2,2026-08-17 17:15:00,127,300.73516845703125,33.95854949951172,647.8043823242188,278.86206896551727,612.2,True,False,False,False
15,line_section,U Möckernbrücke (Berlin),hop2,2026-08-17 17:30:00,262,253.53814697265625,27.66084861755371,564.7587280273438,228.98275862068965,612.2,True,False,False,False
15,line_section,U Möckernbrücke (Berlin),hop2,2026-08-17 17:45:00,595,293.2423095703125,32.99168395996094,634.0927734375,266.2413793103448,612.2,True,False,False,False
15,line_section,U Möckernbrücke (Berlin),hop2,2026-08-17 18:00:00,261,233.52175903320312,25.627517700195312,529.7371826171875,211.7719298245614,696.3,True,False,False,False
15,line_section,U Möckernbrücke (Berlin),hop2,2026-08-17 18:15:00,22,352.0970153808594,41.35843276977539,739.042724609375,338.36842105263156,696.3,False,False,True,False
15,line_section,U Möckernbrücke (Berlin),hop2,2026-08-17 18:30:00,479,293.61669921875,33.130348205566406,638.4234008789062,258.6896551724138,696.3,True,False,False,False
15,line_section,U Möckernbrücke (Berlin),hop2,2026-08-17 18:45:00,491,293.651123046875,33.214603424072266,637.582763671875,256.6034482758621,696.3,True,False,False,False
15,line_section,U Möckernbrücke (Berlin),hop2,2026-08-17 19:00:00,313,313.5867919921875,35.93498611450195,671.4490356445312,281.5689655172414,560.6,True,False,False,False
15,line_section,U Möckernbrücke (Berlin),hop2,2026-08-17 19:15:00,138,295.72607421875,33.8604850769043,638.8890991210938,264.7413793103448,560.6,True,False,False,False
15,line_section,U Möckernbrücke (Berlin),hop2,2026-08-17 19:30:00,93,251.50111389160156,27.95056915283203,557.3531494140625,224.25862068965517,560.6,True,False,False,False
15,line_section,U Blissestr. (Berlin),hop2,2026-08-17 15:45:00,69,280.84234619140625,29.926305770874023,629.3641967773438,284.63793103448273,472.6,True,False,False,False
15,line_section,U Blissestr. (Berlin),hop2,2026-08-17 16:00:00,49,306.2892761230469,32.802886962890625,688.3499755859375,307.7241379310345,810.0,True,False,False,False
15,line_section,U Blissestr. (Berlin),hop2,2026-08-17 16:15:00,238,349.85595703125,38.052791595458984,783.078369140625,360.8103448275862,810.0,True,False,False,False
15,line_section,U Blissestr. (Berlin),hop2,2026-08-17 16:30:00,62,372.46453857421875,40.11333084106445,831.3873901367188,382.70175438596493,810.0,True,False,False,False
15,line_section,U Blissestr. (Berlin),hop2,2026-08-17 16:45:00,368,368.173828125,39.73108673095703,821.5119018554688,375.5344827586207,810.0,True,False,False,False
15,line_section,U Blissestr. (Berlin),hop2,2026-08-17 17:00:00,273,398.11614990234375,42.10145568847656,884.9596557617188,402.48275862068965,1196.4000000000003,True,False,False,False
15,line_section,U Blissestr. (Berlin),hop2,2026-08-17 17:15:00,822,488.4476013183594,52.991485595703125,1051.5474853515625,508.17241379310343,1196.4000000000003,True,False,False,False
15,line_section,U Blissestr. (Berlin),hop2,2026-08-17 17:30:00,155,471.1789245605469,50.32573318481445,1023.863525390625,477.7413793103448,1196.4000000000003,True,False,False,False
15,line_section,U Blissestr. (Berlin),hop2,2026-08-17 17:45:00,617,435.6551513671875,46.823333740234375,949.6036987304688,433.8448275862069,1196.4000000000003,True,False,False,False
15,line_section,U Blissestr. (Berlin),hop2,2026-08-17 18:00:00,1013,436.9728698730469,47.763916015625,950.9727783203125,435.05263157894734,1204.7,False,True,False,False
15,line_section,U Blissestr. (Berlin),hop2,2026-08-17 18:15:00,413,529.7276611328125,58.35263442993164,1116.592529296875,538.9824561403509,1204.7,True,False,False,False
15,line_section,U Blissestr. (Berlin),hop2,2026-08-17 18:30:00,277,444.6553955078125,48.001914978027344,968.1884765625,434.05172413793105,1204.7,True,False,False,False
15,line_section,U Blissestr. (Berlin),hop2,2026-08-17 18:45:00,15,548.8873291015625,62.361175537109375,1149.073486328125,554.9310344827586,1204.7,False,False,True,False
15,line_section,U Blissestr. (Berlin),hop2,2026-08-17 19:00:00,35,459.9490051269531,50.54093933105469,1001.8451538085938,453.7413793103448,903.0000000000002,False,False,True,False
15,line_section,U Blissestr. (Berlin),hop2,2026-08-17 19:15:00,250,495.15325927734375,55.27081298828125,1062.3671875,494.5344827586207,903.0000000000002,True,False,False,False
15,line_section,U Blissestr. (Berlin),hop2,2026-08-17 19:30:00,57,419.399658203125,46.07918930053711,921.6362915039062,414.2241379310345,903.0000000000002,True,False,False,False
15,line_section,U Spichernstr. (Berlin),hop2,2026-08-17 15:45:00,228,397.316162109375,38.39280700683594,903.9526977539062,428.55172413793105,717.4000000000002,True,False,False,False
15,line_section,U Spichernstr. (Berlin),hop2,2026-08-17 16:00:00,1268,555.4359130859375,50.59429168701172,1213.44189453125,583.7758620689655,1499.0,False,True,False,False
15,line_section,U Spichernstr. (Berlin),hop2,2026-08-17 16:15:00,1609,499.1619873046875,46.36463928222656,1105.8814697265625,518.1379310344828,1499.0,False,True,False,True
15,line_section,U Spichernstr. (Berlin),hop2,2026-08-17 16:30:00,94,684.72998046875,61.003944396972656,1451.94677734375,669.3157894736842,1499.0,True,False,False,False
15,line_section,U Spichernstr. (Berlin),hop2,2026-08-17 16:45:00,1064,873.7438354492188,79.54084014892578,1820.7412109375,770.7413793103449,1499.0,True,False,False,False
15,line_section,U Spichernstr. (Berlin),hop2,2026-08-17 17:00:00,440,774.564208984375,67.45707702636719,1632.187744140625,707.0,1680.7,True,False,False,False
15,line_section,U Spichernstr. (Berlin),hop2,2026-08-17 17:15:00,69,801.6614990234375,70.83666229248047,1684.484375,718.7586206896551,1680.7,False,False,True,False
15,line_section,U Spichernstr. (Berlin),hop2,2026-08-17 17:30:00,229,999.5718994140625,92.38890838623047,2038.4642333984375,816.0689655172414,1680.7,True,False,False,False
15,line_section,U Spichernstr. (Berlin),hop2,2026-08-17 17:45:00,3000,1051.917724609375,100.59737396240234,2124.372802734375,835.2931034482758,1680.7,False,True,False,True
15,line_section,U Spichernstr. (Berlin),hop2,2026-08-17 18:00:00,1609,660.4481201171875,59.393310546875,1409.44580078125,616.0175438596491,1827.3999999999996,False,True,False,False
15,line_section,U Spichernstr. (Berlin),hop2,2026-08-17 18:15:00,2174,794.65283203125,70.65357971191406,1664.208984375,698.9649122807018,1827.3999999999996,False,True,False,True
15,line_section,U Spichernstr. (Berlin),hop2,2026-08-17 18:30:00,1434,1166.6275634765625,121.85096740722656,2314.31591796875,899.6034482758621,1827.3999999999996,True,False,False,False
15,line_section,U Spichernstr. (Berlin),hop2,2026-08-17 18:45:00,1256,1148.7806396484375,123.43437194824219,2279.343505859375,888.8793103448276,1827.3999999999996,True,False,False,False
15,line_section,U Spichernstr. (Berlin),hop2,2026-08-17 19:00:00,345,867.5780029296875,81.0136947631836,1789.355224609375,739.4655172413793,1592.4000000000005,True,False,False,False
15,line_section,U Spichernstr. (Berlin),hop2,2026-08-17 19:15:00,2793,822.3609008789062,75.74837493896484,1710.0318603515625,714.6896551724138,1592.4000000000005,False,True,False,True
15,line_section,U Spichernstr. (Berlin),hop2,2026-08-17 19:30:00,285,631.1991577148438,57.96479415893555,1353.48583984375,596.1551724137931,1592.4000000000005,True,False,False,False
15,line_section,U Güntzelstr. (Berlin),hop2,2026-08-17 15:45:00,218,294.18695068359375,29.35284423828125,670.8372192382812,289.7758620689655,521.0,True,False,False,False
15,line_section,U Güntzelstr. (Berlin),hop2,2026-08-17 16:00:00,344,376.2025146484375,38.27947235107422,856.1525268554688,382.48275862068965,1276.0,True,False,False,False
15,line_section,U Güntzelstr. (Berlin),hop2,2026-08-17 16:15:00,534,570.20654296875,56.8822021484375,1221.0401611328125,590.7931034482758,1276.0,True,False,False,False
15,line_section,U Güntzelstr. (Berlin),hop2,2026-08-17 16:30:00,613,554.1713256835938,54.571231842041016,1194.786865234375,566.1578947368421,1276.0,True,False,False,False
15,line_section,U Güntzelstr. (Berlin),hop2,2026-08-17 16:45:00,450,580.0547485351562,57.24301528930664,1241.6395263671875,588.2068965517242,1276.0,True,False,False,False
15,line_section,U Güntzelstr. (Berlin),hop2,2026-08-17 17:00:00,195,512.6589965820312,49.98438262939453,1119.049560546875,501.2758620689655,1566.8000000000002,True,False,False,False
15,line_section,U Güntzelstr. (Berlin),hop2,2026-08-17 17:15:00,150,577.5628662109375,56.287872314453125,1240.1715087890625,565.2931034482758,1566.8000000000002,True,False,False,False
15,line_section,U Güntzelstr. (Berlin),hop2,2026-08-17 17:30:00,227,785.086669921875,79.72957611083984,1608.775634765625,719.3793103448276,1566.8000000000002,True,False,False,False
15,line_section,U Güntzelstr. (Berlin),hop2,2026-08-17 17:45:00,626,707.6280517578125,69.68123626708984,1465.1883544921875,663.2931034482758,1566.8000000000002,True,False,False,False
15,line_section,U Güntzelstr. (Berlin),hop2,2026-08-17 18:00:00,681,985.604736328125,111.51888275146484,1951.697265625,817.0701754385965,1528.7999999999995,True,False,False,False
15,line_section,U Güntzelstr. (Berlin),hop2,2026-08-17 18:15:00,16,586.6116943359375,57.17955780029297,1248.5064697265625,557.2456140350877,1528.7999999999995,False,False,True,False
15,line_section,U Güntzelstr. (Berlin),hop2,2026-08-17 18:30:00,1465,617.601806640625,59.92189407348633,1306.727294921875,584.448275862069,1528.7999999999995,False,True,False,False
15,line_section,U Güntzelstr. (Berlin),hop2,2026-08-17 18:45:00,1405,685.8547973632812,68.87394714355469,1421.8076171875,635.6379310344828,1528.7999999999995,True,False,False,False
15,line_section,U Güntzelstr. (Berlin),hop2,2026-08-17 19:00:00,137,658.8986206054688,65.61427307128906,1382.4886474609375,614.8965517241379,1221.6000000000008,True,False,False,False
15,line_section,U Güntzelstr. (Berlin),hop2,2026-08-17 19:15:00,360,615.4635009765625,61.41108703613281,1305.878662109375,582.2931034482758,1221.6000000000008,True,False,False,False
15,line_section,U Güntzelstr. (Berlin),hop2,2026-08-17 19:30:00,312,535.5345458984375,53.67158889770508,1164.38330078125,511.6034482758621,1221.6000000000008,True,False,False,False
15,line_section,U Berliner Str. (Berlin),hop1,2026-08-17 15:45:00,412,329.7623291015625,32.79367446899414,751.7084350585938,345.7586206896552,666.0000000000002,True,False,False,False
15,line_section,U Berliner Str. (Berlin),hop1,2026-08-17 16:00:00,408,345.29583740234375,34.12060546875,786.3786010742188,354.9310344827586,1025.0,True,False,False,False
15,line_section,U Berliner Str. (Berlin),hop1,2026-08-17 16:15:00,456,332.5006103515625,32.673221588134766,758.7092895507812,334.63793103448273,1025.0,True,False,False,False
15,line_section,U Berliner Str. (Berlin),hop1,2026-08-17 16:30:00,477,496.9524230957031,47.6019401550293,1096.669677734375,518.280701754386,1025.0,True,False,False,False
15,line_section,U Berliner Str. (Berlin),hop1,2026-08-17 16:45:00,1096,576.6485595703125,54.29487228393555,1243.953857421875,596.1206896551724,1025.0,True,False,False,True
15,line_section,U Berliner Str. (Berlin),hop1,2026-08-17 17:00:00,1423,644.6253662109375,59.61829376220703,1368.6527099609375,639.1206896551724,1905.5,False,True,False,False
15,line_section,U Berliner Str. (Berlin),hop1,2026-08-17 17:15:00,270,793.783935546875,76.85216522216797,1650.990478515625,731.8965517241379,1905.5,True,False,False,False
15,line_section,U Berliner Str. (Berlin),hop1,2026-08-17 17:30:00,209,880.5921630859375,86.83175659179688,1806.179443359375,773.9137931034483,1905.5,True,False,False,False
15,line_section,U Berliner Str. (Berlin),hop1,2026-08-17 17:45:00,902,993.2777099609375,102.59333038330078,1989.2154541015625,822.9137931034483,1905.5,True,False,False,False
15,line_section,U Berliner Str. (Berlin),hop1,2026-08-17 18:00:00,505,795.9947509765625,77.75023651123047,1653.9591064453125,723.2631578947369,1638.7999999999997,True,False,False,False
15,line_section,U Berliner Str. (Berlin),hop1,2026-08-17 18:15:00,218,813.1004028320312,79.23993682861328,1677.5589599609375,728.2280701754386,1638.7999999999997,True,False,False,False
15,line_section,U Berliner Str. (Berlin),hop1,2026-08-17 18:30:00,1326,1054.46337890625,117.97443389892578,2078.067626953125,854.4310344827586,1638.7999999999997,True,False,False,False
15,line_section,U Berliner Str. (Berlin),hop1,2026-08-17 18:45:00,7,786.7124633789062,78.54907989501953,1622.3443603515625,708.4655172413793,1638.7999999999997,False,False,True,False
15,line_section,U Berliner Str. (Berlin),hop1,2026-08-17 19:00:00,315,661.0159301757812,63.63117980957031,1394.251708984375,628.9655172413793,1421.8000000000006,True,False,False,False
15,line_section,U Berliner Str. (Berlin),hop1,2026-08-17 19:15:00,562,775.4536743164062,77.17039489746094,1597.67578125,704.9310344827586,1421.8000000000006,True,False,False,False
15,line_section,U Berliner Str. (Berlin),hop1,2026-08-17 19:30:00,604,643.3401489257812,61.93296813964844,1360.7823486328125,619.6724137931035,1421.8000000000006,True,False,False,False
15,line_section,S+U Bundesplatz (Berlin),hop2,2026-08-17 15:45:00,84,274.5769348144531,28.931838989257812,617.7158813476562,268.5344827586207,467.0000000000001,True,False,False,False
15,line_section,S+U Bundesplatz (Berlin),hop2,2026-08-17 16:00:00,275,284.8470458984375,29.84916877746582,641.7593383789062,273.62068965517244,674.0,True,False,False,False
15,line_section,S+U Bundesplatz (Berlin),hop2,2026-08-17 16:15:00,675,280.1854248046875,28.936756134033203,632.3810424804688,263.7586206896552,674.0,False,True,False,True
15,line_section,S+U Bundesplatz (Berlin),hop2,2026-08-17 16:30:00,78,375.9256896972656,40.726531982421875,838.8359985351562,374.6666666666667,674.0,True,False,False,False
15,line_section,S+U Bundesplatz (Berlin),hop2,2026-08-17 16:45:00,83,300.0509033203125,31.482913970947266,674.8092651367188,283.0,674.0,True,False,False,False
15,line_section,S+U Bundesplatz (Berlin),hop2,2026-08-17 17:00:00,901,415.7686767578125,44.345218658447266,917.7615966796875,408.2586206896552,1121.2,True,False,False,False
15,line_section,S+U Bundesplatz (Berlin),hop2,2026-08-17 17:15:00,387,394.4432678222656,42.13386154174805,876.7905883789062,381.05172413793105,1121.2,True,False,False,False
15,line_section,S+U Bundesplatz (Berlin),hop2,2026-08-17 17:30:00,454,478.8992004394531,51.82337188720703,1032.973388671875,478.1034482758621,1121.2,True,False,False,False
15,line_section,S+U Bundesplatz (Berlin),hop2,2026-08-17 17:45:00,262,496.2469482421875,54.03387451171875,1057.68505859375,495.48275862068965,1121.2,True,False,False,False
15,line_section,S+U Bundesplatz (Berlin),hop2,2026-08-17 18:00:00,309,452.880615234375,50.02711868286133,976.9269409179688,444.50877192982455,1020.4,True,False,False,False
15,line_section,S+U Bundesplatz (Berlin),hop2,2026-08-17 18:15:00,263,485.1294860839844,52.728721618652344,1039.072021484375,471.94736842105266,1020.4,True,False,False,False
15,line_section,S+U Bundesplatz (Berlin),hop2,2026-08-17 18:30:00,1194,459.9241943359375,49.73555374145508,995.6817626953125,438.0344827586207,1020.4,False,True,False,True
15,line_section,S+U Bundesplatz (Berlin),hop2,2026-08-17 18:45:00,1135,448.4772033691406,49.12519454956055,972.9931030273438,421.6896551724138,1020.4,False,True,False,True
15,line_section,S+U Bundesplatz (Berlin),hop2,2026-08-17 19:00:00,105,526.1815795898438,59.52653503417969,1111.9801025390625,521.2586206896551,916.4000000000001,True,False,False,False
15,line_section,S+U Bundesplatz (Berlin),hop2,2026-08-17 19:15:00,964,452.6209411621094,50.144432067871094,981.8513793945312,432.01724137931035,916.4000000000001,True,False,False,True
15,line_section,S+U Bundesplatz (Berlin),hop2,2026-08-17 19:30:00,734,391.7401428222656,42.82333755493164,866.6765747070312,366.86206896551727,916.4000000000001,True,False,False,False
15,line_section,U Kleistpark (Berlin),endpoint_or_interchange,2026-08-17 15:45:00,22,145.41664123535156,15.20162296295166,342.77972412109375,147.20689655172413,313.20000000000005,True,False,False,False
15,line_section,U Kleistpark (Berlin),endpoint_or_interchange,2026-08-17 16:00:00,3,137.54339599609375,14.2173433303833,323.4346618652344,137.3793103448276,593.0,False,False,True,False
15,line_section,U Kleistpark (Berlin),endpoint_or_interchange,2026-08-17 16:15:00,17,186.82858276367188,20.92999267578125,447.7750244140625,188.89655172413794,593.0,False,False,True,False
15,line_section,U Kleistpark (Berlin),endpoint_or_interchange,2026-08-17 16:30:00,332,233.95269775390625,27.970733642578125,518.8961181640625,226.3859649122807,593.0,True,False,False,False
15,line_section,U Kleistpark (Berlin),endpoint_or_interchange,2026-08-17 16:45:00,132,286.03411865234375,35.59907913208008,583.5692138671875,288.51724137931035,593.0,True,False,False,False
15,line_section,U Kleistpark (Berlin),endpoint_or_interchange,2026-08-17 17:00:00,261,226.33116149902344,26.478479385375977,511.22564697265625,218.48275862068965,623.0,True,False,False,False
15,line_section,U Kleistpark (Berlin),endpoint_or_interchange,2026-08-17 17:15:00,46,245.5982208251953,29.28342628479004,536.6503295898438,232.77586206896552,623.0,True,False,False,False
15,line_section,U Kleistpark (Berlin),endpoint_or_interchange,2026-08-17 17:30:00,585,253.4037628173828,30.21800994873047,548.7129516601562,238.36206896551724,623.0,False,True,False,False
15,line_section,U Kleistpark (Berlin),endpoint_or_interchange,2026-08-17 17:45:00,127,304.62493896484375,38.210105895996094,614.3080444335938,301.0689655172414,623.0,True,False,False,False
15,line_section,U Kleistpark (Berlin),endpoint_or_interchange,2026-08-17 18:00:00,164,272.8091735839844,33.335628509521484,574.0999755859375,256.1578947368421,623.0,True,False,False,False
15,line_section,U Kleistpark (Berlin),endpoint_or_interchange,2026-08-17 18:15:00,185,253.57046508789062,30.209035873413086,549.3516845703125,232.82456140350877,623.0,True,False,False,False
15,line_section,U Kleistpark (Berlin),endpoint_or_interchange,2026-08-17 18:30:00,30,275.05194091796875,33.49243927001953,577.2435302734375,252.36206896551724,623.0,False,False,True,False
15,line_section,U Kleistpark (Berlin),endpoint_or_interchange,2026-08-17 18:45:00,177,301.03411865234375,37.47060012817383,611.3224487304688,282.98275862068965,623.0,True,False,False,False
15,line_section,U Kleistpark (Berlin),endpoint_or_interchange,2026-08-17 19:00:00,383,259.22796630859375,31.585575103759766,551.5287475585938,236.9655172413793,529.6000000000001,True,False,False,False
15,line_section,U Kleistpark (Berlin),endpoint_or_interchange,2026-08-17 19:15:00,521,222.9166259765625,26.221202850341797,504.881103515625,208.27586206896552,529.6000000000001,False,True,False,False
15,line_section,U Kleistpark (Berlin),endpoint_or_interchange,2026-08-17 19:30:00,272,274.253662109375,33.95012283325195,569.0984497070312,255.6206896551724,529.6000000000001,True,False,False,False
15,line_section,U Eisenacher Str. (Berlin),closed_unserved,2026-08-17 15:45:00,759,194.47225952148438,21.393604278564453,459.1414794921875,197.89655172413794,318.8,False,True,False,True
15,line_section,U Eisenacher Str. (Berlin),closed_unserved,2026-08-17 16:00:00,90,220.89877319335938,24.95526885986328,506.408447265625,218.44827586206895,575.0,True,False,False,False
15,line_section,U Eisenacher Str. (Berlin),closed_unserved,2026-08-17 16:15:00,759,235.5125274658203,26.70012664794922,529.5631713867188,229.56896551724137,575.0,False,True,False,True
15,line_section,U Eisenacher Str. (Berlin),closed_unserved,2026-08-17 16:30:00,759,216.9081268310547,24.022489547729492,501.2318420410156,212.66666666666666,575.0,False,True,False,True
15,line_section,U Eisenacher Str. (Berlin),closed_unserved,2026-08-17 16:45:00,624,260.5710754394531,29.44901466369629,572.6773071289062,252.39655172413794,575.0,False,True,False,True
15,line_section,U Eisenacher Str. (Berlin),closed_unserved,2026-08-17 17:00:00,601,262.6237487792969,29.262245178222656,579.4873046875,249.56896551724137,708.8,False,True,False,False
15,line_section,U Eisenacher Str. (Berlin),closed_unserved,2026-08-17 17:15:00,186,270.0945739746094,30.40294075012207,593.43798828125,253.93103448275863,708.8,True,False,False,False
15,line_section,U Eisenacher Str. (Berlin),closed_unserved,2026-08-17 17:30:00,43,303.0702209472656,34.41197204589844,655.3509521484375,288.32758620689657,708.8,True,False,False,False
15,line_section,U Eisenacher Str. (Berlin),closed_unserved,2026-08-17 17:45:00,604,343.3832702636719,41.318443298339844,716.8573608398438,342.91379310344826,708.8,True,False,False,False
15,line_section,U Eisenacher Str. (Berlin),closed_unserved,2026-08-17 18:00:00,138,325.19354248046875,38.54205322265625,688.6685791015625,314.63157894736844,729.5999999999999,True,False,False,False
15,line_section,U Eisenacher Str. (Berlin),closed_unserved,2026-08-17 18:15:00,422,324.01263427734375,37.79280090332031,691.6190185546875,307.36842105263156,729.5999999999999,True,False,False,False
15,line_section,U Eisenacher Str. (Berlin),closed_unserved,2026-08-17 18:30:00,485,343.8929748535156,41.361839294433594,719.17822265625,336.32758620689657,729.5999999999999,True,False,False,False
15,line_section,U Eisenacher Str. (Berlin),closed_unserved,2026-08-17 18:45:00,146,316.2435607910156,36.87559509277344,673.3861694335938,290.5,729.5999999999999,True,False,False,False
15,line_section,U Eisenacher Str. (Berlin),closed_unserved,2026-08-17 19:00:00,186,319.5524597167969,37.699729919433594,678.629150390625,299.86206896551727,676.4000000000001,True,False,False,False
15,line_section,U Eisenacher Str. (Berlin),closed_unserved,2026-08-17 19:15:00,567,318.1107177734375,37.550235748291016,676.0071411132812,298.41379310344826,676.4000000000001,True,False,False,False
15,line_section,U Eisenacher Str. (Berlin),closed_unserved,2026-08-17 19:30:00,606,245.09756469726562,27.688720703125,545.5978393554688,225.29310344827587,676.4000000000001,False,True,False,False
15,line_section,U Bayerischer Platz (Berlin),endpoint_or_interchange,2026-08-17 15:45:00,85,243.95370483398438,25.99033546447754,550.6712646484375,241.0,394.0,True,False,False,False
15,line_section,U Bayerischer Platz (Berlin),endpoint_or_interchange,2026-08-17 16:00:00,743,249.93698120117188,26.39114761352539,564.4631958007812,242.41379310344828,784.0,False,True,False,False
15,line_section,U Bayerischer Platz (Berlin),endpoint_or_interchange,2026-08-17 16:15:00,627,318.79949951171875,35.000457763671875,710.7528686523438,323.67241379310343,784.0,True,False,False,False
15,line_section,U Bayerischer Platz (Berlin),endpoint_or_interchange,2026-08-17 16:30:00,656,320.54730224609375,34.847442626953125,715.5323486328125,322.280701754386,784.0,True,False,False,False
15,line_section,U Bayerischer Platz (Berlin),endpoint_or_interchange,2026-08-17 16:45:00,258,397.48223876953125,44.2152214050293,869.0186767578125,421.5689655172414,784.0,True,False,False,False
15,line_section,U Bayerischer Platz (Berlin),endpoint_or_interchange,2026-08-17 17:00:00,9,441.730224609375,48.58737564086914,956.421875,466.13793103448273,1026.5,False,False,True,False
15,line_section,U Bayerischer Platz (Berlin),endpoint_or_interchange,2026-08-17 17:15:00,307,355.9976501464844,38.71137619018555,789.5643310546875,347.2068965517241,1026.5,True,False,False,False
15,line_section,U Bayerischer Platz (Berlin),endpoint_or_interchange,2026-08-17 17:30:00,473,392.2806396484375,42.80514907836914,862.9478759765625,390.7931034482759,1026.5,True,False,False,False
15,line_section,U Bayerischer Platz (Berlin),endpoint_or_interchange,2026-08-17 17:45:00,255,425.68896484375,47.1995849609375,922.101318359375,428.87931034482756,1026.5,True,False,False,False
15,line_section,U Bayerischer Platz (Berlin),endpoint_or_interchange,2026-08-17 18:00:00,1198,435.500244140625,49.22093963623047,938.7062377929688,441.7368421052632,1040.7999999999997,False,True,False,True
15,line_section,U Bayerischer Platz (Berlin),endpoint_or_interchange,2026-08-17 18:15:00,575,468.0643310546875,52.45764923095703,1001.2684936523438,473.5438596491228,1040.7999999999997,True,False,False,False
15,line_section,U Bayerischer Platz (Berlin),endpoint_or_interchange,2026-08-17 18:30:00,90,433.8685302734375,48.06629943847656,940.1987915039062,427.9310344827586,1040.7999999999997,True,False,False,False
15,line_section,U Bayerischer Platz (Berlin),endpoint_or_interchange,2026-08-17 18:45:00,971,496.9845275878906,57.799224853515625,1050.7977294921875,503.41379310344826,1040.7999999999997,True,False,False,False
15,line_section,U Bayerischer Platz (Berlin),endpoint_or_interchange,2026-08-17 19:00:00,1198,376.4232177734375,41.62322235107422,832.069580078125,359.7241379310345,891.8000000000005,False,True,False,True
15,line_section,U Bayerischer Platz (Berlin),endpoint_or_interchange,2026-08-17 19:15:00,365,400.4427490234375,44.650821685791016,878.4803466796875,388.32758620689657,891.8000000000005,True,False,False,False
15,line_section,U Bayerischer Platz (Berlin),endpoint_or_interchange,2026-08-17 19:30:00,495,320.30255126953125,35.001216888427734,714.6219482421875,299.08620689655174,891.8000000000005,True,False,False,False
15,line_section,S+U Yorckstr. (Berlin),hop1,2026-08-17 15:45:00,143,112.92395782470703,11.31886100769043,262.3274841308594,111.15517241379311,210.8,True,False,False,False
15,line_section,S+U Yorckstr. (Berlin),hop1,2026-08-17 16:00:00,29,152.36123657226562,16.19752311706543,362.9911804199219,154.41379310344828,479.0,True,False,False,False
15,line_section,S+U Yorckstr. (Berlin),hop1,2026-08-17 16:15:00,92,182.2058563232422,20.190622329711914,439.15020751953125,184.06896551724137,479.0,True,False,False,False
15,line_section,S+U Yorckstr. (Berlin),hop1,2026-08-17 16:30:00,629,233.07601928710938,28.087812423706055,516.4231567382812,226.68421052631578,479.0,False,True,False,True
15,line_section,S+U Yorckstr. (Berlin),hop1,2026-08-17 16:45:00,206,244.03213500976562,29.507848739624023,530.9235229492188,237.29310344827587,479.0,True,False,False,False
15,line_section,S+U Yorckstr. (Berlin),hop1,2026-08-17 17:00:00,203,239.63809204101562,28.31365394592285,528.6555786132812,229.10344827586206,629.0,True,False,False,False
15,line_section,S+U Yorckstr. (Berlin),hop1,2026-08-17 17:15:00,519,272.618408203125,33.31568145751953,568.9234619140625,261.7413793103448,629.0,True,False,False,False
15,line_section,S+U Yorckstr. (Berlin),hop1,2026-08-17 17:30:00,365,284.38970947265625,34.58681106567383,589.946533203125,273.41379310344826,629.0,True,False,False,False
15,line_section,S+U Yorckstr. (Berlin),hop1,2026-08-17 17:45:00,629,230.66921997070312,26.944581985473633,515.6355590820312,216.3448275862069,629.0,False,True,False,False
15,line_section,S+U Yorckstr. (Berlin),hop1,2026-08-17 18:00:00,162,285.13214111328125,35.393150329589844,587.6287231445312,271.56140350877195,629.0,True,False,False,False
15,line_section,S+U Yorckstr. (Berlin),hop1,2026-08-17 18:15:00,223,281.72503662109375,34.458805084228516,584.8779907226562,262.49122807017545,629.0,True,False,False,False
15,line_section,S+U Yorckstr. (Berlin),hop1,2026-08-17 18:30:00,28,274.4535217285156,33.545501708984375,573.8489990234375,252.29310344827587,629.0,False,False,True,False
15,line_section,S+U Yorckstr. (Berlin),hop1,2026-08-17 18:45:00,165,249.72039794921875,30.01441192626953,540.4758911132812,227.1206896551724,629.0,True,False,False,False
15,line_section,S+U Yorckstr. (Berlin),hop1,2026-08-17 19:00:00,629,282.4869689941406,35.100830078125,578.5015258789062,260.2586206896552,585.4000000000002,False,True,False,True
15,line_section,S+U Yorckstr. (Berlin),hop1,2026-08-17 19:15:00,84,237.14122009277344,28.371368408203125,522.4984741210938,219.24137931034483,585.4000000000002,True,False,False,False
15,line_section,S+U Yorckstr. (Berlin),hop1,2026-08-17 19:30:00,53,218.8271026611328,25.714431762695312,498.7905578613281,206.27586206896552,585.4000000000002,True,False,False,False
16,line_section,U Augsburger Str. (Berlin),hop2,2026-08-19 12:30:00,24,20.077529907226562,1.5633413791656494,47.308937072753906,24.553571428571427,55.200000000000045,True,False,False,False
16,line_section,U Augsburger Str. (Berlin),hop2,2026-08-19 12:45:00,17,17.557491302490234,1.2263643741607666,42.267276763916016,21.607142857142858,55.200000000000045,True,False,False,False
16,line_section,U Augsburger Str. (Berlin),hop2,2026-08-19 13:00:00,32,30.710203170776367,3.001687526702881,70.55455780029297,36.70175438596491,150.40000000000003,True,False,False,False
16,line_section,U Augsburger Str. (Berlin),hop2,2026-08-19 13:15:00,14,37.895259857177734,3.8250505924224854,86.53343963623047,44.333333333333336,150.40000000000003,True,False,False,False
16,line_section,U Kurfürstendamm (Berlin),hop2,2026-08-19 12:30:00,5,21.283666610717773,1.7228357791900635,49.56670379638672,26.321428571428573,62.50000000000006,True,False,False,False
16,line_section,U Kurfürstendamm (Berlin),hop2,2026-08-19 12:45:00,16,20.82022476196289,1.679288387298584,48.77388000488281,26.071428571428573,62.50000000000006,True,False,False,False
16,line_section,U Kurfürstendamm (Berlin),hop2,2026-08-19 13:00:00,36,23.56290626525879,2.0482354164123535,54.42173767089844,28.50877192982456,153.70000000000002,True,False,False,False
16,line_section,U Kurfürstendamm (Berlin),hop2,2026-08-19 13:15:00,75,34.145347595214844,3.3769259452819824,78.570068359375,41.03508771929825,153.70000000000002,True,False,False,False
16,line_section,U Fehrbelliner Platz (Berlin),hop2,2026-08-19 12:30:00,7,12.053912162780762,0.48622429370880127,29.99791717529297,14.946428571428571,35.0,True,False,False,False
16,line_section,U Fehrbelliner Platz (Berlin),hop2,2026-08-19 12:45:00,1,14.27263355255127,0.7278848886489868,35.08292770385742,17.857142857142858,35.0,True,False,False,False
16,line_section,U Fehrbelliner Platz (Berlin),hop2,2026-08-19 13:00:00,0,14.327827453613281,0.7406765222549438,35.1458740234375,17.42105263157895,65.70000000000002,False,False,True,False
16,line_section,U Fehrbelliner Platz (Berlin),hop2,2026-08-19 13:15:00,47,18.910463333129883,1.2619284391403198,45.51741027832031,23.105263157894736,65.70000000000002,False,True,False,False
16,line_section,U Blissestr. (Berlin),hop1,2026-08-19 12:30:00,14,9.94192886352539,0.2999834716320038,24.655553817749023,11.571428571428571,43.0,True,False,False,False
16,line_section,U Blissestr. (Berlin),hop1,2026-08-19 12:45:00,2,11.518107414245605,0.4752926230430603,28.380081176757812,13.767857142857142,43.0,True,False,False,False
16,line_section,U Blissestr. (Berlin),hop1,2026-08-19 13:00:00,10,16.96758460998535,1.1107758283615112,41.138397216796875,20.350877192982455,71.0,True,False,False,False
16,line_section,U Blissestr. (Berlin),hop1,2026-08-19 13:15:00,56,25.975360870361328,2.2017712593078613,60.164825439453125,30.771929824561404,71.0,True,False,False,False
16,line_section,U Spichernstr. (Berlin),hop1,2026-08-19 12:30:00,3,27.17875862121582,2.628927230834961,62.0501594543457,33.857142857142854,81.30000000000001,True,False,False,False
16,line_section,U Spichernstr. (Berlin),hop1,2026-08-19 12:45:00,8,28.827919006347656,2.8037500381469727,66.02279663085938,36.767857142857146,81.30000000000001,True,False,False,False
16,line_section,U Spichernstr. (Berlin),hop1,2026-08-19 13:00:00,3,28.95259666442871,2.83731746673584,66.26802825927734,34.94736842105263,149.8,True,False,False,False
16,line_section,U Spichernstr. (Berlin),hop1,2026-08-19 13:15:00,47,49.42440414428711,5.262263298034668,112.19422912597656,59.24561403508772,149.8,True,False,False,False
16,line_section,U Hohenzollernplatz (Berlin),hop2,2026-08-19 12:30:00,7,14.725529670715332,0.8459950685501099,35.64544677734375,17.732142857142858,43.900000000000034,True,False,False,False
16,line_section,U Hohenzollernplatz (Berlin),hop2,2026-08-19 12:45:00,45,14.545421600341797,0.8263248205184937,35.295745849609375,17.678571428571427,43.900000000000034,False,True,False,True
16,line_section,U Hohenzollernplatz (Berlin),hop2,2026-08-19 13:00:00,21,21.004911422729492,1.6571636199951172,49.38296890258789,25.05263157894737,94.0,True,False,False,False
16,line_section,U Hohenzollernplatz (Berlin),hop2,2026-08-19 13:15:00,37,31.55596160888672,3.013117790222168,72.58419799804688,37.280701754385966,94.0,True,False,False,False
16,line_section,U Güntzelstr. (Berlin),hop1,2026-08-19 12:30:00,35,14.996781349182129,0.8945831656455994,36.17266082763672,17.732142857142858,50.60000000000002,True,False,False,False
16,line_section,U Güntzelstr. (Berlin),hop1,2026-08-19 12:45:00,6,26.162078857421875,2.464005947113037,60.010440826416016,32.214285714285715,50.60000000000002,True,False,False,False
16,line_section,U Güntzelstr. (Berlin),hop1,2026-08-19 13:00:00,29,29.200117111206055,2.843005657196045,66.92137908935547,34.526315789473685,122.80000000000001,True,False,False,False
16,line_section,U Güntzelstr. (Berlin),hop1,2026-08-19 13:15:00,8,37.09777069091797,3.7396652698516846,84.88211059570312,43.175438596491226,122.80000000000001,True,False,False,False
16,line_section,U Berliner Str. (Berlin),endpoint_or_interchange,2026-08-19 12:30:00,6,18.73750877380371,1.3399488925933838,44.53219223022461,23.232142857142858,65.60000000000002,True,False,False,False
16,line_section,U Berliner Str. (Berlin),endpoint_or_interchange,2026-08-19 12:45:00,7,17.00946807861328,1.1402316093444824,41.16379928588867,21.357142857142858,65.60000000000002,True,False,False,False
16,line_section,U Berliner Str. (Berlin),endpoint_or_interchange,2026-08-19 13:00:00,102,24.3448486328125,2.1235461235046387,56.21223449707031,29.31578947368421,137.4000000000001,False,True,False,False
16,line_section,U Berliner Str. (Berlin),endpoint_or_interchange,2026-08-19 13:15:00,53,38.540836334228516,3.847829580307007,88.26982116699219,46.03508771929825,137.4000000000001,True,False,False,False
16,line_section,S+U Bundesplatz (Berlin),closed_unserved,2026-08-19 12:30:00,6,10.945738792419434,0.4091782867908478,27.092063903808594,12.553571428571429,35.200000000000045,True,False,False,False
16,line_section,S+U Bundesplatz (Berlin),closed_unserved,2026-08-19 12:45:00,2,12.285961151123047,0.5557955503463745,30.234052658081055,14.767857142857142,35.200000000000045,True,False,False,False
16,line_section,S+U Bundesplatz (Berlin),closed_unserved,2026-08-19 13:00:00,9,14.9988431930542,0.8700873851776123,36.46638107299805,17.63157894736842,66.0,True,False,False,False
16,line_section,S+U Bundesplatz (Berlin),closed_unserved,2026-08-19 13:15:00,1,19.435100555419922,1.4007939100265503,46.352657318115234,23.035087719298247,66.0,False,False,True,False
16,line_section,U Eisenacher Str. (Berlin),hop2,2026-08-19 12:30:00,2,7.598235130310059,0.035673290491104126,19.562686920166016,9.089285714285714,26.30000000000001,True,False,False,False
16,line_section,U Eisenacher Str. (Berlin),hop2,2026-08-19 12:45:00,4,9.234071731567383,0.21908065676689148,23.375574111938477,11.25,26.30000000000001,True,False,False,False
16,line_section,U Eisenacher Str. (Berlin),hop2,2026-08-19 13:00:00,1,10.122282028198242,0.32289016246795654,25.225324630737305,11.982456140350877,44.0,True,False,False,False
16,line_section,U Eisenacher Str. (Berlin),hop2,2026-08-19 13:15:00,10,12.313899993896484,0.577564001083374,30.55312156677246,14.842105263157896,44.0,True,False,False,False
16,line_section,U Bayerischer Platz (Berlin),hop1,2026-08-19 12:30:00,8,11.368731498718262,0.4516526460647583,28.15943717956543,13.446428571428571,32.60000000000002,True,False,False,False
16,line_section,U Bayerischer Platz (Berlin),hop1,2026-08-19 12:45:00,2,11.755738258361816,0.5040439367294312,29.06473159790039,14.071428571428571,32.60000000000002,True,False,False,False
16,line_section,U Bayerischer Platz (Berlin),hop1,2026-08-19 13:00:00,18,14.372596740722656,0.7977344989776611,35.01140213012695,17.0,63.80000000000001,True,False,False,False
16,line_section,U Bayerischer Platz (Berlin),hop1,2026-08-19 13:15:00,3,18.702871322631836,1.2997387647628784,44.77893829345703,22.42105263157895,63.80000000000001,True,False,False,False
16,line_section,U Walther-Schreiber-Platz (Berlin),closed_unserved,2026-08-19 12:30:00,0,7.3987932205200195,0.011182203888893127,19.16256332397461,8.732142857142858,24.30000000000001,False,False,True,False
16,line_section,U Walther-Schreiber-Platz (Berlin),closed_unserved,2026-08-19 12:45:00,0,9.20701789855957,0.21314629912376404,23.344484329223633,11.125,24.30000000000001,False,False,True,False
16,line_section,U Walther-Schreiber-Platz (Berlin),closed_unserved,2026-08-19 13:00:00,11,11.169520378112793,0.446621298789978,27.8536434173584,13.192982456140351,45.80000000000001,True,False,False,False
16,line_section,U Walther-Schreiber-Platz (Berlin),closed_unserved,2026-08-19 13:15:00,0,13.841797828674316,0.7360260486602783,34.137001037597656,16.63157894736842,45.80000000000001,False,False,True,False
16,line_section,U Friedrich-Wilhelm-Platz (Berlin),closed_unserved,2026-08-19 12:30:00,9,7.722867012023926,0.045494526624679565,19.950740814208984,9.053571428571429,28.900000000000034,True,False,False,False
16,line_section,U Friedrich-Wilhelm-Platz (Berlin),closed_unserved,2026-08-19 12:45:00,7,11.5640287399292,0.47193843126296997,28.804203033447266,14.089285714285714,28.900000000000034,True,False,False,False
16,line_section,U Friedrich-Wilhelm-Platz (Berlin),closed_unserved,2026-08-19 13:00:00,2,14.526493072509766,0.8068333864212036,35.52435302734375,17.45614035087719,56.0,True,False,False,False
16,line_section,U Friedrich-Wilhelm-Platz (Berlin),closed_unserved,2026-08-19 13:15:00,8,14.25129508972168,0.7683188915252686,34.939640045166016,17.07017543859649,56.0,True,False,False,False
16,line_section,S+U Rathaus Steglitz (Berlin),endpoint_or_interchange,2026-08-19 12:30:00,0,8.39650821685791,0.12418586015701294,21.486677169799805,9.821428571428571,25.0,False,False,True,False
16,line_section,S+U Rathaus Steglitz (Berlin),endpoint_or_interchange,2026-08-19 12:45:00,6,7.142453670501709,0.00288960337638855,18.493324279785156,8.589285714285714,25.0,True,False,False,False
16,line_section,S+U Rathaus Steglitz (Berlin),endpoint_or_interchange,2026-08-19 13:00:00,1,7.889306545257568,0.08031724393367767,20.270170211791992,9.263157894736842,38.0,True,False,False,False
16,line_section,S+U Rathaus Steglitz (Berlin),endpoint_or_interchange,2026-08-19 13:15:00,6,7.690864562988281,0.06004014611244202,19.65729522705078,9.052631578947368,38.0,True,False,False,False
16,line_section,U Schloßstr. (Berlin),closed_unserved,2026-08-19 12:30:00,5,5.682789325714111,0.0,14.600308418273926,6.678571428571429,21.30000000000001,True,False,False,False
16,line_section,U Schloßstr. (Berlin),closed_unserved,2026-08-19 12:45:00,6,9.468008041381836,0.2520272731781006,23.83861541748047,11.428571428571429,21.30000000000001,True,False,False,False
16,line_section,U Schloßstr. (Berlin),closed_unserved,2026-08-19 13:00:00,0,9.071884155273438,0.21133196353912354,22.901151657104492,10.631578947368421,33.900000000000006,False,False,True,False
16,line_section,U Schloßstr. (Berlin),closed_unserved,2026-08-19 13:15:00,17,10.932686805725098,0.43198469281196594,27.137025833129883,12.87719298245614,33.900000000000006,True,False,False,False
17,line_section,U Blissestr. (Berlin),hop2,2026-08-27 12:45:00,3,11.726258277893066,0.5138465762138367,28.862253189086914,13.767857142857142,43.0,True,False,False,False
17,line_section,U Blissestr. (Berlin),hop2,2026-08-27 13:00:00,47,16.862220764160156,1.1263198852539062,40.77849197387695,20.350877192982455,71.0,False,True,False,False
17,line_section,U Blissestr. (Berlin),hop2,2026-08-27 13:15:00,2,25.895370483398438,2.336726427078247,59.57490539550781,30.771929824561404,71.0,False,False,True,False
17,line_section,U Blissestr. (Berlin),hop2,2026-08-27 13:30:00,42,29.367082595825195,2.7786219120025635,67.24097442626953,34.32203389830509,71.0,True,False,False,False
17,line_section,U Blissestr. (Berlin),hop2,2026-08-27 13:45:00,84,39.22787857055664,3.898282051086426,88.94165802001953,45.728813559322035,71.0,True,False,False,True
17,line_section,U Blissestr. (Berlin),hop2,2026-08-27 14:00:00,34,59.586578369140625,5.97845458984375,133.84857177734375,65.03448275862068,197.70000000000002,True,False,False,False
17,line_section,U Blissestr. (Berlin),hop2,2026-08-27 14:15:00,5,74.58418273925781,7.703261852264404,167.62405395507812,83.05172413793103,197.70000000000002,False,False,True,False
17,line_section,U Blissestr. (Berlin),hop2,2026-08-27 14:30:00,70,81.0570068359375,8.556336402893066,183.34715270996094,90.96551724137932,197.70000000000002,True,False,False,False
17,line_section,U Blissestr. (Berlin),hop2,2026-08-27 14:45:00,97,108.34766387939453,11.310681343078613,248.57664489746094,122.34482758620689,197.70000000000002,True,False,False,False
17,line_section,U Blissestr. (Berlin),hop2,2026-08-27 15:00:00,138,157.95721435546875,16.147655487060547,373.6665344238281,177.3448275862069,472.6,True,False,False,False
17,line_section,U Blissestr. (Berlin),hop2,2026-08-27 15:15:00,50,146.35475158691406,14.812950134277344,341.7122497558594,163.74137931034483,472.6,True,False,False,False
17,line_section,U Blissestr. (Berlin),hop2,2026-08-27 15:30:00,164,232.9554443359375,24.897476196289062,532.51318359375,256.93220338983053,472.6,True,False,False,False
17,line_section,U Blissestr. (Berlin),hop2,2026-08-27 15:45:00,1340,252.61912536621094,27.25248146057129,568.5830688476562,284.63793103448273,472.6,False,True,False,True
17,line_section,U Blissestr. (Berlin),hop2,2026-08-27 16:00:00,543,276.8628234863281,29.45068359375,622.5735473632812,307.7241379310345,810.0,True,False,False,False
17,line_section,U Blissestr. (Berlin),hop2,2026-08-27 16:15:00,170,310.8686828613281,33.404640197753906,694.5250854492188,360.8103448275862,810.0,True,False,False,False
17,line_section,U Blissestr. (Berlin),hop2,2026-08-27 16:30:00,190,330.1878662109375,35.38954162597656,733.6101684570312,382.70175438596493,810.0,True,False,False,False
17,line_section,U Spichernstr. (Berlin),hop2,2026-08-27 12:45:00,12,28.252431869506836,2.8708794116973877,64.32254791259766,36.767857142857146,81.30000000000001,True,False,False,False
17,line_section,U Spichernstr. (Berlin),hop2,2026-08-27 13:00:00,32,27.86225700378418,2.817953586578369,63.493534088134766,34.94736842105263,149.8,True,False,False,False
17,line_section,U Spichernstr. (Berlin),hop2,2026-08-27 13:15:00,70,48.02188491821289,5.259621620178223,108.64210510253906,59.24561403508772,149.8,True,False,False,False
17,line_section,U Spichernstr. (Berlin),hop2,2026-08-27 13:30:00,158,59.5942268371582,6.603045463562012,134.15965270996094,72.03389830508475,149.8,False,True,False,True
17,line_section,U Spichernstr. (Berlin),hop2,2026-08-27 13:45:00,75,69.72518157958984,7.921461582183838,156.2564239501953,84.27118644067797,149.8,True,False,False,False
17,line_section,U Spichernstr. (Berlin),hop2,2026-08-27 14:00:00,157,86.95335388183594,9.531075477600098,197.32281494140625,98.43103448275862,385.9000000000001,True,False,False,False
17,line_section,U Spichernstr. (Berlin),hop2,2026-08-27 14:15:00,91,97.18374633789062,10.552351951599121,222.49778747558594,111.94827586206897,385.9000000000001,True,False,False,False
17,line_section,U Spichernstr. (Berlin),hop2,2026-08-27 14:30:00,388,146.02490234375,14.545839309692383,338.0230407714844,170.5,385.9000000000001,False,True,False,True
17,line_section,U Spichernstr. (Berlin),hop2,2026-08-27 14:45:00,746,221.91555786132812,21.130084991455078,514.009765625,248.5344827586207,385.9000000000001,False,True,False,True
17,line_section,U Spichernstr. (Berlin),hop2,2026-08-27 15:00:00,62,234.45770263671875,21.998661041259766,541.85986328125,258.41379310344826,717.4000000000002,True,False,False,False
17,line_section,U Spichernstr. (Berlin),hop2,2026-08-27 15:15:00,274,246.52359008789062,23.050512313842773,566.08740234375,269.1896551724138,717.4000000000002,True,False,False,False
17,line_section,U Spichernstr. (Berlin),hop2,2026-08-27 15:30:00,999,282.6612548828125,26.560802459716797,645.5337524414062,320.1186440677966,717.4000000000002,False,True,False,True
17,line_section,U Spichernstr. (Berlin),hop2,2026-08-27 15:45:00,52,351.47174072265625,33.97205352783203,799.6863403320312,428.55172413793105,717.4000000000002,True,False,False,False
17,line_section,U Spichernstr. (Berlin),hop2,2026-08-27 16:00:00,59,483.58734130859375,44.44562911987305,1064.7301025390625,583.7758620689655,1499.0,True,False,False,False
17,line_section,U Spichernstr. (Berlin),hop2,2026-08-27 16:15:00,218,429.0151672363281,39.959083557128906,955.0513305664062,518.1379310344828,1499.0,True,False,False,False
17,line_section,U Spichernstr. (Berlin),hop2,2026-08-27 16:30:00,40,577.9901733398438,52.718692779541016,1243.5655517578125,669.3157894736842,1499.0,False,False,True,False
17,line_section,U Güntzelstr. (Berlin),hop2,2026-08-27 12:45:00,5,25.76641082763672,2.512232542037964,58.68779754638672,32.214285714285715,50.60000000000002,True,False,False,False
17,line_section,U Güntzelstr. (Berlin),hop2,2026-08-27 13:00:00,24,28.507631301879883,2.890927314758301,65.04315185546875,34.526315789473685,122.80000000000001,True,False,False,False
17,line_section,U Güntzelstr. (Berlin),hop2,2026-08-27 13:15:00,20,36.24705505371094,3.8257360458374023,82.60887908935547,43.175438596491226,122.80000000000001,True,False,False,False
17,line_section,U Güntzelstr. (Berlin),hop2,2026-08-27 13:30:00,23,46.44860076904297,4.991789817810059,104.62036895751953,54.16949152542373,122.80000000000001,True,False,False,False
17,line_section,U Güntzelstr. (Berlin),hop2,2026-08-27 13:45:00,74,54.47962951660156,5.889366626739502,122.27769470214844,63.440677966101696,122.80000000000001,True,False,False,False
17,line_section,U Güntzelstr. (Berlin),hop2,2026-08-27 14:00:00,103,81.1406021118164,8.748151779174805,183.34747314453125,89.93103448275862,276.70000000000005,True,False,False,False
17,line_section,U Güntzelstr. (Berlin),hop2,2026-08-27 14:15:00,35,78.63883972167969,8.538895606994629,177.03277587890625,87.01724137931035,276.70000000000005,True,False,False,False
17,line_section,U Güntzelstr. (Berlin),hop2,2026-08-27 14:30:00,190,117.50344848632812,12.329651832580566,269.0672302246094,133.51724137931035,276.70000000000005,True,False,False,False
17,line_section,U Güntzelstr. (Berlin),hop2,2026-08-27 14:45:00,17,131.90504455566406,13.468762397766113,303.67431640625,149.81034482758622,276.70000000000005,True,False,False,False
17,line_section,U Güntzelstr. (Berlin),hop2,2026-08-27 15:00:00,6,200.32664489746094,19.915531158447266,469.0845031738281,218.43103448275863,521.0,False,False,True,False
17,line_section,U Güntzelstr. (Berlin),hop2,2026-08-27 15:15:00,436,251.4100799560547,25.219709396362305,572.5993041992188,273.44827586206895,521.0,True,False,False,False
17,line_section,U Güntzelstr. (Berlin),hop2,2026-08-27 15:30:00,278,213.29632568359375,20.703508377075195,500.6419677734375,229.3728813559322,521.0,True,False,False,False
17,line_section,U Güntzelstr. (Berlin),hop2,2026-08-27 15:45:00,1306,263.6880187988281,26.155948638916016,601.670166015625,289.7758620689655,521.0,False,True,False,True
17,line_section,U Güntzelstr. (Berlin),hop2,2026-08-27 16:00:00,69,335.3031921386719,34.09361267089844,760.8258666992188,382.48275862068965,1276.0,True,False,False,False
17,line_section,U Güntzelstr. (Berlin),hop2,2026-08-27 16:15:00,604,489.82366943359375,49.08711624145508,1064.5584716796875,590.7931034482758,1276.0,True,False,False,False
17,line_section,U Güntzelstr. (Berlin),hop2,2026-08-27 16:30:00,938,472.12200927734375,47.598167419433594,1033.0728759765625,566.1578947368421,1276.0,True,False,False,False
17,line_section,U Berliner Str. (Berlin),hop1,2026-08-27 12:45:00,1,16.687824249267578,1.1519229412078857,40.18350601196289,21.357142857142858,65.60000000000002,False,False,True,False
17,line_section,U Berliner Str. (Berlin),hop1,2026-08-27 13:00:00,6,23.380611419677734,2.097374200820923,53.70101547241211,29.31578947368421,137.4000000000001,True,False,False,False
17,line_section,U Berliner Str. (Berlin),hop1,2026-08-27 13:15:00,27,37.08774185180664,3.858656406402588,84.80331420898438,46.03508771929825,137.4000000000001,True,False,False,False
17,line_section,U Berliner Str. (Berlin),hop1,2026-08-27 13:30:00,74,39.444549560546875,4.103694915771484,89.87865447998047,47.74576271186441,137.4000000000001,True,False,False,False
17,line_section,U Berliner Str. (Berlin),hop1,2026-08-27 13:45:00,31,57.86238479614258,6.27943229675293,130.8721923828125,69.9322033898305,137.4000000000001,True,False,False,False
17,line_section,U Berliner Str. (Berlin),hop1,2026-08-27 14:00:00,67,70.49616241455078,7.56067419052124,158.1378936767578,79.1896551724138,251.70000000000002,True,False,False,False
17,line_section,U Berliner Str. (Berlin),hop1,2026-08-27 14:15:00,29,98.25299835205078,10.623977661132812,224.98207092285156,112.84482758620689,251.70000000000002,True,False,False,False
17,line_section,U Berliner Str. (Berlin),hop1,2026-08-27 14:30:00,16,92.34512329101562,10.13404655456543,210.387451171875,106.10344827586206,251.70000000000002,True,False,False,False
17,line_section,U Berliner Str. (Berlin),hop1,2026-08-27 14:45:00,118,127.99224853515625,13.118504524230957,294.5567932128906,147.55172413793105,251.70000000000002,True,False,False,False
17,line_section,U Berliner Str. (Berlin),hop1,2026-08-27 15:00:00,318,189.97779846191406,18.35611343383789,446.9090270996094,212.36206896551724,666.0000000000002,True,False,False,False
17,line_section,U Berliner Str. (Berlin),hop1,2026-08-27 15:15:00,199,199.64404296875,19.018888473510742,468.3256530761719,219.05172413793105,666.0000000000002,True,False,False,False
17,line_section,U Berliner Str. (Berlin),hop1,2026-08-27 15:30:00,305,287.9866943359375,28.328990936279297,652.6266479492188,337.8135593220339,666.0000000000002,True,False,False,False
17,line_section,U Berliner Str. (Berlin),hop1,2026-08-27 15:45:00,282,294.67041015625,28.903345108032227,669.0460815429688,345.7586206896552,666.0000000000002,True,False,False,False
17,line_section,U Berliner Str. (Berlin),hop1,2026-08-27 16:00:00,277,309.00408935546875,30.05638313293457,701.4880981445312,354.9310344827586,1025.0,True,False,False,False
17,line_section,U Berliner Str. (Berlin),hop1,2026-08-27 16:15:00,64,295.81591796875,28.54645538330078,672.2745971679688,334.63793103448273,1025.0,True,False,False,False
17,line_section,U Berliner Str. (Berlin),hop1,2026-08-27 16:30:00,138,425.691650390625,40.84921646118164,942.9545288085938,518.280701754386,1025.0,True,False,False,False
17,line_section,S+U Bundesplatz (Berlin),endpoint_or_interchange,2026-08-27 12:45:00,7,12.45002269744873,0.5835888385772705,30.593481063842773,14.767857142857142,35.200000000000045,True,False,False,False
17,line_section,S+U Bundesplatz (Berlin),endpoint_or_interchange,2026-08-27 13:00:00,6,14.946544647216797,0.8743919134140015,36.14449691772461,17.63157894736842,66.0,True,False,False,False
17,line_section,S+U Bundesplatz (Berlin),endpoint_or_interchange,2026-08-27 13:15:00,12,19.52196502685547,1.4725738763809204,46.36681365966797,23.035087719298247,66.0,True,False,False,False
17,line_section,S+U Bundesplatz (Berlin),endpoint_or_interchange,2026-08-27 13:30:00,0,26.175369262695312,2.399812936782837,60.13802719116211,30.25423728813559,66.0,False,False,True,False
17,line_section,S+U Bundesplatz (Berlin),endpoint_or_interchange,2026-08-27 13:45:00,7,34.8830451965332,3.4358272552490234,79.51343536376953,40.389830508474574,66.0,True,False,False,False
17,line_section,S+U Bundesplatz (Berlin),endpoint_or_interchange,2026-08-27 14:00:00,12,40.154701232910156,3.9698195457458496,91.18643951416016,43.48275862068966,185.50000000000003,True,False,False,False
17,line_section,S+U Bundesplatz (Berlin),endpoint_or_interchange,2026-08-27 14:15:00,48,59.779415130615234,6.050655364990234,134.3026123046875,65.32758620689656,185.50000000000003,True,False,False,False
17,line_section,S+U Bundesplatz (Berlin),endpoint_or_interchange,2026-08-27 14:30:00,71,86.13477325439453,9.118571281433105,195.33726501464844,95.82758620689656,185.50000000000003,True,False,False,False
17,line_section,S+U Bundesplatz (Berlin),endpoint_or_interchange,2026-08-27 14:45:00,192,103.73902130126953,10.877016067504883,238.4912109375,115.86206896551724,185.50000000000003,True,False,False,True
17,line_section,S+U Bundesplatz (Berlin),endpoint_or_interchange,2026-08-27 15:00:00,175,123.34227752685547,12.798956871032715,283.00250244140625,136.4655172413793,467.0000000000001,True,False,False,False
17,line_section,S+U Bundesplatz (Berlin),endpoint_or_interchange,2026-08-27 15:15:00,18,193.5325927734375,20.261554718017578,454.0398864746094,210.68965517241378,467.0000000000001,False,False,True,False
17,line_section,S+U Bundesplatz (Berlin),endpoint_or_interchange,2026-08-27 15:30:00,186,201.81362915039062,21.10199737548828,471.9381103515625,218.20338983050848,467.0000000000001,True,False,False,False
17,line_section,S+U Bundesplatz (Berlin),endpoint_or_interchange,2026-08-27 15:45:00,369,245.4119873046875,26.513076782226562,554.5948486328125,268.5344827586207,467.0000000000001,True,False,False,False
17,line_section,S+U Bundesplatz (Berlin),endpoint_or_interchange,2026-08-27 16:00:00,903,258.2071533203125,27.23806381225586,583.5471801757812,273.62068965517244,674.0,False,True,False,True
17,line_section,S+U Bundesplatz (Berlin),endpoint_or_interchange,2026-08-27 16:15:00,363,251.23306274414062,26.18522834777832,569.7869873046875,263.7586206896552,674.0,True,False,False,False
17,line_section,S+U Bundesplatz (Berlin),endpoint_or_interchange,2026-08-27 16:30:00,81,331.30718994140625,35.6114501953125,737.5140991210938,374.6666666666667,674.0,True,False,False,False
17,line_section,U Bayerischer Platz (Berlin),hop2,2026-08-27 12:45:00,13,11.868107795715332,0.5229645371437073,29.29979705810547,14.071428571428571,32.60000000000002,True,False,False,False
17,line_section,U Bayerischer Platz (Berlin),hop2,2026-08-27 13:00:00,2,14.315312385559082,0.7927027940750122,34.79703903198242,17.0,63.80000000000001,True,False,False,False
17,line_section,U Bayerischer Platz (Berlin),hop2,2026-08-27 13:15:00,41,18.933767318725586,1.366225242614746,45.2603759765625,22.42105263157895,63.80000000000001,True,False,False,False
17,line_section,U Bayerischer Platz (Berlin),hop2,2026-08-27 13:30:00,5,25.000688552856445,2.184325695037842,57.790443420410156,28.93220338983051,63.80000000000001,True,False,False,False
17,line_section,U Bayerischer Platz (Berlin),hop2,2026-08-27 13:45:00,20,28.083581924438477,2.5854687690734863,64.43612670898438,32.54237288135593,63.80000000000001,True,False,False,False
17,line_section,U Bayerischer Platz (Berlin),hop2,2026-08-27 14:00:00,80,50.81340408325195,4.998477458953857,114.52791595458984,55.5,179.70000000000002,True,False,False,False
17,line_section,U Bayerischer Platz (Berlin),hop2,2026-08-27 14:15:00,0,53.61656951904297,5.292477607727051,120.74625396728516,58.87931034482759,179.70000000000002,False,False,True,False
17,line_section,U Bayerischer Platz (Berlin),hop2,2026-08-27 14:30:00,64,80.3982162475586,8.402482986450195,181.74472045898438,89.77586206896552,179.70000000000002,True,False,False,False
17,line_section,U Bayerischer Platz (Berlin),hop2,2026-08-27 14:45:00,124,92.33675384521484,9.647302627563477,210.93402099609375,103.39655172413794,179.70000000000002,True,False,False,False
17,line_section,U Bayerischer Platz (Berlin),hop2,2026-08-27 15:00:00,282,110.49635314941406,11.423633575439453,253.97048950195312,122.03448275862068,394.0,False,True,False,False
17,line_section,U Bayerischer Platz (Berlin),hop2,2026-08-27 15:15:00,155,142.0968017578125,14.527152061462402,330.97344970703125,159.68965517241378,394.0,True,False,False,False
17,line_section,U Bayerischer Platz (Berlin),hop2,2026-08-27 15:30:00,202,186.56329345703125,19.40862274169922,441.4239807128906,206.33898305084745,394.0,True,False,False,False
17,line_section,U Bayerischer Platz (Berlin),hop2,2026-08-27 15:45:00,28,220.59475708007812,23.764772415161133,508.25665283203125,241.0,394.0,True,False,False,False
17,line_section,U Bayerischer Platz (Berlin),hop2,2026-08-27 16:00:00,393,227.03428649902344,23.968076705932617,522.667236328125,242.41379310344828,784.0,True,False,False,False
17,line_section,U Bayerischer Platz (Berlin),hop2,2026-08-27 16:15:00,81,286.21209716796875,31.053447723388672,639.662353515625,323.67241379310343,784.0,True,False,False,False
17,line_section,U Bayerischer Platz (Berlin),hop2,2026-08-27 16:30:00,136,288.7430725097656,31.10381317138672,645.8643188476562,322.280701754386,784.0,True,False,False,False
17,line_section,U Walther-Schreiber-Platz (Berlin),endpoint_or_interchange,2026-08-27 12:45:00,5,9.619892120361328,0.2665705978870392,24.331520080566406,11.125,24.30000000000001,True,False,False,False
17,line_section,U Walther-Schreiber-Platz (Berlin),endpoint_or_interchange,2026-08-27 13:00:00,1,11.269574165344238,0.4566427767276764,28.079570770263672,13.192982456140351,45.80000000000001,True,False,False,False
17,line_section,U Walther-Schreiber-Platz (Berlin),endpoint_or_interchange,2026-08-27 13:15:00,14,14.105154037475586,0.7695078253746033,34.67742919921875,16.63157894736842,45.80000000000001,True,False,False,False
17,line_section,U Walther-Schreiber-Platz (Berlin),endpoint_or_interchange,2026-08-27 13:30:00,17,16.08014678955078,0.9694072604179382,39.02044677734375,18.8135593220339,45.80000000000001,True,False,False,False
17,line_section,U Walther-Schreiber-Platz (Berlin),endpoint_or_interchange,2026-08-27 13:45:00,93,21.493616104125977,1.6075459718704224,50.692630767822266,24.864406779661017,45.80000000000001,False,True,False,True
17,line_section,U Walther-Schreiber-Platz (Berlin),endpoint_or_interchange,2026-08-27 14:00:00,7,28.09637451171875,2.4473085403442383,64.84707641601562,30.551724137931036,111.40000000000003,True,False,False,False
17,line_section,U Walther-Schreiber-Platz (Berlin),endpoint_or_interchange,2026-08-27 14:15:00,77,41.941200256347656,3.9750025272369385,95.38201141357422,46.06896551724138,111.40000000000003,True,False,False,False
17,line_section,U Walther-Schreiber-Platz (Berlin),endpoint_or_interchange,2026-08-27 14:30:00,1,46.69922637939453,4.446572303771973,105.67498779296875,50.5,111.40000000000003,False,False,True,False
17,line_section,U Walther-Schreiber-Platz (Berlin),endpoint_or_interchange,2026-08-27 14:45:00,48,62.52871322631836,6.233367443084717,140.75819396972656,67.17241379310344,111.40000000000003,True,False,False,False
17,line_section,U Walther-Schreiber-Platz (Berlin),endpoint_or_interchange,2026-08-27 15:00:00,31,77.40316772460938,7.927818775177002,175.67750549316406,83.67241379310344,244.8,True,False,False,False
17,line_section,U Walther-Schreiber-Platz (Berlin),endpoint_or_interchange,2026-08-27 15:15:00,11,75.24827575683594,7.806301593780518,170.23086547851562,80.98275862068965,244.8,True,False,False,False
17,line_section,U Walther-Schreiber-Platz (Berlin),endpoint_or_interchange,2026-08-27 15:30:00,23,97.8819351196289,10.242260932922363,226.05172729492188,109.9322033898305,244.8,True,False,False,False
17,line_section,U Walther-Schreiber-Platz (Berlin),endpoint_or_interchange,2026-08-27 15:45:00,54,150.3314208984375,16.248050689697266,355.23675537109375,170.31034482758622,244.8,True,False,False,False
17,line_section,U Walther-Schreiber-Platz (Berlin),endpoint_or_interchange,2026-08-27 16:00:00,5,121.92051696777344,12.492737770080566,282.09014892578125,136.82758620689654,439.0,False,False,True,False
17,line_section,U Walther-Schreiber-Platz (Berlin),endpoint_or_interchange,2026-08-27 16:15:00,57,196.93881225585938,23.394535064697266,463.5142822265625,214.0344827586207,439.0,True,False,False,False
17,line_section,U Walther-Schreiber-Platz (Berlin),endpoint_or_interchange,2026-08-27 16:30:00,290,181.53025817871094,20.48853302001953,436.8543701171875,198.64912280701753,439.0,True,False,False,False
17,line_section,U Friedrich-Wilhelm-Platz (Berlin),closed_unserved,2026-08-27 12:45:00,7,11.737872123718262,0.4948556423187256,29.258222579956055,14.089285714285714,28.900000000000034,True,False,False,False
17,line_section,U Friedrich-Wilhelm-Platz (Berlin),closed_unserved,2026-08-27 13:00:00,7,14.616031646728516,0.8103249669075012,35.639251708984375,17.45614035087719,56.0,True,False,False,False
17,line_section,U Friedrich-Wilhelm-Platz (Berlin),closed_unserved,2026-08-27 13:15:00,0,14.36867904663086,0.7784172296524048,35.18833923339844,17.07017543859649,56.0,False,False,True,False
17,line_section,U Friedrich-Wilhelm-Platz (Berlin),closed_unserved,2026-08-27 13:30:00,62,27.289775848388672,2.386704921722412,63.029720306396484,31.627118644067796,56.0,True,False,False,True
17,line_section,U Friedrich-Wilhelm-Platz (Berlin),closed_unserved,2026-08-27 13:45:00,0,26.137840270996094,2.2215845584869385,60.426387786865234,30.23728813559322,56.0,False,False,True,False
17,line_section,U Friedrich-Wilhelm-Platz (Berlin),closed_unserved,2026-08-27 14:00:00,19,40.02853012084961,3.781181812286377,91.06439208984375,43.775862068965516,141.0,True,False,False,False
17,line_section,U Friedrich-Wilhelm-Platz (Berlin),closed_unserved,2026-08-27 14:15:00,93,48.96428680419922,4.7310872077941895,110.73844146728516,53.48275862068966,141.0,True,False,False,False
17,line_section,U Friedrich-Wilhelm-Platz (Berlin),closed_unserved,2026-08-27 14:30:00,199,45.83316421508789,4.428353309631348,103.7048110961914,49.741379310344826,141.0,False,True,False,True
17,line_section,U Friedrich-Wilhelm-Platz (Berlin),closed_unserved,2026-08-27 14:45:00,27,66.89187622070312,6.728860378265381,150.3540802001953,72.36206896551724,141.0,True,False,False,False
17,line_section,U Friedrich-Wilhelm-Platz (Berlin),closed_unserved,2026-08-27 15:00:00,37,66.9677734375,6.749969005584717,150.7314453125,71.65517241379311,307.4000000000001,True,False,False,False
17,line_section,U Friedrich-Wilhelm-Platz (Berlin),closed_unserved,2026-08-27 15:15:00,137,97.49258422851562,10.064144134521484,224.5592803955078,107.60344827586206,307.4000000000001,True,False,False,False
17,line_section,U Friedrich-Wilhelm-Platz (Berlin),closed_unserved,2026-08-27 15:30:00,280,129.25997924804688,13.44350814819336,300.28955078125,145.38983050847457,307.4000000000001,True,False,False,False
17,line_section,U Friedrich-Wilhelm-Platz (Berlin),closed_unserved,2026-08-27 15:45:00,499,146.4892120361328,15.25588321685791,344.4569396972656,164.79310344827587,307.4000000000001,False,True,False,True
17,line_section,U Friedrich-Wilhelm-Platz (Berlin),closed_unserved,2026-08-27 16:00:00,263,156.21409606933594,16.263093948364258,375.28192138671875,173.72413793103448,575.0,True,False,False,False
17,line_section,U Friedrich-Wilhelm-Platz (Berlin),closed_unserved,2026-08-27 16:15:00,184,204.02821350097656,22.383895874023438,477.43450927734375,219.01724137931035,575.0,True,False,False,False
17,line_section,U Friedrich-Wilhelm-Platz (Berlin),closed_unserved,2026-08-27 16:30:00,699,266.5881652832031,30.25330924987793,586.8521118164062,287.9122807017544,575.0,False,True,False,True
17,line_section,S+U Rathaus Steglitz (Berlin),hop2,2026-08-27 12:45:00,3,7.740776062011719,0.046873241662979126,20.230472564697266,8.589285714285714,25.0,True,False,False,False
17,line_section,S+U Rathaus Steglitz (Berlin),hop2,2026-08-27 13:00:00,5,8.36583423614502,0.1254729926586151,21.541473388671875,9.263157894736842,38.0,True,False,False,False
17,line_section,S+U Rathaus Steglitz (Berlin),hop2,2026-08-27 13:15:00,7,8.070100784301758,0.10369662940502167,20.790668487548828,9.052631578947368,38.0,True,False,False,False
17,line_section,S+U Rathaus Steglitz (Berlin),hop2,2026-08-27 13:30:00,44,12.819268226623535,0.6318463087081909,31.855121612548828,14.779661016949152,38.0,False,True,False,True
17,line_section,S+U Rathaus Steglitz (Berlin),hop2,2026-08-27 13:45:00,11,22.01504898071289,1.6928120851516724,51.68875503540039,25.25423728813559,38.0,True,False,False,False
17,line_section,S+U Rathaus Steglitz (Berlin),hop2,2026-08-27 14:00:00,22,21.425016403198242,1.6327402591705322,50.26711654663086,23.137931034482758,90.30000000000004,True,False,False,False
17,line_section,S+U Rathaus Steglitz (Berlin),hop2,2026-08-27 14:15:00,0,36.9334831237793,3.5108230113983154,84.73164367675781,40.36206896551724,90.30000000000004,False,False,True,False
17,line_section,S+U Rathaus Steglitz (Berlin),hop2,2026-08-27 14:30:00,35,45.95161819458008,4.4168853759765625,104.0318832397461,49.36206896551724,90.30000000000004,True,False,False,False
17,line_section,S+U Rathaus Steglitz (Berlin),hop2,2026-08-27 14:45:00,2,40.31099319458008,3.8567161560058594,92.00758361816406,42.793103448275865,90.30000000000004,False,False,True,False
17,line_section,S+U Rathaus Steglitz (Berlin),hop2,2026-08-27 15:00:00,78,63.95427703857422,6.467979431152344,143.883544921875,66.82758620689656,210.40000000000003,True,False,False,False
17,line_section,S+U Rathaus Steglitz (Berlin),hop2,2026-08-27 15:15:00,16,75.59152221679688,7.904468536376953,171.14453125,81.1896551724138,210.40000000000003,True,False,False,False
17,line_section,S+U Rathaus Steglitz (Berlin),hop2,2026-08-27 15:30:00,237,98.63459014892578,10.454943656921387,228.03921508789062,109.69491525423729,210.40000000000003,False,True,False,True
17,line_section,S+U Rathaus Steglitz (Berlin),hop2,2026-08-27 15:45:00,117,117.96448516845703,12.32033634185791,271.5105895996094,133.05172413793105,210.40000000000003,True,False,False,False
17,line_section,S+U Rathaus Steglitz (Berlin),hop2,2026-08-27 16:00:00,39,116.33802795410156,11.936356544494629,268.9669189453125,129.06896551724137,380.0,True,False,False,False
17,line_section,S+U Rathaus Steglitz (Berlin),hop2,2026-08-27 16:15:00,69,127.8260726928711,13.057312965393066,299.5395812988281,142.22413793103448,380.0,True,False,False,False
17,line_section,S+U Rathaus Steglitz (Berlin),hop2,2026-08-27 16:30:00,199,154.1201171875,16.456470489501953,368.73095703125,172.40350877192984,380.0,True,False,False,False
17,line_section,U Schloßstr. (Berlin),hop1,2026-08-27 12:45:00,22,9.917216300964355,0.30915576219558716,24.975631713867188,11.428571428571429,21.30000000000001,True,False,False,True
17,line_section,U Schloßstr. (Berlin),hop1,2026-08-27 13:00:00,1,9.38619613647461,0.24621209502220154,23.710725784301758,10.631578947368421,33.900000000000006,True,False,False,False
17,line_section,U Schloßstr. (Berlin),hop1,2026-08-27 13:15:00,3,11.212754249572754,0.47339969873428345,27.964475631713867,12.87719298245614,33.900000000000006,True,False,False,False
17,line_section,U Schloßstr. (Berlin),hop1,2026-08-27 13:30:00,24,11.312119483947754,0.46826377511024475,28.189231872558594,12.830508474576272,33.900000000000006,True,False,False,False
17,line_section,U Schloßstr. (Berlin),hop1,2026-08-27 13:45:00,13,20.403093338012695,1.492403268814087,48.3489990234375,23.25423728813559,33.900000000000006,True,False,False,False
17,line_section,U Schloßstr. (Berlin),hop1,2026-08-27 14:00:00,75,30.059810638427734,2.70198130607605,69.20098114013672,32.62068965517241,118.20000000000005,False,True,False,False
17,line_section,U Schloßstr. (Berlin),hop1,2026-08-27 14:15:00,3,33.0933837890625,3.0991907119750977,75.92682647705078,36.51724137931034,118.20000000000005,False,False,True,False
17,line_section,U Schloßstr. (Berlin),hop1,2026-08-27 14:30:00,0,51.470481872558594,4.977938175201416,116.17994689941406,55.48275862068966,118.20000000000005,False,False,True,False
17,line_section,U Schloßstr. (Berlin),hop1,2026-08-27 14:45:00,76,57.943824768066406,5.700371265411377,130.9597625732422,61.55172413793103,118.20000000000005,True,False,False,False
17,line_section,U Schloßstr. (Berlin),hop1,2026-08-27 15:00:00,80,90.53255462646484,9.485065460205078,208.10498046875,99.32758620689656,220.60000000000002,True,False,False,False
17,line_section,U Schloßstr. (Berlin),hop1,2026-08-27 15:15:00,289,74.04753112792969,7.730472564697266,167.43161010742188,79.48275862068965,220.60000000000002,False,True,False,True
17,line_section,U Schloßstr. (Berlin),hop1,2026-08-27 15:30:00,194,93.16142272949219,9.873404502868652,214.15721130371094,103.71186440677967,220.60000000000002,True,False,False,False
17,line_section,U Schloßstr. (Berlin),hop1,2026-08-27 15:45:00,156,120.30976867675781,12.547647476196289,277.5374755859375,136.8793103448276,220.60000000000002,True,False,False,False
17,line_section,U Schloßstr. (Berlin),hop1,2026-08-27 16:00:00,54,98.02891540527344,10.174209594726562,226.70449829101562,108.91379310344827,371.0,True,False,False,False
17,line_section,U Schloßstr. (Berlin),hop1,2026-08-27 16:15:00,0,142.18057250976562,14.793966293334961,336.5984191894531,160.20689655172413,371.0,False,False,True,False
17,line_section,U Schloßstr. (Berlin),hop1,2026-08-27 16:30:00,191,155.39315795898438,16.663848876953125,374.234130859375,173.57894736842104,371.0,True,False,False,False
18,line_section,S+U Neukölln (Berlin),hop2,2026-08-30 18:15:00,341,127.1220474243164,13.101622581481934,298.4754943847656,122.56521739130434,280.59999999999997,False,True,False,True
18,line_section,S+U Neukölln (Berlin),hop2,2026-08-30 18:30:00,66,159.6290740966797,17.8609561920166,385.3828430175781,156.2173913043478,280.59999999999997,True,False,False,False
18,line_section,S+U Neukölln (Berlin),hop2,2026-08-30 18:45:00,40,132.9334259033203,13.999786376953125,313.0396728515625,127.82608695652173,280.59999999999997,True,False,False,False
18,line_section,S+U Neukölln (Berlin),hop2,2026-08-30 19:00:00,20,140.63165283203125,15.180549621582031,333.074462890625,136.91304347826087,256.70000000000005,True,False,False,False
18,line_section,S+U Neukölln (Berlin),hop2,2026-08-30 19:15:00,160,126.32328033447266,13.431647300720215,294.2869567871094,121.21739130434783,256.70000000000005,True,False,False,False
18,line_section,S+U Neukölln (Berlin),hop2,2026-08-30 19:30:00,17,124.46839904785156,13.197093963623047,289.00848388671875,116.52173913043478,256.70000000000005,True,False,False,False
18,line_section,S+U Neukölln (Berlin),hop2,2026-08-30 19:45:00,406,91.57939147949219,9.587279319763184,210.55909729003906,82.65217391304348,256.70000000000005,False,True,False,True
18,line_section,S+U Neukölln (Berlin),hop2,2026-08-30 20:00:00,352,116.41358184814453,12.3898344039917,267.4193420410156,109.30434782608695,163.50000000000006,False,True,False,True
18,line_section,S+U Neukölln (Berlin),hop2,2026-08-30 20:15:00,55,92.45333862304688,9.802659034729004,211.33154296875,83.63636363636364,163.50000000000006,True,False,False,False
18,line_section,S+U Neukölln (Berlin),hop2,2026-08-30 20:30:00,115,75.72012329101562,7.859551906585693,171.51332092285156,67.54545454545455,163.50000000000006,True,False,False,False
18,line_section,U Blaschkoallee (Berlin),endpoint_or_interchange,2026-08-30 18:15:00,318,169.33462524414062,19.650691986083984,409.2262268066406,168.34782608695653,336.0,True,False,False,False
18,line_section,U Blaschkoallee (Berlin),endpoint_or_interchange,2026-08-30 18:30:00,55,149.269287109375,16.185609817504883,355.6792297363281,145.7391304347826,336.0,True,False,False,False
18,line_section,U Blaschkoallee (Berlin),endpoint_or_interchange,2026-08-30 18:45:00,25,118.45816040039062,12.298296928405762,275.6746826171875,111.43478260869566,336.0,True,False,False,False
18,line_section,U Blaschkoallee (Berlin),endpoint_or_interchange,2026-08-30 19:00:00,272,150.5518341064453,16.69025421142578,359.01580810546875,148.95652173913044,330.70000000000016,True,False,False,False
18,line_section,U Blaschkoallee (Berlin),endpoint_or_interchange,2026-08-30 19:15:00,188,98.5199966430664,10.351068496704102,227.6614532470703,91.78260869565217,330.70000000000016,True,False,False,False
18,line_section,U Blaschkoallee (Berlin),endpoint_or_interchange,2026-08-30 19:30:00,195,124.42684936523438,13.187734603881836,288.9792785644531,116.21739130434783,330.70000000000016,True,False,False,False
18,line_section,U Blaschkoallee (Berlin),endpoint_or_interchange,2026-08-30 19:45:00,212,114.70423889160156,11.99551773071289,264.5253601074219,106.65217391304348,330.70000000000016,True,False,False,False
18,line_section,U Blaschkoallee (Berlin),endpoint_or_interchange,2026-08-30 20:00:00,159,98.46765899658203,10.342565536499023,226.71627807617188,89.04347826086956,164.60000000000005,True,False,False,False
18,line_section,U Blaschkoallee (Berlin),endpoint_or_interchange,2026-08-30 20:15:00,246,89.90184783935547,9.531686782836914,205.00277709960938,80.77272727272727,164.60000000000005,False,True,False,True
18,line_section,U Blaschkoallee (Berlin),endpoint_or_interchange,2026-08-30 20:30:00,147,76.086181640625,7.896880149841309,172.28582763671875,67.31818181818181,164.60000000000005,True,False,False,False
18,line_section,U Grenzallee (Berlin),hop1,2026-08-30 18:15:00,32,133.6209716796875,13.817425727844238,314.81353759765625,129.69565217391303,313.59999999999997,True,False,False,False
18,line_section,U Grenzallee (Berlin),hop1,2026-08-30 18:30:00,27,164.30398559570312,18.74689292907715,396.96282958984375,159.7826086956522,313.59999999999997,True,False,False,False
18,line_section,U Grenzallee (Berlin),hop1,2026-08-30 18:45:00,95,141.2605438232422,15.04762077331543,335.6202087402344,136.7826086956522,313.59999999999997,True,False,False,False
18,line_section,U Grenzallee (Berlin),hop1,2026-08-30 19:00:00,335,116.16545867919922,12.188754081726074,268.3659362792969,110.43478260869566,244.10000000000005,False,True,False,True
18,line_section,U Grenzallee (Berlin),hop1,2026-08-30 19:15:00,269,80.57406616210938,8.57703685760498,184.1488494873047,74.69565217391305,244.10000000000005,False,True,False,True
18,line_section,U Grenzallee (Berlin),hop1,2026-08-30 19:30:00,67,128.1251678466797,13.637934684753418,298.9834899902344,121.17391304347827,244.10000000000005,True,False,False,False
18,line_section,U Grenzallee (Berlin),hop1,2026-08-30 19:45:00,22,106.97018432617188,11.201744079589844,246.86337280273438,98.21739130434783,244.10000000000005,True,False,False,False
18,line_section,U Grenzallee (Berlin),hop1,2026-08-30 20:00:00,46,73.63111114501953,7.523494720458984,167.0719451904297,64.52173913043478,181.0,True,False,False,False
18,line_section,U Grenzallee (Berlin),hop1,2026-08-30 20:15:00,24,106.69416046142578,11.40384292602539,245.32493591308594,97.54545454545455,181.0,True,False,False,False
18,line_section,U Grenzallee (Berlin),hop1,2026-08-30 20:30:00,88,83.60214233398438,8.729628562927246,190.11175537109375,75.04545454545455,181.0,True,False,False,False
18,line_section,U Parchimer Allee (Berlin),closed_unserved,2026-08-30 18:15:00,11,62.57869338989258,6.59984016418457,141.96681213378906,58.82608695652174,277.79999999999995,True,False,False,False
18,line_section,U Parchimer Allee (Berlin),closed_unserved,2026-08-30 18:30:00,65,136.1968994140625,14.28762435913086,321.52557373046875,130.43478260869566,277.79999999999995,True,False,False,False
18,line_section,U Parchimer Allee (Berlin),closed_unserved,2026-08-30 18:45:00,97,127.080078125,13.31394100189209,299.2264099121094,120.04347826086956,277.79999999999995,True,False,False,False
18,line_section,U Parchimer Allee (Berlin),closed_unserved,2026-08-30 19:00:00,28,170.64744567871094,20.331043243408203,411.12957763671875,168.47826086956522,272.70000000000005,True,False,False,False
18,line_section,U Parchimer Allee (Berlin),closed_unserved,2026-08-30 19:15:00,71,114.13858032226562,11.992326736450195,263.6377258300781,107.17391304347827,272.70000000000005,True,False,False,False
18,line_section,U Parchimer Allee (Berlin),closed_unserved,2026-08-30 19:30:00,113,128.63124084472656,13.704669952392578,300.8620300292969,121.17391304347827,272.70000000000005,True,False,False,False
18,line_section,U Parchimer Allee (Berlin),closed_unserved,2026-08-30 19:45:00,85,130.85255432128906,13.908604621887207,306.25946044921875,123.1304347826087,272.70000000000005,True,False,False,False
18,line_section,U Parchimer Allee (Berlin),closed_unserved,2026-08-30 20:00:00,85,87.53253936767578,9.135384559631348,200.13668823242188,77.6086956521739,154.20000000000002,True,False,False,False
18,line_section,U Parchimer Allee (Berlin),closed_unserved,2026-08-30 20:15:00,500,87.11458587646484,9.228703498840332,198.60818481445312,77.81818181818181,154.20000000000002,False,True,False,True
18,line_section,U Parchimer Allee (Berlin),closed_unserved,2026-08-30 20:30:00,72,57.43633270263672,5.762876510620117,130.72401428222656,50.77272727272727,154.20000000000002,True,False,False,False
18,line_section,U Britz-Süd (Berlin),closed_unserved,2026-08-30 18:15:00,3,127.53577423095703,13.1207857131958,299.4722595214844,123.3913043478261,275.2,False,False,True,False
18,line_section,U Britz-Süd (Berlin),closed_unserved,2026-08-30 18:30:00,11,116.66343688964844,11.998893737792969,271.08209228515625,109.69565217391305,275.2,False,False,True,False
18,line_section,U Britz-Süd (Berlin),closed_unserved,2026-08-30 18:45:00,158,149.2625274658203,16.20425796508789,357.004638671875,144.1304347826087,275.2,True,False,False,False
18,line_section,U Britz-Süd (Berlin),closed_unserved,2026-08-30 19:00:00,265,127.73612976074219,13.530135154724121,299.2246398925781,123.1304347826087,277.5,True,False,False,False
18,line_section,U Britz-Süd (Berlin),closed_unserved,2026-08-30 19:15:00,3,164.1016082763672,19.224090576171875,393.583251953125,160.91304347826087,277.5,False,False,True,False
18,line_section,U Britz-Süd (Berlin),closed_unserved,2026-08-30 19:30:00,217,117.83262634277344,12.405077934265137,271.9015808105469,109.65217391304348,277.5,True,False,False,False
18,line_section,U Britz-Süd (Berlin),closed_unserved,2026-08-30 19:45:00,141,87.46795654296875,9.165553092956543,200.5087890625,78.65217391304348,277.5,True,False,False,False
18,line_section,U Britz-Süd (Berlin),closed_unserved,2026-08-30 20:00:00,68,77.54020690917969,8.002359390258789,176.4583282470703,68.26086956521739,140.80000000000007,True,False,False,False
18,line_section,U Britz-Süd (Berlin),closed_unserved,2026-08-30 20:15:00,15,103.50386047363281,11.019145011901855,237.95716857910156,94.0909090909091,140.80000000000007,True,False,False,False
18,line_section,U Britz-Süd (Berlin),closed_unserved,2026-08-30 20:30:00,13,46.79893493652344,4.621601104736328,106.86295318603516,42.40909090909091,140.80000000000007,True,False,False,False
18,line_section,U Lipschitzallee (Berlin),closed_unserved,2026-08-30 18:15:00,217,128.9104461669922,13.30864429473877,302.6728210449219,125.17391304347827,306.79999999999995,True,False,False,False
18,line_section,U Lipschitzallee (Berlin),closed_unserved,2026-08-30 18:30:00,19,153.34422302246094,16.8174991607666,367.6873779296875,149.3913043478261,306.79999999999995,True,False,False,False
18,line_section,U Lipschitzallee (Berlin),closed_unserved,2026-08-30 18:45:00,66,150.47369384765625,16.46780014038086,359.3781433105469,147.30434782608697,306.79999999999995,True,False,False,False
18,line_section,U Lipschitzallee (Berlin),closed_unserved,2026-08-30 19:00:00,102,103.29704284667969,10.904915809631348,238.37680053710938,97.69565217391305,268.5000000000001,True,False,False,False
18,line_section,U Lipschitzallee (Berlin),closed_unserved,2026-08-30 19:15:00,146,146.1832733154297,16.151519775390625,346.1072998046875,143.56521739130434,268.5000000000001,True,False,False,False
18,line_section,U Lipschitzallee (Berlin),closed_unserved,2026-08-30 19:30:00,13,96.64241790771484,10.168766975402832,223.27589416503906,87.82608695652173,268.5000000000001,True,False,False,False
18,line_section,U Lipschitzallee (Berlin),closed_unserved,2026-08-30 19:45:00,26,99.90174865722656,10.450397491455078,230.55638122558594,91.65217391304348,268.5000000000001,True,False,False,False
18,line_section,U Lipschitzallee (Berlin),closed_unserved,2026-08-30 20:00:00,74,98.94837951660156,10.43095588684082,227.40330505371094,90.78260869565217,142.40000000000003,True,False,False,False
18,line_section,U Lipschitzallee (Berlin),closed_unserved,2026-08-30 20:15:00,63,90.14877319335938,9.536232948303223,205.92376708984375,80.72727272727273,142.40000000000003,True,False,False,False
18,line_section,U Lipschitzallee (Berlin),closed_unserved,2026-08-30 20:30:00,38,53.27508544921875,5.297760963439941,121.02073669433594,47.54545454545455,142.40000000000003,True,False,False,False
18,line_section,U Johannisthaler Chaussee (Berlin),closed_unserved,2026-08-30 18:15:00,25,161.9339599609375,18.227996826171875,390.6600341796875,159.56521739130434,366.4,True,False,False,False
18,line_section,U Johannisthaler Chaussee (Berlin),closed_unserved,2026-08-30 18:30:00,435,208.95260620117188,27.536590576171875,475.8763732910156,203.91304347826087,366.4,True,False,False,True
18,line_section,U Johannisthaler Chaussee (Berlin),closed_unserved,2026-08-30 18:45:00,326,161.05564880371094,18.28608512878418,389.30633544921875,157.34782608695653,366.4,True,False,False,False
18,line_section,U Johannisthaler Chaussee (Berlin),closed_unserved,2026-08-30 19:00:00,92,148.2008056640625,16.347591400146484,352.49615478515625,146.0,345.80000000000007,True,False,False,False
18,line_section,U Johannisthaler Chaussee (Berlin),closed_unserved,2026-08-30 19:15:00,182,90.07618713378906,9.541399955749512,206.72755432128906,84.21739130434783,345.80000000000007,True,False,False,False
18,line_section,U Johannisthaler Chaussee (Berlin),closed_unserved,2026-08-30 19:30:00,110,141.01626586914062,15.403904914855957,331.55914306640625,135.91304347826087,345.80000000000007,True,False,False,False
18,line_section,U Johannisthaler Chaussee (Berlin),closed_unserved,2026-08-30 19:45:00,160,151.87120056152344,16.918033599853516,359.9656677246094,146.04347826086956,345.80000000000007,True,False,False,False
18,line_section,U Johannisthaler Chaussee (Berlin),closed_unserved,2026-08-30 20:00:00,27,105.74434661865234,11.180569648742676,242.94558715820312,97.95652173913044,185.10000000000002,True,False,False,False
18,line_section,U Johannisthaler Chaussee (Berlin),closed_unserved,2026-08-30 20:15:00,43,75.32612609863281,7.894952297210693,170.53610229492188,67.04545454545455,185.10000000000002,True,False,False,False
18,line_section,U Johannisthaler Chaussee (Berlin),closed_unserved,2026-08-30 20:30:00,6,87.3860855102539,9.16784954071045,199.0041046142578,78.77272727272727,185.10000000000002,False,False,True,False
18,line_section,U Zwickauer Damm (Berlin),closed_unserved,2026-08-30 18:15:00,55,126.96720886230469,13.060810089111328,298.0681457519531,122.65217391304348,259.8,True,False,False,False
18,line_section,U Zwickauer Damm (Berlin),closed_unserved,2026-08-30 18:30:00,34,93.2834243774414,9.805087089538574,216.1511688232422,87.1304347826087,259.8,True,False,False,False
18,line_section,U Zwickauer Damm (Berlin),closed_unserved,2026-08-30 18:45:00,15,130.56640625,13.704763412475586,307.1089172363281,124.6086956521739,259.8,True,False,False,False
18,line_section,U Zwickauer Damm (Berlin),closed_unserved,2026-08-30 19:00:00,185,127.5457763671875,13.529770851135254,298.8547058105469,122.91304347826087,241.40000000000003,True,False,False,False
18,line_section,U Zwickauer Damm (Berlin),closed_unserved,2026-08-30 19:15:00,52,128.37289428710938,13.690831184387207,299.9350280761719,123.04347826086956,241.40000000000003,True,False,False,False
18,line_section,U Zwickauer Damm (Berlin),closed_unserved,2026-08-30 19:30:00,64,126.8343276977539,13.489873886108398,295.87042236328125,118.78260869565217,241.40000000000003,True,False,False,False
18,line_section,U Zwickauer Damm (Berlin),closed_unserved,2026-08-30 19:45:00,131,97.83647155761719,10.271429061889648,225.94236755371094,88.21739130434783,241.40000000000003,True,False,False,False
18,line_section,U Zwickauer Damm (Berlin),closed_unserved,2026-08-30 20:00:00,4,92.43640899658203,9.700772285461426,212.01425170898438,83.26086956521739,155.0,False,False,True,False
18,line_section,U Zwickauer Damm (Berlin),closed_unserved,2026-08-30 20:15:00,50,78.93714904785156,8.339742660522461,179.2892608642578,69.63636363636364,155.0,True,False,False,False
18,line_section,U Zwickauer Damm (Berlin),closed_unserved,2026-08-30 20:30:00,89,66.41692352294922,6.807259559631348,149.986083984375,58.63636363636363,155.0,True,False,False,False
18,line_section,U Wutzkyallee (Berlin),closed_unserved,2026-08-30 18:15:00,110,124.24028015136719,12.7488374710083,290.9091491699219,119.43478260869566,341.5999999999999,True,False,False,False
18,line_section,U Wutzkyallee (Berlin),closed_unserved,2026-08-30 18:30:00,62,171.42440795898438,20.144235610961914,414.2149658203125,167.2608695652174,341.5999999999999,True,False,False,False
18,line_section,U Wutzkyallee (Berlin),closed_unserved,2026-08-30 18:45:00,11,117.91000366210938,12.227456092834473,274.2162170410156,111.1304347826087,341.5999999999999,False,False,True,False
18,line_section,U Wutzkyallee (Berlin),closed_unserved,2026-08-30 19:00:00,102,138.2989501953125,14.950763702392578,326.661376953125,133.7826086956522,317.8000000000001,True,False,False,False
18,line_section,U Wutzkyallee (Berlin),closed_unserved,2026-08-30 19:15:00,179,140.5919647216797,15.354325294494629,332.0741882324219,135.2608695652174,317.8000000000001,True,False,False,False
18,line_section,U Wutzkyallee (Berlin),closed_unserved,2026-08-30 19:30:00,45,121.25820922851562,12.84315013885498,280.7522277832031,112.95652173913044,317.8000000000001,True,False,False,False
18,line_section,U Wutzkyallee (Berlin),closed_unserved,2026-08-30 19:45:00,250,105.17080688476562,11.037508010864258,242.7852325439453,96.0,317.8000000000001,False,True,False,False
18,line_section,U Wutzkyallee (Berlin),closed_unserved,2026-08-30 20:00:00,116,96.327392578125,10.16650390625,220.99940490722656,87.1304347826087,150.3,True,False,False,False
18,line_section,U Wutzkyallee (Berlin),closed_unserved,2026-08-30 20:15:00,6,92.21717071533203,9.79929256439209,211.11900329589844,82.13636363636364,150.3,False,False,True,False
18,line_section,U Wutzkyallee (Berlin),closed_unserved,2026-08-30 20:30:00,183,77.48546600341797,8.131375312805176,175.42706298828125,69.22727272727273,150.3,False,True,False,True
18,line_section,U Rudow (Berlin),endpoint_or_interchange,2026-08-30 18:15:00,24,190.83743286132812,23.955421447753906,453.4112548828125,188.30434782608697,337.8,True,False,False,False
18,line_section,U Rudow (Berlin),endpoint_or_interchange,2026-08-30 18:30:00,20,115.25465393066406,11.902113914489746,267.3686218261719,107.82608695652173,337.8,True,False,False,False
18,line_section,U Rudow (Berlin),endpoint_or_interchange,2026-08-30 18:45:00,49,137.80712890625,14.629523277282715,325.9283142089844,132.52173913043478,337.8,True,False,False,False
18,line_section,U Rudow (Berlin),endpoint_or_interchange,2026-08-30 19:00:00,96,124.32466125488281,13.167370796203613,289.3938293457031,119.43478260869566,196.90000000000006,True,False,False,False
18,line_section,U Rudow (Berlin),endpoint_or_interchange,2026-08-30 19:15:00,63,109.10010528564453,11.468482971191406,251.91250610351562,102.21739130434783,196.90000000000006,True,False,False,False
18,line_section,U Rudow (Berlin),endpoint_or_interchange,2026-08-30 19:30:00,48,85.8003921508789,9.074647903442383,196.6121826171875,77.47826086956522,196.90000000000006,True,False,False,False
18,line_section,U Rudow (Berlin),endpoint_or_interchange,2026-08-30 19:45:00,48,90.52766418457031,9.500469207763672,208.15673828125,81.08695652173913,196.90000000000006,True,False,False,False
18,line_section,U Rudow (Berlin),endpoint_or_interchange,2026-08-30 20:00:00,52,95.71956634521484,10.078569412231445,219.5120391845703,86.3913043478261,153.10000000000008,True,False,False,False
18,line_section,U Rudow (Berlin),endpoint_or_interchange,2026-08-30 20:15:00,53,82.0819091796875,8.721784591674805,186.53273010253906,72.81818181818181,153.10000000000008,True,False,False,False
18,line_section,U Rudow (Berlin),endpoint_or_interchange,2026-08-30 20:30:00,1,68.85682678222656,7.102448463439941,155.41629028320312,61.0,153.10000000000008,False,False,True,False
19,station,S+U Frankfurter Allee (Berlin),hop2,2026-09-07 14:00:00,22,25.011322021484375,2.1332144737243652,57.79023742675781,25.982758620689655,79.80000000000001,True,False,False,False
19,station,S+U Frankfurter Allee (Berlin),hop2,2026-09-07 14:15:00,17,27.733680725097656,2.420853853225708,63.80210494995117,28.46551724137931,79.80000000000001,True,False,False,False
19,station,S+U Frankfurter Allee (Berlin),hop2,2026-09-07 14:30:00,6,30.81123924255371,2.8704538345336914,70.78162384033203,31.46551724137931,79.80000000000001,True,False,False,False
19,station,S+U Frankfurter Allee (Berlin),hop2,2026-09-07 14:45:00,106,61.19153594970703,6.191838264465332,137.82981872558594,60.12068965517241,79.80000000000001,True,False,False,True
19,station,S+U Frankfurter Allee (Berlin),hop2,2026-09-07 15:00:00,19,79.33973693847656,8.434804916381836,180.9879150390625,76.94827586206897,222.60000000000002,True,False,False,False
19,station,S+U Frankfurter Allee (Berlin),hop2,2026-09-07 15:15:00,31,102.85485076904297,11.046262741088867,237.8020477294922,101.91379310344827,222.60000000000002,True,False,False,False
19,station,S+U Frankfurter Allee (Berlin),hop2,2026-09-07 15:30:00,242,95.82969665527344,10.299029350280762,221.44430541992188,95.03389830508475,222.60000000000002,False,True,False,True
19,station,S+U Frankfurter Allee (Berlin),hop2,2026-09-07 15:45:00,261,110.943359375,11.917162895202637,256.7603454589844,110.1896551724138,222.60000000000002,False,True,False,True
19,station,S+U Frankfurter Allee (Berlin),hop2,2026-09-07 16:00:00,12,144.2943572998047,15.546953201293945,341.4948425292969,145.58620689655172,395.0,False,False,True,False
19,station,S+U Frankfurter Allee (Berlin),hop2,2026-09-07 16:15:00,133,161.4691619873047,18.03926658630371,389.5121154785156,163.3793103448276,395.0,True,False,False,False
19,station,S+U Frankfurter Allee (Berlin),hop2,2026-09-07 16:30:00,127,167.13192749023438,19.091554641723633,404.3645935058594,167.10526315789474,395.0,True,False,False,False
19,station,S+U Frankfurter Allee (Berlin),hop2,2026-09-07 16:45:00,126,187.39492797851562,22.991230010986328,448.0287780761719,187.48275862068965,395.0,True,False,False,False
19,station,S+U Frankfurter Allee (Berlin),hop2,2026-09-07 17:00:00,264,171.9909210205078,20.0432186126709,418.4469909667969,170.05172413793105,482.8,True,False,False,False
19,station,S+U Frankfurter Allee (Berlin),hop2,2026-09-07 17:15:00,99,264.2217102050781,36.37760925292969,507.5798034667969,258.8965517241379,482.8,True,False,False,False
19,station,S+U Lichtenberg Bhf (Berlin),closed_unserved,2026-09-07 14:00:00,0,30.986799240112305,2.8816747665405273,71.2540054321289,31.93103448275862,110.80000000000001,False,False,True,False
19,station,S+U Lichtenberg Bhf (Berlin),closed_unserved,2026-09-07 14:15:00,0,39.8798828125,3.8448574542999268,90.93073272705078,40.310344827586206,110.80000000000001,False,False,True,False
19,station,S+U Lichtenberg Bhf (Berlin),closed_unserved,2026-09-07 14:30:00,0,50.42901611328125,5.004839897155762,114.39933013916016,49.6551724137931,110.80000000000001,False,False,True,False
19,station,S+U Lichtenberg Bhf (Berlin),closed_unserved,2026-09-07 14:45:00,0,57.831207275390625,5.767515659332275,130.77452087402344,56.310344827586206,110.80000000000001,False,False,True,False
19,station,S+U Lichtenberg Bhf (Berlin),closed_unserved,2026-09-07 15:00:00,0,56.40292739868164,5.8058695793151855,126.79654693603516,54.827586206896555,231.4000000000001,False,False,True,False
19,station,S+U Lichtenberg Bhf (Berlin),closed_unserved,2026-09-07 15:15:00,0,73.28494262695312,7.891763210296631,165.79640197753906,71.36206896551724,231.4000000000001,False,False,True,False
19,station,S+U Lichtenberg Bhf (Berlin),closed_unserved,2026-09-07 15:30:00,0,98.7996826171875,10.633522987365723,228.7950897216797,97.49152542372882,231.4000000000001,False,False,True,False
19,station,S+U Lichtenberg Bhf (Berlin),closed_unserved,2026-09-07 15:45:00,0,134.4010772705078,14.512205123901367,313.83343505859375,136.67241379310346,231.4000000000001,False,False,True,False
19,station,S+U Lichtenberg Bhf (Berlin),closed_unserved,2026-09-07 16:00:00,0,128.0023193359375,13.665242195129395,299.849609375,128.27586206896552,312.0,False,False,True,False
19,station,S+U Lichtenberg Bhf (Berlin),closed_unserved,2026-09-07 16:15:00,0,120.07757568359375,12.776017189025879,279.11962890625,118.96551724137932,312.0,False,False,True,False
19,station,S+U Lichtenberg Bhf (Berlin),closed_unserved,2026-09-07 16:30:00,0,177.3926239013672,21.096923828125,428.9517822265625,176.87719298245614,312.0,False,False,True,False
19,station,S+U Lichtenberg Bhf (Berlin),closed_unserved,2026-09-07 16:45:00,0,162.92604064941406,18.610340118408203,392.8624572753906,163.18965517241378,312.0,False,False,True,False
19,station,S+U Lichtenberg Bhf (Berlin),closed_unserved,2026-09-07 17:00:00,0,205.67665100097656,26.029409408569336,474.52667236328125,199.36206896551724,500.0,False,False,True,False
19,station,S+U Lichtenberg Bhf (Berlin),closed_unserved,2026-09-07 17:15:00,0,190.32601928710938,22.93776512145996,455.8885498046875,183.10344827586206,500.0,False,False,True,False
19,station,U Magdalenenstr. (Berlin),hop1,2026-09-07 14:00:00,24,30.770992279052734,2.8525381088256836,70.73517608642578,31.620689655172413,91.9,True,False,False,False
19,station,U Magdalenenstr. (Berlin),hop1,2026-09-07 14:15:00,61,28.787137985229492,2.546849489212036,66.14432525634766,29.396551724137932,91.9,True,False,False,False
19,station,U Magdalenenstr. (Berlin),hop1,2026-09-07 14:30:00,53,40.46287536621094,3.974123954772949,92.3349380493164,40.8448275862069,91.9,True,False,False,False
19,station,U Magdalenenstr. (Berlin),hop1,2026-09-07 14:45:00,170,61.9075927734375,6.29344367980957,139.45472717285156,60.741379310344826,91.9,False,True,False,True
19,station,U Magdalenenstr. (Berlin),hop1,2026-09-07 15:00:00,21,82.39968872070312,8.824895858764648,187.99510192871094,80.56896551724138,233.60000000000002,True,False,False,False
19,station,U Magdalenenstr. (Berlin),hop1,2026-09-07 15:15:00,60,95.11512756347656,10.218514442443848,219.85079956054688,92.89655172413794,233.60000000000002,True,False,False,False
19,station,U Magdalenenstr. (Berlin),hop1,2026-09-07 15:30:00,23,101.23587036132812,10.875386238098145,234.28562927246094,100.44067796610169,233.60000000000002,True,False,False,False
19,station,U Magdalenenstr. (Berlin),hop1,2026-09-07 15:45:00,128,114.8459701538086,12.362529754638672,264.9766845703125,114.98275862068965,233.60000000000002,True,False,False,False
19,station,U Magdalenenstr. (Berlin),hop1,2026-09-07 16:00:00,3,154.30496215820312,17.093769073486328,368.92779541015625,157.44827586206895,481.0,False,False,True,False
19,station,U Magdalenenstr. (Berlin),hop1,2026-09-07 16:15:00,24,160.02085876464844,17.750648498535156,386.6029968261719,160.05172413793105,481.0,True,False,False,False
19,station,U Magdalenenstr. (Berlin),hop1,2026-09-07 16:30:00,4,181.76470947265625,21.733932495117188,438.41943359375,179.50877192982455,481.0,False,False,True,False
19,station,U Magdalenenstr. (Berlin),hop1,2026-09-07 16:45:00,314,178.40115356445312,21.22508430480957,431.1861877441406,177.72413793103448,481.0,True,False,False,False
19,station,U Magdalenenstr. (Berlin),hop1,2026-09-07 17:00:00,144,207.7452392578125,26.57528305053711,476.4590759277344,201.8793103448276,500.0,True,False,False,False
19,station,U Magdalenenstr. (Berlin),hop1,2026-09-07 17:15:00,133,255.7255859375,35.28084945678711,502.2878723144531,243.74137931034483,500.0,True,False,False,False
19,station,U Tierpark (Berlin),hop2,2026-09-07 14:00:00,29,27.865127563476562,2.489673376083374,64.01097869873047,28.810344827586206,87.9,True,False,False,False
19,station,U Tierpark (Berlin),hop2,2026-09-07 14:15:00,15,29.890708923339844,2.6938390731811523,68.71804809570312,30.82758620689655,87.9,True,False,False,False
19,station,U Tierpark (Berlin),hop2,2026-09-07 14:30:00,22,40.96267318725586,4.021566867828369,93.69082641601562,41.05172413793103,87.9,True,False,False,False
19,station,U Tierpark (Berlin),hop2,2026-09-07 14:45:00,62,42.840675354003906,4.227426528930664,97.88229370117188,42.86206896551724,87.9,True,False,False,False
19,station,U Tierpark (Berlin),hop2,2026-09-07 15:00:00,47,79.65669250488281,8.525997161865234,181.48387145996094,78.03448275862068,188.2000000000001,True,False,False,False
19,station,U Tierpark (Berlin),hop2,2026-09-07 15:15:00,224,86.20825958251953,9.258123397827148,197.85110473632812,84.06896551724138,188.2000000000001,False,True,False,True
19,station,U Tierpark (Berlin),hop2,2026-09-07 15:30:00,495,93.20938110351562,9.982462882995605,215.1009521484375,91.71186440677967,188.2000000000001,False,True,False,True
19,station,U Tierpark (Berlin),hop2,2026-09-07 15:45:00,97,92.39058685302734,10.011033058166504,212.64996337890625,90.75862068965517,188.2000000000001,True,False,False,False
19,station,U Tierpark (Berlin),hop2,2026-09-07 16:00:00,18,127.11347961425781,13.58200454711914,298.21136474609375,126.12068965517241,359.0,True,False,False,False
19,station,U Tierpark (Berlin),hop2,2026-09-07 16:15:00,321,141.34474182128906,15.114776611328125,334.9116516113281,140.81034482758622,359.0,True,False,False,False
19,station,U Tierpark (Berlin),hop2,2026-09-07 16:30:00,266,153.86561584472656,16.984128952026367,368.26495361328125,154.3684210526316,359.0,True,False,False,False
19,station,U Tierpark (Berlin),hop2,2026-09-07 16:45:00,77,148.50108337402344,16.36775016784668,352.9926452636719,148.51724137931035,359.0,True,False,False,False
19,station,U Tierpark (Berlin),hop2,2026-09-07 17:00:00,35,224.09442138671875,30.012380599975586,488.84930419921875,215.55172413793105,500.0,True,False,False,False
19,station,U Tierpark (Berlin),hop2,2026-09-07 17:15:00,95,241.04151916503906,33.08344268798828,497.17315673828125,226.55172413793105,500.0,True,False,False,False
19,station,U Friedrichsfelde (Berlin),hop1,2026-09-07 14:00:00,7,21.158138275146484,1.6339616775512695,49.400596618652344,22.120689655172413,104.9,True,False,False,False
19,station,U Friedrichsfelde (Berlin),hop1,2026-09-07 14:15:00,1,33.65093994140625,3.149317979812622,77.025146484375,34.60344827586207,104.9,False,False,True,False
19,station,U Friedrichsfelde (Berlin),hop1,2026-09-07 14:30:00,3,51.83718490600586,5.137284755706787,117.44212341308594,51.12068965517241,104.9,False,False,True,False
19,station,U Friedrichsfelde (Berlin),hop1,2026-09-07 14:45:00,16,60.224491119384766,6.065983295440674,135.40443420410156,59.37931034482759,104.9,True,False,False,False
19,station,U Friedrichsfelde (Berlin),hop1,2026-09-07 15:00:00,88,62.95351028442383,6.562195301055908,141.55096435546875,61.293103448275865,224.40000000000003,True,False,False,False
19,station,U Friedrichsfelde (Berlin),hop1,2026-09-07 15:15:00,43,81.70751190185547,8.725257873535156,186.86166381835938,79.70689655172414,224.40000000000003,True,False,False,False
19,station,U Friedrichsfelde (Berlin),hop1,2026-09-07 15:30:00,25,98.40637969970703,10.552081108093262,227.69781494140625,97.98305084745763,224.40000000000003,True,False,False,False
19,station,U Friedrichsfelde (Berlin),hop1,2026-09-07 15:45:00,2,126.93417358398438,13.57161808013916,295.9981994628906,127.06896551724138,224.40000000000003,False,False,True,False
19,station,U Friedrichsfelde (Berlin),hop1,2026-09-07 16:00:00,288,114.22169494628906,12.225769996643066,264.5386657714844,114.24137931034483,408.0,False,True,False,False
19,station,U Friedrichsfelde (Berlin),hop1,2026-09-07 16:15:00,59,150.25588989257812,16.250892639160156,357.96466064453125,152.86206896551724,408.0,True,False,False,False
19,station,U Friedrichsfelde (Berlin),hop1,2026-09-07 16:30:00,500,190.30905151367188,23.252275466918945,452.9710998535156,189.05263157894737,408.0,False,True,False,True
19,station,U Friedrichsfelde (Berlin),hop1,2026-09-07 16:45:00,215,198.3641815185547,25.034339904785156,464.96722412109375,196.98275862068965,408.0,True,False,False,False
19,station,U Friedrichsfelde (Berlin),hop1,2026-09-07 17:00:00,71,188.2233123779297,22.780597686767578,452.1898193359375,184.29310344827587,500.0,True,False,False,False
19,station,U Friedrichsfelde (Berlin),hop1,2026-09-07 17:15:00,185,193.50213623046875,23.41449546813965,460.171630859375,187.22413793103448,500.0,True,False,False,False
20,station,U Mierendorffplatz (Berlin),hop2,2026-09-07 20:30:00,75,98.87175750732422,10.547510147094727,229.72567749023438,92.50847457627118,259.5,True,False,False,False
20,station,U Mierendorffplatz (Berlin),hop2,2026-09-07 20:45:00,38,95.2650375366211,10.127806663513184,220.91201782226562,88.62711864406779,259.5,True,False,False,False
20,station,U Mierendorffplatz (Berlin),hop2,2026-09-07 21:00:00,48,71.71504211425781,7.49083948135376,162.44337463378906,68.03508771929825,149.3,True,False,False,False
20,station,U Mierendorffplatz (Berlin),hop2,2026-09-07 21:15:00,13,63.0317268371582,6.4290056228637695,142.1739044189453,59.12280701754386,149.3,True,False,False,False
20,station,U Sophie-Charlotte-Platz (Berlin),hop1,2026-09-07 20:30:00,48,129.7723388671875,13.922747611999512,302.8438720703125,124.94915254237289,284.0,True,False,False,False
20,station,U Sophie-Charlotte-Platz (Berlin),hop1,2026-09-07 20:45:00,120,98.23680877685547,10.338871002197266,228.20945739746094,92.1864406779661,284.0,True,False,False,False
20,station,U Sophie-Charlotte-Platz (Berlin),hop1,2026-09-07 21:00:00,3,84.79156494140625,8.984177589416504,193.96856689453125,81.59649122807018,134.3,False,False,True,False
20,station,U Sophie-Charlotte-Platz (Berlin),hop1,2026-09-07 21:15:00,77,63.740116119384766,6.432914733886719,143.70741271972656,60.07017543859649,134.3,True,False,False,False
20,station,U Deutsche Oper (Berlin),hop1,2026-09-07 20:30:00,428,118.65827941894531,12.331292152404785,274.9617919921875,113.10169491525424,330.5,False,True,False,True
20,station,U Deutsche Oper (Berlin),hop1,2026-09-07 20:45:00,242,123.13118743896484,12.762889862060547,285.2292175292969,118.94915254237289,330.5,True,False,False,False
20,station,U Deutsche Oper (Berlin),hop1,2026-09-07 21:00:00,315,119.40165710449219,12.582237243652344,275.287353515625,117.87719298245614,207.20000000000005,False,True,False,True
20,station,U Deutsche Oper (Berlin),hop1,2026-09-07 21:15:00,1,114.35723876953125,12.172279357910156,262.9246826171875,113.01754385964912,207.20000000000005,False,False,True,False
20,station,U Richard-Wagner-Platz (Berlin),hop1,2026-09-07 20:30:00,124,131.32615661621094,14.200304985046387,306.69000244140625,125.59322033898304,265.0,True,False,False,False
20,station,U Richard-Wagner-Platz (Berlin),hop1,2026-09-07 20:45:00,41,102.05215454101562,10.802940368652344,236.8702392578125,94.98305084745763,265.0,True,False,False,False
20,station,U Richard-Wagner-Platz (Berlin),hop1,2026-09-07 21:00:00,15,84.63896942138672,9.010026931762695,193.77420043945312,80.49122807017544,154.0000000000001,True,False,False,False
20,station,U Richard-Wagner-Platz (Berlin),hop1,2026-09-07 21:15:00,65,63.53010177612305,6.501967430114746,143.1647186279297,59.719298245614034,154.0000000000001,True,False,False,False
20,station,U Ernst-Reuter-Platz (Berlin),hop2,2026-09-07 20:30:00,128,227.4820556640625,25.015567779541016,521.35009765625,216.38983050847457,516.0,True,False,False,False
20,station,U Ernst-Reuter-Platz (Berlin),hop2,2026-09-07 20:45:00,367,180.08042907714844,18.73580551147461,428.8756408691406,177.0,516.0,True,False,False,False
20,station,U Ernst-Reuter-Platz (Berlin),hop2,2026-09-07 21:00:00,646,148.88072204589844,15.599749565124512,348.0575866699219,150.56140350877192,262.90000000000003,False,True,False,True
20,station,U Ernst-Reuter-Platz (Berlin),hop2,2026-09-07 21:15:00,102,138.1767120361328,14.656076431274414,319.472412109375,139.64912280701753,262.90000000000003,True,False,False,False
20,station,U Adenauerplatz (Berlin),hop2,2026-09-07 20:30:00,163,125.35633850097656,13.303421020507812,291.1909484863281,120.01694915254237,295.0,True,False,False,False
20,station,U Adenauerplatz (Berlin),hop2,2026-09-07 20:45:00,70,103.26080322265625,10.775826454162598,239.59950256347656,96.69491525423729,295.0,True,False,False,False
20,station,U Adenauerplatz (Berlin),hop2,2026-09-07 21:00:00,79,99.10369873046875,10.475914001464844,229.4818878173828,95.54385964912281,170.20000000000005,True,False,False,False
20,station,U Adenauerplatz (Berlin),hop2,2026-09-07 21:15:00,20,73.56678771972656,7.601358413696289,166.61746215820312,69.98245614035088,170.20000000000005,True,False,False,False
20,station,U Bismarckstr. (Berlin),closed_unserved,2026-09-07 20:30:00,0,143.01083374023438,15.178278923034668,336.2848815917969,141.67796610169492,365.5,False,False,True,False
20,station,U Bismarckstr. (Berlin),closed_unserved,2026-09-07 20:45:00,0,135.2315673828125,14.181767463684082,316.68768310546875,132.6949152542373,365.5,False,False,True,False
20,station,U Bismarckstr. (Berlin),closed_unserved,2026-09-07 21:00:00,0,93.04306030273438,9.573600769042969,215.16375732421875,91.05263157894737,163.3,False,False,True,False
20,station,U Bismarckstr. (Berlin),closed_unserved,2026-09-07 21:15:00,0,76.1865463256836,7.655991077423096,173.4989776611328,73.70175438596492,163.3,False,False,True,False
20,station,U Wilmersdorfer Str. (Berlin),hop1,2026-09-07 20:30:00,134,119.99658203125,12.71948528289795,278.6719665527344,113.88135593220339,253.5,True,False,False,False
20,station,U Wilmersdorfer Str. (Berlin),hop1,2026-09-07 20:45:00,221,80.72553253173828,8.541584014892578,184.88760375976562,75.83050847457628,253.5,False,True,False,False
20,station,U Wilmersdorfer Str. (Berlin),hop1,2026-09-07 21:00:00,108,96.25865936279297,10.225889205932617,222.49449157714844,92.50877192982456,150.90000000000003,True,False,False,False
20,station,U Wilmersdorfer Str. (Berlin),hop1,2026-09-07 21:15:00,59,80.68437957763672,8.490945816040039,184.34127807617188,76.59649122807018,150.90000000000003,True,False,False,False
20,station,U Kaiserdamm (Berlin),hop2,2026-09-07 20:30:00,49,129.47071838378906,14.058598518371582,302.00238037109375,123.66101694915254,295.5,True,False,False,False
20,station,U Kaiserdamm (Berlin),hop2,2026-09-07 20:45:00,2,126.4725341796875,13.631516456604004,295.22894287109375,119.45762711864407,295.5,False,False,True,False
20,station,U Kaiserdamm (Berlin),hop2,2026-09-07 21:00:00,96,77.84376525878906,8.289092063903809,177.91848754882812,73.05263157894737,137.90000000000003,True,False,False,False
20,station,U Kaiserdamm (Berlin),hop2,2026-09-07 21:15:00,27,67.2599105834961,6.9918212890625,152.12213134765625,62.771929824561404,137.90000000000003,True,False,False,False
21,line_section,U Hallesches Tor (Berlin),hop2,2026-09-14 10:45:00,23,38.78620529174805,3.6259806156158447,89.10322570800781,36.13559322033898,190.80000000000007,True,False,False,False
21,line_section,U Hallesches Tor (Berlin),hop2,2026-09-14 11:00:00,146,31.218751907348633,2.821030616760254,71.84224700927734,30.52542372881356,59.70000000000002,False,True,False,True
21,line_section,U Hallesches Tor (Berlin),hop2,2026-09-14 11:15:00,13,28.876251220703125,2.531383752822876,66.3058853149414,28.406779661016948,59.70000000000002,True,False,False,False
21,line_section,U Hallesches Tor (Berlin),hop2,2026-09-14 11:30:00,61,19.098161697387695,1.3354419469833374,45.52631759643555,19.275862068965516,59.70000000000002,False,True,False,True
21,line_section,U Hallesches Tor (Berlin),hop2,2026-09-14 11:45:00,3,15.9777193069458,0.9648425579071045,38.34999465942383,16.310344827586206,59.70000000000002,True,False,False,False
21,line_section,U Hallesches Tor (Berlin),hop2,2026-09-14 12:00:00,8,11.863088607788086,0.4588785171508789,29.268234252929688,12.448275862068966,23.30000000000001,True,False,False,False
21,line_section,U Hallesches Tor (Berlin),hop2,2026-09-14 12:15:00,17,6.16548490524292,0.0,15.933252334594727,6.172413793103448,23.30000000000001,False,True,False,False
21,line_section,U Hallesches Tor (Berlin),hop2,2026-09-14 12:30:00,31,7.801001071929932,0.023611679673194885,20.22774887084961,8.142857142857142,23.30000000000001,False,True,False,True
21,line_section,U Hallesches Tor (Berlin),hop2,2026-09-14 12:45:00,10,7.301205158233643,0.0,18.95711326599121,7.660714285714286,23.30000000000001,True,False,False,False
21,line_section,U Hallesches Tor (Berlin),hop2,2026-09-14 13:00:00,16,10.084931373596191,0.2895350158214569,25.065174102783203,10.631578947368421,41.0,True,False,False,False
21,line_section,U Hallesches Tor (Berlin),hop2,2026-09-14 13:15:00,24,12.09666919708252,0.5168747305870056,29.90509033203125,12.859649122807017,41.0,True,False,False,False
21,line_section,U Hallesches Tor (Berlin),hop2,2026-09-14 13:30:00,27,14.361685752868652,0.740414559841156,34.989009857177734,15.40677966101695,41.0,True,False,False,False
21,line_section,U Hallesches Tor (Berlin),hop2,2026-09-14 13:45:00,5,24.124526977539062,1.9867209196090698,56.228424072265625,24.915254237288135,41.0,True,False,False,False
21,line_section,U Hallesches Tor (Berlin),hop2,2026-09-14 14:00:00,38,43.50373458862305,4.205698490142822,99.03910064697266,42.310344827586206,107.60000000000002,True,False,False,False
21,line_section,U Hallesches Tor (Berlin),hop2,2026-09-14 14:15:00,3,43.35979080200195,4.149959087371826,98.84994506835938,41.810344827586206,107.60000000000002,False,False,True,False
21,line_section,U Hallesches Tor (Berlin),hop2,2026-09-14 14:30:00,132,50.014610290527344,4.791507720947266,113.46656036376953,47.689655172413794,107.60000000000002,False,True,False,True
21,line_section,U Hallesches Tor (Berlin),hop2,2026-09-14 14:45:00,64,62.090579986572266,5.916231632232666,140.35247802734375,57.706896551724135,107.60000000000002,True,False,False,False
21,line_section,U Hallesches Tor (Berlin),hop2,2026-09-14 15:00:00,16,95.50279235839844,9.625709533691406,222.24598693847656,88.87931034482759,260.00000000000006,True,False,False,False
21,line_section,U Gneisenaustr. (Berlin),hop2,2026-09-14 10:45:00,24,45.3106689453125,4.277519226074219,103.1868667602539,42.813559322033896,163.40000000000003,True,False,False,False
21,line_section,U Gneisenaustr. (Berlin),hop2,2026-09-14 11:00:00,15,41.665367126464844,3.972675085067749,94.90457153320312,41.389830508474574,58.500000000000085,True,False,False,False
21,line_section,U Gneisenaustr. (Berlin),hop2,2026-09-14 11:15:00,34,26.666574478149414,2.225719928741455,61.62666320800781,26.983050847457626,58.500000000000085,True,False,False,False
21,line_section,U Gneisenaustr. (Berlin),hop2,2026-09-14 11:30:00,4,18.408037185668945,1.3099799156188965,43.70347213745117,19.224137931034484,58.500000000000085,True,False,False,False
21,line_section,U Gneisenaustr. (Berlin),hop2,2026-09-14 11:45:00,3,10.635009765625,0.3927135467529297,26.03196144104004,10.741379310344827,58.500000000000085,True,False,False,False
21,line_section,U Gneisenaustr. (Berlin),hop2,2026-09-14 12:00:00,0,9.15078067779541,0.18938902020454407,23.058639526367188,9.46551724137931,22.0,False,False,True,False
21,line_section,U Gneisenaustr. (Berlin),hop2,2026-09-14 12:15:00,12,7.404655456542969,0.0,19.08421516418457,7.603448275862069,22.0,True,False,False,False
21,line_section,U Gneisenaustr. (Berlin),hop2,2026-09-14 12:30:00,4,7.6170806884765625,0.02166229486465454,19.67762565612793,7.928571428571429,22.0,True,False,False,False
21,line_section,U Gneisenaustr. (Berlin),hop2,2026-09-14 12:45:00,9,8.65394401550293,0.1432342827320099,22.052051544189453,9.25,22.0,True,False,False,False
21,line_section,U Gneisenaustr. (Berlin),hop2,2026-09-14 13:00:00,6,7.661888599395752,0.019297391176223755,19.596832275390625,8.087719298245615,42.900000000000006,True,False,False,False
21,line_section,U Gneisenaustr. (Berlin),hop2,2026-09-14 13:15:00,31,12.786663055419922,0.64620441198349,31.5147762298584,13.789473684210526,42.900000000000006,True,False,False,False
21,line_section,U Gneisenaustr. (Berlin),hop2,2026-09-14 13:30:00,0,20.862154006958008,1.5943503379821777,49.13289260864258,22.728813559322035,42.900000000000006,False,False,True,False
21,line_section,U Gneisenaustr. (Berlin),hop2,2026-09-14 13:45:00,7,26.233327865600586,2.3103511333465576,60.631072998046875,27.610169491525422,42.900000000000006,True,False,False,False
21,line_section,U Gneisenaustr. (Berlin),hop2,2026-09-14 14:00:00,60,34.076778411865234,3.2588698863983154,78.0257797241211,34.03448275862069,104.80000000000001,True,False,False,False
21,line_section,U Gneisenaustr. (Berlin),hop2,2026-09-14 14:15:00,40,50.025779724121094,4.931686878204346,113.3393325805664,48.206896551724135,104.80000000000001,True,False,False,False
21,line_section,U Gneisenaustr. (Berlin),hop2,2026-09-14 14:30:00,27,45.47584915161133,4.453850269317627,103.38813781738281,44.206896551724135,104.80000000000001,True,False,False,False
21,line_section,U Gneisenaustr. (Berlin),hop2,2026-09-14 14:45:00,37,50.86330032348633,4.976871967315674,115.31474304199219,48.224137931034484,104.80000000000001,True,False,False,False
21,line_section,U Gneisenaustr. (Berlin),hop2,2026-09-14 15:00:00,27,67.61700439453125,6.869694709777832,152.76666259765625,62.775862068965516,193.8,True,False,False,False
21,line_section,U Mehringdamm (Berlin),hop1,2026-09-14 10:45:00,68,60.95409393310547,5.677995204925537,138.22593688964844,56.186440677966104,169.10000000000005,True,False,False,False
21,line_section,U Mehringdamm (Berlin),hop1,2026-09-14 11:00:00,48,40.44554138183594,3.709364175796509,92.52167510986328,40.30508474576271,60.400000000000034,True,False,False,False
21,line_section,U Mehringdamm (Berlin),hop1,2026-09-14 11:15:00,103,26.12656593322754,2.0668201446533203,60.66674041748047,26.423728813559322,60.400000000000034,False,True,False,True
21,line_section,U Mehringdamm (Berlin),hop1,2026-09-14 11:30:00,28,19.81358528137207,1.3831698894500732,47.114646911621094,20.603448275862068,60.400000000000034,True,False,False,False
21,line_section,U Mehringdamm (Berlin),hop1,2026-09-14 11:45:00,14,15.919516563415527,0.9240798950195312,38.340057373046875,16.75862068965517,60.400000000000034,True,False,False,False
21,line_section,U Mehringdamm (Berlin),hop1,2026-09-14 12:00:00,1,13.760824203491211,0.6649488806724548,33.870338439941406,15.206896551724139,31.600000000000023,True,False,False,False
21,line_section,U Mehringdamm (Berlin),hop1,2026-09-14 12:15:00,4,10.908692359924316,0.3674815893173218,27.118314743041992,11.844827586206897,31.600000000000023,True,False,False,False
21,line_section,U Mehringdamm (Berlin),hop1,2026-09-14 12:30:00,0,8.220914840698242,0.05061851441860199,21.25579071044922,8.821428571428571,31.600000000000023,False,False,True,False
21,line_section,U Mehringdamm (Berlin),hop1,2026-09-14 12:45:00,4,12.076407432556152,0.4769222140312195,30.01569175720215,13.482142857142858,31.600000000000023,True,False,False,False
21,line_section,U Mehringdamm (Berlin),hop1,2026-09-14 13:00:00,1,14.708016395568848,0.8041247725486755,35.707984924316406,16.42105263157895,46.0,True,False,False,False
21,line_section,U Mehringdamm (Berlin),hop1,2026-09-14 13:15:00,8,17.07777976989746,1.061241626739502,41.21684265136719,18.789473684210527,46.0,True,False,False,False
21,line_section,U Mehringdamm (Berlin),hop1,2026-09-14 13:30:00,37,19.001733779907227,1.2510771751403809,45.4957389831543,20.779661016949152,46.0,True,False,False,False
21,line_section,U Mehringdamm (Berlin),hop1,2026-09-14 13:45:00,0,22.746009826660156,1.7292604446411133,53.31184768676758,23.847457627118644,46.0,False,False,True,False
21,line_section,U Mehringdamm (Berlin),hop1,2026-09-14 14:00:00,6,31.234289169311523,2.760690212249756,71.93079376220703,31.224137931034484,136.70000000000002,True,False,False,False
21,line_section,U Mehringdamm (Berlin),hop1,2026-09-14 14:15:00,19,37.94170379638672,3.4975361824035645,87.09480285644531,37.63793103448276,136.70000000000002,True,False,False,False
21,line_section,U Mehringdamm (Berlin),hop1,2026-09-14 14:30:00,13,64.8400650024414,6.255285739898682,145.9906005859375,61.706896551724135,136.70000000000002,True,False,False,False
21,line_section,U Mehringdamm (Berlin),hop1,2026-09-14 14:45:00,209,78.72359466552734,7.871512413024902,180.33522033691406,74.94827586206897,136.70000000000002,False,True,False,True
21,line_section,U Mehringdamm (Berlin),hop1,2026-09-14 15:00:00,28,81.9863510131836,8.250313758850098,188.19117736816406,77.06896551724138,242.40000000000003,True,False,False,False
21,line_section,U Platz der Luftbrücke (Berlin),endpoint_or_interchange,2026-09-14 10:45:00,76,44.92938232421875,4.243709087371826,102.43029022216797,42.16949152542373,140.0,True,False,False,False
21,line_section,U Platz der Luftbrücke (Berlin),endpoint_or_interchange,2026-09-14 11:00:00,28,36.29425811767578,3.3840320110321045,83.56363677978516,36.05084745762712,56.0,True,False,False,False
21,line_section,U Platz der Luftbrücke (Berlin),endpoint_or_interchange,2026-09-14 11:15:00,47,21.9417781829834,1.6845118999481201,51.4077262878418,22.372881355932204,56.0,True,False,False,False
21,line_section,U Platz der Luftbrücke (Berlin),endpoint_or_interchange,2026-09-14 11:30:00,13,16.054048538208008,1.0233397483825684,38.25523376464844,16.620689655172413,56.0,True,False,False,False
21,line_section,U Platz der Luftbrücke (Berlin),endpoint_or_interchange,2026-09-14 11:45:00,27,13.754941940307617,0.7480496168136597,33.47417449951172,14.258620689655173,56.0,True,False,False,False
21,line_section,U Platz der Luftbrücke (Berlin),endpoint_or_interchange,2026-09-14 12:00:00,1,9.81937313079834,0.2646060585975647,24.38108253479004,10.293103448275861,19.30000000000001,True,False,False,False
21,line_section,U Platz der Luftbrücke (Berlin),endpoint_or_interchange,2026-09-14 12:15:00,0,6.651803493499756,0.0,17.169410705566406,6.724137931034483,19.30000000000001,True,False,False,False
21,line_section,U Platz der Luftbrücke (Berlin),endpoint_or_interchange,2026-09-14 12:30:00,4,7.278406620025635,0.0,18.873291015625,7.571428571428571,19.30000000000001,True,False,False,False
21,line_section,U Platz der Luftbrücke (Berlin),endpoint_or_interchange,2026-09-14 12:45:00,7,5.713144302368164,0.0,14.617033958435059,5.857142857142857,19.30000000000001,True,False,False,False
21,line_section,U Platz der Luftbrücke (Berlin),endpoint_or_interchange,2026-09-14 13:00:00,0,9.279297828674316,0.22200924158096313,23.176055908203125,9.947368421052632,39.0,False,False,True,False
21,line_section,U Platz der Luftbrücke (Berlin),endpoint_or_interchange,2026-09-14 13:15:00,14,13.621702194213867,0.7435277700424194,33.31248474121094,14.807017543859649,39.0,True,False,False,False
21,line_section,U Platz der Luftbrücke (Berlin),endpoint_or_interchange,2026-09-14 13:30:00,3,16.02143669128418,0.9967475533485413,38.344635009765625,17.45762711864407,39.0,True,False,False,False
21,line_section,U Platz der Luftbrücke (Berlin),endpoint_or_interchange,2026-09-14 13:45:00,36,20.95853042602539,1.6460001468658447,49.21340560913086,22.1864406779661,39.0,True,False,False,False
21,line_section,U Platz der Luftbrücke (Berlin),endpoint_or_interchange,2026-09-14 14:00:00,1,34.462581634521484,3.2921905517578125,79.04171752929688,34.293103448275865,96.80000000000001,False,False,True,False
21,line_section,U Platz der Luftbrücke (Berlin),endpoint_or_interchange,2026-09-14 14:15:00,12,36.08741760253906,3.4597110748291016,82.78511047363281,35.46551724137931,96.80000000000001,True,False,False,False
21,line_section,U Platz der Luftbrücke (Berlin),endpoint_or_interchange,2026-09-14 14:30:00,53,46.14815902709961,4.521587371826172,104.9743423461914,44.37931034482759,96.80000000000001,True,False,False,False
21,line_section,U Platz der Luftbrücke (Berlin),endpoint_or_interchange,2026-09-14 14:45:00,135,51.47953414916992,5.061519622802734,116.65086364746094,48.37931034482759,96.80000000000001,False,True,False,True
21,line_section,U Platz der Luftbrücke (Berlin),endpoint_or_interchange,2026-09-14 15:00:00,173,75.21288299560547,7.7632832527160645,171.1654510498047,69.53448275862068,212.0,False,True,False,False
21,line_section,U Möckernbrücke (Berlin),hop2,2026-09-14 10:45:00,57,62.733123779296875,5.9419097900390625,142.02099609375,56.88135593220339,189.40000000000003,True,False,False,False
21,line_section,U Möckernbrücke (Berlin),hop2,2026-09-14 11:00:00,188,45.06814193725586,4.267947196960449,102.6561508178711,43.66101694915254,73.70000000000002,False,True,False,True
21,line_section,U Möckernbrücke (Berlin),hop2,2026-09-14 11:15:00,69,32.646949768066406,3.0015556812286377,74.81348419189453,32.08474576271186,73.70000000000002,True,False,False,False
21,line_section,U Möckernbrücke (Berlin),hop2,2026-09-14 11:30:00,17,20.682510375976562,1.5430094003677368,48.75957489013672,20.879310344827587,73.70000000000002,True,False,False,False
21,line_section,U Möckernbrücke (Berlin),hop2,2026-09-14 11:45:00,1,15.61995792388916,0.9182467460632324,37.580467224121094,15.948275862068966,73.70000000000002,True,False,False,False
21,line_section,U Möckernbrücke (Berlin),hop2,2026-09-14 12:00:00,7,13.182132720947266,0.6085982322692871,32.464969635009766,13.724137931034482,31.30000000000001,True,False,False,False
21,line_section,U Möckernbrücke (Berlin),hop2,2026-09-14 12:15:00,5,10.06437873840332,0.27636557817459106,25.138145446777344,10.568965517241379,31.30000000000001,True,False,False,False
21,line_section,U Möckernbrücke (Berlin),hop2,2026-09-14 12:30:00,9,10.150843620300293,0.28584200143814087,25.323217391967773,10.714285714285714,31.30000000000001,True,False,False,False
21,line_section,U Möckernbrücke (Berlin),hop2,2026-09-14 12:45:00,7,10.7942476272583,0.36082756519317627,26.79448127746582,11.642857142857142,31.30000000000001,True,False,False,False
21,line_section,U Möckernbrücke (Berlin),hop2,2026-09-14 13:00:00,9,12.129842758178711,0.5223071575164795,29.82712745666504,13.087719298245615,45.0,True,False,False,False
21,line_section,U Möckernbrücke (Berlin),hop2,2026-09-14 13:15:00,0,14.980292320251465,0.8306563496589661,36.20454025268555,15.982456140350877,45.0,False,False,True,False
21,line_section,U Möckernbrücke (Berlin),hop2,2026-09-14 13:30:00,2,17.930959701538086,1.1650041341781616,42.9371452331543,18.89830508474576,45.0,True,False,False,False
21,line_section,U Möckernbrücke (Berlin),hop2,2026-09-14 13:45:00,6,32.598445892333984,3.063849449157715,74.60507202148438,33.40677966101695,45.0,True,False,False,False
21,line_section,U Möckernbrücke (Berlin),hop2,2026-09-14 14:00:00,23,35.69148635864258,3.3919010162353516,81.81893920898438,34.94827586206897,118.70000000000002,True,False,False,False
21,line_section,U Möckernbrücke (Berlin),hop2,2026-09-14 14:15:00,120,51.835906982421875,4.991944789886475,117.4137954711914,49.43103448275862,118.70000000000002,False,True,False,True
21,line_section,U Möckernbrücke (Berlin),hop2,2026-09-14 14:30:00,74,59.416378021240234,5.646121025085449,134.26222229003906,55.94827586206897,118.70000000000002,True,False,False,False
21,line_section,U Möckernbrücke (Berlin),hop2,2026-09-14 14:45:00,58,84.1624984741211,8.362604141235352,193.16722106933594,79.08620689655173,118.70000000000002,True,False,False,False
21,line_section,U Möckernbrücke (Berlin),hop2,2026-09-14 15:00:00,76,104.53128814697266,10.440061569213867,243.3397979736328,96.8103448275862,289.8,True,False,False,False
21,line_section,U Paradestr. (Berlin),closed_unserved,2026-09-14 10:45:00,17,54.72486114501953,5.279247760772705,123.81364440917969,49.779661016949156,147.10000000000005,True,False,False,False
21,line_section,U Paradestr. (Berlin),closed_unserved,2026-09-14 11:00:00,96,35.0849494934082,3.2837047576904297,80.77284240722656,34.610169491525426,54.0,False,True,False,True
21,line_section,U Paradestr. (Berlin),closed_unserved,2026-09-14 11:15:00,30,22.525833129882812,1.7654247283935547,52.65556335449219,22.949152542372882,54.0,True,False,False,False
21,line_section,U Paradestr. (Berlin),closed_unserved,2026-09-14 11:30:00,18,17.095478057861328,1.1508095264434814,40.77610778808594,17.637931034482758,54.0,True,False,False,False
21,line_section,U Paradestr. (Berlin),closed_unserved,2026-09-14 11:45:00,15,11.720235824584961,0.5242341756820679,28.620616912841797,12.03448275862069,54.0,True,False,False,False
21,line_section,U Paradestr. (Berlin),closed_unserved,2026-09-14 12:00:00,4,9.636129379272461,0.25485101342201233,23.99847412109375,9.89655172413793,22.30000000000001,True,False,False,False
21,line_section,U Paradestr. (Berlin),closed_unserved,2026-09-14 12:15:00,12,7.487545490264893,0.0002795681357383728,19.240478515625,7.655172413793103,22.30000000000001,True,False,False,False
21,line_section,U Paradestr. (Berlin),closed_unserved,2026-09-14 12:30:00,3,8.672399520874023,0.1473676860332489,22.056625366210938,9.071428571428571,22.30000000000001,True,False,False,False
21,line_section,U Paradestr. (Berlin),closed_unserved,2026-09-14 12:45:00,1,8.488518714904785,0.12179909646511078,21.631357192993164,9.017857142857142,22.30000000000001,True,False,False,False
21,line_section,U Paradestr. (Berlin),closed_unserved,2026-09-14 13:00:00,9,9.886507034301758,0.3156163692474365,24.341405868530273,10.614035087719298,36.0,True,False,False,False
21,line_section,U Paradestr. (Berlin),closed_unserved,2026-09-14 13:15:00,10,10.979791641235352,0.44452571868896484,26.984867095947266,11.701754385964913,36.0,True,False,False,False
21,line_section,U Paradestr. (Berlin),closed_unserved,2026-09-14 13:30:00,2,15.57687759399414,0.9583033323287964,37.38304901123047,16.949152542372882,36.0,True,False,False,False
21,line_section,U Paradestr. (Berlin),closed_unserved,2026-09-14 13:45:00,19,20.68183708190918,1.6101778745651245,48.70344924926758,21.915254237288135,36.0,True,False,False,False
21,line_section,U Paradestr. (Berlin),closed_unserved,2026-09-14 14:00:00,9,30.300701141357422,2.797565460205078,69.80107116699219,30.29310344827586,104.70000000000002,True,False,False,False
21,line_section,U Paradestr. (Berlin),closed_unserved,2026-09-14 14:15:00,8,33.28575134277344,3.1583073139190674,76.36932373046875,32.60344827586207,104.70000000000002,True,False,False,False
21,line_section,U Paradestr. (Berlin),closed_unserved,2026-09-14 14:30:00,10,52.40476989746094,5.252922058105469,118.4255599975586,49.58620689655172,104.70000000000002,True,False,False,False
21,line_section,U Paradestr. (Berlin),closed_unserved,2026-09-14 14:45:00,68,61.716392517089844,6.266891956329346,138.63021850585938,57.1551724137931,104.70000000000002,True,False,False,False
21,line_section,U Paradestr. (Berlin),closed_unserved,2026-09-14 15:00:00,525,83.47225189208984,8.805598258972168,191.3931884765625,77.15517241379311,196.8,False,True,False,True
21,line_section,S+U Tempelhof (Berlin),closed_unserved,2026-09-14 10:45:00,8,34.081451416015625,3.082785129547119,78.86750793457031,32.220338983050844,147.40000000000003,True,False,False,False
21,line_section,S+U Tempelhof (Berlin),closed_unserved,2026-09-14 11:00:00,28,37.96508026123047,3.6048178672790527,87.06883239746094,37.28813559322034,51.70000000000002,True,False,False,False
21,line_section,S+U Tempelhof (Berlin),closed_unserved,2026-09-14 11:15:00,42,17.5301570892334,1.1608977317810059,41.853572845458984,17.796610169491526,51.70000000000002,False,True,False,False
21,line_section,S+U Tempelhof (Berlin),closed_unserved,2026-09-14 11:30:00,22,14.839178085327148,0.8826084136962891,35.63407516479492,15.344827586206897,51.70000000000002,True,False,False,False
21,line_section,S+U Tempelhof (Berlin),closed_unserved,2026-09-14 11:45:00,11,9.649736404418945,0.2576712369918823,23.85553741455078,9.46551724137931,51.70000000000002,True,False,False,False
21,line_section,S+U Tempelhof (Berlin),closed_unserved,2026-09-14 12:00:00,2,8.652286529541016,0.11751265823841095,21.980915069580078,8.741379310344827,22.30000000000001,True,False,False,False
21,line_section,S+U Tempelhof (Berlin),closed_unserved,2026-09-14 12:15:00,1,8.365628242492676,0.1038341224193573,21.335771560668945,8.60344827586207,22.30000000000001,True,False,False,False
21,line_section,S+U Tempelhof (Berlin),closed_unserved,2026-09-14 12:30:00,16,7.910874366760254,0.04596155881881714,20.36675262451172,8.160714285714286,22.30000000000001,True,False,False,False
21,line_section,S+U Tempelhof (Berlin),closed_unserved,2026-09-14 12:45:00,5,8.87529182434082,0.1674399971961975,22.458967208862305,9.357142857142858,22.30000000000001,True,False,False,False
21,line_section,S+U Tempelhof (Berlin),closed_unserved,2026-09-14 13:00:00,4,12.244634628295898,0.6150018572807312,30.04938316345215,13.280701754385966,41.0,True,False,False,False
21,line_section,S+U Tempelhof (Berlin),closed_unserved,2026-09-14 13:15:00,18,14.990800857543945,0.9121021628379822,35.98693084716797,16.0,41.0,True,False,False,False
21,line_section,S+U Tempelhof (Berlin),closed_unserved,2026-09-14 13:30:00,62,15.180709838867188,0.9129011034965515,36.48183822631836,16.322033898305083,41.0,False,True,False,True
21,line_section,S+U Tempelhof (Berlin),closed_unserved,2026-09-14 13:45:00,23,16.36809730529785,1.0800230503082275,38.9970703125,17.1864406779661,41.0,True,False,False,False
21,line_section,S+U Tempelhof (Berlin),closed_unserved,2026-09-14 14:00:00,9,25.215002059936523,2.202223539352417,58.46989822387695,25.17241379310345,108.9,True,False,False,False
21,line_section,S+U Tempelhof (Berlin),closed_unserved,2026-09-14 14:15:00,1,45.01961135864258,4.429355144500732,102.61273956298828,42.94827586206897,108.9,False,False,True,False
21,line_section,S+U Tempelhof (Berlin),closed_unserved,2026-09-14 14:30:00,114,47.54781723022461,4.736360549926758,108.1497802734375,45.08620689655172,108.9,False,True,False,True
21,line_section,S+U Tempelhof (Berlin),closed_unserved,2026-09-14 14:45:00,201,70.98572540283203,7.466353416442871,160.17059326171875,65.63793103448276,108.9,False,True,False,True
21,line_section,S+U Tempelhof (Berlin),closed_unserved,2026-09-14 15:00:00,7,77.53889465332031,8.225008964538574,177.239990234375,71.1896551724138,198.8,False,False,True,False
21,line_section,U Alt-Tempelhof (Berlin),closed_unserved,2026-09-14 10:45:00,37,46.54250717163086,4.438013076782227,106.0152359008789,42.847457627118644,138.0,True,False,False,False
21,line_section,U Alt-Tempelhof (Berlin),closed_unserved,2026-09-14 11:00:00,12,36.57762145996094,3.4541680812835693,84.13687133789062,35.79661016949152,56.0,True,False,False,False
21,line_section,U Alt-Tempelhof (Berlin),closed_unserved,2026-09-14 11:15:00,16,23.646255493164062,1.904882788658142,55.118080139160156,23.8135593220339,56.0,True,False,False,False
21,line_section,U Alt-Tempelhof (Berlin),closed_unserved,2026-09-14 11:30:00,7,19.430437088012695,1.4488643407821655,45.957550048828125,20.17241379310345,56.0,True,False,False,False
21,line_section,U Alt-Tempelhof (Berlin),closed_unserved,2026-09-14 11:45:00,1,13.757856369018555,0.7690523862838745,33.43207550048828,14.275862068965518,56.0,True,False,False,False
21,line_section,U Alt-Tempelhof (Berlin),closed_unserved,2026-09-14 12:00:00,0,9.681082725524902,0.25693660974502563,24.07668113708496,9.982758620689655,23.30000000000001,False,False,True,False
21,line_section,U Alt-Tempelhof (Berlin),closed_unserved,2026-09-14 12:15:00,26,8.628735542297363,0.14337030053138733,21.917652130126953,8.89655172413793,23.30000000000001,False,True,False,True
21,line_section,U Alt-Tempelhof (Berlin),closed_unserved,2026-09-14 12:30:00,14,10.10000991821289,0.3438742160797119,24.939971923828125,10.660714285714286,23.30000000000001,True,False,False,False
21,line_section,U Alt-Tempelhof (Berlin),closed_unserved,2026-09-14 12:45:00,6,7.311556339263916,0.0,18.874441146850586,7.660714285714286,23.30000000000001,True,False,False,False
21,line_section,U Alt-Tempelhof (Berlin),closed_unserved,2026-09-14 13:00:00,11,9.190715789794922,0.2089315950870514,22.98843765258789,9.719298245614034,43.900000000000006,True,False,False,False
21,line_section,U Alt-Tempelhof (Berlin),closed_unserved,2026-09-14 13:15:00,5,17.507253646850586,1.2149721384048462,41.848541259765625,19.035087719298247,43.900000000000006,True,False,False,False
21,line_section,U Alt-Tempelhof (Berlin),closed_unserved,2026-09-14 13:30:00,5,16.2530574798584,1.0512664318084717,38.744773864746094,17.661016949152543,43.900000000000006,True,False,False,False
21,line_section,U Alt-Tempelhof (Berlin),closed_unserved,2026-09-14 13:45:00,52,18.688648223876953,1.362398386001587,44.33555603027344,19.89830508474576,43.900000000000006,False,True,False,True
21,line_section,U Alt-Tempelhof (Berlin),closed_unserved,2026-09-14 14:00:00,10,29.867895126342773,2.7592854499816895,68.79397583007812,29.655172413793103,101.80000000000001,True,False,False,False
21,line_section,U Alt-Tempelhof (Berlin),closed_unserved,2026-09-14 14:15:00,16,34.18540573120117,3.2662997245788574,78.41011047363281,33.51724137931034,101.80000000000001,True,False,False,False
21,line_section,U Alt-Tempelhof (Berlin),closed_unserved,2026-09-14 14:30:00,34,47.95463562011719,4.791198253631592,109.05414581298828,45.43103448275862,101.80000000000001,True,False,False,False
21,line_section,U Alt-Tempelhof (Berlin),closed_unserved,2026-09-14 14:45:00,14,64.19236755371094,6.554637432098389,144.19723510742188,59.310344827586206,101.80000000000001,True,False,False,False
21,line_section,U Alt-Tempelhof (Berlin),closed_unserved,2026-09-14 15:00:00,30,94.15166473388672,9.958586692810059,218.5376434326172,87.48275862068965,233.00000000000006,True,False,False,False
21,line_section,U Kaiserin-Augusta-Str. (Berlin),endpoint_or_interchange,2026-09-14 10:45:00,28,50.073307037353516,4.807402610778809,113.87459564208984,45.91525423728814,166.70000000000002,True,False,False,False
21,line_section,U Kaiserin-Augusta-Str. (Berlin),endpoint_or_interchange,2026-09-14 11:00:00,3,27.113136291503906,2.3081130981445312,62.66463851928711,26.796610169491526,45.0,True,False,False,False
21,line_section,U Kaiserin-Augusta-Str. (Berlin),endpoint_or_interchange,2026-09-14 11:15:00,11,23.490924835205078,1.8837202787399292,54.71010971069336,23.661016949152543,45.0,True,False,False,False
21,line_section,U Kaiserin-Augusta-Str. (Berlin),endpoint_or_interchange,2026-09-14 11:30:00,4,16.35267448425293,1.0703858137130737,38.90144729614258,16.862068965517242,45.0,True,False,False,False
21,line_section,U Kaiserin-Augusta-Str. (Berlin),endpoint_or_interchange,2026-09-14 11:45:00,12,8.593722343444824,0.1161285936832428,21.55845832824707,8.482758620689655,45.0,True,False,False,False
21,line_section,U Kaiserin-Augusta-Str. (Berlin),endpoint_or_interchange,2026-09-14 12:00:00,5,9.424294471740723,0.2213330864906311,23.5307674407959,9.724137931034482,20.30000000000001,True,False,False,False
21,line_section,U Kaiserin-Augusta-Str. (Berlin),endpoint_or_interchange,2026-09-14 12:15:00,0,6.872971057891846,0.0,17.73293113708496,6.931034482758621,20.30000000000001,True,False,False,False
21,line_section,U Kaiserin-Augusta-Str. (Berlin),endpoint_or_interchange,2026-09-14 12:30:00,0,6.380852222442627,0.0,16.410966873168945,6.464285714285714,20.30000000000001,True,False,False,False
21,line_section,U Kaiserin-Augusta-Str. (Berlin),endpoint_or_interchange,2026-09-14 12:45:00,5,8.2628755569458,0.08891746401786804,21.158029556274414,8.714285714285714,20.30000000000001,True,False,False,False
21,line_section,U Kaiserin-Augusta-Str. (Berlin),endpoint_or_interchange,2026-09-14 13:00:00,2,7.447699546813965,0.0,19.05512809753418,7.754385964912281,36.0,True,False,False,False
21,line_section,U Kaiserin-Augusta-Str. (Berlin),endpoint_or_interchange,2026-09-14 13:15:00,33,10.652443885803223,0.39889174699783325,26.217451095581055,11.333333333333334,36.0,False,True,False,False
21,line_section,U Kaiserin-Augusta-Str. (Berlin),endpoint_or_interchange,2026-09-14 13:30:00,1,14.449614524841309,0.83480304479599,34.88161849975586,15.711864406779661,36.0,True,False,False,False
21,line_section,U Kaiserin-Augusta-Str. (Berlin),endpoint_or_interchange,2026-09-14 13:45:00,29,17.706127166748047,1.2523694038391113,42.1605110168457,18.83050847457627,36.0,True,False,False,False
21,line_section,U Kaiserin-Augusta-Str. (Berlin),endpoint_or_interchange,2026-09-14 14:00:00,36,28.146690368652344,2.547323226928711,64.90682983398438,28.0,97.80000000000001,True,False,False,False
21,line_section,U Kaiserin-Augusta-Str. (Berlin),endpoint_or_interchange,2026-09-14 14:15:00,0,33.459434509277344,3.1784462928771973,76.80168151855469,32.793103448275865,97.80000000000001,False,False,True,False
21,line_section,U Kaiserin-Augusta-Str. (Berlin),endpoint_or_interchange,2026-09-14 14:30:00,51,47.331050872802734,4.69846773147583,107.63349914550781,44.86206896551724,97.80000000000001,True,False,False,False
21,line_section,U Kaiserin-Augusta-Str. (Berlin),endpoint_or_interchange,2026-09-14 14:45:00,179,71.57579803466797,7.477635383605957,161.74940490722656,66.29310344827586,97.80000000000001,False,True,False,True
21,line_section,U Kaiserin-Augusta-Str. (Berlin),endpoint_or_interchange,2026-09-14 15:00:00,50,72.9266586303711,7.675965309143066,165.35818481445312,67.37931034482759,214.0,True,False,False,False
21,line_section,U Ullsteinstr. (Berlin),hop1,2026-09-14 10:45:00,14,56.817771911621094,5.528755187988281,129.26422119140625,51.59322033898305,149.10000000000005,True,False,False,False
21,line_section,U Ullsteinstr. (Berlin),hop1,2026-09-14 11:00:00,6,36.778541564941406,3.478538751602173,84.5799331665039,36.16949152542373,55.400000000000034,True,False,False,False
21,line_section,U Ullsteinstr. (Berlin),hop1,2026-09-14 11:15:00,3,24.667591094970703,2.009047508239746,57.48848342895508,24.93220338983051,55.400000000000034,True,False,False,False
21,line_section,U Ullsteinstr. (Berlin),hop1,2026-09-14 11:30:00,33,14.900949478149414,0.8841245770454407,35.71369552612305,15.39655172413793,55.400000000000034,True,False,False,False
21,line_section,U Ullsteinstr. (Berlin),hop1,2026-09-14 11:45:00,10,13.710197448730469,0.7582553625106812,33.355289459228516,14.120689655172415,55.400000000000034,True,False,False,False
21,line_section,U Ullsteinstr. (Berlin),hop1,2026-09-14 12:00:00,4,8.649423599243164,0.1088608056306839,21.960416793823242,8.810344827586206,17.0,True,False,False,False
21,line_section,U Ullsteinstr. (Berlin),hop1,2026-09-14 12:15:00,3,7.870303630828857,0.04795190691947937,20.198572158813477,8.051724137931034,17.0,True,False,False,False
21,line_section,U Ullsteinstr. (Berlin),hop1,2026-09-14 12:30:00,0,6.000690937042236,0.0,15.338258743286133,5.964285714285714,17.0,True,False,False,False
21,line_section,U Ullsteinstr. (Berlin),hop1,2026-09-14 12:45:00,5,5.846656799316406,0.0,14.922945976257324,5.803571428571429,17.0,True,False,False,False
21,line_section,U Ullsteinstr. (Berlin),hop1,2026-09-14 13:00:00,1,10.279990196228027,0.360699862241745,25.226119995117188,11.0,35.80000000000001,True,False,False,False
21,line_section,U Ullsteinstr. (Berlin),hop1,2026-09-14 13:15:00,2,12.648106575012207,0.6359807848930359,31.143545150756836,13.473684210526315,35.80000000000001,True,False,False,False
21,line_section,U Ullsteinstr. (Berlin),hop1,2026-09-14 13:30:00,75,14.626684188842773,0.8456649780273438,35.2708625793457,15.830508474576272,35.80000000000001,False,True,False,True
21,line_section,U Ullsteinstr. (Berlin),hop1,2026-09-14 13:45:00,0,20.0626220703125,1.5418585538864136,47.3447380065918,21.152542372881356,35.80000000000001,False,False,True,False
21,line_section,U Ullsteinstr. (Berlin),hop1,2026-09-14 14:00:00,8,23.524438858032227,1.9937952756881714,54.62229537963867,23.396551724137932,93.0,True,False,False,False
21,line_section,U Ullsteinstr. (Berlin),hop1,2026-09-14 14:15:00,1,33.38340377807617,3.164633274078369,76.6930923461914,32.51724137931034,93.0,False,False,True,False
21,line_section,U Ullsteinstr. (Berlin),hop1,2026-09-14 14:30:00,77,48.18123245239258,4.782374858856201,109.65824890136719,45.53448275862069,93.0,True,False,False,False
21,line_section,U Ullsteinstr. (Berlin),hop1,2026-09-14 14:45:00,25,62.521995544433594,6.38883638381958,140.44903564453125,57.53448275862069,93.0,True,False,False,False
21,line_section,U Ullsteinstr. (Berlin),hop1,2026-09-14 15:00:00,19,73.13367462158203,7.657742023468018,166.19943237304688,66.65517241379311,248.0,True,False,False,False
21,line_section,U Westphalweg (Berlin),hop2,2026-09-14 10:45:00,34,42.104286193847656,3.987672805786133,96.24818420410156,39.644067796610166,157.40000000000003,True,False,False,False
21,line_section,U Westphalweg (Berlin),hop2,2026-09-14 11:00:00,54,37.9046745300293,3.592036008834839,86.85673522949219,37.440677966101696,56.70000000000002,True,False,False,False
21,line_section,U Westphalweg (Berlin),hop2,2026-09-14 11:15:00,19,21.851764678955078,1.6806707382202148,51.17790985107422,22.033898305084747,56.70000000000002,True,False,False,False
21,line_section,U Westphalweg (Berlin),hop2,2026-09-14 11:30:00,12,17.32195472717285,1.1800241470336914,41.22446060180664,17.724137931034484,56.70000000000002,True,False,False,False
21,line_section,U Westphalweg (Berlin),hop2,2026-09-14 11:45:00,0,9.609347343444824,0.255605548620224,23.693803787231445,9.586206896551724,56.70000000000002,False,False,True,False
21,line_section,U Westphalweg (Berlin),hop2,2026-09-14 12:00:00,8,7.436465740203857,0.0,19.079999923706055,7.5,21.30000000000001,True,False,False,False
21,line_section,U Westphalweg (Berlin),hop2,2026-09-14 12:15:00,53,8.068917274475098,0.07552975416183472,20.669374465942383,8.327586206896552,21.30000000000001,False,True,False,True
21,line_section,U Westphalweg (Berlin),hop2,2026-09-14 12:30:00,11,8.668925285339355,0.14425572752952576,22.047103881835938,9.107142857142858,21.30000000000001,True,False,False,False
21,line_section,U Westphalweg (Berlin),hop2,2026-09-14 12:45:00,1,7.651983737945557,0.01629142463207245,19.753162384033203,8.053571428571429,21.30000000000001,True,False,False,False
21,line_section,U Westphalweg (Berlin),hop2,2026-09-14 13:00:00,12,10.871164321899414,0.44396504759788513,26.631338119506836,11.824561403508772,27.900000000000006,True,False,False,False
21,line_section,U Westphalweg (Berlin),hop2,2026-09-14 13:15:00,0,10.58761978149414,0.3864037096500397,26.03411293029785,11.280701754385966,27.900000000000006,False,False,True,False
21,line_section,U Westphalweg (Berlin),hop2,2026-09-14 13:30:00,3,10.817776679992676,0.39571988582611084,26.49321746826172,11.542372881355933,27.900000000000006,True,False,False,False
21,line_section,U Westphalweg (Berlin),hop2,2026-09-14 13:45:00,21,16.411029815673828,1.099448323249817,39.09751892089844,17.372881355932204,27.900000000000006,True,False,False,False
21,line_section,U Westphalweg (Berlin),hop2,2026-09-14 14:00:00,45,22.877710342407227,1.9100934267044067,53.17477035522461,22.913793103448278,96.80000000000001,True,False,False,False
21,line_section,U Westphalweg (Berlin),hop2,2026-09-14 14:15:00,92,29.940847396850586,2.7545366287231445,68.901123046875,29.448275862068964,96.80000000000001,False,True,False,False
21,line_section,U Westphalweg (Berlin),hop2,2026-09-14 14:30:00,12,47.4395751953125,4.725207805633545,107.78311157226562,45.3448275862069,96.80000000000001,True,False,False,False
21,line_section,U Westphalweg (Berlin),hop2,2026-09-14 14:45:00,8,61.86912536621094,6.288485527038574,138.9129638671875,57.43103448275862,96.80000000000001,True,False,False,False
21,line_section,U Westphalweg (Berlin),hop2,2026-09-14 15:00:00,4,58.02841567993164,5.958709716796875,130.85086059570312,53.63793103448276,244.00000000000006,False,False,True,False
22,line_section,U Jakob-Kaiser-Platz (Berlin),hop2,2026-09-14 23:15:00,0,6.94508171081543,0.0,17.668872833251953,7.103448275862069,18.0,True,False,False,False
22,line_section,U Jakob-Kaiser-Platz (Berlin),hop2,2026-09-14 23:30:00,11,4.793403148651123,0.0,12.551199913024902,4.827586206896552,18.0,True,False,False,False
22,line_section,U Jakob-Kaiser-Platz (Berlin),hop2,2026-09-14 23:45:00,0,4.507871627807617,0.0,11.939358711242676,4.517241379310345,18.0,True,False,False,False
22,line_section,U Jakob-Kaiser-Platz (Berlin),hop2,2026-09-15 00:00:00,3,1.155190348625183,0.0,3.17318058013916,1.3275862068965518,6.0,True,False,False,False
22,line_section,U Jakob-Kaiser-Platz (Berlin),hop2,2026-09-15 00:15:00,0,2.294651746749878,0.0,8.204444885253906,2.2241379310344827,6.0,True,False,False,False
22,line_section,U Jakob-Kaiser-Platz (Berlin),hop2,2026-09-15 00:30:00,0,1.75435471534729,0.0,6.522608280181885,1.7457627118644068,6.0,True,False,False,False
22,line_section,U Halemweg (Berlin),hop1,2026-09-14 23:15:00,33,6.020261287689209,0.0,15.236572265625,6.172413793103448,17.900000000000006,False,True,False,True
22,line_section,U Halemweg (Berlin),hop1,2026-09-14 23:30:00,4,4.364741802215576,0.0,11.677142143249512,4.258620689655173,17.900000000000006,True,False,False,False
22,line_section,U Halemweg (Berlin),hop1,2026-09-14 23:45:00,0,3.8384268283843994,0.0,10.64710521697998,3.7241379310344827,17.900000000000006,True,False,False,False
22,line_section,U Halemweg (Berlin),hop1,2026-09-15 00:00:00,11,1.2837921380996704,0.0,3.737750768661499,1.5,5.0,False,True,False,True
22,line_section,U Halemweg (Berlin),hop1,2026-09-15 00:15:00,10,1.2933452129364014,0.0,3.9150137901306152,1.4482758620689655,5.0,False,True,False,True
22,line_section,U Halemweg (Berlin),hop1,2026-09-15 00:30:00,0,1.2810484170913696,0.0,3.833890438079834,1.3389830508474576,5.0,True,False,False,False
22,line_section,U Altstadt Spandau (Berlin),endpoint_or_interchange,2026-09-14 23:15:00,77,7.7035813331604,0.0035544484853744507,19.637290954589844,7.844827586206897,17.80000000000001,False,True,False,True
22,line_section,U Altstadt Spandau (Berlin),endpoint_or_interchange,2026-09-14 23:30:00,28,3.488290548324585,0.0,10.04818058013916,3.103448275862069,17.80000000000001,False,True,False,True
22,line_section,U Altstadt Spandau (Berlin),endpoint_or_interchange,2026-09-14 23:45:00,0,3.9251809120178223,0.0,10.780420303344727,3.8275862068965516,17.80000000000001,True,False,False,False
22,line_section,U Altstadt Spandau (Berlin),endpoint_or_interchange,2026-09-15 00:00:00,0,1.820804476737976,0.0,6.628848075866699,1.896551724137931,5.0,True,False,False,False
22,line_section,U Altstadt Spandau (Berlin),endpoint_or_interchange,2026-09-15 00:15:00,0,1.8909226655960083,0.0,7.0824294090271,1.9137931034482758,5.0,True,False,False,False
22,line_section,U Altstadt Spandau (Berlin),endpoint_or_interchange,2026-09-15 00:30:00,0,2.6111083030700684,0.0,8.861241340637207,2.457627118644068,5.0,True,False,False,False
22,line_section,S+U Rathaus Spandau (Berlin),hop1,2026-09-14 23:15:00,11,6.077645778656006,0.0,15.332565307617188,6.258620689655173,17.0,True,False,False,False
22,line_section,S+U Rathaus Spandau (Berlin),hop1,2026-09-14 23:30:00,4,6.699930667877197,0.0,17.078048706054688,6.982758620689655,17.0,True,False,False,False
22,line_section,S+U Rathaus Spandau (Berlin),hop1,2026-09-14 23:45:00,1,4.743120193481445,0.0,12.426236152648926,4.862068965517241,17.0,True,False,False,False
22,line_section,S+U Rathaus Spandau (Berlin),hop1,2026-09-15 00:00:00,0,3.230334997177124,0.0,9.923006057739258,3.2758620689655173,5.700000000000017,True,False,False,False
22,line_section,S+U Rathaus Spandau (Berlin),hop1,2026-09-15 00:15:00,1,1.2856966257095337,0.0,3.866917371749878,1.3793103448275863,5.700000000000017,True,False,False,False
22,line_section,S+U Rathaus Spandau (Berlin),hop1,2026-09-15 00:30:00,0,1.447486162185669,0.0,4.807574272155762,1.5084745762711864,5.700000000000017,True,False,False,False
22,line_section,U Zitadelle (Berlin),closed_unserved,2026-09-14 23:15:00,9,6.2407002449035645,0.0,15.76742935180664,6.413793103448276,17.0,True,False,False,False
22,line_section,U Zitadelle (Berlin),closed_unserved,2026-09-14 23:30:00,0,4.326627254486084,0.0,11.577092170715332,4.224137931034483,17.0,True,False,False,False
22,line_section,U Zitadelle (Berlin),closed_unserved,2026-09-14 23:45:00,6,5.358123779296875,0.0,13.726561546325684,5.603448275862069,17.0,True,False,False,False
22,line_section,U Zitadelle (Berlin),closed_unserved,2026-09-15 00:00:00,16,2.1794660091400146,0.0,7.968806743621826,2.1724137931034484,7.0,False,True,False,True
22,line_section,U Zitadelle (Berlin),closed_unserved,2026-09-15 00:15:00,5,2.4500861167907715,0.0,8.539285659790039,2.3793103448275863,7.0,True,False,False,False
22,line_section,U Zitadelle (Berlin),closed_unserved,2026-09-15 00:30:00,0,2.161876678466797,0.0,7.971775054931641,2.0847457627118646,7.0,True,False,False,False
22,line_section,U Paulsternstr. (Berlin),closed_unserved,2026-09-14 23:15:00,13,5.096097469329834,0.0,13.159698486328125,5.137931034482759,19.0,True,False,False,False
22,line_section,U Paulsternstr. (Berlin),closed_unserved,2026-09-14 23:30:00,0,6.667503833770752,0.0,16.982513427734375,6.948275862068965,19.0,True,False,False,False
22,line_section,U Paulsternstr. (Berlin),closed_unserved,2026-09-14 23:45:00,1,4.658413410186768,0.0,12.252273559570312,4.689655172413793,19.0,True,False,False,False
22,line_section,U Paulsternstr. (Berlin),closed_unserved,2026-09-15 00:00:00,0,3.165687084197998,0.0,9.808794975280762,3.189655172413793,7.700000000000017,True,False,False,False
22,line_section,U Paulsternstr. (Berlin),closed_unserved,2026-09-15 00:15:00,0,2.5408644676208496,0.0,8.70593547821045,2.4310344827586206,7.700000000000017,True,False,False,False
22,line_section,U Paulsternstr. (Berlin),closed_unserved,2026-09-15 00:30:00,2,3.1289188861846924,0.0,9.755158424377441,3.135593220338983,7.700000000000017,True,False,False,False
22,line_section,U Haselhorst (Berlin),closed_unserved,2026-09-14 23:15:00,21,9.890265464782715,0.26538020372390747,24.84659767150879,10.258620689655173,21.0,True,False,False,False
22,line_section,U Haselhorst (Berlin),closed_unserved,2026-09-14 23:30:00,15,5.778232574462891,0.0,14.634000778198242,6.0344827586206895,21.0,False,True,False,False
22,line_section,U Haselhorst (Berlin),closed_unserved,2026-09-14 23:45:00,0,3.767364501953125,0.0,10.528621673583984,3.6724137931034484,21.0,True,False,False,False
22,line_section,U Haselhorst (Berlin),closed_unserved,2026-09-15 00:00:00,0,3.0881738662719727,0.0,9.695176124572754,3.0517241379310347,8.0,True,False,False,False
22,line_section,U Haselhorst (Berlin),closed_unserved,2026-09-15 00:15:00,0,1.9417955875396729,0.0,7.285069465637207,1.9482758620689655,8.0,True,False,False,False
22,line_section,U Haselhorst (Berlin),closed_unserved,2026-09-15 00:30:00,0,1.5808565616607666,0.0,5.627444267272949,1.6440677966101696,8.0,True,False,False,False
22,line_section,U Siemensdamm (Berlin),endpoint_or_interchange,2026-09-14 23:15:00,18,5.574305057525635,0.0,14.124334335327148,5.672413793103448,18.80000000000001,False,True,False,False
22,line_section,U Siemensdamm (Berlin),endpoint_or_interchange,2026-09-14 23:30:00,0,5.3920578956604,0.0,13.794527053833008,5.5344827586206895,18.80000000000001,True,False,False,False
22,line_section,U Siemensdamm (Berlin),endpoint_or_interchange,2026-09-14 23:45:00,3,4.6709160804748535,0.0,12.301021575927734,4.793103448275862,18.80000000000001,True,False,False,False
22,line_section,U Siemensdamm (Berlin),endpoint_or_interchange,2026-09-15 00:00:00,0,1.8764708042144775,0.0,6.945499420166016,1.9310344827586208,6.700000000000017,True,False,False,False
22,line_section,U Siemensdamm (Berlin),endpoint_or_interchange,2026-09-15 00:15:00,0,2.742893695831299,0.0,9.088927268981934,2.6724137931034484,6.700000000000017,True,False,False,False
22,line_section,U Siemensdamm (Berlin),endpoint_or_interchange,2026-09-15 00:30:00,0,1.6536686420440674,0.0,5.973691463470459,1.6779661016949152,6.700000000000017,True,False,False,False
22,line_section,U Rohrdamm (Berlin),closed_unserved,2026-09-14 23:15:00,0,7.903792858123779,0.017784684896469116,20.25747299194336,8.017241379310345,17.0,False,False,True,False
22,line_section,U Rohrdamm (Berlin),closed_unserved,2026-09-14 23:30:00,0,5.496405124664307,0.0,14.025355339050293,5.637931034482759,17.0,True,False,False,False
22,line_section,U Rohrdamm (Berlin),closed_unserved,2026-09-14 23:45:00,4,4.907904624938965,0.0,12.820852279663086,5.120689655172414,17.0,True,False,False,False
22,line_section,U Rohrdamm (Berlin),closed_unserved,2026-09-15 00:00:00,8,1.4601291418075562,0.0,4.712921619415283,1.6206896551724137,6.0,False,True,False,True
22,line_section,U Rohrdamm (Berlin),closed_unserved,2026-09-15 00:15:00,0,2.291917085647583,0.0,8.21062183380127,2.2241379310344827,6.0,True,False,False,False
22,line_section,U Rohrdamm (Berlin),closed_unserved,2026-09-15 00:30:00,0,1.3637152910232544,0.0,4.252699375152588,1.4406779661016949,6.0,True,False,False,False
23,line_section,U Krumme Lanke (Berlin),endpoint_or_interchange,2026-09-18 11:00:00,65,23.682226181030273,1.9865444898605347,54.96699905395508,23.0,50.400000000000034,False,True,False,True
23,line_section,U Krumme Lanke (Berlin),endpoint_or_interchange,2026-09-18 11:15:00,4,29.1782169342041,2.631740093231201,67.24217224121094,28.593220338983052,50.400000000000034,True,False,False,False
23,line_section,U Krumme Lanke (Berlin),endpoint_or_interchange,2026-09-18 11:30:00,18,15.286035537719727,0.9319121837615967,36.50050735473633,15.344827586206897,50.400000000000034,True,False,False,False
23,line_section,U Krumme Lanke (Berlin),endpoint_or_interchange,2026-09-18 11:45:00,6,9.368419647216797,0.16476908326148987,23.4901065826416,8.913793103448276,50.400000000000034,True,False,False,False
23,line_section,U Krumme Lanke (Berlin),endpoint_or_interchange,2026-09-18 12:00:00,1,6.8993988037109375,0.0,18.040218353271484,6.793103448275862,17.0,True,False,False,False
23,line_section,U Krumme Lanke (Berlin),endpoint_or_interchange,2026-09-18 12:15:00,37,8.422332763671875,0.06611111760139465,21.825416564941406,8.53448275862069,17.0,False,True,False,True
23,line_section,U Krumme Lanke (Berlin),endpoint_or_interchange,2026-09-18 12:30:00,16,5.084765911102295,0.0,13.457908630371094,4.607142857142857,17.0,False,True,False,False
23,line_section,U Krumme Lanke (Berlin),endpoint_or_interchange,2026-09-18 12:45:00,11,7.336994171142578,0.0,19.25599479675293,7.410714285714286,17.0,True,False,False,False
23,line_section,U Krumme Lanke (Berlin),endpoint_or_interchange,2026-09-18 13:00:00,5,13.834871292114258,0.7686845064163208,33.654109954833984,14.68421052631579,45.70000000000002,True,False,False,False
23,line_section,U Krumme Lanke (Berlin),endpoint_or_interchange,2026-09-18 13:15:00,24,15.590072631835938,0.9818981289863586,37.15736770629883,16.333333333333332,45.70000000000002,True,False,False,False
23,line_section,U Krumme Lanke (Berlin),endpoint_or_interchange,2026-09-18 13:30:00,23,17.169376373291016,1.1482775211334229,40.720970153808594,17.694915254237287,45.70000000000002,True,False,False,False
23,line_section,U Krumme Lanke (Berlin),endpoint_or_interchange,2026-09-18 13:45:00,59,19.653837203979492,1.5064210891723633,46.297325134277344,20.508474576271187,45.70000000000002,False,True,False,True
23,line_section,U Krumme Lanke (Berlin),endpoint_or_interchange,2026-09-18 14:00:00,34,24.985279083251953,2.2502498626708984,57.60026168823242,24.79310344827586,80.9,True,False,False,False
23,line_section,U Krumme Lanke (Berlin),endpoint_or_interchange,2026-09-18 14:15:00,98,29.349802017211914,2.68802809715271,67.24336242675781,28.810344827586206,80.9,False,True,False,True
23,line_section,U Krumme Lanke (Berlin),endpoint_or_interchange,2026-09-18 14:30:00,232,42.75583267211914,4.172449111938477,97.4427490234375,39.94827586206897,80.9,False,True,False,True
23,line_section,U Krumme Lanke (Berlin),endpoint_or_interchange,2026-09-18 14:45:00,39,56.09926223754883,5.589765548706055,126.26383209228516,51.60344827586207,80.9,True,False,False,False
23,line_section,U Onkel Toms Hütte (Berlin),closed_unserved,2026-09-18 11:00:00,14,32.679954528808594,3.0688765048980713,75.41908264160156,31.52542372881356,52.400000000000034,True,False,False,False
23,line_section,U Onkel Toms Hütte (Berlin),closed_unserved,2026-09-18 11:15:00,19,20.51709747314453,1.5711908340454102,48.11815643310547,20.406779661016948,52.400000000000034,True,False,False,False
23,line_section,U Onkel Toms Hütte (Berlin),closed_unserved,2026-09-18 11:30:00,3,16.51605987548828,1.0782421827316284,39.10377883911133,16.24137931034483,52.400000000000034,True,False,False,False
23,line_section,U Onkel Toms Hütte (Berlin),closed_unserved,2026-09-18 11:45:00,1,12.665520668029785,0.6209834814071655,30.92784881591797,12.517241379310345,52.400000000000034,True,False,False,False
23,line_section,U Onkel Toms Hütte (Berlin),closed_unserved,2026-09-18 12:00:00,0,10.08033561706543,0.3099674582481384,25.024349212646484,10.327586206896552,21.30000000000001,False,False,True,False
23,line_section,U Onkel Toms Hütte (Berlin),closed_unserved,2026-09-18 12:15:00,3,7.637426853179932,0.0,20.00139045715332,7.551724137931035,21.30000000000001,True,False,False,False
23,line_section,U Onkel Toms Hütte (Berlin),closed_unserved,2026-09-18 12:30:00,0,7.24472188949585,0.0,18.99506378173828,7.160714285714286,21.30000000000001,True,False,False,False
23,line_section,U Onkel Toms Hütte (Berlin),closed_unserved,2026-09-18 12:45:00,1,7.884600639343262,0.0,20.655832290649414,7.910714285714286,21.30000000000001,True,False,False,False
23,line_section,U Onkel Toms Hütte (Berlin),closed_unserved,2026-09-18 13:00:00,2,11.808133125305176,0.5124393701553345,28.96430778503418,12.385964912280702,37.900000000000006,True,False,False,False
23,line_section,U Onkel Toms Hütte (Berlin),closed_unserved,2026-09-18 13:15:00,16,12.006348609924316,0.53745436668396,29.384740829467773,12.385964912280702,37.900000000000006,True,False,False,False
23,line_section,U Onkel Toms Hütte (Berlin),closed_unserved,2026-09-18 13:30:00,25,18.95860481262207,1.3794358968734741,44.64024353027344,19.593220338983052,37.900000000000006,True,False,False,False
23,line_section,U Onkel Toms Hütte (Berlin),closed_unserved,2026-09-18 13:45:00,6,17.8610897064209,1.275175929069519,42.28963088989258,18.54237288135593,37.900000000000006,True,False,False,False
23,line_section,U Onkel Toms Hütte (Berlin),closed_unserved,2026-09-18 14:00:00,113,28.430063247680664,2.6706905364990234,65.12434387207031,28.0,100.0,False,True,False,True
23,line_section,U Onkel Toms Hütte (Berlin),closed_unserved,2026-09-18 14:15:00,38,31.514142990112305,2.955014705657959,72.50740814208984,30.655172413793103,100.0,True,False,False,False
23,line_section,U Onkel Toms Hütte (Berlin),closed_unserved,2026-09-18 14:30:00,11,44.80598449707031,4.409305572509766,101.88264465332031,41.793103448275865,100.0,True,False,False,False
23,line_section,U Onkel Toms Hütte (Berlin),closed_unserved,2026-09-18 14:45:00,123,67.96953582763672,7.010933876037598,153.75120544433594,62.258620689655174,100.0,True,False,False,True
23,line_section,U Freie Universität (Thielplatz) (Berlin),hop1,2026-09-18 11:00:00,7,41.507564544677734,4.053406715393066,94.73477935791016,39.88135593220339,53.0,True,False,False,False
23,line_section,U Freie Universität (Thielplatz) (Berlin),hop1,2026-09-18 11:15:00,5,25.617839813232422,2.2106149196624756,59.41657257080078,25.1864406779661,53.0,True,False,False,False
23,line_section,U Freie Universität (Thielplatz) (Berlin),hop1,2026-09-18 11:30:00,5,15.824942588806152,1.0017352104187012,37.65538024902344,15.827586206896552,53.0,True,False,False,False
23,line_section,U Freie Universität (Thielplatz) (Berlin),hop1,2026-09-18 11:45:00,17,12.223078727722168,0.5679488182067871,29.915435791015625,12.206896551724139,53.0,True,False,False,False
23,line_section,U Freie Universität (Thielplatz) (Berlin),hop1,2026-09-18 12:00:00,18,8.834464073181152,0.12347634136676788,22.57176971435547,8.931034482758621,18.30000000000001,True,False,False,False
23,line_section,U Freie Universität (Thielplatz) (Berlin),hop1,2026-09-18 12:15:00,41,5.455379009246826,0.0,14.242215156555176,5.172413793103448,18.30000000000001,False,True,False,True
23,line_section,U Freie Universität (Thielplatz) (Berlin),hop1,2026-09-18 12:30:00,2,7.058675289154053,0.0,18.556194305419922,6.982142857142857,18.30000000000001,True,False,False,False
23,line_section,U Freie Universität (Thielplatz) (Berlin),hop1,2026-09-18 12:45:00,4,5.789796352386475,0.0,15.086838722229004,5.571428571428571,18.30000000000001,True,False,False,False
23,line_section,U Freie Universität (Thielplatz) (Berlin),hop1,2026-09-18 13:00:00,1,9.223746299743652,0.1515212059020996,23.22469139099121,9.473684210526315,47.0,True,False,False,False
23,line_section,U Freie Universität (Thielplatz) (Berlin),hop1,2026-09-18 13:15:00,8,14.12186336517334,0.7903838753700256,34.12858200073242,14.771929824561404,47.0,True,False,False,False
23,line_section,U Freie Universität (Thielplatz) (Berlin),hop1,2026-09-18 13:30:00,2,20.58187484741211,1.5797730684280396,48.33000564575195,21.305084745762713,47.0,True,False,False,False
23,line_section,U Freie Universität (Thielplatz) (Berlin),hop1,2026-09-18 13:45:00,64,23.527420043945312,2.000305414199829,54.6810302734375,24.25423728813559,47.0,False,True,False,True
23,line_section,U Freie Universität (Thielplatz) (Berlin),hop1,2026-09-18 14:00:00,40,23.648941040039062,2.0866165161132812,54.58548355102539,23.310344827586206,115.60000000000002,True,False,False,False
23,line_section,U Freie Universität (Thielplatz) (Berlin),hop1,2026-09-18 14:15:00,31,44.85752868652344,4.40983772277832,101.89098358154297,42.8448275862069,115.60000000000002,True,False,False,False
23,line_section,U Freie Universität (Thielplatz) (Berlin),hop1,2026-09-18 14:30:00,34,64.08197021484375,6.603779315948486,143.8697052001953,59.36206896551724,115.60000000000002,True,False,False,False
23,line_section,U Freie Universität (Thielplatz) (Berlin),hop1,2026-09-18 14:45:00,14,65.45187377929688,6.691290855407715,147.09791564941406,60.46551724137931,115.60000000000002,True,False,False,False
23,line_section,U Oskar-Helene-Heim (Berlin),endpoint_or_interchange,2026-09-18 11:00:00,58,25.671667098999023,2.2195286750793457,59.485748291015625,25.0,42.0,True,False,False,True
23,line_section,U Oskar-Helene-Heim (Berlin),endpoint_or_interchange,2026-09-18 11:15:00,2,23.642662048339844,1.967295527458191,54.92747497558594,23.28813559322034,42.0,True,False,False,False
23,line_section,U Oskar-Helene-Heim (Berlin),endpoint_or_interchange,2026-09-18 11:30:00,1,14.885658264160156,0.877772331237793,35.665985107421875,14.810344827586206,42.0,True,False,False,False
23,line_section,U Oskar-Helene-Heim (Berlin),endpoint_or_interchange,2026-09-18 11:45:00,18,8.8967866897583,0.09939396381378174,22.537174224853516,8.431034482758621,42.0,True,False,False,False
23,line_section,U Oskar-Helene-Heim (Berlin),endpoint_or_interchange,2026-09-18 12:00:00,9,9.617870330810547,0.23931092023849487,24.091615676879883,9.793103448275861,19.0,True,False,False,False
23,line_section,U Oskar-Helene-Heim (Berlin),endpoint_or_interchange,2026-09-18 12:15:00,2,7.941592693328857,0.003338858485221863,20.708311080932617,7.931034482758621,19.0,True,False,False,False
23,line_section,U Oskar-Helene-Heim (Berlin),endpoint_or_interchange,2026-09-18 12:30:00,0,6.769586086273193,0.0,17.746946334838867,6.678571428571429,19.0,True,False,False,False
23,line_section,U Oskar-Helene-Heim (Berlin),endpoint_or_interchange,2026-09-18 12:45:00,16,7.807498455047607,0.0,20.493850708007812,7.839285714285714,19.0,True,False,False,False
23,line_section,U Oskar-Helene-Heim (Berlin),endpoint_or_interchange,2026-09-18 13:00:00,0,9.083048820495605,0.12833741307258606,22.97246551513672,9.228070175438596,32.0,False,False,True,False
23,line_section,U Oskar-Helene-Heim (Berlin),endpoint_or_interchange,2026-09-18 13:15:00,11,13.253131866455078,0.7007854580879211,32.23994827270508,13.719298245614034,32.0,True,False,False,False
23,line_section,U Oskar-Helene-Heim (Berlin),endpoint_or_interchange,2026-09-18 13:30:00,0,12.593286514282227,0.5879545211791992,30.7877140045166,12.847457627118644,32.0,False,False,True,False
23,line_section,U Oskar-Helene-Heim (Berlin),endpoint_or_interchange,2026-09-18 13:45:00,8,16.794139862060547,1.141620397567749,39.8956184387207,17.440677966101696,32.0,True,False,False,False
23,line_section,U Oskar-Helene-Heim (Berlin),endpoint_or_interchange,2026-09-18 14:00:00,3,27.678333282470703,2.561021089553833,63.4378547668457,27.120689655172413,79.0,True,False,False,False
23,line_section,U Oskar-Helene-Heim (Berlin),endpoint_or_interchange,2026-09-18 14:15:00,0,32.332740783691406,3.0243473052978516,74.26150512695312,31.53448275862069,79.0,False,False,True,False
23,line_section,U Oskar-Helene-Heim (Berlin),endpoint_or_interchange,2026-09-18 14:30:00,56,42.34455871582031,4.144124984741211,96.50270080566406,39.8448275862069,79.0,True,False,False,False
23,line_section,U Oskar-Helene-Heim (Berlin),endpoint_or_interchange,2026-09-18 14:45:00,33,54.499080657958984,5.415523052215576,122.34013366699219,50.10344827586207,79.0,True,False,False,False
23,line_section,U Dahlem-Dorf (Berlin),hop2,2026-09-18 11:00:00,13,37.31715393066406,3.5794098377227783,85.73001861572266,35.88135593220339,53.70000000000002,True,False,False,False
23,line_section,U Dahlem-Dorf (Berlin),hop2,2026-09-18 11:15:00,43,26.582489013671875,2.3084521293640137,61.48573684692383,26.1864406779661,53.70000000000002,True,False,False,False
23,line_section,U Dahlem-Dorf (Berlin),hop2,2026-09-18 11:30:00,3,14.963775634765625,0.8852864503860474,35.80511474609375,14.931034482758621,53.70000000000002,True,False,False,False
23,line_section,U Dahlem-Dorf (Berlin),hop2,2026-09-18 11:45:00,2,14.814711570739746,0.8920313119888306,35.469940185546875,15.03448275862069,53.70000000000002,True,False,False,False
23,line_section,U Dahlem-Dorf (Berlin),hop2,2026-09-18 12:00:00,47,8.03550910949707,0.02406325936317444,20.851390838623047,8.03448275862069,22.0,False,True,False,True
23,line_section,U Dahlem-Dorf (Berlin),hop2,2026-09-18 12:15:00,3,9.42935848236084,0.20353055000305176,23.779857635498047,9.706896551724139,22.0,True,False,False,False
23,line_section,U Dahlem-Dorf (Berlin),hop2,2026-09-18 12:30:00,6,6.373509407043457,0.0,16.69082260131836,6.267857142857143,22.0,True,False,False,False
23,line_section,U Dahlem-Dorf (Berlin),hop2,2026-09-18 12:45:00,6,6.6257243156433105,0.0,17.481584548950195,6.517857142857143,22.0,True,False,False,False
23,line_section,U Dahlem-Dorf (Berlin),hop2,2026-09-18 13:00:00,22,9.439083099365234,0.1818060278892517,23.691259384155273,9.701754385964913,41.0,True,False,False,False
23,line_section,U Dahlem-Dorf (Berlin),hop2,2026-09-18 13:15:00,1,13.83273983001709,0.7616221904754639,33.54083251953125,14.491228070175438,41.0,True,False,False,False
23,line_section,U Dahlem-Dorf (Berlin),hop2,2026-09-18 13:30:00,55,19.565204620361328,1.4461231231689453,46.07896041870117,20.406779661016948,41.0,False,True,False,True
23,line_section,U Dahlem-Dorf (Berlin),hop2,2026-09-18 13:45:00,9,20.673595428466797,1.6402502059936523,48.41984939575195,21.25423728813559,41.0,True,False,False,False
23,line_section,U Dahlem-Dorf (Berlin),hop2,2026-09-18 14:00:00,0,31.434101104736328,3.0156190395355225,72.11227416992188,30.93103448275862,104.9,False,False,True,False
23,line_section,U Dahlem-Dorf (Berlin),hop2,2026-09-18 14:15:00,15,39.74071502685547,3.822835683822632,90.42156219482422,38.06896551724138,104.9,True,False,False,False
23,line_section,U Dahlem-Dorf (Berlin),hop2,2026-09-18 14:30:00,80,48.49737548828125,4.76662540435791,109.86093139648438,44.87931034482759,104.9,True,False,False,False
23,line_section,U Dahlem-Dorf (Berlin),hop2,2026-09-18 14:45:00,66,55.61415100097656,5.52772331237793,124.88764190673828,51.3448275862069,104.9,True,False,False,False
24,station,S+U Westhafen (Berlin),hop2,2026-09-20 05:15:00,2,46.58189392089844,4.545744895935059,105.88932037353516,44.0,95.0,False,False,True,False
24,station,S+U Westhafen (Berlin),hop2,2026-09-20 05:30:00,24,58.148014068603516,5.799697399139404,131.1285400390625,53.708333333333336,95.0,True,False,False,False
24,station,S+U Westhafen (Berlin),hop2,2026-09-20 05:45:00,15,72.89356994628906,7.672394275665283,164.4709930419922,67.41666666666667,95.0,True,False,False,False
24,station,S+U Westhafen (Berlin),hop2,2026-09-20 06:00:00,117,95.13978576660156,10.241889953613281,218.7554473876953,86.625,211.19999999999993,True,False,False,False
24,station,S+U Westhafen (Berlin),hop2,2026-09-20 06:15:00,10,90.647705078125,9.754674911499023,207.98306274414062,82.82608695652173,211.19999999999993,True,False,False,False
24,station,S+U Westhafen (Berlin),hop2,2026-09-20 06:30:00,79,82.71708679199219,8.885271072387695,188.83909606933594,76.69565217391305,211.19999999999993,True,False,False,False
24,station,S+U Westhafen (Berlin),hop2,2026-09-20 06:45:00,14,136.74522399902344,14.86883544921875,321.0009460449219,132.52173913043478,211.19999999999993,False,False,True,False
24,station,S+U Westhafen (Berlin),hop2,2026-09-20 07:00:00,29,157.00559997558594,17.80541229248047,376.88031005859375,150.52173913043478,394.60000000000025,True,False,False,False
24,station,S+U Westhafen (Berlin),hop2,2026-09-20 07:15:00,79,190.7356414794922,23.795515060424805,450.3327941894531,184.95652173913044,394.60000000000025,True,False,False,False
24,station,S+U Westhafen (Berlin),hop2,2026-09-20 07:30:00,27,129.0764617919922,13.82469654083252,302.8634338378906,123.8695652173913,394.60000000000025,True,False,False,False
24,station,S+U Westhafen (Berlin),hop2,2026-09-20 07:45:00,24,191.2833251953125,24.113895416259766,452.04498291015625,186.7391304347826,394.60000000000025,False,False,True,False
24,station,S+U Westhafen (Berlin),hop2,2026-09-20 08:00:00,90,121.63981628417969,13.012072563171387,283.246337890625,115.30434782608695,325.70000000000005,True,False,False,False
24,station,S+U Westhafen (Berlin),hop2,2026-09-20 08:15:00,159,200.14767456054688,25.83872413635254,465.2326965332031,197.6086956521739,325.70000000000005,True,False,False,False
24,station,S+U Westhafen (Berlin),hop2,2026-09-20 08:30:00,82,145.3383026123047,15.94210433959961,345.3609313964844,144.5909090909091,325.70000000000005,True,False,False,False
24,station,S+U Westhafen (Berlin),hop2,2026-09-20 08:45:00,17,111.9673080444336,12.060558319091797,258.3853759765625,109.5909090909091,325.70000000000005,True,False,False,False
24,station,S+U Westhafen (Berlin),hop2,2026-09-20 09:00:00,130,133.26890563964844,14.325213432312012,312.2984924316406,135.04545454545453,236.0,True,False,False,False
24,station,U Birkenstr. (Berlin),hop1,2026-09-20 05:15:00,23,28.670631408691406,2.6100375652313232,65.83345794677734,28.0,76.5,True,False,False,False
24,station,U Birkenstr. (Berlin),hop1,2026-09-20 05:30:00,1,44.31459045410156,4.243404388427734,101.31640625,42.0,76.5,False,False,True,False
24,station,U Birkenstr. (Berlin),hop1,2026-09-20 05:45:00,65,39.39802932739258,3.7554450035095215,90.04264831542969,37.958333333333336,76.5,True,False,False,False
24,station,U Birkenstr. (Berlin),hop1,2026-09-20 06:00:00,34,82.84188842773438,8.686376571655273,189.06764221191406,75.08333333333333,207.8,True,False,False,False
24,station,U Birkenstr. (Berlin),hop1,2026-09-20 06:15:00,121,58.92623519897461,5.9538092613220215,133.03773498535156,53.91304347826087,207.8,True,False,False,False
24,station,U Birkenstr. (Berlin),hop1,2026-09-20 06:30:00,40,117.36035919189453,12.466442108154297,271.3765869140625,109.69565217391305,207.8,True,False,False,False
24,station,U Birkenstr. (Berlin),hop1,2026-09-20 06:45:00,79,112.37018585205078,11.887721061706543,259.67681884765625,106.65217391304348,207.8,True,False,False,False
24,station,U Birkenstr. (Berlin),hop1,2026-09-20 07:00:00,38,146.31552124023438,16.07200050354004,346.530517578125,138.69565217391303,354.0000000000001,True,False,False,False
24,station,U Birkenstr. (Berlin),hop1,2026-09-20 07:15:00,82,141.903564453125,15.268814086914062,336.4521789550781,135.82608695652175,354.0000000000001,True,False,False,False
24,station,U Birkenstr. (Berlin),hop1,2026-09-20 07:30:00,49,163.6035919189453,18.79362678527832,396.1557922363281,159.52173913043478,354.0000000000001,True,False,False,False
24,station,U Birkenstr. (Berlin),hop1,2026-09-20 07:45:00,13,190.4227294921875,23.385156631469727,451.49554443359375,185.47826086956522,354.0000000000001,False,False,True,False
24,station,U Birkenstr. (Berlin),hop1,2026-09-20 08:00:00,116,172.05850219726562,20.224674224853516,416.218017578125,166.69565217391303,367.10000000000036,True,False,False,False
24,station,U Birkenstr. (Berlin),hop1,2026-09-20 08:15:00,178,166.43247985839844,19.413606643676758,404.1965026855469,163.17391304347825,367.10000000000036,True,False,False,False
24,station,U Birkenstr. (Berlin),hop1,2026-09-20 08:30:00,87,111.7910385131836,11.774286270141602,258.4527282714844,107.31818181818181,367.10000000000036,True,False,False,False
24,station,U Birkenstr. (Berlin),hop1,2026-09-20 08:45:00,91,152.6671600341797,17.20260238647461,366.04412841796875,153.5909090909091,367.10000000000036,True,False,False,False
24,station,U Birkenstr. (Berlin),hop1,2026-09-20 09:00:00,217,138.15505981445312,14.784738540649414,325.5840759277344,139.6818181818182,261.0,True,False,False,False
24,station,U Hansaplatz (Berlin),hop1,2026-09-20 05:15:00,201,45.431884765625,4.52438497543335,104.05931854248047,43.291666666666664,130.0,False,True,False,True
24,station,U Hansaplatz (Berlin),hop1,2026-09-20 05:30:00,3,59.793006896972656,5.901083469390869,135.18508911132812,54.833333333333336,130.0,False,False,True,False
24,station,U Hansaplatz (Berlin),hop1,2026-09-20 05:45:00,29,86.04727935791016,8.788745880126953,195.42384338378906,78.75,130.0,True,False,False,False
24,station,U Hansaplatz (Berlin),hop1,2026-09-20 06:00:00,30,131.76025390625,13.743135452270508,305.33477783203125,121.20833333333333,320.99999999999994,True,False,False,False
24,station,U Hansaplatz (Berlin),hop1,2026-09-20 06:15:00,381,145.9757843017578,15.413665771484375,342.38372802734375,135.7826086956522,320.99999999999994,False,True,False,True
24,station,U Hansaplatz (Berlin),hop1,2026-09-20 06:30:00,22,163.14157104492188,17.537948608398438,388.4772644042969,155.0,320.99999999999994,True,False,False,False
24,station,U Hansaplatz (Berlin),hop1,2026-09-20 06:45:00,52,181.3753204345703,19.828277587890625,430.6064758300781,173.91304347826087,320.99999999999994,True,False,False,False
24,station,U Hansaplatz (Berlin),hop1,2026-09-20 07:00:00,434,269.3909912109375,31.165029525756836,599.0191040039062,243.30434782608697,548.8000000000002,True,False,False,False
24,station,U Hansaplatz (Berlin),hop1,2026-09-20 07:15:00,4,292.4168701171875,33.667537689208984,647.4024658203125,269.5217391304348,548.8000000000002,False,False,True,False
24,station,U Hansaplatz (Berlin),hop1,2026-09-20 07:30:00,1,309.0868225097656,35.81848907470703,680.6055297851562,290.7391304347826,548.8000000000002,False,False,True,False
24,station,U Hansaplatz (Berlin),hop1,2026-09-20 07:45:00,520,285.0008850097656,32.85792541503906,633.8516235351562,260.6521739130435,548.8000000000002,True,False,False,False
24,station,U Hansaplatz (Berlin),hop1,2026-09-20 08:00:00,59,314.9317321777344,36.18659210205078,697.6676025390625,294.7391304347826,673.8000000000006,True,False,False,False
24,station,U Hansaplatz (Berlin),hop1,2026-09-20 08:15:00,151,207.7383270263672,23.107030868530273,485.38665771484375,195.56521739130434,673.8000000000006,True,False,False,False
24,station,U Hansaplatz (Berlin),hop1,2026-09-20 08:30:00,250,337.7875671386719,39.481300354003906,733.74609375,339.40909090909093,673.8000000000006,True,False,False,False
24,station,U Hansaplatz (Berlin),hop1,2026-09-20 08:45:00,2,378.09130859375,44.74323272705078,808.2701416015625,404.0,673.8000000000006,False,False,True,False
24,station,U Hansaplatz (Berlin),hop1,2026-09-20 09:00:00,61,240.9030303955078,26.761188507080078,546.188720703125,229.63636363636363,386.0,True,False,False,False
24,station,U Turmstr. (Berlin),closed_unserved,2026-09-20 05:15:00,0,33.10649108886719,3.1452720165252686,76.03069305419922,32.166666666666664,101.0,False,False,True,False
24,station,U Turmstr. (Berlin),closed_unserved,2026-09-20 05:30:00,0,46.55668640136719,4.469024181365967,106.43629455566406,43.958333333333336,101.0,False,False,True,False
24,station,U Turmstr. (Berlin),closed_unserved,2026-09-20 05:45:00,0,53.48859405517578,5.185154438018799,121.14777374267578,50.125,101.0,False,False,True,False
24,station,U Turmstr. (Berlin),closed_unserved,2026-09-20 06:00:00,0,84.6103286743164,8.659150123596191,192.90457153320312,76.33333333333333,293.0,False,False,True,False
24,station,U Turmstr. (Berlin),closed_unserved,2026-09-20 06:15:00,0,129.43031311035156,13.720955848693848,301.9200134277344,120.04347826086956,293.0,False,False,True,False
24,station,U Turmstr. (Berlin),closed_unserved,2026-09-20 06:30:00,0,180.09786987304688,20.836891174316406,428.7772521972656,173.65217391304347,293.0,False,False,True,False
24,station,U Turmstr. (Berlin),closed_unserved,2026-09-20 06:45:00,0,124.86824798583984,13.125102996826172,289.38067626953125,118.52173913043478,293.0,False,False,True,False
24,station,U Turmstr. (Berlin),closed_unserved,2026-09-20 07:00:00,0,169.43414306640625,19.340709686279297,407.5345764160156,161.34782608695653,443.40000000000015,False,False,True,False
24,station,U Turmstr. (Berlin),closed_unserved,2026-09-20 07:15:00,0,263.824462890625,32.64431381225586,563.789794921875,242.04347826086956,443.40000000000015,False,False,True,False
24,station,U Turmstr. (Berlin),closed_unserved,2026-09-20 07:30:00,0,262.6963195800781,32.58635330200195,562.3052368164062,241.91304347826087,443.40000000000015,False,False,True,False
24,station,U Turmstr. (Berlin),closed_unserved,2026-09-20 07:45:00,0,209.04322814941406,24.895143508911133,482.8760070800781,195.65217391304347,443.40000000000015,False,False,True,False
24,station,U Turmstr. (Berlin),closed_unserved,2026-09-20 08:00:00,0,295.968017578125,36.73747634887695,615.6641845703125,282.69565217391306,566.3000000000001,False,False,True,False
24,station,U Turmstr. (Berlin),closed_unserved,2026-09-20 08:15:00,0,203.21670532226562,24.1558780670166,474.03045654296875,193.95652173913044,566.3000000000001,False,False,True,False
24,station,U Turmstr. (Berlin),closed_unserved,2026-09-20 08:30:00,0,219.56814575195312,26.19430923461914,500.57586669921875,208.5,566.3000000000001,False,False,True,False
24,station,U Turmstr. (Berlin),closed_unserved,2026-09-20 08:45:00,0,238.12313842773438,28.846460342407227,529.9081420898438,227.77272727272728,566.3000000000001,False,False,True,False
24,station,U Turmstr. (Berlin),closed_unserved,2026-09-20 09:00:00,0,173.29344177246094,19.41644859313965,416.6214904785156,176.22727272727272,287.5999999999999,False,False,True,False
24,station,S+U Zoologischer Garten Bhf (Berlin),hop2,2026-09-20 05:15:00,61,95.24900817871094,9.806090354919434,217.6487579345703,92.125,237.0,True,False,False,False
24,station,S+U Zoologischer Garten Bhf (Berlin),hop2,2026-09-20 05:30:00,3,100.34730529785156,10.201823234558105,230.291748046875,96.5,237.0,False,False,True,False
24,station,S+U Zoologischer Garten Bhf (Berlin),hop2,2026-09-20 05:45:00,140,157.39328002929688,15.81130599975586,369.87762451171875,158.625,237.0,True,False,False,False
24,station,S+U Zoologischer Garten Bhf (Berlin),hop2,2026-09-20 06:00:00,1,243.51026916503906,25.94493865966797,558.7936401367188,232.08333333333334,500.99999999999994,False,False,True,False
24,station,S+U Zoologischer Garten Bhf (Berlin),hop2,2026-09-20 06:15:00,98,234.03240966796875,24.714189529418945,540.3779296875,223.0,500.99999999999994,True,False,False,False
24,station,S+U Zoologischer Garten Bhf (Berlin),hop2,2026-09-20 06:30:00,398,286.7801818847656,30.500431060791016,650.5408325195312,278.7826086956522,500.99999999999994,True,False,False,False
24,station,S+U Zoologischer Garten Bhf (Berlin),hop2,2026-09-20 06:45:00,3,236.643310546875,24.858291625976562,545.0077514648438,227.34782608695653,500.99999999999994,False,False,True,False
24,station,S+U Zoologischer Garten Bhf (Berlin),hop2,2026-09-20 07:00:00,148,352.2769775390625,37.772525787353516,792.6702880859375,349.6521739130435,1013.0000000000007,True,False,False,False
24,station,S+U Zoologischer Garten Bhf (Berlin),hop2,2026-09-20 07:15:00,470,354.7080993652344,37.68660354614258,794.73095703125,355.17391304347825,1013.0000000000007,True,False,False,False
24,station,S+U Zoologischer Garten Bhf (Berlin),hop2,2026-09-20 07:30:00,244,429.4120178222656,46.655696868896484,934.341552734375,444.8695652173913,1013.0000000000007,True,False,False,False
24,station,S+U Zoologischer Garten Bhf (Berlin),hop2,2026-09-20 07:45:00,213,472.9071044921875,50.91584396362305,1019.3873901367188,495.0,1013.0000000000007,True,False,False,False
24,station,S+U Zoologischer Garten Bhf (Berlin),hop2,2026-09-20 08:00:00,297,413.14794921875,43.673736572265625,907.3795776367188,426.3478260869565,840.8000000000005,True,False,False,False
24,station,S+U Zoologischer Garten Bhf (Berlin),hop2,2026-09-20 08:15:00,290,347.12689208984375,36.94811248779297,781.2415771484375,348.2173913043478,840.8000000000005,True,False,False,False
24,station,S+U Zoologischer Garten Bhf (Berlin),hop2,2026-09-20 08:30:00,50,397.88677978515625,41.863250732421875,874.7426147460938,421.59090909090907,840.8000000000005,True,False,False,False
24,station,S+U Zoologischer Garten Bhf (Berlin),hop2,2026-09-20 08:45:00,163,332.490966796875,34.822837829589844,751.9223022460938,339.04545454545456,840.8000000000005,True,False,False,False
24,station,S+U Zoologischer Garten Bhf (Berlin),hop2,2026-09-20 09:00:00,192,272.1684875488281,27.509889602661133,623.6093139648438,271.90909090909093,516.7999999999998,True,False,False,False
25,line_section,U Kochstr. (Checkpoint Charlie) (Berlin),hop1,2026-09-21 18:00:00,257,222.33694458007812,28.878280639648438,491.33758544921875,212.4561403508772,571.0,True,False,False,False
25,line_section,U Kochstr. (Checkpoint Charlie) (Berlin),hop1,2026-09-21 18:15:00,208,255.65414428710938,34.7315559387207,514.0960083007812,241.52631578947367,571.0,True,False,False,False
25,line_section,U Kochstr. (Checkpoint Charlie) (Berlin),hop1,2026-09-21 18:30:00,65,268.6363525390625,36.72897720336914,525.103515625,256.55172413793105,571.0,True,False,False,False
25,line_section,U Kochstr. (Checkpoint Charlie) (Berlin),hop1,2026-09-21 18:45:00,44,225.9064178466797,29.551807403564453,492.9058837890625,213.3793103448276,571.0,True,False,False,False
25,line_section,U Kochstr. (Checkpoint Charlie) (Berlin),hop1,2026-09-21 19:00:00,360,225.46347045898438,29.04595184326172,492.7854919433594,212.79310344827587,503.0000000000001,True,False,False,False
25,line_section,U Kochstr. (Checkpoint Charlie) (Berlin),hop1,2026-09-21 19:15:00,346,233.92977905273438,30.70682144165039,498.9975280761719,219.60344827586206,503.0000000000001,True,False,False,False
25,line_section,U Kochstr. (Checkpoint Charlie) (Berlin),hop1,2026-09-21 19:30:00,571,217.2442169189453,27.28181266784668,485.3418884277344,205.74137931034483,503.0000000000001,False,True,False,True
25,line_section,U Kochstr. (Checkpoint Charlie) (Berlin),hop1,2026-09-21 19:45:00,59,183.61241149902344,21.397829055786133,440.67327880859375,178.22033898305085,503.0000000000001,True,False,False,False
25,line_section,U Kochstr. (Checkpoint Charlie) (Berlin),hop1,2026-09-21 20:00:00,290,157.85797119140625,17.36172866821289,378.2084045410156,155.57627118644066,308.0,True,False,False,False
25,line_section,U Kochstr. (Checkpoint Charlie) (Berlin),hop1,2026-09-21 20:15:00,123,171.29217529296875,19.617877960205078,410.3772277832031,170.03389830508473,308.0,True,False,False,False
25,line_section,U Hallesches Tor (Berlin),endpoint_or_interchange,2026-09-21 18:00:00,39,331.4502868652344,41.54340362548828,673.3102416992188,323.10526315789474,700.0,False,False,True,False
25,line_section,U Hallesches Tor (Berlin),endpoint_or_interchange,2026-09-21 18:15:00,71,265.5236511230469,31.948598861694336,568.0927124023438,237.91228070175438,700.0,True,False,False,False
25,line_section,U Hallesches Tor (Berlin),endpoint_or_interchange,2026-09-21 18:30:00,125,285.982666015625,34.782691955566406,601.5200805664062,256.32758620689657,700.0,True,False,False,False
25,line_section,U Hallesches Tor (Berlin),endpoint_or_interchange,2026-09-21 18:45:00,272,249.41024780273438,29.718616485595703,542.5338134765625,222.72413793103448,700.0,True,False,False,False
25,line_section,U Hallesches Tor (Berlin),endpoint_or_interchange,2026-09-21 19:00:00,388,288.3460388183594,35.001705169677734,602.3657836914062,260.1896551724138,572.6000000000001,True,False,False,False
25,line_section,U Hallesches Tor (Berlin),endpoint_or_interchange,2026-09-21 19:15:00,198,285.7809753417969,34.53681945800781,599.5546875,257.17241379310343,572.6000000000001,True,False,False,False
25,line_section,U Hallesches Tor (Berlin),endpoint_or_interchange,2026-09-21 19:30:00,516,230.3712921142578,26.518054962158203,515.8082275390625,209.41379310344828,572.6000000000001,False,True,False,False
25,line_section,U Hallesches Tor (Berlin),endpoint_or_interchange,2026-09-21 19:45:00,228,183.70651245117188,19.88124656677246,439.2701110839844,176.0,572.6000000000001,True,False,False,False
25,line_section,U Hallesches Tor (Berlin),endpoint_or_interchange,2026-09-21 20:00:00,0,199.96592712402344,22.18330192565918,466.9167175292969,193.35593220338984,359.5,False,False,True,False
25,line_section,U Hallesches Tor (Berlin),endpoint_or_interchange,2026-09-21 20:15:00,130,125.43653869628906,12.816137313842773,293.2457580566406,117.77966101694915,359.5,True,False,False,False
25,line_section,U Moritzplatz (Berlin),hop1,2026-09-21 18:00:00,109,240.50466918945312,33.04426956176758,498.0453186035156,226.59649122807016,513.0,True,False,False,False
25,line_section,U Moritzplatz (Berlin),hop1,2026-09-21 18:15:00,10,259.18560791015625,35.686279296875,505.5810241699219,247.8421052631579,513.0,False,False,True,False
25,line_section,U Moritzplatz (Berlin),hop1,2026-09-21 18:30:00,34,255.22201538085938,35.31547164916992,504.2865295410156,241.67241379310346,513.0,False,False,True,False
25,line_section,U Moritzplatz (Berlin),hop1,2026-09-21 18:45:00,13,230.4855194091797,30.98185157775879,491.7519836425781,215.3448275862069,513.0,False,False,True,False
25,line_section,U Moritzplatz (Berlin),hop1,2026-09-21 19:00:00,339,214.64968872070312,27.361652374267578,481.5228576660156,202.6551724137931,408.8,True,False,False,False
25,line_section,U Moritzplatz (Berlin),hop1,2026-09-21 19:15:00,215,189.5692138671875,22.801570892333984,451.7870788574219,180.41379310344828,408.8,True,False,False,False
25,line_section,U Moritzplatz (Berlin),hop1,2026-09-21 19:30:00,8,149.1271514892578,15.917277336120605,356.5058288574219,141.29310344827587,408.8,False,False,True,False
25,line_section,U Moritzplatz (Berlin),hop1,2026-09-21 19:45:00,461,123.22920227050781,13.057759284973145,289.25457763671875,116.03389830508475,408.8,False,True,False,True
25,line_section,U Moritzplatz (Berlin),hop1,2026-09-21 20:00:00,513,142.89935302734375,15.377999305725098,336.01153564453125,137.05084745762713,279.0,False,True,False,True
25,line_section,U Moritzplatz (Berlin),hop1,2026-09-21 20:15:00,81,144.50579833984375,15.728445053100586,339.2149353027344,139.08474576271186,279.0,True,False,False,False
25,line_section,U Kottbusser Tor (Berlin),endpoint_or_interchange,2026-09-21 18:00:00,39,205.30166625976562,25.68215560913086,473.9641418457031,195.8421052631579,538.0,True,False,False,False
25,line_section,U Kottbusser Tor (Berlin),endpoint_or_interchange,2026-09-21 18:15:00,42,249.7749786376953,33.81511688232422,509.3068542480469,232.0701754385965,538.0,True,False,False,False
25,line_section,U Kottbusser Tor (Berlin),endpoint_or_interchange,2026-09-21 18:30:00,538,215.34796142578125,27.49997329711914,484.7917175292969,202.98275862068965,538.0,False,True,False,False
25,line_section,U Kottbusser Tor (Berlin),endpoint_or_interchange,2026-09-21 18:45:00,54,265.26702880859375,36.04900360107422,518.5890502929688,249.0344827586207,538.0,True,False,False,False
25,line_section,U Kottbusser Tor (Berlin),endpoint_or_interchange,2026-09-21 19:00:00,432,267.9872741699219,36.0277099609375,522.5411376953125,252.31034482758622,433.8,True,False,False,False
25,line_section,U Kottbusser Tor (Berlin),endpoint_or_interchange,2026-09-21 19:15:00,448,190.16336059570312,22.67864418029785,451.5281982421875,181.39655172413794,433.8,True,False,False,True
25,line_section,U Kottbusser Tor (Berlin),endpoint_or_interchange,2026-09-21 19:30:00,538,188.61602783203125,22.382877349853516,448.7957458496094,179.98275862068965,433.8,False,True,False,True
25,line_section,U Kottbusser Tor (Berlin),endpoint_or_interchange,2026-09-21 19:45:00,54,164.64573669433594,18.203155517578125,397.2711486816406,157.77966101694915,433.8,True,False,False,False
25,line_section,U Kottbusser Tor (Berlin),endpoint_or_interchange,2026-09-21 20:00:00,76,150.94577026367188,16.329870223999023,357.0497741699219,145.9322033898305,304.5,True,False,False,False
25,line_section,U Kottbusser Tor (Berlin),endpoint_or_interchange,2026-09-21 20:15:00,248,142.3071746826172,15.260085105895996,333.5187072753906,137.3050847457627,304.5,True,False,False,False
25,line_section,U Prinzenstr. (Berlin),endpoint_or_interchange,2026-09-21 18:00:00,162,272.8739929199219,35.972137451171875,545.0964965820312,257.9122807017544,575.0,True,False,False,False
25,line_section,U Prinzenstr. (Berlin),endpoint_or_interchange,2026-09-21 18:15:00,181,254.5258026123047,33.21024703979492,526.7916259765625,232.859649122807,575.0,True,False,False,False
25,line_section,U Prinzenstr. (Berlin),endpoint_or_interchange,2026-09-21 18:30:00,24,245.41563415527344,31.811925888061523,518.931884765625,225.44827586206895,575.0,False,False,True,False
25,line_section,U Prinzenstr. (Berlin),endpoint_or_interchange,2026-09-21 18:45:00,61,239.62820434570312,30.916948318481445,511.82763671875,220.4655172413793,575.0,True,False,False,False
25,line_section,U Prinzenstr. (Berlin),endpoint_or_interchange,2026-09-21 19:00:00,38,225.36212158203125,27.992319107055664,498.6634826660156,210.39655172413794,513.4000000000001,True,False,False,False
25,line_section,U Prinzenstr. (Berlin),endpoint_or_interchange,2026-09-21 19:15:00,391,170.75155639648438,18.81342124938965,414.07470703125,162.8448275862069,513.4000000000001,True,False,False,False
25,line_section,U Prinzenstr. (Berlin),endpoint_or_interchange,2026-09-21 19:30:00,134,226.16192626953125,27.86765480041504,499.0928039550781,210.8448275862069,513.4000000000001,True,False,False,False
25,line_section,U Prinzenstr. (Berlin),endpoint_or_interchange,2026-09-21 19:45:00,575,215.7569122314453,26.225473403930664,487.4718017578125,204.3728813559322,513.4000000000001,False,True,False,True
25,line_section,U Prinzenstr. (Berlin),endpoint_or_interchange,2026-09-21 20:00:00,297,146.02137756347656,15.310612678527832,345.1592102050781,140.4406779661017,280.5,True,False,False,True
25,line_section,U Prinzenstr. (Berlin),endpoint_or_interchange,2026-09-21 20:15:00,357,139.20025634765625,14.584529876708984,326.6072082519531,133.11864406779662,280.5,False,True,False,True
25,line_section,U Görlitzer Bahnhof (Berlin),endpoint_or_interchange,2026-09-21 18:00:00,258,205.57281494140625,25.82438087463379,474.3050842285156,195.64912280701753,513.0,True,False,False,False
25,line_section,U Görlitzer Bahnhof (Berlin),endpoint_or_interchange,2026-09-21 18:15:00,84,234.95449829101562,31.603961944580078,497.5154113769531,219.3859649122807,513.0,True,False,False,False
25,line_section,U Görlitzer Bahnhof (Berlin),endpoint_or_interchange,2026-09-21 18:30:00,390,224.68917846679688,29.479406356811523,491.1790771484375,210.01724137931035,513.0,True,False,False,False
25,line_section,U Görlitzer Bahnhof (Berlin),endpoint_or_interchange,2026-09-21 18:45:00,29,185.81640625,22.034330368041992,445.5942077636719,176.4655172413793,513.0,True,False,False,False
25,line_section,U Görlitzer Bahnhof (Berlin),endpoint_or_interchange,2026-09-21 19:00:00,353,165.36276245117188,18.206274032592773,401.30810546875,156.3448275862069,456.0,True,False,False,False
25,line_section,U Görlitzer Bahnhof (Berlin),endpoint_or_interchange,2026-09-21 19:15:00,6,209.603271484375,26.14833641052246,477.4420471191406,197.75862068965517,456.0,False,False,True,False
25,line_section,U Görlitzer Bahnhof (Berlin),endpoint_or_interchange,2026-09-21 19:30:00,69,159.48922729492188,17.27202606201172,385.83990478515625,151.5,456.0,True,False,False,False
25,line_section,U Görlitzer Bahnhof (Berlin),endpoint_or_interchange,2026-09-21 19:45:00,1,206.77198791503906,25.542531967163086,473.89935302734375,196.94915254237287,456.0,False,False,True,False
25,line_section,U Görlitzer Bahnhof (Berlin),endpoint_or_interchange,2026-09-21 20:00:00,306,152.43344116210938,16.517677307128906,361.2330322265625,146.98305084745763,285.5,True,False,False,True
25,line_section,U Görlitzer Bahnhof (Berlin),endpoint_or_interchange,2026-09-21 20:15:00,30,124.4508056640625,13.003788948059082,290.477783203125,116.88135593220339,285.5,True,False,False,False
25,line_section,U Schlesisches Tor (Berlin),endpoint_or_interchange,2026-09-21 18:00:00,170,245.27322387695312,32.87995529174805,507.9021911621094,230.0,504.0,True,False,False,False
25,line_section,U Schlesisches Tor (Berlin),endpoint_or_interchange,2026-09-21 18:15:00,96,238.38375854492188,31.817176818847656,501.8579406738281,222.24561403508773,504.0,True,False,False,False
25,line_section,U Schlesisches Tor (Berlin),endpoint_or_interchange,2026-09-21 18:30:00,29,188.13372802734375,22.37948226928711,449.68804931640625,179.24137931034483,504.0,True,False,False,False
25,line_section,U Schlesisches Tor (Berlin),endpoint_or_interchange,2026-09-21 18:45:00,504,225.970947265625,29.35749053955078,492.7757873535156,211.1206896551724,504.0,False,True,False,False
25,line_section,U Schlesisches Tor (Berlin),endpoint_or_interchange,2026-09-21 19:00:00,243,218.83273315429688,27.649995803833008,487.2738952636719,206.01724137931035,461.6,True,False,False,False
25,line_section,U Schlesisches Tor (Berlin),endpoint_or_interchange,2026-09-21 19:15:00,394,211.53158569335938,26.294235229492188,480.17822265625,200.4655172413793,461.6,True,False,False,False
25,line_section,U Schlesisches Tor (Berlin),endpoint_or_interchange,2026-09-21 19:30:00,504,176.36326599121094,20.002643585205078,426.3544921875,168.44827586206895,461.6,False,True,False,True
25,line_section,U Schlesisches Tor (Berlin),endpoint_or_interchange,2026-09-21 19:45:00,46,171.0079345703125,19.12983512878418,413.48883056640625,164.77966101694915,461.6,True,False,False,False
25,line_section,U Schlesisches Tor (Berlin),endpoint_or_interchange,2026-09-21 20:00:00,35,179.650390625,20.768600463867188,429.71527099609375,176.20338983050848,296.0,True,False,False,False
25,line_section,U Schlesisches Tor (Berlin),endpoint_or_interchange,2026-09-21 20:15:00,216,155.5968475341797,17.070878982543945,369.01104736328125,152.33898305084745,296.0,True,False,False,False
25,line_section,U Gneisenaustr. (Berlin),hop2,2026-09-21 18:00:00,572,262.9250183105469,35.26567077636719,529.9578857421875,246.59649122807016,572.0,False,True,False,False
25,line_section,U Gneisenaustr. (Berlin),hop2,2026-09-21 18:15:00,572,247.65383911132812,32.74073791503906,516.1215209960938,230.0,572.0,False,True,False,False
25,line_section,U Gneisenaustr. (Berlin),hop2,2026-09-21 18:30:00,84,266.51507568359375,35.94696807861328,531.46142578125,249.3793103448276,572.0,True,False,False,False
25,line_section,U Gneisenaustr. (Berlin),hop2,2026-09-21 18:45:00,7,238.429443359375,31.299331665039062,506.464599609375,222.55172413793105,572.0,False,False,True,False
25,line_section,U Gneisenaustr. (Berlin),hop2,2026-09-21 19:00:00,205,249.28298950195312,32.89104080200195,515.7982177734375,231.48275862068965,439.2000000000001,True,False,False,False
25,line_section,U Gneisenaustr. (Berlin),hop2,2026-09-21 19:15:00,2,174.73619079589844,19.749832153320312,424.0075988769531,168.32758620689654,439.2000000000001,False,False,True,False
25,line_section,U Gneisenaustr. (Berlin),hop2,2026-09-21 19:30:00,114,170.3906707763672,18.981502532958984,414.0384521484375,164.81034482758622,439.2000000000001,True,False,False,False
25,line_section,U Gneisenaustr. (Berlin),hop2,2026-09-21 19:45:00,572,171.84542846679688,19.172168731689453,416.35357666015625,166.4406779661017,439.2000000000001,False,True,False,True
25,line_section,U Gneisenaustr. (Berlin),hop2,2026-09-21 20:00:00,63,172.816650390625,19.58220672607422,415.7336730957031,171.4406779661017,330.0,True,False,False,False
25,line_section,U Gneisenaustr. (Berlin),hop2,2026-09-21 20:15:00,90,154.8269805908203,16.8951416015625,368.6556396484375,152.5084745762712,330.0,True,False,False,False
25,line_section,U Schönleinstr. (Berlin),hop1,2026-09-21 18:00:00,183,240.4658660888672,32.970218658447266,498.2768859863281,226.47368421052633,518.0,True,False,False,False
25,line_section,U Schönleinstr. (Berlin),hop1,2026-09-21 18:15:00,518,267.39971923828125,36.806297302246094,511.1280517578125,259.56140350877195,518.0,False,True,False,False
25,line_section,U Schönleinstr. (Berlin),hop1,2026-09-21 18:30:00,117,211.79379272460938,27.199188232421875,480.0151672363281,200.27586206896552,518.0,True,False,False,False
25,line_section,U Schönleinstr. (Berlin),hop1,2026-09-21 18:45:00,417,187.92291259765625,22.552759170532227,449.8423767089844,178.91379310344828,518.0,True,False,False,False
25,line_section,U Schönleinstr. (Berlin),hop1,2026-09-21 19:00:00,83,214.8608856201172,27.436447143554688,481.7231750488281,203.05172413793105,461.80000000000007,True,False,False,False
25,line_section,U Schönleinstr. (Berlin),hop1,2026-09-21 19:15:00,87,204.2381591796875,25.413164138793945,470.9352111816406,194.55172413793105,461.80000000000007,True,False,False,False
25,line_section,U Schönleinstr. (Berlin),hop1,2026-09-21 19:30:00,37,193.48561096191406,23.373098373413086,457.3192138671875,184.4655172413793,461.80000000000007,True,False,False,False
25,line_section,U Schönleinstr. (Berlin),hop1,2026-09-21 19:45:00,24,135.9452362060547,14.325323104858398,320.79669189453125,128.864406779661,461.80000000000007,True,False,False,False
25,line_section,U Schönleinstr. (Berlin),hop1,2026-09-21 20:00:00,90,149.64031982421875,16.293785095214844,354.1701354980469,144.5593220338983,272.5,True,False,False,False
25,line_section,U Schönleinstr. (Berlin),hop1,2026-09-21 20:15:00,42,133.89134216308594,14.373573303222656,313.0050964355469,128.45762711864407,272.5,True,False,False,False
25,line_section,U Mehringdamm (Berlin),hop1,2026-09-21 18:00:00,369,264.7181396484375,33.55544662475586,550.3139038085938,246.08771929824562,699.0,True,False,False,False
25,line_section,U Mehringdamm (Berlin),hop1,2026-09-21 18:15:00,110,283.3947448730469,36.09229278564453,573.8751831054688,266.82456140350877,699.0,True,False,False,False
25,line_section,U Mehringdamm (Berlin),hop1,2026-09-21 18:30:00,45,298.17169189453125,38.39287185668945,593.1834716796875,288.01724137931035,699.0,True,False,False,False
25,line_section,U Mehringdamm (Berlin),hop1,2026-09-21 18:45:00,453,287.8990173339844,36.81938171386719,576.3280639648438,271.62068965517244,699.0,True,False,False,False
25,line_section,U Mehringdamm (Berlin),hop1,2026-09-21 19:00:00,421,240.35952758789062,29.641815185546875,519.8753662109375,222.24137931034483,519.8,True,False,False,False
25,line_section,U Mehringdamm (Berlin),hop1,2026-09-21 19:15:00,48,287.0653381347656,36.68061447143555,575.804443359375,269.87931034482756,519.8,True,False,False,False
25,line_section,U Mehringdamm (Berlin),hop1,2026-09-21 19:30:00,318,187.10739135742188,20.99444007873535,447.1727600097656,180.81034482758622,519.8,True,False,False,False
25,line_section,U Mehringdamm (Berlin),hop1,2026-09-21 19:45:00,431,167.13548278808594,17.786592483520508,404.8882141113281,162.0677966101695,519.8,False,True,False,False
25,line_section,U Mehringdamm (Berlin),hop1,2026-09-21 20:00:00,121,210.6980438232422,24.918027877807617,482.0271301269531,205.5084745762712,389.0,True,False,False,False
25,line_section,U Mehringdamm (Berlin),hop1,2026-09-21 20:15:00,10,176.97914123535156,19.448320388793945,422.9222412109375,175.5084745762712,389.0,False,False,True,False
25,line_section,U Platz der Luftbrücke (Berlin),hop2,2026-09-21 18:00:00,335,222.40029907226562,28.962255477905273,490.96063232421875,212.24561403508773,571.0,True,False,False,False
25,line_section,U Platz der Luftbrücke (Berlin),hop2,2026-09-21 18:15:00,114,228.34959411621094,30.150699615478516,494.6780090332031,216.12280701754386,571.0,True,False,False,False
25,line_section,U Platz der Luftbrücke (Berlin),hop2,2026-09-21 18:30:00,571,238.03211975097656,32.06431198120117,501.7447204589844,223.81034482758622,571.0,False,True,False,False
25,line_section,U Platz der Luftbrücke (Berlin),hop2,2026-09-21 18:45:00,25,186.248779296875,22.134096145629883,446.4848937988281,178.70689655172413,571.0,True,False,False,False
25,line_section,U Platz der Luftbrücke (Berlin),hop2,2026-09-21 19:00:00,259,273.71826171875,37.35801315307617,526.7503051757812,263.37931034482756,512.2,True,False,False,False
25,line_section,U Platz der Luftbrücke (Berlin),hop2,2026-09-21 19:15:00,397,223.26321411132812,28.665771484375,489.9671936035156,211.01724137931035,512.2,True,False,False,False
25,line_section,U Platz der Luftbrücke (Berlin),hop2,2026-09-21 19:30:00,249,211.56982421875,26.43953514099121,479.4530334472656,201.6206896551724,512.2,True,False,False,False
25,line_section,U Platz der Luftbrücke (Berlin),hop2,2026-09-21 19:45:00,544,191.36892700195312,22.77504539489746,453.47064208984375,185.71186440677965,512.2,False,True,False,True
25,line_section,U Platz der Luftbrücke (Berlin),hop2,2026-09-21 20:00:00,36,150.93292236328125,16.31595230102539,357.584716796875,147.6949152542373,325.0,True,False,False,False
25,line_section,U Platz der Luftbrücke (Berlin),hop2,2026-09-21 20:15:00,29,155.44097900390625,17.189489364624023,368.92950439453125,153.864406779661,325.0,True,False,False,False
25,line_section,U Gleisdreieck (Berlin),hop2,2026-09-21 18:00:00,14,353.610595703125,41.864994049072266,744.6478881835938,342.2280701754386,853.1,False,False,True,False
25,line_section,U Gleisdreieck (Berlin),hop2,2026-09-21 18:15:00,28,350.2464294433594,40.815120697021484,741.8040771484375,331.3157894736842,853.1,False,False,True,False
25,line_section,U Gleisdreieck (Berlin),hop2,2026-09-21 18:30:00,317,363.3913879394531,43.05847930908203,767.7627563476562,347.2241379310345,853.1,True,False,False,False
25,line_section,U Gleisdreieck (Berlin),hop2,2026-09-21 18:45:00,321,335.2590637207031,38.840599060058594,716.337158203125,310.17241379310343,853.1,True,False,False,False
25,line_section,U Gleisdreieck (Berlin),hop2,2026-09-21 19:00:00,107,354.1123962402344,41.38052749633789,748.31884765625,336.5344827586207,641.0,True,False,False,False
25,line_section,U Gleisdreieck (Berlin),hop2,2026-09-21 19:15:00,176,305.455810546875,34.75335693359375,662.3033447265625,273.98275862068965,641.0,True,False,False,False
25,line_section,U Gleisdreieck (Berlin),hop2,2026-09-21 19:30:00,371,282.26348876953125,31.92921257019043,615.8883056640625,251.27586206896552,641.0,True,False,False,False
25,line_section,U Gleisdreieck (Berlin),hop2,2026-09-21 19:45:00,17,205.50955200195312,21.94776725769043,480.0815734863281,192.98305084745763,641.0,False,False,True,False
25,line_section,U Gleisdreieck (Berlin),hop2,2026-09-21 20:00:00,22,177.00498962402344,18.30742645263672,422.23199462890625,171.35593220338984,370.5,True,False,False,False
25,line_section,U Gleisdreieck (Berlin),hop2,2026-09-21 20:15:00,218,175.43580627441406,18.05679702758789,417.28997802734375,170.6949152542373,370.5,True,False,False,False
25,line_section,U Möckernbrücke (Berlin),hop1,2026-09-21 18:00:00,129,231.77622985839844,26.324832916259766,522.257080078125,211.7719298245614,696.3,True,False,False,False
25,line_section,U Möckernbrücke (Berlin),hop1,2026-09-21 18:15:00,262,350.8027038574219,42.79078674316406,725.5848999023438,338.36842105263156,696.3,True,False,False,False
25,line_section,U Möckernbrücke (Berlin),hop1,2026-09-21 18:30:00,787,288.7773132324219,34.03091812133789,618.3811645507812,258.6896551724138,696.3,False,True,False,True
25,line_section,U Möckernbrücke (Berlin),hop1,2026-09-21 18:45:00,20,288.37091064453125,33.888484954833984,616.1277465820312,256.6034482758621,696.3,False,False,True,False
25,line_section,U Möckernbrücke (Berlin),hop1,2026-09-21 19:00:00,343,311.87841796875,36.703758239746094,658.5545043945312,281.5689655172414,560.6,True,False,False,False
25,line_section,U Möckernbrücke (Berlin),hop1,2026-09-21 19:15:00,397,295.99969482421875,34.75664520263672,629.0956420898438,264.7413793103448,560.6,True,False,False,False
25,line_section,U Möckernbrücke (Berlin),hop1,2026-09-21 19:30:00,255,250.65231323242188,28.466161727905273,551.61376953125,224.25862068965517,560.6,True,False,False,False
25,line_section,U Möckernbrücke (Berlin),hop1,2026-09-21 19:45:00,7,215.47265625,23.79722023010254,495.81158447265625,199.91525423728814,560.6,False,False,True,False
25,line_section,U Möckernbrücke (Berlin),hop1,2026-09-21 20:00:00,166,226.94387817382812,25.378007888793945,511.90521240234375,212.47457627118644,378.0,True,False,False,False
25,line_section,U Möckernbrücke (Berlin),hop1,2026-09-21 20:15:00,213,173.1062469482422,18.050865173339844,413.3245544433594,168.88135593220338,378.0,True,False,False,False
25,line_section,S+U Yorckstr. (Berlin),hop2,2026-09-21 18:00:00,318,286.2502136230469,36.7077522277832,578.4549560546875,271.56140350877195,629.0,True,False,False,False
25,line_section,S+U Yorckstr. (Berlin),hop2,2026-09-21 18:15:00,113,282.93994140625,36.13254928588867,575.1982421875,262.49122807017545,629.0,True,False,False,False
25,line_section,S+U Yorckstr. (Berlin),hop2,2026-09-21 18:30:00,164,274.88165283203125,35.18669509887695,562.6956176757812,252.29310344827587,629.0,True,False,False,False
25,line_section,S+U Yorckstr. (Berlin),hop2,2026-09-21 18:45:00,291,248.6466064453125,31.342411041259766,529.1333618164062,227.1206896551724,629.0,True,False,False,False
25,line_section,S+U Yorckstr. (Berlin),hop2,2026-09-21 19:00:00,182,281.7152099609375,35.75009536743164,571.991943359375,260.2586206896552,585.4000000000002,True,False,False,False
25,line_section,S+U Yorckstr. (Berlin),hop2,2026-09-21 19:15:00,227,237.18943786621094,29.150894165039062,516.2151489257812,219.24137931034483,585.4000000000002,True,False,False,False
25,line_section,S+U Yorckstr. (Berlin),hop2,2026-09-21 19:30:00,155,220.1758575439453,26.275070190429688,495.8139343261719,206.27586206896552,585.4000000000002,True,False,False,False
25,line_section,S+U Yorckstr. (Berlin),hop2,2026-09-21 19:45:00,175,186.4867401123047,20.995758056640625,446.29315185546875,180.83050847457628,585.4000000000002,True,False,False,False
25,line_section,S+U Yorckstr. (Berlin),hop2,2026-09-21 20:00:00,158,188.51632690429688,21.174528121948242,448.0086975097656,184.91525423728814,326.0,True,False,False,False
25,line_section,S+U Yorckstr. (Berlin),hop2,2026-09-21 20:15:00,40,142.25054931640625,14.935672760009766,335.1029052734375,137.40677966101694,326.0,True,False,False,False
25,line_section,U Hermannplatz (Berlin),hop2,2026-09-21 18:00:00,477,256.124755859375,35.03106689453125,509.9322814941406,246.94736842105263,519.0,True,False,False,False
25,line_section,U Hermannplatz (Berlin),hop2,2026-09-21 18:15:00,519,221.1068878173828,28.751665115356445,488.04046630859375,208.94736842105263,519.0,False,True,False,False
25,line_section,U Hermannplatz (Berlin),hop2,2026-09-21 18:30:00,240,215.48086547851562,27.76146125793457,483.7583923339844,204.39655172413794,519.0,True,False,False,False
25,line_section,U Hermannplatz (Berlin),hop2,2026-09-21 18:45:00,140,235.67628479003906,31.831451416015625,496.6075439453125,220.48275862068965,519.0,True,False,False,False
25,line_section,U Hermannplatz (Berlin),hop2,2026-09-21 19:00:00,231,252.78375244140625,34.40302276611328,505.98565673828125,238.79310344827587,519.0,True,False,False,False
25,line_section,U Hermannplatz (Berlin),hop2,2026-09-21 19:15:00,142,204.29421997070312,25.358394622802734,471.3044738769531,195.63793103448276,519.0,True,False,False,False
25,line_section,U Hermannplatz (Berlin),hop2,2026-09-21 19:30:00,519,210.60122680664062,26.20795249938965,477.91156005859375,200.1551724137931,519.0,False,True,False,False
25,line_section,U Hermannplatz (Berlin),hop2,2026-09-21 19:45:00,173,178.30458068847656,20.400041580200195,430.18658447265625,172.74576271186442,519.0,True,False,False,False
25,line_section,U Hermannplatz (Berlin),hop2,2026-09-21 20:00:00,360,144.33851623535156,15.266716957092285,340.4392395019531,139.8135593220339,272.0,False,True,False,True
25,line_section,U Hermannplatz (Berlin),hop2,2026-09-21 20:15:00,21,119.6810531616211,12.477730751037598,278.79718017578125,113.45762711864407,272.0,True,False,False,False
25,line_section,U Heinrich-Heine-Str. (Berlin),hop2,2026-09-21 18:00:00,36,220.17637634277344,29.02411460876465,486.2796325683594,208.56140350877192,505.0,True,False,False,False
25,line_section,U Heinrich-Heine-Str. (Berlin),hop2,2026-09-21 18:15:00,14,253.24298095703125,34.921207427978516,502.1619567871094,239.859649122807,505.0,False,False,True,False
25,line_section,U Heinrich-Heine-Str. (Berlin),hop2,2026-09-21 18:30:00,172,258.8544006347656,35.72819900512695,505.4050598144531,247.82758620689654,505.0,True,False,False,False
25,line_section,U Heinrich-Heine-Str. (Berlin),hop2,2026-09-21 18:45:00,210,199.19338989257812,24.74821662902832,466.0791320800781,188.08620689655172,505.0,True,False,False,False
25,line_section,U Heinrich-Heine-Str. (Berlin),hop2,2026-09-21 19:00:00,133,233.54840087890625,31.399410247802734,492.9556884765625,218.6206896551724,459.8,True,False,False,False
25,line_section,U Heinrich-Heine-Str. (Berlin),hop2,2026-09-21 19:15:00,386,225.0473175048828,29.553709030151367,488.2056579589844,209.56896551724137,459.8,True,False,False,False
25,line_section,U Heinrich-Heine-Str. (Berlin),hop2,2026-09-21 19:30:00,160,174.5824737548828,20.014406204223633,423.5307312011719,166.27586206896552,459.8,True,False,False,False
25,line_section,U Heinrich-Heine-Str. (Berlin),hop2,2026-09-21 19:45:00,124,150.96078491210938,16.229738235473633,360.8752746582031,144.0677966101695,459.8,True,False,False,False
25,line_section,U Heinrich-Heine-Str. (Berlin),hop2,2026-09-21 20:00:00,247,141.27699279785156,15.18627643585205,331.989013671875,135.54237288135593,279.0,True,False,False,False
25,line_section,U Heinrich-Heine-Str. (Berlin),hop2,2026-09-21 20:15:00,77,122.3044662475586,13.068857192993164,284.9246826171875,116.0,279.0,True,False,False,False
25,line_section,U Stadtmitte (Berlin),hop2,2026-09-21 18:00:00,80,222.11001586914062,28.954153060913086,489.9011535644531,212.87719298245614,526.0,True,False,False,False
25,line_section,U Stadtmitte (Berlin),hop2,2026-09-21 18:15:00,130,263.0362243652344,35.990543365478516,513.8342895507812,254.71929824561403,526.0,True,False,False,False
25,line_section,U Stadtmitte (Berlin),hop2,2026-09-21 18:30:00,169,224.49722290039062,29.57762336730957,491.2930908203125,213.51724137931035,526.0,True,False,False,False
25,line_section,U Stadtmitte (Berlin),hop2,2026-09-21 18:45:00,328,201.23171997070312,24.857677459716797,469.1766357421875,192.44827586206895,526.0,True,False,False,False
25,line_section,U Stadtmitte (Berlin),hop2,2026-09-21 19:00:00,164,198.75067138671875,24.14576530456543,465.54345703125,191.5344827586207,421.40000000000003,True,False,False,False
25,line_section,U Stadtmitte (Berlin),hop2,2026-09-21 19:15:00,79,175.71951293945312,19.940994262695312,426.0557556152344,170.1551724137931,421.40000000000003,True,False,False,False
25,line_section,U Stadtmitte (Berlin),hop2,2026-09-21 19:30:00,259,207.379638671875,25.63849449157715,475.137451171875,199.18965517241378,421.40000000000003,True,False,False,False
25,line_section,U Stadtmitte (Berlin),hop2,2026-09-21 19:45:00,18,145.98007202148438,15.227381706237793,347.7337341308594,140.0,421.40000000000003,True,False,False,False
25,line_section,U Stadtmitte (Berlin),hop2,2026-09-21 20:00:00,2,151.12171936035156,16.230192184448242,358.2585144042969,149.15254237288136,287.5,False,False,True,False
25,line_section,U Stadtmitte (Berlin),hop2,2026-09-21 20:15:00,174,128.62237548828125,13.447474479675293,301.2127685546875,124.05084745762711,287.5,True,False,False,False
25,line_section,S+U Warschauer Str. (Berlin),hop1,2026-09-21 18:00:00,166,219.4276885986328,28.35595703125,487.6412353515625,207.6315789473684,501.0,True,False,False,False
25,line_section,S+U Warschauer Str. (Berlin),hop1,2026-09-21 18:15:00,501,197.16249084472656,24.002700805664062,463.84991455078125,187.26315789473685,501.0,False,True,False,False
25,line_section,S+U Warschauer Str. (Berlin),hop1,2026-09-21 18:30:00,254,233.3702392578125,31.104427337646484,498.01873779296875,218.91379310344828,501.0,True,False,False,False
25,line_section,S+U Warschauer Str. (Berlin),hop1,2026-09-21 18:45:00,181,188.88333129882812,22.443599700927734,451.01177978515625,178.1206896551724,501.0,True,False,False,False
25,line_section,S+U Warschauer Str. (Berlin),hop1,2026-09-21 19:00:00,151,241.32969665527344,32.29051971435547,501.48876953125,223.81034482758622,433.20000000000005,True,False,False,False
25,line_section,S+U Warschauer Str. (Berlin),hop1,2026-09-21 19:15:00,50,146.1515655517578,15.316117286682129,348.1308898925781,136.74137931034483,433.20000000000005,True,False,False,False
25,line_section,S+U Warschauer Str. (Berlin),hop1,2026-09-21 19:30:00,1,200.31851196289062,24.317581176757812,466.7042541503906,190.48275862068965,433.20000000000005,False,False,True,False
25,line_section,S+U Warschauer Str. (Berlin),hop1,2026-09-21 19:45:00,80,164.58450317382812,18.08769989013672,397.1121826171875,157.91525423728814,433.20000000000005,True,False,False,False
25,line_section,S+U Warschauer Str. (Berlin),hop1,2026-09-21 20:00:00,148,139.1289520263672,14.57379150390625,327.18328857421875,132.76271186440678,250.5,True,False,False,False
25,line_section,S+U Warschauer Str. (Berlin),hop1,2026-09-21 20:15:00,8,147.33731079101562,15.885181427001953,345.8453063964844,142.88135593220338,250.5,False,False,True,False
