timestamp,station_name,hour,passengers,station_hour_p95,q0025,q0050,q0100,q0200,q0300,q0400,q0500,q0600,q0700,q0800,q0900,q0950,q0975,mean,baseline_mean,baseline_median,b_q0025,b_q0050,b_q0100,b_q0200,b_q0300,b_q0400,b_q0500,b_q0600,b_q0700,b_q0800,b_q0900,b_q0950,b_q0975
2026-09-16 00:00:00,U Adenauerplatz (Berlin),0,0,14.35,0.0,0.0,0.0,0.0,0.0,0.17,0.42,0.85,1.64,3.47,8.83,12.34,18.01,2.53,2.64,0.0,0.0,0.0,0.0,0.0,0.0,0.0,0.0,0.0,1.0,3.0,7.7,14.35,20.35
2026-09-16 00:15:00,U Adenauerplatz (Berlin),0,0,14.35,0.0,0.0,0.0,0.0,0.04,0.28,0.62,1.13,2.06,4.26,9.42,13.33,19.29,2.89,3.02,0.0,0.0,0.0,0.0,0.0,0.0,0.0,0.0,0.0,1.0,3.0,7.7,14.35,20.35
2026-09-16 00:30:00,U Adenauerplatz (Berlin),0,0,14.35,0.0,0.0,0.0,0.0,0.0,0.06,0.25,0.53,0.96,1.82,6.08,9.87,13.11,1.69,1.76,0.0,0.0,0.0,0.0,0.0,0.0,0.0,0.0,0.0,1.0,3.0,7.7,14.35,20.35
2026-09-16 00:45:00,U Adenauerplatz (Berlin),0,0,14.35,0.0,0.0,0.0,0.0,0.02,0.26,0.59,1.1,2.03,4.3,9.42,13.39,19.67,2.88,2.98,0.0,0.0,0.0,0.0,0.0,0.0,0.0,0.0,0.0,1.0,3.0,7.7,14.35,20.35
2026-09-16 05:00:00,U Adenauerplatz (Berlin),5,1,208.25,0.82,1.98,4.07,9.11,14.13,20.19,27.36,36.57,48.88,65.6,95.42,126.3,160.51,41.64,41.63,29.0,1.0,2.0,5.0,12.8,18.0,27.6,39.0,55.4,67.3,100.2,158.2,208.25,277.88
2026-09-16 05:15:00,U Adenauerplatz (Berlin),5,62,208.25,0.92,2.19,4.47,9.97,15.68,22.51,30.88,41.49,55.35,74.31,107.83,143.18,183.16,46.97,46.3,26.5,1.0,2.0,5.0,12.8,18.0,27.6,39.0,55.4,67.3,100.2,158.2,208.25,277.88
2026-09-16 05:30:00,U Adenauerplatz (Berlin),5,143,208.25,1.62,3.36,7.12,15.33,24.36,35.34,49.17,65.09,85.45,114.48,166.1,224.34,281.01,72.45,67.98,45.5,1.0,2.0,5.0,12.8,18.0,27.6,39.0,55.4,67.3,100.2,158.2,208.25,277.88
2026-09-16 05:45:00,U Adenauerplatz (Berlin),5,55,208.25,2.39,4.69,10.41,21.87,35.03,51.63,70.03,92.48,121.02,161.56,234.69,307.96,385.76,100.97,96.25,62.0,1.0,2.0,5.0,12.8,18.0,27.6,39.0,55.4,67.3,100.2,158.2,208.25,277.88
2026-09-16 06:00:00,U Adenauerplatz (Berlin),6,61,390.2,2.44,4.82,10.8,22.41,35.82,52.58,71.25,94.11,123.03,165.4,240.32,315.91,395.18,103.15,95.45,57.5,2.0,6.0,9.6,25.2,41.0,56.4,83.0,119.2,162.8,217.6,288.6,390.2,432.7
2026-09-16 06:15:00,U Adenauerplatz (Berlin),6,357,390.2,2.95,5.95,13.56,28.64,46.58,66.94,90.92,119.84,156.54,209.81,300.71,394.03,458.76,128.13,119.07,86.0,2.0,6.0,9.6,25.2,41.0,56.4,83.0,119.2,162.8,217.6,288.6,390.2,432.7
2026-09-16 06:30:00,U Adenauerplatz (Berlin),6,303,390.2,3.54,7.43,17.15,37.09,59.69,85.55,115.92,151.66,197.66,261.9,379.02,461.13,498.13,157.38,150.34,106.0,2.0,6.0,9.6,25.2,41.0,56.4,83.0,119.2,162.8,217.6,288.6,390.2,432.7
2026-09-16 06:45:00,U Adenauerplatz (Berlin),6,612,390.2,3.4,7.11,16.27,35.07,56.85,81.34,110.32,143.86,188.44,250.43,359.72,449.21,491.43,150.86,142.34,105.0,2.0,6.0,9.6,25.2,41.0,56.4,83.0,119.2,162.8,217.6,288.6,390.2,432.7
2026-09-16 07:00:00,U Adenauerplatz (Berlin),7,248,612.0,6.59,15.77,34.45,71.25,113.53,162.09,218.25,288.26,373.71,466.44,524.87,563.3,608.03,259.25,233.85,202.0,8.75,12.0,21.0,54.0,94.0,128.0,193.5,244.0,321.5,429.0,602.5,612.0,612.0
2026-09-16 07:15:00,U Adenauerplatz (Berlin),7,249,612.0,6.76,16.2,35.35,73.6,117.35,167.22,226.36,298.18,385.51,475.56,532.49,575.22,624.64,266.32,240.37,196.0,8.75,12.0,21.0,54.0,94.0,128.0,193.5,244.0,321.5,429.0,602.5,612.0,612.0
2026-09-16 07:30:00,U Adenauerplatz (Berlin),7,50,612.0,5.51,12.72,29.44,60.94,97.71,139.19,187.85,247.97,322.58,421.4,502.74,534.38,567.16,232.69,210.12,151.0,8.75,12.0,21.0,54.0,94.0,128.0,193.5,244.0,321.5,429.0,602.5,612.0,612.0
2026-09-16 07:45:00,U Adenauerplatz (Berlin),7,25,612.0,8.13,19.94,40.13,85.2,134.81,193.54,264.42,342.96,430.15,500.9,556.9,613.1,677.47,294.24,275.69,225.0,8.75,12.0,21.0,54.0,94.0,128.0,193.5,244.0,321.5,429.0,602.5,612.0,612.0
2026-09-16 08:00:00,U Adenauerplatz (Berlin),8,220,612.0,6.54,15.52,34.21,71.08,113.07,161.15,216.87,286.31,371.97,465.31,524.58,564.92,612.36,258.83,233.0,138.0,6.7,16.4,27.8,64.2,95.2,129.0,158.0,220.2,293.2,404.2,573.0,612.0,612.0
2026-09-16 08:15:00,U Adenauerplatz (Berlin),8,612,612.0,4.74,10.65,25.22,52.93,83.7,119.68,160.83,211.99,276.53,371.38,477.65,514.31,541.11,207.44,193.23,140.0,6.7,16.4,27.8,64.2,95.2,129.0,158.0,220.2,293.2,404.2,573.0,612.0,612.0
2026-09-16 08:30:00,U Adenauerplatz (Berlin),8,141,612.0,8.67,21.14,42.02,89.29,141.64,202.29,276.75,356.74,442.63,506.5,567.2,628.41,701.02,303.49,294.4,268.0,6.7,16.4,27.8,64.2,95.2,129.0,158.0,220.2,293.2,404.2,573.0,612.0,612.0
2026-09-16 08:45:00,U Adenauerplatz (Berlin),8,278,612.0,4.81,10.88,25.54,53.27,84.26,120.5,161.97,213.2,277.79,372.69,477.3,512.39,538.19,207.94,195.23,154.0,6.7,16.4,27.8,64.2,95.2,129.0,158.0,220.2,293.2,404.2,573.0,612.0,612.0
2026-09-16 09:00:00,U Adenauerplatz (Berlin),9,84,564.0,6.17,14.55,32.39,67.18,107.3,153.59,205.97,271.74,353.1,450.3,515.33,551.5,593.57,249.1,228.81,177.0,7.0,9.0,21.0,40.0,74.0,100.0,131.0,163.0,228.0,313.0,412.0,564.0,612.0
2026-09-16 09:15:00,U Adenauerplatz (Berlin),9,105,564.0,4.21,9.26,22.13,47.14,75.03,107.45,144.68,189.73,247.88,330.24,452.74,499.65,525.38,190.19,181.81,133.0,7.0,9.0,21.0,40.0,74.0,100.0,131.0,163.0,228.0,313.0,412.0,564.0,612.0
2026-09-16 09:30:00,U Adenauerplatz (Berlin),9,76,564.0,3.48,7.46,17.65,38.5,62.27,89.69,121.71,159.66,208.89,276.43,400.01,473.42,504.56,164.74,157.69,116.0,7.0,9.0,21.0,40.0,74.0,100.0,131.0,163.0,228.0,313.0,412.0,564.0,612.0
2026-09-16 09:45:00,U Adenauerplatz (Berlin),9,271,564.0,3.35,7.22,17.04,37.36,60.45,87.09,118.3,154.71,202.46,267.83,389.69,468.3,501.35,160.57,153.67,102.0,7.0,9.0,21.0,40.0,74.0,100.0,131.0,163.0,228.0,313.0,412.0,564.0,612.0
2026-09-16 10:00:00,U Adenauerplatz (Berlin),10,175,265.05,2.51,5.2,12.22,26.16,42.22,61.47,83.82,111.03,144.48,194.46,279.08,371.6,445.4,119.77,111.34,90.5,0.83,1.65,8.0,14.6,26.0,38.0,51.0,66.8,87.0,125.0,179.8,265.05,339.4
2026-09-16 10:15:00,U Adenauerplatz (Berlin),10,63,265.05,2.42,5.01,11.7,24.87,39.59,58.02,78.88,104.16,135.58,183.55,263.55,348.96,428.13,113.35,106.05,64.0,0.83,1.65,8.0,14.6,26.0,38.0,51.0,66.8,87.0,125.0,179.8,265.05,339.4
2026-09-16 10:30:00,U Adenauerplatz (Berlin),10,297,265.05,1.27,2.79,5.93,13.07,20.63,29.13,39.77,53.27,69.68,92.89,134.36,182.51,234.17,59.58,53.59,39.0,0.83,1.65,8.0,14.6,26.0,38.0,51.0,66.8,87.0,125.0,179.8,265.05,339.4
2026-09-16 10:45:00,U Adenauerplatz (Berlin),10,2,265.05,1.01,2.32,4.95,11.11,17.29,24.35,32.92,43.85,58.05,77.83,112.2,150.08,192.27,49.67,44.93,31.0,0.83,1.65,8.0,14.6,26.0,38.0,51.0,66.8,87.0,125.0,179.8,265.05,339.4
2026-09-16 11:00:00,U Adenauerplatz (Berlin),11,21,73.05,0.44,1.25,2.88,6.73,10.86,15.22,20.96,27.84,37.04,50.15,73.41,98.37,123.21,31.96,30.46,18.0,0.0,0.0,2.0,3.0,6.9,10.0,14.0,19.8,26.0,36.0,59.7,73.05,99.35
2026-09-16 11:15:00,U Adenauerplatz (Berlin),11,32,73.05,0.44,1.22,2.79,6.39,10.47,14.6,20.11,26.74,35.58,48.41,70.77,94.83,119.12,30.74,29.53,18.0,0.0,0.0,2.0,3.0,6.9,10.0,14.0,19.8,26.0,36.0,59.7,73.05,99.35
2026-09-16 11:30:00,U Adenauerplatz (Berlin),11,4,73.05,0.0,0.35,1.13,2.94,5.11,7.97,10.81,14.12,19.21,26.53,39.68,52.37,66.1,16.77,16.93,13.0,0.0,0.0,2.0,3.0,6.9,10.0,14.0,19.8,26.0,36.0,59.7,73.05,99.35
2026-09-16 11:45:00,U Adenauerplatz (Berlin),11,29,73.05,0.0,0.16,0.87,2.43,4.25,6.68,9.41,12.33,16.49,23.07,34.76,46.24,57.4,14.5,14.69,9.5,0.0,0.0,2.0,3.0,6.9,10.0,14.0,19.8,26.0,36.0,59.7,73.05,99.35
2026-09-16 12:00:00,U Adenauerplatz (Berlin),12,5,33.65,0.0,0.0,0.15,0.93,1.95,3.31,5.14,7.7,10.38,14.24,22.75,31.06,39.23,8.98,8.93,6.0,0.0,0.0,0.0,1.0,2.0,4.0,5.0,7.0,10.0,15.6,24.0,33.65,38.32
2026-09-16 12:15:00,U Adenauerplatz (Berlin),12,0,33.65,0.0,0.0,0.0,0.57,1.29,2.37,3.77,5.91,8.61,11.81,19.02,26.56,34.06,7.32,7.26,3.5,0.0,0.0,0.0,1.0,2.0,4.0,5.0,7.0,10.0,15.6,24.0,33.65,38.32
2026-09-16 12:30:00,U Adenauerplatz (Berlin),12,10,33.65,0.0,0.0,0.21,1.05,2.14,3.52,5.39,7.98,10.74,14.77,23.39,31.92,40.4,9.31,9.5,4.5,0.0,0.0,0.0,1.0,2.0,4.0,5.0,7.0,10.0,15.6,24.0,33.65,38.32
2026-09-16 12:45:00,U Adenauerplatz (Berlin),12,2,33.65,0.0,0.0,0.44,1.49,2.85,4.5,6.82,9.47,12.55,17.66,27.15,36.77,46.5,11.04,11.64,5.0,0.0,0.0,0.0,1.0,2.0,4.0,5.0,7.0,10.0,15.6,24.0,33.65,38.32
2026-09-16 13:00:00,U Adenauerplatz (Berlin),13,22,56.0,0.0,0.0,0.31,1.23,2.44,3.89,5.97,8.55,11.39,15.72,24.45,33.52,42.48,9.91,10.0,7.0,0.0,0.0,1.0,3.0,5.0,7.4,9.5,13.0,19.0,28.0,41.9,56.0,65.45
2026-09-16 13:15:00,U Adenauerplatz (Berlin),13,2,56.0,0.0,0.22,0.95,2.55,4.35,6.81,9.57,12.57,16.86,23.55,35.36,47.02,58.4,14.79,15.54,8.0,0.0,0.0,1.0,3.0,5.0,7.4,9.5,13.0,19.0,28.0,41.9,56.0,65.45
2026-09-16 13:30:00,U Adenauerplatz (Berlin),13,19,56.0,0.0,0.42,1.27,3.21,5.48,8.41,11.37,14.86,20.2,27.91,41.56,54.57,69.35,17.58,18.03,11.0,0.0,0.0,1.0,3.0,5.0,7.4,9.5,13.0,19.0,28.0,41.9,56.0,65.45
2026-09-16 13:45:00,U Adenauerplatz (Berlin),13,11,56.0,0.17,0.83,2.0,4.49,7.84,11.21,14.96,20.16,26.93,36.96,53.83,71.83,91.14,23.29,23.34,16.0,0.0,0.0,1.0,3.0,5.0,7.4,9.5,13.0,19.0,28.0,41.9,56.0,65.45
2026-09-16 14:00:00,U Adenauerplatz (Berlin),14,28,151.6,0.57,1.49,3.26,7.43,11.84,16.56,22.41,29.73,39.46,53.6,77.95,103.36,130.69,33.97,32.57,22.0,0.0,1.0,3.1,9.0,16.3,25.0,34.0,45.6,57.7,81.2,117.0,151.6,185.35
2026-09-16 14:15:00,U Adenauerplatz (Berlin),14,57,151.6,0.99,2.3,4.77,10.72,16.63,23.49,31.84,42.63,56.63,75.57,108.71,143.41,183.37,47.87,44.88,33.5,0.0,1.0,3.1,9.0,16.3,25.0,34.0,45.6,57.7,81.2,117.0,151.6,185.35
2026-09-16 14:30:00,U Adenauerplatz (Berlin),14,121,151.6,1.22,2.7,5.57,12.44,19.66,27.8,38.06,51.11,66.78,88.89,127.92,170.23,218.02,56.48,52.34,39.5,0.0,1.0,3.1,9.0,16.3,25.0,34.0,45.6,57.7,81.2,117.0,151.6,185.35
2026-09-16 14:45:00,U Adenauerplatz (Berlin),14,8,151.6,1.66,3.41,7.22,15.47,24.48,35.18,48.69,64.11,83.81,111.45,160.81,216.76,272.92,70.84,66.05,45.5,0.0,1.0,3.1,9.0,16.3,25.0,34.0,45.6,57.7,81.2,117.0,151.6,185.35
2026-09-16 15:00:00,U Adenauerplatz (Berlin),15,168,366.0,2.33,4.63,10.5,22.25,35.3,51.7,69.99,92.02,120.64,161.76,235.36,308.9,387.42,101.03,93.36,63.5,1.8,5.6,10.2,27.0,40.0,52.0,70.0,90.2,122.4,158.6,263.0,366.0,412.2
2026-09-16 15:15:00,U Adenauerplatz (Berlin),15,151,366.0,2.26,4.6,10.61,22.5,35.74,52.31,70.64,92.92,121.85,164.13,238.95,314.35,393.83,102.45,93.98,73.0,1.8,5.6,10.2,27.0,40.0,52.0,70.0,90.2,122.4,158.6,263.0,366.0,412.2
2026-09-16 15:30:00,U Adenauerplatz (Berlin),15,92,366.0,2.61,5.3,12.22,25.76,41.13,59.72,80.86,106.45,138.64,187.0,268.05,353.16,429.5,115.37,108.15,65.0,1.8,5.6,10.2,27.0,40.0,52.0,70.0,90.2,122.4,158.6,263.0,366.0,412.2
2026-09-16 15:45:00,U Adenauerplatz (Berlin),15,109,366.0,3.17,6.61,15.05,32.2,51.88,73.8,99.84,130.58,171.31,230.09,326.77,423.05,476.41,138.96,133.67,71.5,1.8,5.6,10.2,27.0,40.0,52.0,70.0,90.2,122.4,158.6,263.0,366.0,412.2
2026-09-16 16:00:00,U Adenauerplatz (Berlin),16,103,572.0,3.17,6.63,15.11,32.45,52.21,74.43,100.84,131.74,173.59,232.69,332.48,429.15,480.39,140.62,134.95,98.5,3.0,7.5,18.0,39.0,69.0,105.0,141.0,187.0,240.0,321.0,431.0,572.0,612.0
2026-09-16 16:15:00,U Adenauerplatz (Berlin),16,44,572.0,5.08,11.67,26.83,55.24,87.59,123.84,165.65,218.28,283.3,377.22,481.38,514.75,540.07,211.25,201.79,191.5,3.0,7.5,18.0,39.0,69.0,105.0,141.0,187.0,240.0,321.0,431.0,572.0,612.0
2026-09-16 16:30:00,U Adenauerplatz (Berlin),16,218,572.0,5.44,12.82,28.98,58.96,94.09,132.52,178.94,235.02,304.91,400.7,492.44,522.98,551.37,223.09,208.88,179.0,3.0,7.5,18.0,39.0,69.0,105.0,141.0,187.0,240.0,321.0,431.0,572.0,612.0
2026-09-16 16:45:00,U Adenauerplatz (Berlin),16,350,572.0,5.1,11.67,26.99,55.63,88.51,125.13,167.67,220.64,286.22,382.8,483.65,517.37,543.33,213.36,201.02,142.5,3.0,7.5,18.0,39.0,69.0,105.0,141.0,187.0,240.0,321.0,431.0,572.0,612.0
2026-09-16 17:00:00,U Adenauerplatz (Berlin),17,45,612.0,5.07,11.7,27.41,56.83,90.36,128.65,173.03,228.16,297.2,394.68,490.22,523.79,553.62,219.22,200.47,115.5,3.78,11.55,25.1,60.0,99.0,126.8,170.0,239.0,304.1,396.0,592.3,612.0,612.0
2026-09-16 17:15:00,U Adenauerplatz (Berlin),17,70,612.0,6.18,14.89,33.14,68.24,108.51,154.72,207.98,274.2,357.77,455.69,518.0,553.49,594.62,251.31,221.84,177.0,3.78,11.55,25.1,60.0,99.0,126.8,170.0,239.0,304.1,396.0,592.3,612.0,612.0
2026-09-16 17:30:00,U Adenauerplatz (Berlin),17,61,612.0,6.4,15.6,34.45,71.7,113.82,161.69,218.39,287.91,376.67,468.32,525.27,564.27,609.43,259.94,226.43,190.5,3.78,11.55,25.1,60.0,99.0,126.8,170.0,239.0,304.1,396.0,592.3,612.0,612.0
2026-09-16 17:45:00,U Adenauerplatz (Berlin),17,461,612.0,8.27,20.34,40.84,86.98,137.06,196.07,267.86,350.43,439.15,506.36,567.13,629.95,702.71,300.64,273.91,208.5,3.78,11.55,25.1,60.0,99.0,126.8,170.0,239.0,304.1,396.0,592.3,612.0,612.0
2026-09-16 18:00:00,U Adenauerplatz (Berlin),18,612,612.0,5.81,13.87,31.43,64.21,102.6,146.57,197.47,260.06,339.55,439.73,508.26,540.33,576.83,241.63,209.65,160.0,6.0,10.45,24.0,49.8,89.5,134.8,179.5,237.2,283.6,414.0,579.1,612.0,612.0
2026-09-16 18:15:00,U Adenauerplatz (Berlin),18,457,612.0,5.8,13.86,31.43,64.24,102.54,146.35,197.06,259.17,338.99,439.11,508.61,542.52,580.43,241.53,211.67,150.0,6.0,10.45,24.0,49.8,89.5,134.8,179.5,237.2,283.6,414.0,579.1,612.0,612.0
2026-09-16 18:30:00,U Adenauerplatz (Berlin),18,68,612.0,8.16,20.38,40.77,87.43,137.73,197.88,270.73,353.08,439.56,504.44,561.62,618.77,683.68,299.49,273.78,244.0,6.0,10.45,24.0,49.8,89.5,134.8,179.5,237.2,283.6,414.0,579.1,612.0,612.0
2026-09-16 18:45:00,U Adenauerplatz (Berlin),18,59,612.0,6.31,15.25,33.83,70.0,111.08,158.26,213.51,281.68,368.06,461.73,520.13,557.21,600.08,255.6,223.6,170.0,6.0,10.45,24.0,49.8,89.5,134.8,179.5,237.2,283.6,414.0,579.1,612.0,612.0
2026-09-16 19:00:00,U Adenauerplatz (Berlin),19,97,612.0,4.84,11.05,25.9,53.59,85.13,121.63,163.62,216.01,281.26,377.67,479.24,514.27,540.55,209.94,194.36,120.0,4.8,9.6,22.0,44.4,79.0,109.4,155.0,208.2,271.6,369.0,507.4,612.0,612.0
2026-09-16 19:15:00,U Adenauerplatz (Berlin),19,140,612.0,5.16,12.0,27.77,57.27,91.56,130.39,175.97,232.77,302.62,400.39,491.86,525.87,555.91,221.92,203.14,138.5,4.8,9.6,22.0,44.4,79.0,109.4,155.0,208.2,271.6,369.0,507.4,612.0,612.0
2026-09-16 19:30:00,U Adenauerplatz (Berlin),19,50,612.0,5.8,13.94,31.43,64.49,102.94,147.18,198.45,261.61,339.54,437.96,508.93,541.35,576.46,241.9,217.52,184.5,4.8,9.6,22.0,44.4,79.0,109.4,155.0,208.2,271.6,369.0,507.4,612.0,612.0
2026-09-16 19:45:00,U Adenauerplatz (Berlin),19,174,612.0,5.57,13.13,30.16,61.95,99.22,141.91,191.45,252.86,327.12,425.52,502.93,533.64,565.03,235.16,212.75,156.0,4.8,9.6,22.0,44.4,79.0,109.4,155.0,208.2,271.6,369.0,507.4,612.0,612.0
2026-09-16 20:00:00,U Adenauerplatz (Berlin),20,455,404.5,3.68,7.81,17.99,37.92,60.89,87.43,118.45,155.07,202.82,267.35,386.11,465.51,500.6,160.4,151.34,113.0,3.88,6.75,13.0,28.0,42.0,62.0,83.0,107.0,162.5,204.0,295.0,404.5,516.88
2026-09-16 20:15:00,U Adenauerplatz (Berlin),20,189,404.5,3.52,7.46,17.05,36.2,58.19,83.4,112.99,147.63,193.18,255.98,367.14,454.76,494.64,153.97,143.8,90.0,3.88,6.75,13.0,28.0,42.0,62.0,83.0,107.0,162.5,204.0,295.0,404.5,516.88
2026-09-16 20:30:00,U Adenauerplatz (Berlin),20,612,404.5,2.93,6.06,13.93,29.68,47.96,68.67,92.94,122.5,160.2,214.76,306.58,402.23,464.51,130.87,120.02,74.0,3.88,6.75,13.0,28.0,42.0,62.0,83.0,107.0,162.5,204.0,295.0,404.5,516.88
2026-09-16 20:45:00,U Adenauerplatz (Berlin),20,300,404.5,2.43,4.91,11.28,23.68,37.62,54.84,74.26,97.77,128.34,171.8,248.73,327.55,408.25,107.04,96.69,65.0,3.88,6.75,13.0,28.0,42.0,62.0,83.0,107.0,162.5,204.0,295.0,404.5,516.88
2026-09-16 21:00:00,U Adenauerplatz (Berlin),21,84,221.65,2.38,4.75,10.87,23.06,36.66,53.67,72.4,95.14,124.22,166.23,240.38,314.83,394.51,103.83,95.54,53.0,1.0,3.0,7.0,19.4,28.0,36.8,46.5,58.0,73.9,104.0,170.2,221.65,255.95
2026-09-16 21:15:00,U Adenauerplatz (Berlin),21,19,221.65,1.8,3.67,7.94,16.86,26.64,38.44,53.2,69.92,90.9,121.38,176.96,236.05,295.26,77.17,69.98,49.0,1.0,3.0,7.0,19.4,28.0,36.8,46.5,58.0,73.9,104.0,170.2,221.65,255.95
2026-09-16 21:30:00,U Adenauerplatz (Berlin),21,13,221.65,1.62,3.34,6.93,14.9,23.64,34.07,47.2,62.11,81.41,107.99,156.07,209.73,265.2,68.73,62.16,49.0,1.0,3.0,7.0,19.4,28.0,36.8,46.5,58.0,73.9,104.0,170.2,221.65,255.95
2026-09-16 21:45:00,U Adenauerplatz (Berlin),21,18,221.65,1.06,2.44,4.97,11.08,17.41,24.77,33.74,45.4,59.97,80.66,116.18,154.74,196.67,51.0,46.67,36.0,1.0,3.0,7.0,19.4,28.0,36.8,46.5,58.0,73.9,104.0,170.2,221.65,255.95
2026-09-16 22:00:00,U Adenauerplatz (Berlin),22,44,87.3,1.08,2.45,4.92,11.0,17.3,24.72,33.72,45.5,60.09,80.56,115.75,153.95,195.74,50.92,48.04,34.0,0.0,1.0,2.0,6.0,9.1,15.8,23.0,27.2,33.0,44.0,64.2,87.3,122.62
2026-09-16 22:15:00,U Adenauerplatz (Berlin),22,67,87.3,0.42,1.23,2.81,6.29,10.36,14.58,20.13,26.72,35.41,48.32,70.67,94.71,119.79,30.69,30.54,27.0,0.0,1.0,2.0,6.0,9.1,15.8,23.0,27.2,33.0,44.0,64.2,87.3,122.62
2026-09-16 22:30:00,U Adenauerplatz (Berlin),22,2,87.3,0.04,0.65,1.7,3.9,6.8,9.99,13.45,18.22,24.62,33.85,49.54,65.72,84.24,21.26,22.02,17.0,0.0,1.0,2.0,6.0,9.1,15.8,23.0,27.2,33.0,44.0,64.2,87.3,122.62
2026-09-16 22:45:00,U Adenauerplatz (Berlin),22,78,87.3,0.0,0.24,1.01,2.68,4.59,7.21,9.96,13.09,17.8,24.97,37.37,49.64,61.79,15.6,16.4,9.0,0.0,1.0,2.0,6.0,9.1,15.8,23.0,27.2,33.0,44.0,64.2,87.3,122.62
2026-09-16 23:00:00,U Adenauerplatz (Berlin),23,14,29.0,0.0,0.0,0.1,0.85,1.81,3.1,4.83,7.36,9.97,13.58,21.96,30.49,38.43,8.62,9.12,5.0,0.0,0.0,0.0,1.0,1.3,3.0,4.0,7.0,9.0,14.0,21.0,29.0,37.22
2026-09-16 23:15:00,U Adenauerplatz (Berlin),23,5,29.0,0.0,0.0,0.0,0.68,1.51,2.68,4.22,6.61,9.23,12.49,20.14,28.27,35.81,7.85,8.47,5.5,0.0,0.0,0.0,1.0,1.3,3.0,4.0,7.0,9.0,14.0,21.0,29.0,37.22
2026-09-16 23:30:00,U Adenauerplatz (Berlin),23,8,29.0,0.0,0.0,0.09,0.85,1.79,3.04,4.74,7.28,9.92,13.54,21.92,30.46,38.46,8.58,9.4,4.0,0.0,0.0,0.0,1.0,1.3,3.0,4.0,7.0,9.0,14.0,21.0,29.0,37.22
2026-09-16 23:45:00,U Adenauerplatz (Berlin),23,0,29.0,0.0,0.0,0.0,0.15,0.61,1.21,2.16,3.51,5.92,8.94,13.55,20.49,27.77,5.2,5.53,1.5,0.0,0.0,0.0,1.0,1.3,3.0,4.0,7.0,9.0,14.0,21.0,29.0,37.22
2026-09-17 00:00:00,U Adenauerplatz (Berlin),0,0,14.35,0.0,0.0,0.0,0.0,0.0,0.21,0.48,0.9,1.67,3.6,9.03,12.55,18.44,2.65,2.64,0.0,0.0,0.0,0.0,0.0,0.0,0.0,0.0,0.0,1.0,3.0,7.7,14.35,20.35
2026-09-17 00:15:00,U Adenauerplatz (Berlin),0,1,14.35,0.0,0.0,0.0,0.0,0.06,0.3,0.66,1.19,2.19,4.64,9.64,13.66,20.3,3.03,3.02,0.0,0.0,0.0,0.0,0.0,0.0,0.0,0.0,0.0,1.0,3.0,7.7,14.35,20.35
2026-09-17 00:30:00,U Adenauerplatz (Berlin),0,1,14.35,0.0,0.0,0.0,0.0,0.0,0.1,0.29,0.6,1.05,1.94,6.53,10.08,13.36,1.79,1.76,0.0,0.0,0.0,0.0,0.0,0.0,0.0,0.0,0.0,1.0,3.0,7.7,14.35,20.35
2026-09-17 00:45:00,U Adenauerplatz (Berlin),0,0,14.35,0.0,0.0,0.0,0.0,0.07,0.31,0.66,1.18,2.15,4.6,9.66,13.72,20.52,3.04,2.98,0.0,0.0,0.0,0.0,0.0,0.0,0.0,0.0,0.0,1.0,3.0,7.7,14.35,20.35
2026-09-17 05:00:00,U Adenauerplatz (Berlin),5,48,208.25,0.92,2.15,4.24,9.31,14.45,20.72,28.14,37.65,50.23,67.68,99.05,131.47,167.22,43.03,41.63,29.0,1.0,2.0,5.0,12.8,18.0,27.6,39.0,55.4,67.3,100.2,158.2,208.25,277.88
2026-09-17 05:15:00,U Adenauerplatz (Berlin),5,87,208.25,1.09,2.45,4.79,10.5,16.44,23.51,32.11,43.21,57.36,76.91,111.75,148.46,190.44,48.84,46.3,26.5,1.0,2.0,5.0,12.8,18.0,27.6,39.0,55.4,67.3,100.2,158.2,208.25,277.88
2026-09-17 05:30:00,U Adenauerplatz (Berlin),5,102,208.25,1.88,3.69,7.63,16.04,25.42,36.79,50.92,67.09,88.0,117.54,170.45,229.95,286.85,74.54,67.98,45.5,1.0,2.0,5.0,12.8,18.0,27.6,39.0,55.4,67.3,100.2,158.2,208.25,277.88
2026-09-17 05:45:00,U Adenauerplatz (Berlin),5,253,208.25,2.57,5.03,11.22,23.16,36.92,54.18,73.31,96.81,126.16,168.91,245.15,320.48,399.53,105.39,96.25,62.0,1.0,2.0,5.0,12.8,18.0,27.6,39.0,55.4,67.3,100.2,158.2,208.25,277.88
2026-09-17 06:00:00,U Adenauerplatz (Berlin),6,111,390.2,2.53,5.01,11.35,23.53,37.53,54.84,74.54,98.62,129.28,173.85,252.63,332.45,412.0,108.02,95.45,57.5,2.0,6.0,9.6,25.2,41.0,56.4,83.0,119.2,162.8,217.6,288.6,390.2,432.7
2026-09-17 06:15:00,U Adenauerplatz (Berlin),6,174,390.2,2.99,6.07,13.92,29.51,47.74,68.89,93.79,123.37,161.6,216.91,310.26,405.48,467.09,131.83,119.07,86.0,2.0,6.0,9.6,25.2,41.0,56.4,83.0,119.2,162.8,217.6,288.6,390.2,432.7
2026-09-17 06:30:00,U Adenauerplatz (Berlin),6,333,390.2,3.64,7.71,17.89,38.24,61.59,88.61,120.07,157.41,206.2,272.1,391.51,469.4,502.34,162.44,150.34,106.0,2.0,6.0,9.6,25.2,41.0,56.4,83.0,119.2,162.8,217.6,288.6,390.2,432.7
2026-09-17 06:45:00,U Adenauerplatz (Berlin),6,89,390.2,3.49,7.31,16.76,35.98,58.24,83.68,113.52,148.57,195.09,258.42,373.96,458.55,496.23,155.12,142.34,105.0,2.0,6.0,9.6,25.2,41.0,56.4,83.0,119.2,162.8,217.6,288.6,390.2,432.7
2026-09-17 07:00:00,U Adenauerplatz (Berlin),7,241,612.0,6.86,16.68,35.83,75.04,118.63,168.72,229.58,300.46,385.89,473.14,524.47,559.75,601.19,265.14,233.85,202.0,8.75,12.0,21.0,54.0,94.0,128.0,193.5,244.0,321.5,429.0,602.5,612.0,612.0
2026-09-17 07:15:00,U Adenauerplatz (Berlin),7,270,612.0,7.03,17.1,36.54,76.68,121.64,173.49,235.94,308.26,394.38,479.04,527.67,566.03,612.01,270.28,240.37,196.0,8.75,12.0,21.0,54.0,94.0,128.0,193.5,244.0,321.5,429.0,602.5,612.0,612.0
2026-09-17 07:30:00,U Adenauerplatz (Berlin),7,90,612.0,5.55,12.85,29.62,61.19,98.15,140.69,190.05,250.45,326.37,425.1,501.8,533.25,565.67,234.02,210.12,151.0,8.75,12.0,21.0,54.0,94.0,128.0,193.5,244.0,321.5,429.0,602.5,612.0,612.0
2026-09-17 07:45:00,U Adenauerplatz (Berlin),7,612,612.0,8.18,19.85,39.72,84.64,133.98,192.87,264.13,343.56,431.84,500.76,555.85,611.1,675.13,294.27,275.69,225.0,8.75,12.0,21.0,54.0,94.0,128.0,193.5,244.0,321.5,429.0,602.5,612.0,612.0
2026-09-17 08:00:00,U Adenauerplatz (Berlin),8,612,612.0,6.73,15.94,34.58,72.19,114.75,163.63,221.24,293.08,380.4,470.52,524.03,562.51,608.35,261.89,233.0,138.0,6.7,16.4,27.8,64.2,95.2,129.0,158.0,220.2,293.2,404.2,573.0,612.0,612.0
2026-09-17 08:15:00,U Adenauerplatz (Berlin),8,35,612.0,4.99,11.13,25.84,53.78,85.22,121.77,164.03,216.44,282.81,379.75,481.1,513.54,538.65,210.43,193.23,140.0,6.7,16.4,27.8,64.2,95.2,129.0,158.0,220.2,293.2,404.2,573.0,612.0,612.0
2026-09-17 08:30:00,U Adenauerplatz (Berlin),8,314,612.0,8.78,21.33,42.38,90.14,142.89,204.46,280.25,362.68,448.23,509.43,569.07,631.42,704.69,306.35,294.4,268.0,6.7,16.4,27.8,64.2,95.2,129.0,158.0,220.2,293.2,404.2,573.0,612.0,612.0
2026-09-17 08:45:00,U Adenauerplatz (Berlin),8,22,612.0,4.94,11.06,25.87,54.07,85.66,122.25,164.53,217.46,283.29,379.31,480.22,512.9,538.03,210.54,195.23,154.0,6.7,16.4,27.8,64.2,95.2,129.0,158.0,220.2,293.2,404.2,573.0,612.0,612.0
2026-09-17 09:00:00,U Adenauerplatz (Berlin),9,324,564.0,6.31,14.77,32.66,67.79,107.74,154.04,206.99,273.08,353.59,449.82,512.29,543.78,579.82,248.43,228.81,177.0,7.0,9.0,21.0,40.0,74.0,100.0,131.0,163.0,228.0,313.0,412.0,564.0,612.0
2026-09-17 09:15:00,U Adenauerplatz (Berlin),9,313,564.0,4.46,9.64,22.63,47.74,75.95,108.41,146.06,192.06,250.28,333.21,453.85,498.58,521.29,191.13,181.81,133.0,7.0,9.0,21.0,40.0,74.0,100.0,131.0,163.0,228.0,313.0,412.0,564.0,612.0
2026-09-17 09:30:00,U Adenauerplatz (Berlin),9,34,564.0,3.77,7.87,18.25,39.1,63.03,90.65,122.6,160.74,209.99,276.55,397.56,472.56,502.93,165.03,157.69,116.0,7.0,9.0,21.0,40.0,74.0,100.0,131.0,163.0,228.0,313.0,412.0,564.0,612.0
2026-09-17 09:45:00,U Adenauerplatz (Berlin),9,166,564.0,3.63,7.59,17.58,38.06,61.37,88.24,119.57,156.52,204.4,268.8,388.19,467.48,500.05,161.26,153.67,102.0,7.0,9.0,21.0,40.0,74.0,100.0,131.0,163.0,228.0,313.0,412.0,564.0,612.0
2026-09-17 10:00:00,U Adenauerplatz (Berlin),10,205,265.05,2.78,5.5,12.66,27.05,43.55,63.0,85.74,113.38,147.45,197.93,282.63,373.62,446.49,121.55,111.34,90.5,0.83,1.65,8.0,14.6,26.0,38.0,51.0,66.8,87.0,125.0,179.8,265.05,339.4
2026-09-17 10:15:00,U Adenauerplatz (Berlin),10,75,265.05,2.62,5.13,11.84,25.32,40.41,58.99,80.29,106.03,138.26,186.08,265.69,350.17,428.77,114.64,106.05,64.0,0.83,1.65,8.0,14.6,26.0,38.0,51.0,66.8,87.0,125.0,179.8,265.05,339.4
2026-09-17 10:30:00,U Adenauerplatz (Berlin),10,25,265.05,1.32,2.83,5.72,12.66,20.06,28.53,38.81,52.01,68.04,90.41,130.69,175.02,224.63,57.7,53.59,39.0,0.83,1.65,8.0,14.6,26.0,38.0,51.0,66.8,87.0,125.0,179.8,265.05,339.4
2026-09-17 10:45:00,U Adenauerplatz (Berlin),10,37,265.05,1.0,2.33,4.73,10.62,16.56,23.48,31.77,42.2,55.94,74.84,107.54,142.17,181.39,47.4,44.93,31.0,0.83,1.65,8.0,14.6,26.0,38.0,51.0,66.8,87.0,125.0,179.8,265.05,339.4
2026-09-17 11:00:00,U Adenauerplatz (Berlin),11,164,73.05,0.44,1.27,2.85,6.38,10.55,14.8,20.39,27.04,35.75,48.55,70.43,93.82,117.23,30.64,30.46,18.0,0.0,0.0,2.0,3.0,6.9,10.0,14.0,19.8,26.0,36.0,59.7,73.05,99.35
2026-09-17 11:15:00,U Adenauerplatz (Berlin),11,21,73.05,0.42,1.22,2.75,6.1,10.19,14.25,19.66,26.1,34.54,46.94,67.9,90.53,113.36,29.59,29.53,18.0,0.0,0.0,2.0,3.0,6.9,10.0,14.0,19.8,26.0,36.0,59.7,73.05,99.35
2026-09-17 11:30:00,U Adenauerplatz (Berlin),11,30,73.05,0.0,0.37,1.18,3.0,5.06,7.89,10.79,14.12,19.19,26.48,39.27,51.73,64.94,16.61,16.93,13.0,0.0,0.0,2.0,3.0,6.9,10.0,14.0,19.8,26.0,36.0,59.7,73.05,99.35
2026-09-17 11:45:00,U Adenauerplatz (Berlin),11,35,73.05,0.0,0.2,0.92,2.48,4.23,6.58,9.34,12.27,16.37,22.8,34.46,45.64,56.35,14.34,14.69,9.5,0.0,0.0,2.0,3.0,6.9,10.0,14.0,19.8,26.0,36.0,59.7,73.05,99.35
2026-09-17 12:00:00,U Adenauerplatz (Berlin),12,7,33.65,0.0,0.0,0.17,0.95,1.95,3.25,4.96,7.48,10.22,14.05,22.43,30.71,38.43,8.83,8.93,6.0,0.0,0.0,0.0,1.0,2.0,4.0,5.0,7.0,10.0,15.6,24.0,33.65,38.32
2026-09-17 12:15:00,U Adenauerplatz (Berlin),12,3,33.65,0.0,0.0,0.0,0.59,1.31,2.37,3.71,5.76,8.47,11.63,18.61,26.05,33.62,7.19,7.26,3.5,0.0,0.0,0.0,1.0,2.0,4.0,5.0,7.0,10.0,15.6,24.0,33.65,38.32
2026-09-17 12:30:00,U Adenauerplatz (Berlin),12,0,33.65,0.0,0.0,0.23,1.06,2.13,3.48,5.27,7.85,10.63,14.56,23.11,31.72,39.98,9.19,9.5,4.5,0.0,0.0,0.0,1.0,2.0,4.0,5.0,7.0,10.0,15.6,24.0,33.65,38.32
2026-09-17 12:45:00,U Adenauerplatz (Berlin),12,0,33.65,0.0,0.0,0.46,1.51,2.87,4.46,6.74,9.44,12.51,17.57,27.03,36.6,46.11,10.98,11.64,5.0,0.0,0.0,0.0,1.0,2.0,4.0,5.0,7.0,10.0,15.6,24.0,33.65,38.32
2026-09-17 13:00:00,U Adenauerplatz (Berlin),13,10,56.0,0.0,0.0,0.3,1.21,2.41,3.82,5.81,8.43,11.3,15.66,24.38,33.58,42.42,9.85,10.0,7.0,0.0,0.0,1.0,3.0,5.0,7.4,9.5,13.0,19.0,28.0,41.9,56.0,65.45
2026-09-17 13:15:00,U Adenauerplatz (Berlin),13,20,56.0,0.0,0.25,0.98,2.61,4.4,6.87,9.67,12.71,17.05,23.63,35.47,47.08,58.4,14.88,15.54,8.0,0.0,0.0,1.0,3.0,5.0,7.4,9.5,13.0,19.0,28.0,41.9,56.0,65.45
2026-09-17 13:30:00,U Adenauerplatz (Berlin),13,3,56.0,0.0,0.46,1.32,3.23,5.43,8.4,11.37,14.86,20.16,27.84,41.34,54.3,69.04,17.52,18.03,11.0,0.0,0.0,1.0,3.0,5.0,7.4,9.5,13.0,19.0,28.0,41.9,56.0,65.45
2026-09-17 13:45:00,U Adenauerplatz (Berlin),13,29,56.0,0.15,0.8,1.98,4.41,7.67,11.01,14.62,19.68,26.29,35.99,52.64,70.15,89.02,22.74,23.34,16.0,0.0,0.0,1.0,3.0,5.0,7.4,9.5,13.0,19.0,28.0,41.9,56.0,65.45
2026-09-17 14:00:00,U Adenauerplatz (Berlin),14,1,151.6,0.56,1.48,3.23,7.27,11.59,16.21,21.88,29.12,38.71,52.52,76.45,101.63,128.36,33.3,32.57,22.0,0.0,1.0,3.1,9.0,16.3,25.0,34.0,45.6,57.7,81.2,117.0,151.6,185.35
2026-09-17 14:15:00,U Adenauerplatz (Berlin),14,167,151.6,1.04,2.36,4.75,10.68,16.51,23.31,31.61,42.04,55.71,74.1,106.07,139.7,177.73,46.94,44.88,33.5,0.0,1.0,3.1,9.0,16.3,25.0,34.0,45.6,57.7,81.2,117.0,151.6,185.35
2026-09-17 14:30:00,U Adenauerplatz (Berlin),14,105,151.6,1.28,2.76,5.55,12.37,19.48,27.67,37.72,50.45,65.8,87.44,125.28,166.79,214.38,55.67,52.34,39.5,0.0,1.0,3.1,9.0,16.3,25.0,34.0,45.6,57.7,81.2,117.0,151.6,185.35
2026-09-17 14:45:00,U Adenauerplatz (Berlin),14,22,151.6,1.79,3.52,7.36,15.52,24.55,35.25,48.67,63.98,83.36,110.53,159.11,214.66,269.68,70.39,66.05,45.5,0.0,1.0,3.1,9.0,16.3,25.0,34.0,45.6,57.7,81.2,117.0,151.6,185.35
2026-09-17 15:00:00,U Adenauerplatz (Berlin),15,76,366.0,2.44,4.67,10.4,21.85,34.55,50.39,68.34,90.02,118.32,158.45,231.31,303.33,380.52,99.08,93.36,63.5,1.8,5.6,10.2,27.0,40.0,52.0,70.0,90.2,122.4,158.6,263.0,366.0,412.2
2026-09-17 15:15:00,U Adenauerplatz (Berlin),15,22,366.0,2.46,4.78,10.77,22.41,35.27,51.55,69.74,91.61,120.34,161.01,234.67,308.77,387.7,100.86,93.98,73.0,1.8,5.6,10.2,27.0,40.0,52.0,70.0,90.2,122.4,158.6,263.0,366.0,412.2
2026-09-17 15:30:00,U Adenauerplatz (Berlin),15,15,366.0,2.72,5.33,12.15,25.67,41.1,59.8,81.31,106.98,139.53,188.5,269.6,356.19,432.05,116.01,108.15,65.0,1.8,5.6,10.2,27.0,40.0,52.0,70.0,90.2,122.4,158.6,263.0,366.0,412.2
2026-09-17 15:45:00,U Adenauerplatz (Berlin),15,66,366.0,3.29,6.63,14.95,32.17,52.03,74.22,100.3,131.28,172.58,231.12,327.95,423.11,476.79,139.38,133.67,71.5,1.8,5.6,10.2,27.0,40.0,52.0,70.0,90.2,122.4,158.6,263.0,366.0,412.2
2026-09-17 16:00:00,U Adenauerplatz (Berlin),16,81,572.0,3.34,6.76,15.16,32.43,52.33,74.74,101.2,132.28,174.38,233.08,332.09,427.88,479.77,140.67,134.95,98.5,3.0,7.5,18.0,39.0,69.0,105.0,141.0,187.0,240.0,321.0,431.0,572.0,612.0
2026-09-17 16:15:00,U Adenauerplatz (Berlin),16,92,572.0,5.2,11.7,26.87,55.31,88.36,124.69,166.84,219.96,285.28,379.18,480.57,511.93,535.9,211.84,201.79,191.5,3.0,7.5,18.0,39.0,69.0,105.0,141.0,187.0,240.0,321.0,431.0,572.0,612.0
2026-09-17 16:30:00,U Adenauerplatz (Berlin),16,7,572.0,5.38,12.37,28.5,58.6,93.77,132.0,178.37,234.66,304.88,400.38,492.05,520.66,546.78,222.54,208.88,179.0,3.0,7.5,18.0,39.0,69.0,105.0,141.0,187.0,240.0,321.0,431.0,572.0,612.0
2026-09-17 16:45:00,U Adenauerplatz (Berlin),16,234,572.0,5.16,11.59,26.82,55.22,88.21,125.09,167.66,221.39,287.28,383.33,482.91,514.6,539.51,213.23,201.02,142.5,3.0,7.5,18.0,39.0,69.0,105.0,141.0,187.0,240.0,321.0,431.0,572.0,612.0
2026-09-17 17:00:00,U Adenauerplatz (Berlin),17,331,612.0,4.99,11.43,26.8,55.64,89.0,126.78,170.15,225.06,293.59,389.72,486.45,516.61,541.93,216.12,200.47,115.5,3.78,11.55,25.1,60.0,99.0,126.8,170.0,239.0,304.1,396.0,592.3,612.0,612.0
2026-09-17 17:15:00,U Adenauerplatz (Berlin),17,184,612.0,6.02,14.35,32.01,65.66,104.61,149.47,200.43,263.71,343.67,441.74,509.2,540.69,575.7,243.61,221.84,177.0,3.78,11.55,25.1,60.0,99.0,126.8,170.0,239.0,304.1,396.0,592.3,612.0,612.0
2026-09-17 17:30:00,U Adenauerplatz (Berlin),17,410,612.0,6.12,14.72,32.69,67.15,106.78,152.48,204.55,270.06,352.98,450.38,514.1,547.6,585.98,248.18,226.43,190.5,3.78,11.55,25.1,60.0,99.0,126.8,170.0,239.0,304.1,396.0,592.3,612.0,612.0
2026-09-17 17:45:00,U Adenauerplatz (Berlin),17,546,612.0,7.99,19.93,39.99,84.36,132.19,189.65,258.84,338.2,424.05,496.61,549.88,601.48,660.86,290.03,273.91,208.5,3.78,11.55,25.1,60.0,99.0,126.8,170.0,239.0,304.1,396.0,592.3,612.0,612.0
2026-09-17 18:00:00,U Adenauerplatz (Berlin),18,612,612.0,5.58,13.07,29.69,60.61,97.12,137.31,185.2,244.1,317.34,416.49,498.9,528.86,558.99,229.94,209.65,160.0,6.0,10.45,24.0,49.8,89.5,134.8,179.5,237.2,283.6,414.0,579.1,612.0,612.0
2026-09-17 18:15:00,U Adenauerplatz (Berlin),18,26,612.0,5.61,13.21,30.1,61.55,98.59,140.16,188.94,248.64,324.3,424.04,502.91,533.56,566.22,233.67,211.67,150.0,6.0,10.45,24.0,49.8,89.5,134.8,179.5,237.2,283.6,414.0,579.1,612.0,612.0
2026-09-17 18:30:00,U Adenauerplatz (Berlin),18,159,612.0,7.89,19.8,40.04,85.0,133.12,191.39,261.22,341.04,428.86,500.39,555.49,610.21,672.55,292.87,273.78,244.0,6.0,10.45,24.0,49.8,89.5,134.8,179.5,237.2,283.6,414.0,579.1,612.0,612.0
2026-09-17 18:45:00,U Adenauerplatz (Berlin),18,612,612.0,6.17,14.97,33.14,68.33,108.26,154.71,208.37,274.61,357.8,454.72,514.88,547.63,585.49,250.34,223.6,170.0,6.0,10.45,24.0,49.8,89.5,134.8,179.5,237.2,283.6,414.0,579.1,612.0,612.0
2026-09-17 19:00:00,U Adenauerplatz (Berlin),19,33,612.0,4.87,11.05,25.92,53.53,85.16,121.28,163.13,214.93,279.91,374.72,479.63,512.76,536.82,209.0,194.36,120.0,4.8,9.6,22.0,44.4,79.0,109.4,155.0,208.2,271.6,369.0,507.4,612.0,612.0
2026-09-17 19:15:00,U Adenauerplatz (Berlin),19,318,612.0,5.19,11.91,27.79,57.41,91.93,130.36,176.15,232.38,302.9,399.11,492.12,522.75,550.27,221.45,203.14,138.5,4.8,9.6,22.0,44.4,79.0,109.4,155.0,208.2,271.6,369.0,507.4,612.0,612.0
2026-09-17 19:30:00,U Adenauerplatz (Berlin),19,168,612.0,5.79,13.73,31.08,63.87,102.28,145.98,196.5,258.64,335.85,433.53,506.54,538.25,572.03,239.79,217.52,184.5,4.8,9.6,22.0,44.4,79.0,109.4,155.0,208.2,271.6,369.0,507.4,612.0,612.0
2026-09-17 19:45:00,U Adenauerplatz (Berlin),19,267,612.0,5.58,13.07,29.74,61.07,98.24,139.69,188.37,248.16,321.57,418.92,500.08,530.86,562.59,232.32,212.75,156.0,4.8,9.6,22.0,44.4,79.0,109.4,155.0,208.2,271.6,369.0,507.4,612.0,612.0
2026-09-17 20:00:00,U Adenauerplatz (Berlin),20,402,404.5,3.62,7.79,17.86,37.71,60.52,86.92,117.92,154.36,201.53,265.7,383.56,465.77,500.33,159.67,151.34,113.0,3.88,6.75,13.0,28.0,42.0,62.0,83.0,107.0,162.5,204.0,295.0,404.5,516.88
2026-09-17 20:15:00,U Adenauerplatz (Berlin),20,27,404.5,3.4,7.15,16.53,35.49,57.53,82.49,111.82,146.34,192.15,254.47,363.9,453.79,493.86,152.87,143.8,90.0,3.88,6.75,13.0,28.0,42.0,62.0,83.0,107.0,162.5,204.0,295.0,404.5,516.88
2026-09-17 20:30:00,U Adenauerplatz (Berlin),20,217,404.5,2.94,5.93,13.56,28.98,46.81,67.42,91.37,120.89,158.34,212.52,303.31,397.12,462.38,129.25,120.02,74.0,3.88,6.75,13.0,28.0,42.0,62.0,83.0,107.0,162.5,204.0,295.0,404.5,516.88
2026-09-17 20:45:00,U Adenauerplatz (Berlin),20,10,404.5,2.47,4.9,11.12,23.13,36.71,53.8,72.88,96.18,126.21,169.52,245.71,323.47,403.62,105.56,96.69,65.0,3.88,6.75,13.0,28.0,42.0,62.0,83.0,107.0,162.5,204.0,295.0,404.5,516.88
2026-09-17 21:00:00,U Adenauerplatz (Berlin),21,171,221.65,2.42,4.77,10.9,22.63,35.76,52.54,71.07,93.39,122.56,163.91,238.62,314.04,392.32,102.63,95.54,53.0,1.0,3.0,7.0,19.4,28.0,36.8,46.5,58.0,73.9,104.0,170.2,221.65,255.95
2026-09-17 21:15:00,U Adenauerplatz (Berlin),21,110,221.65,1.89,3.74,8.13,16.97,26.59,38.29,52.9,69.38,90.38,121.12,175.72,235.79,295.96,76.91,69.98,49.0,1.0,3.0,7.0,19.4,28.0,36.8,46.5,58.0,73.9,104.0,170.2,221.65,255.95
2026-09-17 21:30:00,U Adenauerplatz (Berlin),21,90,221.65,1.69,3.38,7.04,15.0,23.71,34.15,47.2,62.04,81.09,107.74,155.55,209.78,265.96,68.7,62.16,49.0,1.0,3.0,7.0,19.4,28.0,36.8,46.5,58.0,73.9,104.0,170.2,221.65,255.95
2026-09-17 21:45:00,U Adenauerplatz (Berlin),21,82,221.65,1.13,2.53,5.06,11.18,17.4,24.62,33.46,44.78,59.17,79.14,113.67,150.67,191.87,50.16,46.67,36.0,1.0,3.0,7.0,19.4,28.0,36.8,46.5,58.0,73.9,104.0,170.2,221.65,255.95
2026-09-17 22:00:00,U Adenauerplatz (Berlin),22,8,87.3,1.15,2.54,5.07,11.23,17.58,24.96,33.97,45.66,60.12,80.3,114.84,151.9,192.81,50.72,48.04,34.0,0.0,1.0,2.0,6.0,9.1,15.8,23.0,27.2,33.0,44.0,64.2,87.3,122.62
2026-09-17 22:15:00,U Adenauerplatz (Berlin),22,6,87.3,0.45,1.29,2.86,6.38,10.47,14.66,20.21,26.78,35.31,48.03,69.72,93.13,117.42,30.43,30.54,27.0,0.0,1.0,2.0,6.0,9.1,15.8,23.0,27.2,33.0,44.0,64.2,87.3,122.62
2026-09-17 22:30:00,U Adenauerplatz (Berlin),22,18,87.3,0.08,0.69,1.76,3.96,6.89,10.14,13.57,18.39,24.78,34.03,49.69,65.69,83.95,21.36,22.02,17.0,0.0,1.0,2.0,6.0,9.1,15.8,23.0,27.2,33.0,44.0,64.2,87.3,122.62
2026-09-17 22:45:00,U Adenauerplatz (Berlin),22,27,87.3,0.0,0.31,1.08,2.76,4.65,7.3,10.12,13.29,18.11,25.31,37.78,49.8,61.9,15.8,16.4,9.0,0.0,1.0,2.0,6.0,9.1,15.8,23.0,27.2,33.0,44.0,64.2,87.3,122.62
2026-09-17 23:00:00,U Adenauerplatz (Berlin),23,32,29.0,0.0,0.0,0.15,0.91,1.86,3.13,4.8,7.31,9.94,13.47,21.85,30.39,38.26,8.61,9.12,5.0,0.0,0.0,0.0,1.0,1.3,3.0,4.0,7.0,9.0,14.0,21.0,29.0,37.22
2026-09-17 23:15:00,U Adenauerplatz (Berlin),23,4,29.0,0.0,0.0,0.07,0.77,1.66,2.86,4.38,6.76,9.45,12.82,20.74,29.2,36.79,8.12,8.47,5.5,0.0,0.0,0.0,1.0,1.3,3.0,4.0,7.0,9.0,14.0,21.0,29.0,37.22
2026-09-17 23:30:00,U Adenauerplatz (Berlin),23,0,29.0,0.0,0.0,0.1,0.84,1.8,3.09,4.74,7.24,9.94,13.59,22.07,30.8,38.91,8.65,9.4,4.0,0.0,0.0,0.0,1.0,1.3,3.0,4.0,7.0,9.0,14.0,21.0,29.0,37.22
2026-09-17 23:45:00,U Adenauerplatz (Berlin),23,0,29.0,0.0,0.0,0.0,0.19,0.66,1.27,2.26,3.65,6.06,9.11,13.82,21.1,28.81,5.36,5.53,1.5,0.0,0.0,0.0,1.0,1.3,3.0,4.0,7.0,9.0,14.0,21.0,29.0,37.22
2026-09-19 00:00:00,U Adenauerplatz (Berlin),0,7,13.5,0.0,0.0,0.0,0.0,0.0,0.12,0.34,0.69,1.22,2.4,7.46,10.7,14.63,2.02,2.08,0.0,0.0,0.0,0.0,0.0,0.0,0.0,0.0,0.0,1.0,3.0,8.5,13.5,16.88
2026-09-19 00:15:00,U Adenauerplatz (Berlin),0,4,13.5,0.0,0.0,0.0,0.0,0.0,0.23,0.55,1.01,1.81,3.73,9.04,12.75,18.66,2.7,3.0,0.0,0.0,0.0,0.0,0.0,0.0,0.0,0.0,0.0,1.0,3.0,8.5,13.5,16.88
2026-09-19 00:30:00,U Adenauerplatz (Berlin),0,4,13.5,0.0,0.0,0.0,0.0,0.0,0.25,0.57,1.05,1.85,3.83,9.22,13.07,19.2,2.77,2.96,0.0,0.0,0.0,0.0,0.0,0.0,0.0,0.0,0.0,1.0,3.0,8.5,13.5,16.88
2026-09-19 00:45:00,U Adenauerplatz (Berlin),0,0,13.5,0.0,0.0,0.0,0.0,0.0,0.0,0.17,0.36,0.72,1.3,3.8,8.8,11.33,1.3,1.38,0.0,0.0,0.0,0.0,0.0,0.0,0.0,0.0,0.0,1.0,3.0,8.5,13.5,16.88
2026-09-19 05:00:00,U Adenauerplatz (Berlin),5,27,93.5,0.0,0.48,1.4,3.46,5.99,8.98,12.14,16.49,22.68,31.8,46.35,60.68,76.98,19.5,20.79,17.0,1.0,2.0,3.0,7.0,10.5,17.0,22.5,28.0,40.5,55.0,79.0,93.5,176.75
2026-09-19 05:15:00,U Adenauerplatz (Berlin),5,32,93.5,0.31,1.08,2.53,5.67,9.55,13.57,18.97,25.44,33.96,46.1,66.08,87.87,110.35,28.71,29.92,23.5,1.0,2.0,3.0,7.0,10.5,17.0,22.5,28.0,40.5,55.0,79.0,93.5,176.75
2026-09-19 05:30:00,U Adenauerplatz (Berlin),5,0,93.5,0.64,1.67,3.56,8.07,12.77,18.58,25.38,33.93,45.52,60.9,87.5,114.62,144.1,38.13,38.88,17.5,1.0,2.0,3.0,7.0,10.5,17.0,22.5,28.0,40.5,55.0,79.0,93.5,176.75
2026-09-19 05:45:00,U Adenauerplatz (Berlin),5,18,93.5,1.1,2.45,4.97,11.16,17.92,25.83,35.4,47.6,62.12,82.33,117.61,155.19,197.14,52.02,51.58,31.0,1.0,2.0,3.0,7.0,10.5,17.0,22.5,28.0,40.5,55.0,79.0,93.5,176.75
2026-09-19 06:00:00,U Adenauerplatz (Berlin),6,28,293.8,1.78,3.63,7.91,16.89,26.84,38.81,53.28,69.82,90.48,120.35,173.02,231.34,288.8,76.37,73.0,38.5,0.0,2.8,11.0,22.0,32.2,57.0,68.0,79.2,99.6,139.2,226.2,293.8,326.0
2026-09-19 06:15:00,U Adenauerplatz (Berlin),6,87,293.8,1.51,3.19,6.69,14.35,22.93,33.06,45.57,59.92,77.76,103.39,147.84,197.55,250.85,65.62,62.43,60.0,0.0,2.8,11.0,22.0,32.2,57.0,68.0,79.2,99.6,139.2,226.2,293.8,326.0
2026-09-19 06:30:00,U Adenauerplatz (Berlin),6,18,293.8,2.51,5.04,11.51,24.61,39.43,57.06,76.78,100.86,130.77,174.13,251.35,330.52,409.19,108.96,105.43,76.0,0.0,2.8,11.0,22.0,32.2,57.0,68.0,79.2,99.6,139.2,226.2,293.8,326.0
2026-09-19 06:45:00,U Adenauerplatz (Berlin),6,83,293.8,2.98,6.13,13.98,30.58,49.06,69.47,93.45,122.01,158.5,211.53,303.7,398.06,461.86,130.18,128.91,109.0,0.0,2.8,11.0,22.0,32.2,57.0,68.0,79.2,99.6,139.2,226.2,293.8,326.0
2026-09-19 07:00:00,U Adenauerplatz (Berlin),7,36,505.0,3.9,8.47,20.24,43.24,67.7,96.17,128.4,167.0,218.43,290.87,414.35,482.11,512.16,172.25,169.78,132.0,2.82,9.0,21.0,39.2,59.4,97.0,126.0,151.0,198.9,253.8,368.7,505.0,537.62
2026-09-19 07:15:00,U Adenauerplatz (Berlin),7,482,505.0,3.43,7.25,16.76,36.31,57.44,81.22,109.48,142.57,185.59,247.11,357.84,449.18,491.89,150.09,147.48,109.0,2.82,9.0,21.0,39.2,59.4,97.0,126.0,151.0,198.9,253.8,368.7,505.0,537.62
2026-09-19 07:30:00,U Adenauerplatz (Berlin),7,208,505.0,4.24,9.44,22.51,47.1,73.31,103.39,137.7,179.84,234.78,314.24,436.91,492.42,518.21,182.92,180.52,130.0,2.82,9.0,21.0,39.2,59.4,97.0,126.0,151.0,198.9,253.8,368.7,505.0,537.62
2026-09-19 07:45:00,U Adenauerplatz (Berlin),7,7,505.0,3.39,7.33,17.01,36.86,58.33,82.48,111.4,145.02,188.8,251.72,366.39,453.85,493.34,152.49,150.96,126.0,2.82,9.0,21.0,39.2,59.4,97.0,126.0,151.0,198.9,253.8,368.7,505.0,537.62
2026-09-19 08:00:00,U Adenauerplatz (Berlin),8,39,468.45,4.59,10.47,24.92,51.63,80.16,113.1,150.91,196.19,256.16,343.11,460.98,503.9,529.3,196.57,193.3,161.0,4.45,12.0,17.8,39.8,62.7,83.4,115.0,147.6,197.6,238.2,357.3,468.45,566.62
2026-09-19 08:15:00,U Adenauerplatz (Berlin),8,88,468.45,3.7,7.89,18.18,38.99,61.28,86.87,116.84,152.01,197.17,262.15,383.55,463.43,498.74,158.58,158.3,127.0,4.45,12.0,17.8,39.8,62.7,83.4,115.0,147.6,197.6,238.2,357.3,468.45,566.62
2026-09-19 08:30:00,U Adenauerplatz (Berlin),8,11,468.45,3.15,6.35,14.18,30.5,48.56,68.66,92.64,121.83,158.84,212.45,306.62,403.73,464.63,130.53,128.73,114.0,4.45,12.0,17.8,39.8,62.7,83.4,115.0,147.6,197.6,238.2,357.3,468.45,566.62
2026-09-19 08:45:00,U Adenauerplatz (Berlin),8,92,468.45,3.33,6.95,15.83,34.37,54.5,76.79,103.43,134.38,176.0,234.88,339.8,434.95,482.73,143.23,142.95,88.5,4.45,12.0,17.8,39.8,62.7,83.4,115.0,147.6,197.6,238.2,357.3,468.45,566.62
2026-09-19 09:00:00,U Adenauerplatz (Berlin),9,189,341.0,3.02,6.24,14.33,31.2,49.69,70.18,94.64,123.83,161.27,215.3,310.12,407.65,467.87,132.37,131.86,51.0,1.0,1.6,5.4,16.4,24.6,38.6,53.0,81.8,113.8,168.8,264.0,341.0,390.5
2026-09-19 09:15:00,U Adenauerplatz (Berlin),9,77,341.0,2.48,4.97,11.51,24.3,38.64,55.64,74.59,97.79,128.04,170.02,245.37,323.9,404.24,106.58,105.26,85.0,1.0,1.6,5.4,16.4,24.6,38.6,53.0,81.8,113.8,168.8,264.0,341.0,390.5
2026-09-19 09:30:00,U Adenauerplatz (Berlin),9,48,341.0,2.33,4.61,10.47,22.25,35.36,51.12,68.72,89.92,117.81,156.27,226.04,297.7,376.21,98.36,96.54,41.0,1.0,1.6,5.4,16.4,24.6,38.6,53.0,81.8,113.8,168.8,264.0,341.0,390.5
2026-09-19 09:45:00,U Adenauerplatz (Berlin),9,27,341.0,1.85,3.69,8.03,16.97,26.65,38.21,52.23,68.05,88.07,117.21,167.63,223.78,279.81,74.43,71.33,46.0,1.0,1.6,5.4,16.4,24.6,38.6,53.0,81.8,113.8,168.8,264.0,341.0,390.5
2026-09-19 10:00:00,U Adenauerplatz (Berlin),10,55,178.0,1.66,3.38,7.23,15.74,24.96,35.84,49.19,64.42,83.56,110.89,157.76,210.29,264.74,70.22,67.88,47.0,0.38,1.0,3.0,7.0,10.0,13.0,22.5,37.0,48.0,72.0,125.0,178.0,192.38
2026-09-19 10:15:00,U Adenauerplatz (Berlin),10,32,178.0,0.58,1.53,3.32,7.57,12.11,17.4,23.65,31.65,42.06,56.73,82.07,107.07,133.55,35.51,35.12,12.0,0.38,1.0,3.0,7.0,10.0,13.0,22.5,37.0,48.0,72.0,125.0,178.0,192.38
2026-09-19 10:30:00,U Adenauerplatz (Berlin),10,22,178.0,0.88,2.07,4.29,9.89,15.64,22.42,30.46,40.55,53.61,71.33,101.41,132.27,166.62,44.73,43.5,19.5,0.38,1.0,3.0,7.0,10.0,13.0,22.5,37.0,48.0,72.0,125.0,178.0,192.38
2026-09-19 10:45:00,U Adenauerplatz (Berlin),10,27,178.0,0.55,1.49,3.24,7.37,11.87,17.03,23.25,31.14,41.37,55.76,80.48,105.08,131.4,34.86,34.88,22.5,0.38,1.0,3.0,7.0,10.0,13.0,22.5,37.0,48.0,72.0,125.0,178.0,192.38
2026-09-19 11:00:00,U Adenauerplatz (Berlin),11,4,56.7,0.0,0.55,1.52,3.6,6.23,9.4,12.71,17.3,23.61,32.79,47.85,62.74,79.44,20.17,20.54,11.0,0.0,0.0,1.0,3.0,4.0,6.0,8.0,14.0,18.0,26.4,46.9,56.7,59.0
2026-09-19 11:15:00,U Adenauerplatz (Berlin),11,4,56.7,0.0,0.37,1.21,3.09,5.3,8.25,11.31,15.05,20.69,28.83,42.65,55.54,70.04,17.75,18.42,14.0,0.0,0.0,1.0,3.0,4.0,6.0,8.0,14.0,18.0,26.4,46.9,56.7,59.0
2026-09-19 11:30:00,U Adenauerplatz (Berlin),11,5,56.7,0.0,0.0,0.04,0.73,1.61,2.8,4.35,6.75,9.4,12.76,20.6,28.7,36.1,8.01,7.65,3.0,0.0,0.0,1.0,3.0,4.0,6.0,8.0,14.0,18.0,26.4,46.9,56.7,59.0
2026-09-19 11:45:00,U Adenauerplatz (Berlin),11,22,56.7,0.0,0.17,0.88,2.46,4.21,6.58,9.36,12.42,16.82,23.68,35.46,46.81,57.83,14.62,15.61,12.0,0.0,0.0,1.0,3.0,4.0,6.0,8.0,14.0,18.0,26.4,46.9,56.7,59.0
2026-09-19 12:00:00,U Adenauerplatz (Berlin),12,20,26.8,0.0,0.0,0.24,1.12,2.25,3.64,5.63,8.26,11.09,15.34,24.32,33.13,41.45,9.61,10.13,4.0,0.0,0.0,0.0,0.0,0.0,1.0,3.0,5.6,8.7,12.0,19.9,26.8,33.62
2026-09-19 12:15:00,U Adenauerplatz (Berlin),12,5,26.8,0.0,0.0,0.0,0.27,0.78,1.48,2.52,3.94,6.49,9.48,14.53,21.92,29.25,5.64,5.52,2.0,0.0,0.0,0.0,0.0,0.0,1.0,3.0,5.6,8.7,12.0,19.9,26.8,33.62
2026-09-19 12:30:00,U Adenauerplatz (Berlin),12,24,26.8,0.0,0.0,0.0,0.5,1.17,2.14,3.4,5.33,8.06,11.12,17.75,25.3,32.7,6.81,6.96,2.0,0.0,0.0,0.0,0.0,0.0,1.0,3.0,5.6,8.7,12.0,19.9,26.8,33.62
2026-09-19 12:45:00,U Adenauerplatz (Berlin),12,4,26.8,0.0,0.0,0.0,0.59,1.33,2.4,3.76,5.9,8.63,11.82,18.98,26.81,34.13,7.31,7.61,3.0,0.0,0.0,0.0,0.0,0.0,1.0,3.0,5.6,8.7,12.0,19.9,26.8,33.62
2026-09-19 13:00:00,U Adenauerplatz (Berlin),13,0,42.45,0.0,0.0,0.0,0.62,1.37,2.45,3.83,6.06,8.77,11.96,19.23,27.06,34.47,7.43,7.61,5.0,0.0,0.0,1.0,3.0,4.3,6.0,8.5,11.6,14.0,18.8,27.9,42.45,47.62
2026-09-19 13:15:00,U Adenauerplatz (Berlin),13,0,42.45,0.0,0.0,0.15,0.93,1.95,3.28,5.13,7.7,10.32,14.1,22.61,31.13,38.96,8.9,9.13,6.0,0.0,0.0,1.0,3.0,4.3,6.0,8.5,11.6,14.0,18.8,27.9,42.45,47.62
2026-09-19 13:30:00,U Adenauerplatz (Berlin),13,83,42.45,0.0,0.0,0.43,1.5,2.9,4.63,7.09,9.7,12.8,18.28,28.24,37.72,47.23,11.32,11.78,11.0,0.0,0.0,1.0,3.0,4.3,6.0,8.5,11.6,14.0,18.8,27.9,42.45,47.62
2026-09-19 13:45:00,U Adenauerplatz (Berlin),13,3,42.45,0.0,0.51,1.44,3.44,5.91,8.98,12.14,16.4,22.41,31.31,45.95,60.15,75.57,19.24,21.09,14.0,0.0,0.0,1.0,3.0,4.3,6.0,8.5,11.6,14.0,18.8,27.9,42.45,47.62
2026-09-19 14:00:00,U Adenauerplatz (Berlin),14,10,68.7,0.0,0.49,1.41,3.52,6.22,9.36,12.59,17.16,23.33,32.44,47.44,62.25,78.74,19.99,21.09,15.0,0.27,1.0,2.0,4.2,10.0,15.0,21.0,26.0,30.0,39.4,54.9,68.7,74.72
2026-09-19 14:15:00,U Adenauerplatz (Berlin),14,30,68.7,0.24,0.94,2.25,5.07,8.74,12.35,17.13,23.15,31.21,42.47,61.17,80.61,100.44,26.26,27.61,24.0,0.27,1.0,2.0,4.2,10.0,15.0,21.0,26.0,30.0,39.4,54.9,68.7,74.72
2026-09-19 14:30:00,U Adenauerplatz (Berlin),14,52,68.7,0.41,1.21,2.76,6.29,10.38,14.67,20.32,27.23,36.28,49.22,70.95,93.16,115.45,30.64,31.61,27.0,0.27,1.0,2.0,4.2,10.0,15.0,21.0,26.0,30.0,39.4,54.9,68.7,74.72
2026-09-19 14:45:00,U Adenauerplatz (Berlin),14,3,68.7,0.0,0.37,1.18,3.05,5.29,8.27,11.27,15.07,20.73,28.98,42.92,56.19,71.09,17.86,18.43,16.0,0.27,1.0,2.0,4.2,10.0,15.0,21.0,26.0,30.0,39.4,54.9,68.7,74.72
2026-09-19 15:00:00,U Adenauerplatz (Berlin),15,1,174.25,1.59,3.26,6.97,15.05,23.88,34.53,47.47,62.13,80.47,106.62,151.28,200.34,254.38,67.51,69.46,50.5,1.0,1.75,6.0,17.0,29.0,40.0,47.5,64.0,77.5,108.0,149.0,174.25,211.38
2026-09-19 15:15:00,U Adenauerplatz (Berlin),15,2,174.25,1.64,3.34,7.25,15.6,24.83,35.89,49.28,64.53,83.55,110.91,157.27,209.21,264.28,70.17,72.38,74.0,1.0,1.75,6.0,17.0,29.0,40.0,47.5,64.0,77.5,108.0,149.0,174.25,211.38
2026-09-19 15:30:00,U Adenauerplatz (Berlin),15,26,174.25,0.76,1.86,3.95,9.14,14.25,20.52,27.99,37.41,49.58,66.18,95.32,124.0,156.1,41.71,43.08,31.0,1.0,1.75,6.0,17.0,29.0,40.0,47.5,64.0,77.5,108.0,149.0,174.25,211.38
2026-09-19 15:45:00,U Adenauerplatz (Berlin),15,29,174.25,1.89,3.77,8.52,18.18,28.97,41.87,57.09,74.41,96.94,129.19,184.84,245.07,307.76,81.49,84.58,62.0,1.0,1.75,6.0,17.0,29.0,40.0,47.5,64.0,77.5,108.0,149.0,174.25,211.38
2026-09-19 16:00:00,U Adenauerplatz (Berlin),16,142,427.0,3.09,6.52,14.82,32.32,51.67,72.83,97.95,127.64,165.52,220.83,317.34,415.67,474.12,135.77,143.58,121.5,5.0,5.0,10.0,23.0,39.0,53.0,85.0,108.0,140.0,196.0,302.5,427.0,481.38
2026-09-19 16:15:00,U Adenauerplatz (Berlin),16,241,427.0,2.72,5.56,12.7,27.24,43.95,62.41,83.97,110.43,143.07,190.18,273.13,362.47,440.01,118.59,123.46,45.0,5.0,5.0,10.0,23.0,39.0,53.0,85.0,108.0,140.0,196.0,302.5,427.0,481.38
2026-09-19 16:30:00,U Adenauerplatz (Berlin),16,321,427.0,2.63,5.27,11.91,25.42,40.81,58.68,78.63,103.41,133.79,178.87,257.11,340.72,421.03,111.79,113.79,88.5,5.0,5.0,10.0,23.0,39.0,53.0,85.0,108.0,140.0,196.0,302.5,427.0,481.38
2026-09-19 16:45:00,U Adenauerplatz (Berlin),16,56,427.0,2.63,5.35,12.23,26.18,42.15,60.1,80.54,105.92,137.37,183.36,263.46,349.94,429.91,114.49,115.67,78.5,5.0,5.0,10.0,23.0,39.0,53.0,85.0,108.0,140.0,196.0,302.5,427.0,481.38
2026-09-19 17:00:00,U Adenauerplatz (Berlin),17,523,475.25,3.15,6.77,15.35,33.07,52.6,73.71,98.73,129.04,167.75,225.15,325.74,426.04,479.03,138.05,138.0,92.5,9.0,10.0,16.0,41.0,59.5,78.0,104.5,140.0,176.0,258.0,393.5,475.25,546.62
2026-09-19 17:15:00,U Adenauerplatz (Berlin),17,239,475.25,3.69,8.21,19.12,40.21,63.1,89.23,119.69,155.63,202.04,269.16,393.51,471.56,505.09,162.64,161.75,95.5,9.0,10.0,16.0,41.0,59.5,78.0,104.5,140.0,176.0,258.0,393.5,475.25,546.62
2026-09-19 17:30:00,U Adenauerplatz (Berlin),17,45,475.25,4.08,9.3,22.18,45.96,71.36,100.37,133.32,173.98,227.41,303.43,430.01,489.8,519.08,178.82,177.25,136.5,9.0,10.0,16.0,41.0,59.5,78.0,104.5,140.0,176.0,258.0,393.5,475.25,546.62
2026-09-19 17:45:00,U Adenauerplatz (Berlin),17,612,475.25,3.4,7.25,16.52,35.43,56.16,78.88,106.13,137.72,180.06,239.93,346.92,443.08,487.88,146.37,144.0,76.5,9.0,10.0,16.0,41.0,59.5,78.0,104.5,140.0,176.0,258.0,393.5,475.25,546.62
2026-09-19 18:00:00,U Adenauerplatz (Berlin),18,376,608.6,3.38,7.24,16.69,35.98,56.87,79.92,107.46,139.48,182.08,242.43,351.83,446.31,490.48,147.93,144.62,80.0,4.0,4.6,13.0,24.4,70.8,80.8,109.0,137.2,202.8,245.2,516.4,608.6,612.0
2026-09-19 18:15:00,U Adenauerplatz (Berlin),18,520,608.6,5.84,14.22,31.95,63.08,98.46,138.14,184.23,241.46,315.85,413.26,499.74,536.23,574.9,230.83,219.61,133.0,4.0,4.6,13.0,24.4,70.8,80.8,109.0,137.2,202.8,245.2,516.4,608.6,612.0
2026-09-19 18:30:00,U Adenauerplatz (Berlin),18,95,608.6,3.67,8.1,18.97,40.28,63.09,89.21,119.71,155.25,201.32,267.11,389.85,469.36,503.42,161.77,157.74,114.0,4.0,4.6,13.0,24.4,70.8,80.8,109.0,137.2,202.8,245.2,516.4,608.6,612.0
2026-09-19 18:45:00,U Adenauerplatz (Berlin),18,272,608.6,3.84,8.6,20.29,42.62,66.2,93.77,125.11,162.2,210.95,279.9,404.83,477.55,508.86,168.18,164.17,107.0,4.0,4.6,13.0,24.4,70.8,80.8,109.0,137.2,202.8,245.2,516.4,608.6,612.0
2026-09-19 19:00:00,U Adenauerplatz (Berlin),19,14,533.45,2.85,5.99,13.9,30.08,47.81,67.42,90.65,119.39,155.38,207.45,299.47,396.1,462.03,128.1,122.39,72.0,3.28,6.1,11.0,23.2,40.0,57.8,75.0,125.8,161.1,188.0,312.4,533.45,612.0
2026-09-19 19:15:00,U Adenauerplatz (Berlin),19,73,533.45,3.85,8.56,20.39,43.03,67.07,95.26,127.06,164.95,214.91,285.19,408.68,479.48,509.82,170.22,166.52,127.0,3.28,6.1,11.0,23.2,40.0,57.8,75.0,125.8,161.1,188.0,312.4,533.45,612.0
2026-09-19 19:30:00,U Adenauerplatz (Berlin),19,7,533.45,3.18,6.81,15.82,34.34,54.55,76.9,103.51,134.11,175.39,234.03,336.24,432.3,482.64,142.74,138.35,64.0,3.28,6.1,11.0,23.2,40.0,57.8,75.0,125.8,161.1,188.0,312.4,533.45,612.0
2026-09-19 19:45:00,U Adenauerplatz (Berlin),19,20,533.45,2.64,5.36,12.51,26.9,42.82,60.97,82.17,108.27,140.69,187.52,268.92,356.52,433.84,116.73,112.48,46.0,3.28,6.1,11.0,23.2,40.0,57.8,75.0,125.8,161.1,188.0,312.4,533.45,612.0
2026-09-19 20:00:00,U Adenauerplatz (Berlin),20,80,254.55,1.85,3.71,8.3,17.63,27.78,39.84,54.42,71.28,92.31,123.04,177.0,235.48,294.6,78.1,74.52,72.0,1.0,2.35,7.9,19.4,28.7,40.0,63.0,77.8,111.6,152.4,236.5,254.55,283.3
2026-09-19 20:15:00,U Adenauerplatz (Berlin),20,74,254.55,3.35,7.07,16.46,35.78,56.93,80.5,107.99,139.69,181.72,240.83,343.42,437.29,484.77,146.74,148.82,109.0,1.0,2.35,7.9,19.4,28.7,40.0,63.0,77.8,111.6,152.4,236.5,254.55,283.3
2026-09-19 20:30:00,U Adenauerplatz (Berlin),20,110,254.55,2.18,4.24,9.63,20.54,32.58,47.02,63.28,82.97,108.28,143.69,207.08,271.61,339.62,90.53,87.09,81.0,1.0,2.35,7.9,19.4,28.7,40.0,63.0,77.8,111.6,152.4,236.5,254.55,283.3
2026-09-19 20:45:00,U Adenauerplatz (Berlin),20,16,254.55,1.19,2.62,5.42,12.07,19.22,27.29,37.32,49.75,64.83,86.02,122.99,162.8,206.5,54.56,51.87,32.0,1.0,2.35,7.9,19.4,28.7,40.0,63.0,77.8,111.6,152.4,236.5,254.55,283.3
2026-09-19 21:00:00,U Adenauerplatz (Berlin),21,24,140.6,0.46,1.33,2.99,6.8,10.99,15.66,21.52,28.77,38.35,52.06,75.97,100.29,124.87,32.66,32.74,20.0,2.0,3.0,4.0,8.8,12.2,16.6,20.0,26.8,39.6,60.4,108.2,140.6,152.25
2026-09-19 21:15:00,U Adenauerplatz (Berlin),21,74,140.6,1.34,2.88,5.99,13.35,21.37,30.62,42.12,55.66,72.3,95.37,135.73,180.49,228.81,60.42,58.75,41.0,2.0,3.0,4.0,8.8,12.2,16.6,20.0,26.8,39.6,60.4,108.2,140.6,152.25
2026-09-19 21:30:00,U Adenauerplatz (Berlin),21,56,140.6,0.58,1.56,3.4,7.71,12.15,17.41,23.67,31.69,42.24,57.18,83.14,108.66,135.46,35.75,35.5,14.0,2.0,3.0,4.0,8.8,12.2,16.6,20.0,26.8,39.6,60.4,108.2,140.6,152.25
2026-09-19 21:45:00,U Adenauerplatz (Berlin),21,130,140.6,0.37,1.16,2.65,5.91,9.83,13.91,19.33,25.97,34.68,47.42,68.83,90.99,113.06,29.52,29.58,21.0,2.0,3.0,4.0,8.8,12.2,16.6,20.0,26.8,39.6,60.4,108.2,140.6,152.25
2026-09-19 22:00:00,U Adenauerplatz (Berlin),22,9,62.25,0.24,0.97,2.32,5.13,8.79,12.51,17.32,23.53,31.76,43.31,62.49,82.82,103.12,26.77,27.75,21.5,0.0,0.0,0.0,3.0,4.5,7.0,12.5,18.0,22.0,28.0,46.0,62.25,92.5
2026-09-19 22:15:00,U Adenauerplatz (Berlin),22,57,62.25,0.0,0.32,1.13,2.93,4.99,7.75,10.62,14.09,19.49,27.55,40.83,53.39,67.02,16.89,17.38,9.0,0.0,0.0,0.0,3.0,4.5,7.0,12.5,18.0,22.0,28.0,46.0,62.25,92.5
2026-09-19 22:30:00,U Adenauerplatz (Berlin),22,20,62.25,0.0,0.44,1.33,3.23,5.44,8.35,11.45,15.29,21.2,29.82,43.95,57.79,73.01,18.29,19.33,14.5,0.0,0.0,0.0,3.0,4.5,7.0,12.5,18.0,22.0,28.0,46.0,62.25,92.5
2026-09-19 22:45:00,U Adenauerplatz (Berlin),22,15,62.25,0.0,0.0,0.57,1.82,3.36,5.3,7.85,10.53,13.95,20.05,31.08,41.38,51.31,12.44,12.62,7.0,0.0,0.0,0.0,3.0,4.5,7.0,12.5,18.0,22.0,28.0,46.0,62.25,92.5
2026-09-19 23:00:00,U Adenauerplatz (Berlin),23,1,17.75,0.0,0.0,0.0,0.02,0.34,0.77,1.36,2.39,4.12,7.62,11.55,17.41,24.53,4.22,3.96,1.0,0.0,0.0,0.0,0.0,0.0,1.0,1.5,3.0,5.0,7.0,12.0,17.75,26.0
2026-09-19 23:15:00,U Adenauerplatz (Berlin),23,1,17.75,0.0,0.0,0.0,0.37,0.95,1.77,2.95,4.68,7.51,10.48,16.44,24.36,32.0,6.36,6.46,3.5,0.0,0.0,0.0,0.0,0.0,1.0,1.5,3.0,5.0,7.0,12.0,17.75,26.0
2026-09-19 23:30:00,U Adenauerplatz (Berlin),23,0,17.75,0.0,0.0,0.0,0.09,0.47,0.97,1.73,2.94,5.07,8.44,12.93,19.7,27.37,4.82,4.62,1.5,0.0,0.0,0.0,0.0,0.0,1.0,1.5,3.0,5.0,7.0,12.0,17.75,26.0
2026-09-19 23:45:00,U Adenauerplatz (Berlin),23,17,17.75,0.0,0.0,0.0,0.0,0.17,0.48,0.91,1.66,3.11,6.23,10.31,14.86,21.57,3.5,3.0,1.5,0.0,0.0,0.0,0.0,0.0,1.0,1.5,3.0,5.0,7.0,12.0,17.75,26.0
2026-09-16 00:00:00,U Britz-Süd (Berlin),0,29,15.0,0.0,0.0,0.0,0.0,0.11,0.37,0.84,1.62,3.07,6.5,10.78,15.66,22.58,3.6,4.24,0.0,0.0,0.0,0.0,0.0,0.0,0.0,0.0,0.8,2.0,4.0,7.0,15.0,19.52
2026-09-16 00:15:00,U Britz-Süd (Berlin),0,8,15.0,0.0,0.0,0.0,0.0,0.0,0.05,0.24,0.49,0.91,1.77,6.07,9.83,12.96,1.65,1.71,0.0,0.0,0.0,0.0,0.0,0.0,0.0,0.0,0.8,2.0,4.0,7.0,15.0,19.52
2026-09-16 00:30:00,U Britz-Süd (Berlin),0,0,15.0,0.0,0.0,0.0,0.0,0.08,0.32,0.7,1.24,2.26,4.64,9.61,13.68,19.96,3.03,3.08,0.0,0.0,0.0,0.0,0.0,0.0,0.0,0.0,0.8,2.0,4.0,7.0,15.0,19.52
2026-09-16 00:45:00,U Britz-Süd (Berlin),0,0,15.0,0.0,0.0,0.0,0.0,0.0,0.0,0.2,0.4,0.81,1.6,5.51,9.54,12.33,1.52,1.58,0.0,0.0,0.0,0.0,0.0,0.0,0.0,0.0,0.8,2.0,4.0,7.0,15.0,19.52
2026-09-16 05:00:00,U Britz-Süd (Berlin),5,17,214.05,0.6,1.55,3.3,7.34,11.65,16.39,22.36,29.77,39.6,53.6,77.59,103.37,130.58,33.91,33.88,23.5,1.0,2.95,5.9,10.8,17.7,24.6,34.0,49.0,63.3,88.0,136.6,214.05,236.98
2026-09-16 05:15:00,U Britz-Süd (Berlin),5,7,214.05,0.85,2.04,4.18,9.33,14.5,20.82,28.34,38.1,51.04,68.67,99.98,131.71,168.36,43.4,42.77,22.5,1.0,2.95,5.9,10.8,17.7,24.6,34.0,49.0,63.3,88.0,136.6,214.05,236.98
2026-09-16 05:30:00,U Britz-Süd (Berlin),5,37,214.05,1.46,3.09,6.33,13.59,21.39,30.7,42.52,57.02,74.75,100.48,144.45,195.63,250.57,63.58,59.27,43.5,1.0,2.95,5.9,10.8,17.7,24.6,34.0,49.0,63.3,88.0,136.6,214.05,236.98
2026-09-16 05:45:00,U Britz-Süd (Berlin),5,25,214.05,2.55,4.98,10.91,22.17,35.02,51.5,69.91,92.39,121.13,162.43,236.35,310.76,389.3,101.4,95.28,63.5,1.0,2.95,5.9,10.8,17.7,24.6,34.0,49.0,63.3,88.0,136.6,214.05,236.98
2026-09-16 06:00:00,U Britz-Süd (Berlin),6,189,369.6,2.73,5.38,11.93,24.11,38.39,56.3,76.59,101.54,131.93,179.05,258.12,340.29,417.71,110.56,100.5,64.0,1.0,5.8,10.6,26.2,36.0,61.0,78.0,116.6,162.0,213.8,307.6,369.6,461.8
2026-09-16 06:15:00,U Britz-Süd (Berlin),6,114,369.6,3.02,6.0,13.28,27.21,43.74,63.46,86.43,114.49,149.27,200.58,287.07,379.98,448.11,122.81,112.98,66.0,1.0,5.8,10.6,26.2,36.0,61.0,78.0,116.6,162.0,213.8,307.6,369.6,461.8
2026-09-16 06:30:00,U Britz-Süd (Berlin),6,269,369.6,3.22,6.48,14.25,29.44,47.64,68.67,93.36,122.67,161.16,216.39,309.22,404.57,464.78,131.32,121.03,68.0,1.0,5.8,10.6,26.2,36.0,61.0,78.0,116.6,162.0,213.8,307.6,369.6,461.8
2026-09-16 06:45:00,U Britz-Süd (Berlin),6,359,369.6,4.25,9.13,20.61,43.46,69.53,99.23,132.56,175.45,229.8,303.09,427.43,484.31,504.91,177.05,165.61,157.0,1.0,5.8,10.6,26.2,36.0,61.0,78.0,116.6,162.0,213.8,307.6,369.6,461.8
2026-09-16 07:00:00,U Britz-Süd (Berlin),7,39,500.0,6.48,15.39,33.53,70.2,109.69,156.61,213.17,279.25,355.88,445.37,497.13,514.48,535.59,245.48,220.61,193.0,5.0,10.75,20.0,46.0,79.0,121.0,169.0,226.0,269.0,377.0,500.0,500.0,500.0
2026-09-16 07:15:00,U Britz-Süd (Berlin),7,264,500.0,5.17,11.59,26.14,55.25,86.86,123.81,167.16,222.3,287.24,381.29,478.29,502.96,518.66,210.67,193.2,170.0,5.0,10.75,20.0,46.0,79.0,121.0,169.0,226.0,269.0,377.0,500.0,500.0,500.0
2026-09-16 07:30:00,U Britz-Süd (Berlin),7,199,500.0,5.53,12.56,28.12,58.83,92.66,131.67,179.61,236.73,305.52,400.3,485.87,506.32,522.61,220.29,200.22,138.0,5.0,10.75,20.0,46.0,79.0,121.0,169.0,226.0,269.0,377.0,500.0,500.0,500.0
2026-09-16 07:45:00,U Britz-Süd (Berlin),7,115,500.0,5.86,13.46,29.94,62.08,98.1,139.82,189.61,249.88,321.74,416.6,489.93,508.75,525.88,228.6,207.17,168.0,5.0,10.75,20.0,46.0,79.0,121.0,169.0,226.0,269.0,377.0,500.0,500.0,500.0
2026-09-16 08:00:00,U Britz-Süd (Berlin),8,22,500.0,6.87,16.5,35.06,74.47,116.94,165.86,228.01,296.68,377.84,459.95,501.31,519.92,545.13,255.73,232.88,155.0,9.0,13.0,21.6,55.4,89.0,123.2,160.0,201.8,259.4,378.8,500.0,500.0,500.0
2026-09-16 08:15:00,U Britz-Süd (Berlin),8,132,500.0,5.76,13.22,29.36,61.08,96.63,137.56,186.71,246.18,317.2,414.37,489.28,508.54,525.82,226.66,206.05,162.0,9.0,13.0,21.6,55.4,89.0,123.2,160.0,201.8,259.4,378.8,500.0,500.0,500.0
2026-09-16 08:30:00,U Britz-Süd (Berlin),8,99,500.0,4.64,10.17,23.2,49.37,78.01,111.83,151.06,199.35,259.02,344.98,461.35,496.17,512.73,195.44,179.12,178.0,9.0,13.0,21.6,55.4,89.0,123.2,160.0,201.8,259.4,378.8,500.0,500.0,500.0
2026-09-16 08:45:00,U Britz-Süd (Berlin),8,234,500.0,4.82,10.7,24.16,51.15,80.34,115.14,154.94,204.87,265.3,353.65,466.18,497.7,513.76,199.25,184.77,139.0,9.0,13.0,21.6,55.4,89.0,123.2,160.0,201.8,259.4,378.8,500.0,500.0,500.0
2026-09-16 09:00:00,U Britz-Süd (Berlin),9,182,500.0,4.12,8.86,20.17,42.78,68.6,98.49,132.23,175.12,229.84,303.63,429.91,484.67,504.73,176.97,164.16,139.0,4.75,7.5,13.0,28.0,45.0,74.0,108.0,138.0,173.0,268.0,420.0,500.0,500.0
2026-09-16 09:15:00,U Britz-Süd (Berlin),9,493,500.0,5.61,12.6,28.21,59.05,93.65,133.09,181.78,239.01,308.26,403.64,485.53,505.93,523.23,221.75,204.59,137.0,4.75,7.5,13.0,28.0,45.0,74.0,108.0,138.0,173.0,268.0,420.0,500.0,500.0
2026-09-16 09:30:00,U Britz-Süd (Berlin),9,175,500.0,3.26,6.74,15.24,33.02,53.81,77.27,105.59,138.19,182.7,243.11,348.59,442.6,485.59,146.05,135.79,90.5,4.75,7.5,13.0,28.0,45.0,74.0,108.0,138.0,173.0,268.0,420.0,500.0,500.0
2026-09-16 09:45:00,U Britz-Süd (Berlin),9,55,500.0,2.76,5.61,12.74,26.84,43.24,62.74,85.59,113.76,148.81,200.44,287.44,383.74,451.69,122.67,112.71,70.5,4.75,7.5,13.0,28.0,45.0,74.0,108.0,138.0,173.0,268.0,420.0,500.0,500.0
2026-09-16 10:00:00,U Britz-Süd (Berlin),10,0,210.7,2.49,5.09,11.64,24.22,38.37,56.29,76.47,101.3,132.27,179.64,258.62,342.87,423.35,110.93,100.24,86.0,2.0,3.65,5.3,11.0,17.9,31.2,47.0,64.0,89.2,125.4,174.2,210.7,269.62
2026-09-16 10:15:00,U Britz-Süd (Berlin),10,70,210.7,2.22,4.56,10.35,21.5,33.5,48.72,65.94,87.15,114.65,153.84,225.08,296.93,376.53,96.62,88.24,64.0,2.0,3.65,5.3,11.0,17.9,31.2,47.0,64.0,89.2,125.4,174.2,210.7,269.62
2026-09-16 10:30:00,U Britz-Süd (Berlin),10,23,210.7,1.36,2.95,6.26,13.43,21.09,29.78,40.69,54.31,70.94,94.71,136.81,186.02,238.62,60.71,53.59,32.0,2.0,3.65,5.3,11.0,17.9,31.2,47.0,64.0,89.2,125.4,174.2,210.7,269.62
2026-09-16 10:45:00,U Britz-Süd (Berlin),10,13,210.7,1.12,2.52,5.33,11.76,18.32,25.79,34.97,46.83,61.49,82.38,118.26,159.19,204.39,52.59,46.64,25.0,2.0,3.65,5.3,11.0,17.9,31.2,47.0,64.0,89.2,125.4,174.2,210.7,269.62
2026-09-16 11:00:00,U Britz-Süd (Berlin),11,2,57.7,0.54,1.42,3.21,7.46,11.69,16.44,22.51,29.95,39.93,54.13,79.19,104.52,131.83,34.34,32.27,26.0,0.0,0.0,1.3,3.0,5.0,9.2,14.0,18.0,26.0,33.4,46.7,57.7,68.75
2026-09-16 11:15:00,U Britz-Süd (Berlin),11,7,57.7,0.0,0.47,1.34,3.38,5.91,8.96,11.93,15.75,21.44,29.72,43.93,57.85,74.4,18.71,18.36,14.0,0.0,0.0,1.3,3.0,5.0,9.2,14.0,18.0,26.0,33.4,46.7,57.7,68.75
2026-09-16 11:30:00,U Britz-Süd (Berlin),11,2,57.7,0.0,0.36,1.14,2.95,5.11,7.95,10.77,14.06,19.17,26.55,39.53,52.17,65.61,16.71,16.62,14.5,0.0,0.0,1.3,3.0,5.0,9.2,14.0,18.0,26.0,33.4,46.7,57.7,68.75
2026-09-16 11:45:00,U Britz-Süd (Berlin),11,9,57.7,0.0,0.0,0.61,1.83,3.4,5.34,7.91,10.54,13.84,19.68,30.0,40.03,50.29,12.29,11.81,5.0,0.0,0.0,1.3,3.0,5.0,9.2,14.0,18.0,26.0,33.4,46.7,57.7,68.75
2026-09-16 12:00:00,U Britz-Süd (Berlin),12,0,19.0,0.0,0.0,0.0,0.48,1.15,2.16,3.53,5.55,8.22,11.26,18.08,25.56,32.95,6.95,6.57,4.0,0.0,0.0,0.0,0.0,1.0,2.0,3.0,5.0,8.0,10.6,16.0,19.0,27.95
2026-09-16 12:15:00,U Britz-Süd (Berlin),12,6,19.0,0.0,0.0,0.0,0.39,0.99,1.87,3.14,4.96,7.63,10.51,16.65,24.1,31.36,6.43,6.07,4.0,0.0,0.0,0.0,0.0,1.0,2.0,3.0,5.0,8.0,10.6,16.0,19.0,27.95
2026-09-16 12:30:00,U Britz-Süd (Berlin),12,1,19.0,0.0,0.0,0.0,0.12,0.55,1.12,2.03,3.4,5.71,8.68,13.14,19.85,26.98,5.03,4.59,2.5,0.0,0.0,0.0,0.0,1.0,2.0,3.0,5.0,8.0,10.6,16.0,19.0,27.95
2026-09-16 12:45:00,U Britz-Süd (Berlin),12,2,19.0,0.0,0.0,0.0,0.6,1.35,2.48,3.9,6.05,8.7,11.93,19.13,26.63,34.04,7.39,7.23,3.0,0.0,0.0,0.0,0.0,1.0,2.0,3.0,5.0,8.0,10.6,16.0,19.0,27.95
2026-09-16 13:00:00,U Britz-Süd (Berlin),13,0,60.0,0.0,0.0,0.0,0.46,1.13,2.13,3.48,5.49,8.11,11.06,17.5,24.81,32.29,6.8,6.49,5.0,0.0,0.0,0.0,1.0,3.0,5.0,8.0,12.0,15.0,22.0,43.9,60.0,84.45
2026-09-16 13:15:00,U Britz-Süd (Berlin),13,2,60.0,0.0,0.14,0.84,2.33,3.98,6.15,8.82,11.67,15.4,21.78,32.95,43.63,54.13,13.63,13.88,8.0,0.0,0.0,0.0,1.0,3.0,5.0,8.0,12.0,15.0,22.0,43.9,60.0,84.45
2026-09-16 13:30:00,U Britz-Süd (Berlin),13,11,60.0,0.03,0.62,1.63,3.8,6.5,9.61,12.79,16.96,22.82,31.56,46.38,60.92,77.87,19.84,20.14,6.0,0.0,0.0,0.0,1.0,3.0,5.0,8.0,12.0,15.0,22.0,43.9,60.0,84.45
2026-09-16 13:45:00,U Britz-Süd (Berlin),13,39,60.0,0.06,0.67,1.71,3.93,6.77,9.91,13.19,17.6,23.61,32.63,47.93,63.15,81.1,20.55,20.53,12.0,0.0,0.0,0.0,1.0,3.0,5.0,8.0,12.0,15.0,22.0,43.9,60.0,84.45
2026-09-16 14:00:00,U Britz-Süd (Berlin),14,0,141.0,0.74,1.81,3.81,8.72,13.41,19.01,25.6,34.03,45.57,61.31,88.84,116.8,147.16,38.83,36.48,20.5,0.78,2.0,4.1,9.0,13.0,21.4,30.5,40.6,53.7,69.0,103.6,141.0,172.02
2026-09-16 14:15:00,U Britz-Süd (Berlin),14,86,141.0,0.89,2.11,4.37,9.79,14.99,21.33,28.79,38.48,51.49,69.0,99.52,130.54,165.21,43.57,40.52,25.5,0.78,2.0,4.1,9.0,13.0,21.4,30.5,40.6,53.7,69.0,103.6,141.0,172.02
2026-09-16 14:30:00,U Britz-Süd (Berlin),14,2,141.0,0.98,2.29,4.75,10.62,16.44,23.3,31.63,42.35,56.35,75.19,108.08,142.32,182.51,47.58,43.88,33.5,0.78,2.0,4.1,9.0,13.0,21.4,30.5,40.6,53.7,69.0,103.6,141.0,172.02
2026-09-16 14:45:00,U Britz-Süd (Berlin),14,73,141.0,1.57,3.25,6.66,14.18,22.35,31.99,44.15,58.59,76.44,101.77,145.96,196.96,251.01,64.71,59.12,44.0,0.78,2.0,4.1,9.0,13.0,21.4,30.5,40.6,53.7,69.0,103.6,141.0,172.02
2026-09-16 15:00:00,U Britz-Süd (Berlin),15,285,283.4,2.09,4.14,9.04,18.76,29.48,42.55,58.31,76.76,100.3,133.45,195.85,260.55,326.14,84.93,77.03,59.5,3.0,5.0,9.2,19.4,34.0,46.0,62.0,82.0,103.8,153.6,227.6,283.4,441.4
2026-09-16 15:15:00,U Britz-Süd (Berlin),15,19,283.4,1.56,3.3,7.03,14.77,23.17,33.32,45.93,60.44,78.84,104.9,151.83,204.91,261.15,67.07,60.0,43.5,3.0,5.0,9.2,19.4,34.0,46.0,62.0,82.0,103.8,153.6,227.6,283.4,441.4
2026-09-16 15:30:00,U Britz-Süd (Berlin),15,127,283.4,2.66,5.35,12.12,25.17,39.91,58.24,78.68,103.68,134.97,183.11,262.84,345.92,423.14,112.89,103.53,73.0,3.0,5.0,9.2,19.4,34.0,46.0,62.0,82.0,103.8,153.6,227.6,283.4,441.4
2026-09-16 15:45:00,U Britz-Süd (Berlin),15,156,283.4,3.55,7.39,16.36,34.67,56.12,80.01,108.34,141.16,185.9,246.84,351.03,443.57,486.28,148.32,141.53,80.0,3.0,5.0,9.2,19.4,34.0,46.0,62.0,82.0,103.8,153.6,227.6,283.4,441.4
2026-09-16 16:00:00,U Britz-Süd (Berlin),16,60,492.0,3.52,7.34,16.43,34.94,56.61,80.68,109.43,142.82,188.09,249.92,357.17,448.0,488.71,149.96,142.62,100.5,3.0,6.0,18.0,35.0,60.0,89.0,122.0,154.0,207.0,288.0,394.0,492.0,500.0
2026-09-16 16:15:00,U Britz-Süd (Berlin),16,164,492.0,3.21,6.65,14.76,31.35,50.49,72.03,97.62,128.28,168.43,227.12,321.64,418.29,473.21,136.75,127.16,91.5,3.0,6.0,18.0,35.0,60.0,89.0,122.0,154.0,207.0,288.0,394.0,492.0,500.0
2026-09-16 16:30:00,U Britz-Süd (Berlin),16,117,492.0,5.42,12.38,27.37,56.02,88.31,125.05,167.97,223.12,286.89,379.41,477.58,502.28,518.04,210.98,196.11,163.0,3.0,6.0,18.0,35.0,60.0,89.0,122.0,154.0,207.0,288.0,394.0,492.0,500.0
2026-09-16 16:45:00,U Britz-Süd (Berlin),16,40,492.0,5.12,11.42,25.67,53.01,83.54,118.9,159.34,210.95,271.48,359.62,470.33,500.0,515.9,203.11,188.88,157.0,3.0,6.0,18.0,35.0,60.0,89.0,122.0,154.0,207.0,288.0,394.0,492.0,500.0
2026-09-16 17:00:00,U Britz-Süd (Berlin),17,45,500.0,6.03,14.14,31.34,64.23,101.46,144.42,196.29,257.31,330.99,426.77,492.69,510.85,529.69,233.83,208.66,174.5,6.33,12.55,17.0,39.6,66.0,102.0,145.5,204.2,277.0,400.6,500.0,500.0,500.0
2026-09-16 17:15:00,U Britz-Süd (Berlin),17,287,500.0,6.51,15.27,32.71,67.21,105.37,150.18,204.25,267.21,343.09,437.67,495.44,512.34,531.72,239.85,211.38,158.5,6.33,12.55,17.0,39.6,66.0,102.0,145.5,204.2,277.0,400.6,500.0,500.0,500.0
2026-09-16 17:30:00,U Britz-Süd (Berlin),17,474,500.0,6.46,15.37,33.17,68.6,107.37,152.63,207.98,271.86,349.51,442.26,496.34,513.58,533.81,242.51,212.97,137.5,6.33,12.55,17.0,39.6,66.0,102.0,145.5,204.2,277.0,400.6,500.0,500.0,500.0
2026-09-16 17:45:00,U Britz-Süd (Berlin),17,188,500.0,5.04,11.31,25.38,52.55,83.34,119.18,159.69,212.14,274.42,367.81,474.12,500.75,516.69,204.66,179.36,114.5,6.33,12.55,17.0,39.6,66.0,102.0,145.5,204.2,277.0,400.6,500.0,500.0,500.0
2026-09-16 18:00:00,U Britz-Süd (Berlin),18,194,500.0,5.47,12.48,27.87,57.6,90.93,129.46,174.91,232.78,300.76,398.22,485.59,507.08,524.14,218.44,189.39,170.0,7.0,10.9,25.9,45.0,78.0,105.0,143.5,220.4,263.0,327.0,389.6,500.0,500.0
2026-09-16 18:15:00,U Britz-Süd (Berlin),18,500,500.0,6.47,15.18,32.84,67.71,106.15,151.6,206.66,270.32,348.93,442.5,496.53,514.59,535.61,242.08,208.74,200.0,7.0,10.9,25.9,45.0,78.0,105.0,143.5,220.4,263.0,327.0,389.6,500.0,500.0
2026-09-16 18:30:00,U Britz-Süd (Berlin),18,289,500.0,5.29,12.06,26.82,55.53,87.63,124.54,167.54,223.57,288.68,386.42,480.58,503.9,520.11,212.25,186.91,148.0,7.0,10.9,25.9,45.0,78.0,105.0,143.5,220.4,263.0,327.0,389.6,500.0,500.0
2026-09-16 18:45:00,U Britz-Süd (Berlin),18,301,500.0,4.21,9.19,20.7,42.58,68.53,98.19,131.78,174.53,230.25,305.27,433.48,486.2,506.12,177.56,157.26,111.5,7.0,10.9,25.9,45.0,78.0,105.0,143.5,220.4,263.0,327.0,389.6,500.0,500.0
2026-09-16 19:00:00,U Britz-Süd (Berlin),19,256,500.0,4.53,10.0,22.67,46.96,74.71,106.46,143.16,189.27,247.69,330.04,452.44,493.43,511.52,188.76,171.97,124.5,7.0,16.6,23.2,40.2,62.6,88.8,121.0,162.2,215.4,288.8,412.8,500.0,500.0
2026-09-16 19:15:00,U Britz-Süd (Berlin),19,401,500.0,4.94,11.16,25.31,52.55,83.18,118.65,159.26,212.13,274.67,366.05,471.85,501.01,517.68,204.29,185.16,130.0,7.0,16.6,23.2,40.2,62.6,88.8,121.0,162.2,215.4,288.8,412.8,500.0,500.0
2026-09-16 19:30:00,U Britz-Süd (Berlin),19,15,500.0,4.01,8.74,19.9,40.78,65.7,94.31,127.26,167.24,220.81,291.96,418.6,480.98,504.43,171.7,154.91,109.0,7.0,16.6,23.2,40.2,62.6,88.8,121.0,162.2,215.4,288.8,412.8,500.0,500.0
2026-09-16 19:45:00,U Britz-Süd (Berlin),19,180,500.0,4.29,9.31,21.24,44.08,70.52,100.59,134.67,179.25,234.5,309.75,436.08,487.91,508.41,180.27,162.44,133.0,7.0,16.6,23.2,40.2,62.6,88.8,121.0,162.2,215.4,288.8,412.8,500.0,500.0
2026-09-16 20:00:00,U Britz-Süd (Berlin),20,11,369.5,3.87,8.13,18.23,37.84,60.83,87.29,118.19,154.38,202.15,266.36,384.74,464.83,497.01,159.69,146.24,120.0,3.75,9.5,14.0,29.0,43.0,65.0,94.0,126.0,165.5,203.0,300.5,369.5,421.12
2026-09-16 20:15:00,U Britz-Süd (Berlin),20,173,369.5,3.8,7.89,17.45,36.6,58.98,84.42,114.22,149.19,195.17,257.89,370.2,456.51,492.96,154.99,143.19,115.0,3.75,9.5,14.0,29.0,43.0,65.0,94.0,126.0,165.5,203.0,300.5,369.5,421.12
2026-09-16 20:30:00,U Britz-Süd (Berlin),20,440,369.5,2.88,5.79,12.9,26.61,42.5,61.68,83.76,110.62,144.33,193.72,277.33,367.15,440.7,119.27,107.39,65.0,3.75,9.5,14.0,29.0,43.0,65.0,94.0,126.0,165.5,203.0,300.5,369.5,421.12
2026-09-16 20:45:00,U Britz-Süd (Berlin),20,34,369.5,2.94,5.91,13.15,27.1,43.42,62.76,85.04,112.4,146.35,196.29,280.67,372.16,443.89,120.82,108.58,66.0,3.75,9.5,14.0,29.0,43.0,65.0,94.0,126.0,165.5,203.0,300.5,369.5,421.12
2026-09-16 21:00:00,U Britz-Süd (Berlin),21,243,211.9,2.47,4.86,10.84,22.42,35.16,51.52,69.54,91.19,119.85,160.35,232.46,305.52,385.29,100.34,91.0,66.0,1.0,2.0,5.7,14.0,19.0,28.0,37.0,50.2,68.9,97.0,158.2,211.9,251.92
2026-09-16 21:15:00,U Britz-Süd (Berlin),21,90,211.9,2.15,4.23,9.29,19.3,30.02,43.44,59.4,78.24,102.27,135.98,198.69,263.59,330.09,86.37,77.6,46.0,1.0,2.0,5.7,14.0,19.0,28.0,37.0,50.2,68.9,97.0,158.2,211.9,251.92
2026-09-16 21:30:00,U Britz-Süd (Berlin),21,108,211.9,0.9,2.11,4.3,9.54,14.7,20.98,28.28,37.62,50.36,68.23,99.26,131.46,167.15,43.22,40.25,29.0,1.0,2.0,5.7,14.0,19.0,28.0,37.0,50.2,68.9,97.0,158.2,211.9,251.92
2026-09-16 21:45:00,U Britz-Süd (Berlin),21,68,211.9,0.86,2.04,4.2,9.38,14.46,20.68,27.9,37.09,49.64,67.17,97.82,130.03,164.95,42.64,39.21,23.0,1.0,2.0,5.7,14.0,19.0,28.0,37.0,50.2,68.9,97.0,158.2,211.9,251.92
2026-09-16 22:00:00,U Britz-Süd (Berlin),22,41,75.0,0.57,1.52,3.27,7.28,11.69,16.43,22.45,29.72,39.47,53.85,78.79,104.62,132.64,34.19,33.18,26.0,0.0,0.0,1.0,3.0,6.0,9.8,12.0,16.0,25.0,34.6,47.0,75.0,86.32
2026-09-16 22:15:00,U Britz-Süd (Berlin),22,10,75.0,0.0,0.53,1.49,3.57,6.1,9.11,12.22,16.28,22.21,30.67,44.94,59.43,76.01,19.22,19.47,12.0,0.0,0.0,1.0,3.0,6.0,9.8,12.0,16.0,25.0,34.6,47.0,75.0,86.32
2026-09-16 22:30:00,U Britz-Süd (Berlin),22,67,75.0,0.0,0.44,1.32,3.24,5.49,8.4,11.4,15.01,20.62,28.55,42.06,55.2,70.13,17.8,18.0,11.0,0.0,0.0,1.0,3.0,6.0,9.8,12.0,16.0,25.0,34.6,47.0,75.0,86.32
2026-09-16 22:45:00,U Britz-Süd (Berlin),22,28,75.0,0.0,0.06,0.72,2.1,3.71,5.81,8.41,11.13,14.66,21.0,31.98,42.69,52.95,13.1,13.25,11.0,0.0,0.0,1.0,3.0,6.0,9.8,12.0,16.0,25.0,34.6,47.0,75.0,86.32
2026-09-16 23:00:00,U Britz-Süd (Berlin),23,4,25.0,0.0,0.0,0.34,1.3,2.55,4.09,6.33,8.9,11.75,16.23,25.54,34.92,44.33,10.31,10.88,6.0,0.0,0.0,0.0,0.0,1.0,2.0,3.0,5.0,7.0,10.0,15.0,25.0,34.0
2026-09-16 23:15:00,U Britz-Süd (Berlin),23,4,25.0,0.0,0.0,0.0,0.3,0.85,1.67,2.86,4.57,7.25,10.02,15.25,22.67,30.22,6.01,6.28,3.0,0.0,0.0,0.0,0.0,1.0,2.0,3.0,5.0,7.0,10.0,15.0,25.0,34.0
2026-09-16 23:30:00,U Britz-Süd (Berlin),23,3,25.0,0.0,0.0,0.0,0.01,0.35,0.8,1.45,2.55,4.31,7.65,11.39,16.88,23.66,4.2,4.14,2.0,0.0,0.0,0.0,0.0,1.0,2.0,3.0,5.0,7.0,10.0,15.0,25.0,34.0
2026-09-16 23:45:00,U Britz-Süd (Berlin),23,6,25.0,0.0,0.0,0.0,0.01,0.34,0.79,1.42,2.51,4.24,7.56,11.28,16.68,23.46,4.16,4.16,1.0,0.0,0.0,0.0,0.0,1.0,2.0,3.0,5.0,7.0,10.0,15.0,25.0,34.0
2026-09-17 00:00:00,U Britz-Süd (Berlin),0,0,15.0,0.0,0.0,0.0,0.0,0.14,0.42,0.86,1.65,3.14,6.69,10.94,16.05,23.55,3.73,4.24,0.0,0.0,0.0,0.0,0.0,0.0,0.0,0.0,0.8,2.0,4.0,7.0,15.0,19.52
2026-09-17 00:15:00,U Britz-Süd (Berlin),0,0,15.0,0.0,0.0,0.0,0.0,0.0,0.07,0.26,0.52,0.93,1.76,6.12,9.81,12.78,1.67,1.71,0.0,0.0,0.0,0.0,0.0,0.0,0.0,0.0,0.8,2.0,4.0,7.0,15.0,19.52
2026-09-17 00:30:00,U Britz-Süd (Berlin),0,0,15.0,0.0,0.0,0.0,0.0,0.11,0.35,0.74,1.3,2.4,5.1,9.85,13.89,20.41,3.17,3.08,0.0,0.0,0.0,0.0,0.0,0.0,0.0,0.0,0.8,2.0,4.0,7.0,15.0,19.52
2026-09-17 00:45:00,U Britz-Süd (Berlin),0,0,15.0,0.0,0.0,0.0,0.0,0.0,0.05,0.24,0.47,0.85,1.6,5.42,9.59,12.38,1.57,1.58,0.0,0.0,0.0,0.0,0.0,0.0,0.0,0.0,0.8,2.0,4.0,7.0,15.0,19.52
2026-09-17 05:00:00,U Britz-Süd (Berlin),5,116,214.05,0.69,1.71,3.5,7.57,12.0,17.01,23.21,30.86,41.03,55.39,80.71,107.67,136.52,35.24,33.88,23.5,1.0,2.95,5.9,10.8,17.7,24.6,34.0,49.0,63.3,88.0,136.6,214.05,236.98
2026-09-17 05:15:00,U Britz-Süd (Berlin),5,4,214.05,1.04,2.34,4.55,9.95,15.41,22.09,29.94,40.11,53.5,71.75,104.38,138.27,177.49,45.63,42.77,22.5,1.0,2.95,5.9,10.8,17.7,24.6,34.0,49.0,63.3,88.0,136.6,214.05,236.98
2026-09-17 05:30:00,U Britz-Süd (Berlin),5,153,214.05,1.74,3.45,6.86,14.36,22.62,32.35,44.69,59.24,77.59,103.87,149.43,202.5,258.08,66.0,59.27,43.5,1.0,2.95,5.9,10.8,17.7,24.6,34.0,49.0,63.3,88.0,136.6,214.05,236.98
2026-09-17 05:45:00,U Britz-Süd (Berlin),5,260,214.05,2.75,5.34,11.66,23.44,36.92,54.11,73.28,96.87,126.09,169.37,245.79,322.06,402.1,105.63,95.28,63.5,1.0,2.95,5.9,10.8,17.7,24.6,34.0,49.0,63.3,88.0,136.6,214.05,236.98
2026-09-17 06:00:00,U Britz-Süd (Berlin),6,31,369.6,2.82,5.6,12.43,25.31,40.04,58.57,79.97,105.95,138.1,187.01,269.07,355.53,432.66,115.1,100.5,64.0,1.0,5.8,10.6,26.2,36.0,61.0,78.0,116.6,162.0,213.8,307.6,369.6,461.8
2026-09-17 06:15:00,U Britz-Süd (Berlin),6,323,369.6,3.05,6.17,13.74,28.41,45.68,66.12,90.25,119.36,156.29,210.35,301.36,395.71,460.42,127.89,112.98,66.0,1.0,5.8,10.6,26.2,36.0,61.0,78.0,116.6,162.0,213.8,307.6,369.6,461.8
2026-09-17 06:30:00,U Britz-Süd (Berlin),6,15,369.6,3.24,6.62,14.73,30.82,49.59,71.48,97.29,127.85,167.72,225.64,321.79,418.17,473.28,136.24,121.03,68.0,1.0,5.8,10.6,26.2,36.0,61.0,78.0,116.6,162.0,213.8,307.6,369.6,461.8
2026-09-17 06:45:00,U Britz-Süd (Berlin),6,286,369.6,4.42,9.49,21.54,45.42,72.55,103.4,138.76,184.32,240.61,318.0,442.4,489.86,508.69,183.75,165.61,157.0,1.0,5.8,10.6,26.2,36.0,61.0,78.0,116.6,162.0,213.8,307.6,369.6,461.8
2026-09-17 07:00:00,U Britz-Süd (Berlin),7,47,500.0,6.74,16.06,34.54,72.92,113.33,161.24,221.65,288.43,367.73,453.31,498.76,516.06,537.79,250.92,220.61,193.0,5.0,10.75,20.0,46.0,79.0,121.0,169.0,226.0,269.0,377.0,500.0,500.0,500.0
2026-09-17 07:15:00,U Britz-Süd (Berlin),7,111,500.0,5.39,12.18,27.46,57.42,90.22,129.03,174.93,232.14,299.45,394.23,483.15,505.0,520.8,217.02,193.2,170.0,5.0,10.75,20.0,46.0,79.0,121.0,169.0,226.0,269.0,377.0,500.0,500.0,500.0
2026-09-17 07:30:00,U Britz-Süd (Berlin),7,53,500.0,5.66,12.91,28.97,60.24,95.2,135.38,185.15,243.94,314.56,410.21,487.34,506.86,523.67,224.77,200.22,138.0,5.0,10.75,20.0,46.0,79.0,121.0,169.0,226.0,269.0,377.0,500.0,500.0,500.0
2026-09-17 07:45:00,U Britz-Süd (Berlin),7,387,500.0,6.08,14.01,31.0,63.94,100.64,144.65,196.88,258.89,333.96,428.25,492.27,509.66,527.29,234.11,207.17,168.0,5.0,10.75,20.0,46.0,79.0,121.0,169.0,226.0,269.0,377.0,500.0,500.0,500.0
2026-09-17 08:00:00,U Britz-Süd (Berlin),8,500,500.0,7.13,17.3,36.04,76.69,120.4,171.04,235.82,306.94,389.0,467.04,503.19,522.68,551.42,261.69,232.88,155.0,9.0,13.0,21.6,55.4,89.0,123.2,160.0,201.8,259.4,378.8,500.0,500.0,500.0
2026-09-17 08:15:00,U Britz-Süd (Berlin),8,39,500.0,6.14,13.95,30.52,62.99,99.14,141.81,192.43,252.87,326.34,421.45,491.0,508.84,526.46,230.86,206.05,162.0,9.0,13.0,21.6,55.4,89.0,123.2,160.0,201.8,259.4,378.8,500.0,500.0,500.0
2026-09-17 08:30:00,U Britz-Süd (Berlin),8,102,500.0,4.87,10.66,23.8,50.18,79.17,113.22,152.46,201.42,261.16,349.07,464.66,497.34,513.4,197.14,179.12,178.0,9.0,13.0,21.6,55.4,89.0,123.2,160.0,201.8,259.4,378.8,500.0,500.0,500.0
2026-09-17 08:45:00,U Britz-Süd (Berlin),8,74,500.0,5.06,11.16,24.9,52.43,82.47,117.97,158.58,210.69,272.17,362.72,470.61,499.43,514.91,202.93,184.77,139.0,9.0,13.0,21.6,55.4,89.0,123.2,160.0,201.8,259.4,378.8,500.0,500.0,500.0
2026-09-17 09:00:00,U Britz-Süd (Berlin),9,361,500.0,4.27,9.06,20.28,42.89,68.73,98.41,131.96,174.54,228.95,302.0,427.28,484.16,504.69,176.35,164.16,139.0,4.75,7.5,13.0,28.0,45.0,74.0,108.0,138.0,173.0,268.0,420.0,500.0,500.0
2026-09-17 09:15:00,U Britz-Süd (Berlin),9,27,500.0,5.87,13.1,28.63,59.22,93.52,132.26,180.35,236.94,306.25,398.85,483.97,504.27,520.02,220.26,204.59,137.0,4.75,7.5,13.0,28.0,45.0,74.0,108.0,138.0,173.0,268.0,420.0,500.0,500.0
2026-09-17 09:30:00,U Britz-Süd (Berlin),9,78,500.0,3.57,7.21,15.85,33.75,54.71,78.43,106.69,139.72,184.11,243.85,348.46,441.61,484.86,146.72,135.79,90.5,4.75,7.5,13.0,28.0,45.0,74.0,108.0,138.0,173.0,268.0,420.0,500.0,500.0
2026-09-17 09:45:00,U Britz-Süd (Berlin),9,62,500.0,3.05,5.99,13.22,27.45,43.91,63.53,86.45,114.75,150.37,202.06,288.14,381.45,450.03,123.22,112.71,70.5,4.75,7.5,13.0,28.0,45.0,74.0,108.0,138.0,173.0,268.0,420.0,500.0,500.0
2026-09-17 10:00:00,U Britz-Süd (Berlin),10,22,210.7,2.78,5.41,12.05,24.76,38.98,57.04,77.35,102.41,133.58,181.25,259.51,341.44,420.56,111.55,100.24,86.0,2.0,3.65,5.3,11.0,17.9,31.2,47.0,64.0,89.2,125.4,174.2,210.7,269.62
2026-09-17 10:15:00,U Britz-Süd (Berlin),10,56,210.7,2.47,4.77,10.57,21.78,34.13,49.56,67.09,88.68,117.02,157.18,229.19,300.58,377.28,98.06,88.24,64.0,2.0,3.65,5.3,11.0,17.9,31.2,47.0,64.0,89.2,125.4,174.2,210.7,269.62
2026-09-17 10:30:00,U Britz-Süd (Berlin),10,51,210.7,1.46,3.04,6.1,13.11,20.63,29.41,39.97,53.55,69.86,93.09,134.23,181.98,232.94,59.5,53.59,32.0,2.0,3.65,5.3,11.0,17.9,31.2,47.0,64.0,89.2,125.4,174.2,210.7,269.62
2026-09-17 10:45:00,U Britz-Süd (Berlin),10,3,210.7,1.15,2.56,5.12,11.34,17.64,25.04,33.93,45.4,59.83,80.06,114.94,152.36,195.15,50.74,46.64,25.0,2.0,3.65,5.3,11.0,17.9,31.2,47.0,64.0,89.2,125.4,174.2,210.7,269.62
2026-09-17 11:00:00,U Britz-Süd (Berlin),11,5,57.7,0.55,1.46,3.17,7.08,11.4,15.96,21.9,29.11,38.61,52.47,76.08,100.81,125.27,33.03,32.27,26.0,0.0,0.0,1.3,3.0,5.0,9.2,14.0,18.0,26.0,33.4,46.7,57.7,68.75
2026-09-17 11:15:00,U Britz-Süd (Berlin),11,13,57.7,0.0,0.49,1.41,3.44,5.83,8.84,11.86,15.59,21.18,29.35,43.08,56.47,72.21,18.36,18.36,14.0,0.0,0.0,1.3,3.0,5.0,9.2,14.0,18.0,26.0,33.4,46.7,57.7,68.75
2026-09-17 11:30:00,U Britz-Süd (Berlin),11,5,57.7,0.0,0.38,1.2,3.01,5.05,7.81,10.65,13.88,18.86,26.02,38.55,50.86,63.24,16.33,16.62,14.5,0.0,0.0,1.3,3.0,5.0,9.2,14.0,18.0,26.0,33.4,46.7,57.7,68.75
2026-09-17 11:45:00,U Britz-Süd (Berlin),11,2,57.7,0.0,0.03,0.65,1.91,3.43,5.24,7.72,10.35,13.57,19.13,29.11,38.78,48.69,11.97,11.81,5.0,0.0,0.0,1.3,3.0,5.0,9.2,14.0,18.0,26.0,33.4,46.7,57.7,68.75
2026-09-17 12:00:00,U Britz-Süd (Berlin),12,46,19.0,0.0,0.0,0.0,0.48,1.14,2.11,3.45,5.38,8.05,11.03,17.51,24.78,32.3,6.77,6.57,4.0,0.0,0.0,0.0,0.0,1.0,2.0,3.0,5.0,8.0,10.6,16.0,19.0,27.95
2026-09-17 12:15:00,U Britz-Süd (Berlin),12,4,19.0,0.0,0.0,0.0,0.4,1.0,1.85,3.11,4.88,7.55,10.41,16.28,23.65,31.06,6.34,6.07,4.0,0.0,0.0,0.0,0.0,1.0,2.0,3.0,5.0,8.0,10.6,16.0,19.0,27.95
2026-09-17 12:30:00,U Britz-Süd (Berlin),12,0,19.0,0.0,0.0,0.0,0.12,0.54,1.09,1.97,3.36,5.68,8.69,13.03,19.69,26.83,4.99,4.59,2.5,0.0,0.0,0.0,0.0,1.0,2.0,3.0,5.0,8.0,10.6,16.0,19.0,27.95
2026-09-17 12:45:00,U Britz-Süd (Berlin),12,11,19.0,0.0,0.0,0.0,0.57,1.3,2.38,3.76,5.82,8.52,11.69,18.69,26.22,33.78,7.22,7.23,3.0,0.0,0.0,0.0,0.0,1.0,2.0,3.0,5.0,8.0,10.6,16.0,19.0,27.95
2026-09-17 13:00:00,U Britz-Süd (Berlin),13,4,60.0,0.0,0.0,0.0,0.42,1.06,2.0,3.33,5.27,7.93,10.81,17.05,24.33,31.99,6.63,6.49,5.0,0.0,0.0,0.0,1.0,3.0,5.0,8.0,12.0,15.0,22.0,43.9,60.0,84.45
2026-09-17 13:15:00,U Britz-Süd (Berlin),13,5,60.0,0.0,0.16,0.85,2.36,4.0,6.18,8.89,11.77,15.56,21.83,33.04,43.59,54.0,13.68,13.88,8.0,0.0,0.0,0.0,1.0,3.0,5.0,8.0,12.0,15.0,22.0,43.9,60.0,84.45
2026-09-17 13:30:00,U Britz-Süd (Berlin),13,7,60.0,0.03,0.61,1.62,3.75,6.39,9.53,12.65,16.74,22.46,31.09,45.67,60.04,76.55,19.55,20.14,6.0,0.0,0.0,0.0,1.0,3.0,5.0,8.0,12.0,15.0,22.0,43.9,60.0,84.45
2026-09-17 13:45:00,U Britz-Süd (Berlin),13,10,60.0,0.04,0.63,1.66,3.83,6.59,9.74,12.92,17.18,23.0,31.9,46.92,61.63,78.82,20.06,20.53,12.0,0.0,0.0,0.0,1.0,3.0,5.0,8.0,12.0,15.0,22.0,43.9,60.0,84.45
2026-09-17 14:00:00,U Britz-Süd (Berlin),14,46,141.0,0.75,1.84,3.81,8.6,13.19,18.67,25.2,33.52,44.74,60.41,87.32,114.46,143.91,38.13,36.48,20.5,0.78,2.0,4.1,9.0,13.0,21.4,30.5,40.6,53.7,69.0,103.6,141.0,172.02
2026-09-17 14:15:00,U Britz-Süd (Berlin),14,24,141.0,0.94,2.18,4.39,9.84,15.0,21.3,28.83,38.28,51.04,68.23,98.02,128.55,162.15,43.13,40.52,25.5,0.78,2.0,4.1,9.0,13.0,21.4,30.5,40.6,53.7,69.0,103.6,141.0,172.02
2026-09-17 14:30:00,U Britz-Süd (Berlin),14,30,141.0,1.03,2.37,4.76,10.63,16.35,23.26,31.56,42.04,55.8,74.46,106.89,140.22,179.29,47.13,43.88,33.5,0.78,2.0,4.1,9.0,13.0,21.4,30.5,40.6,53.7,69.0,103.6,141.0,172.02
2026-09-17 14:45:00,U Britz-Süd (Berlin),14,7,141.0,1.7,3.39,6.86,14.32,22.55,32.38,44.5,58.83,76.28,101.18,144.81,195.68,249.26,64.58,59.12,44.0,0.78,2.0,4.1,9.0,13.0,21.4,30.5,40.6,53.7,69.0,103.6,141.0,172.02
2026-09-17 15:00:00,U Britz-Süd (Berlin),15,3,283.4,2.21,4.23,9.07,18.61,29.17,41.84,57.43,75.38,98.45,131.3,192.47,255.59,319.18,83.44,77.03,59.5,3.0,5.0,9.2,19.4,34.0,46.0,62.0,82.0,103.8,153.6,227.6,283.4,441.4
2026-09-17 15:15:00,U Britz-Süd (Berlin),15,104,283.4,1.75,3.5,7.2,14.89,23.3,33.31,45.73,60.15,78.32,104.01,149.72,202.42,257.08,66.55,60.0,43.5,3.0,5.0,9.2,19.4,34.0,46.0,62.0,82.0,103.8,153.6,227.6,283.4,441.4
2026-09-17 15:30:00,U Britz-Süd (Berlin),15,83,283.4,2.83,5.47,12.15,25.1,39.71,58.11,78.77,103.83,135.31,183.85,263.12,347.08,424.14,113.09,103.53,73.0,3.0,5.0,9.2,19.4,34.0,46.0,62.0,82.0,103.8,153.6,227.6,283.4,441.4
2026-09-17 15:45:00,U Britz-Süd (Berlin),15,104,283.4,3.66,7.32,16.14,34.47,56.0,80.12,108.31,141.26,185.88,246.06,349.77,442.06,485.12,147.93,141.53,80.0,3.0,5.0,9.2,19.4,34.0,46.0,62.0,82.0,103.8,153.6,227.6,283.4,441.4
2026-09-17 16:00:00,U Britz-Süd (Berlin),16,195,492.0,3.71,7.5,16.52,34.91,56.79,81.32,110.18,144.11,189.68,251.41,359.49,449.57,489.08,150.69,142.62,100.5,3.0,6.0,18.0,35.0,60.0,89.0,122.0,154.0,207.0,288.0,394.0,492.0,500.0
2026-09-17 16:15:00,U Britz-Süd (Berlin),16,11,492.0,3.33,6.66,14.65,31.13,50.19,71.97,97.69,128.65,169.07,227.83,323.73,419.95,474.33,137.03,127.16,91.5,3.0,6.0,18.0,35.0,60.0,89.0,122.0,154.0,207.0,288.0,394.0,492.0,500.0
2026-09-17 16:30:00,U Britz-Süd (Berlin),16,5,492.0,5.41,12.04,26.78,55.46,88.13,124.71,167.58,223.27,287.25,380.05,478.25,501.9,516.77,210.87,196.11,163.0,3.0,6.0,18.0,35.0,60.0,89.0,122.0,154.0,207.0,288.0,394.0,492.0,500.0
2026-09-17 16:45:00,U Britz-Süd (Berlin),16,56,492.0,5.19,11.43,25.65,52.98,84.06,119.69,160.42,213.51,275.01,365.24,472.33,499.87,514.81,204.51,188.88,157.0,3.0,6.0,18.0,35.0,60.0,89.0,122.0,154.0,207.0,288.0,394.0,492.0,500.0
2026-09-17 17:00:00,U Britz-Süd (Berlin),17,40,500.0,5.95,13.9,30.72,63.21,100.08,142.68,194.11,254.9,328.82,422.88,491.61,509.43,527.34,232.0,208.66,174.5,6.33,12.55,17.0,39.6,66.0,102.0,145.5,204.2,277.0,400.6,500.0,500.0,500.0
2026-09-17 17:15:00,U Britz-Süd (Berlin),17,123,500.0,6.29,14.6,31.6,64.6,102.1,145.05,197.34,258.84,332.97,425.86,491.87,509.17,527.02,234.09,211.38,158.5,6.33,12.55,17.0,39.6,66.0,102.0,145.5,204.2,277.0,400.6,500.0,500.0,500.0
2026-09-17 17:30:00,U Britz-Süd (Berlin),17,195,500.0,6.27,14.64,31.75,65.08,102.49,145.59,197.7,259.81,334.71,427.57,492.33,509.92,528.06,234.84,212.97,137.5,6.33,12.55,17.0,39.6,66.0,102.0,145.5,204.2,277.0,400.6,500.0,500.0,500.0
2026-09-17 17:45:00,U Britz-Süd (Berlin),17,218,500.0,4.89,10.73,23.96,49.6,78.63,112.11,150.51,198.86,258.37,343.87,461.14,495.97,511.92,195.14,179.36,114.5,6.33,12.55,17.0,39.6,66.0,102.0,145.5,204.2,277.0,400.6,500.0,500.0,500.0
2026-09-17 18:00:00,U Britz-Süd (Berlin),18,500,500.0,5.21,11.76,26.24,54.51,86.14,122.53,164.53,219.23,283.28,378.39,477.3,501.94,517.41,208.91,189.39,170.0,7.0,10.9,25.9,45.0,78.0,105.0,143.5,220.4,263.0,327.0,389.6,500.0,500.0
2026-09-17 18:15:00,U Britz-Süd (Berlin),18,84,500.0,6.13,14.35,31.53,64.56,101.69,144.61,197.06,258.51,333.48,428.2,492.82,509.87,527.7,234.22,208.74,200.0,7.0,10.9,25.9,45.0,78.0,105.0,143.5,220.4,263.0,327.0,389.6,500.0,500.0
2026-09-17 18:30:00,U Britz-Süd (Berlin),18,362,500.0,5.14,11.63,26.01,54.08,85.45,121.63,163.08,217.05,280.29,374.41,476.12,501.43,516.75,207.46,186.91,148.0,7.0,10.9,25.9,45.0,78.0,105.0,143.5,220.4,263.0,327.0,389.6,500.0,500.0
2026-09-17 18:45:00,U Britz-Süd (Berlin),18,84,500.0,4.12,8.89,20.05,41.56,66.81,95.71,129.01,169.72,224.31,296.75,423.55,483.07,503.77,173.53,157.26,111.5,7.0,10.9,25.9,45.0,78.0,105.0,143.5,220.4,263.0,327.0,389.6,500.0,500.0
2026-09-17 19:00:00,U Britz-Süd (Berlin),19,309,500.0,4.5,9.87,22.58,47.03,75.12,106.94,143.88,190.42,248.24,329.8,452.89,493.56,510.74,188.93,171.97,124.5,7.0,16.6,23.2,40.2,62.6,88.8,121.0,162.2,215.4,288.8,412.8,500.0,500.0
2026-09-17 19:15:00,U Britz-Süd (Berlin),19,260,500.0,5.01,11.15,25.43,52.83,83.62,118.96,159.6,211.59,273.84,364.36,471.89,500.6,516.65,203.99,185.16,130.0,7.0,16.6,23.2,40.2,62.6,88.8,121.0,162.2,215.4,288.8,412.8,500.0,500.0
2026-09-17 19:30:00,U Britz-Süd (Berlin),19,134,500.0,4.04,8.57,19.43,40.14,64.72,93.09,125.36,164.87,216.45,285.68,409.84,478.39,502.89,168.94,154.91,109.0,7.0,16.6,23.2,40.2,62.6,88.8,121.0,162.2,215.4,288.8,412.8,500.0,500.0
2026-09-17 19:45:00,U Britz-Süd (Berlin),19,312,500.0,4.27,9.29,20.97,43.45,69.63,99.49,133.29,176.67,231.37,305.43,431.72,486.42,506.66,178.23,162.44,133.0,7.0,16.6,23.2,40.2,62.6,88.8,121.0,162.2,215.4,288.8,412.8,500.0,500.0
2026-09-17 20:00:00,U Britz-Süd (Berlin),20,227,369.5,3.73,7.91,17.8,37.38,60.26,86.41,117.22,153.28,200.36,263.93,380.32,463.31,495.77,158.43,146.24,120.0,3.75,9.5,14.0,29.0,43.0,65.0,94.0,126.0,165.5,203.0,300.5,369.5,421.12
2026-09-17 20:15:00,U Britz-Süd (Berlin),20,21,369.5,3.64,7.54,17.02,36.09,58.6,84.04,113.85,148.84,195.28,257.69,369.26,456.74,492.76,154.66,143.19,115.0,3.75,9.5,14.0,29.0,43.0,65.0,94.0,126.0,165.5,203.0,300.5,369.5,421.12
2026-09-17 20:30:00,U Britz-Süd (Berlin),20,62,369.5,2.89,5.75,12.83,26.42,42.22,61.49,83.72,110.81,144.9,195.17,279.21,369.26,442.77,119.65,107.39,65.0,3.75,9.5,14.0,29.0,43.0,65.0,94.0,126.0,165.5,203.0,300.5,369.5,421.12
2026-09-17 20:45:00,U Britz-Süd (Berlin),20,180,369.5,2.93,5.79,12.87,26.57,42.45,61.7,83.86,110.95,144.81,194.87,278.47,367.65,441.74,119.6,108.58,66.0,3.75,9.5,14.0,29.0,43.0,65.0,94.0,126.0,165.5,203.0,300.5,369.5,421.12
2026-09-17 21:00:00,U Britz-Süd (Berlin),21,26,211.9,2.53,4.94,11.01,22.19,34.76,50.89,69.08,90.7,119.59,159.92,233.39,308.22,386.83,100.27,91.0,66.0,1.0,2.0,5.7,14.0,19.0,28.0,37.0,50.2,68.9,97.0,158.2,211.9,251.92
2026-09-17 21:15:00,U Britz-Süd (Berlin),21,164,211.9,2.25,4.33,9.52,19.38,30.0,43.22,59.09,77.75,101.81,135.47,198.3,263.42,329.56,86.13,77.6,46.0,1.0,2.0,5.7,14.0,19.0,28.0,37.0,50.2,68.9,97.0,158.2,211.9,251.92
2026-09-17 21:30:00,U Britz-Süd (Berlin),21,21,211.9,0.94,2.15,4.33,9.71,14.92,21.3,28.67,37.98,50.74,68.5,99.05,130.87,165.79,43.36,40.25,29.0,1.0,2.0,5.7,14.0,19.0,28.0,37.0,50.2,68.9,97.0,158.2,211.9,251.92
2026-09-17 21:45:00,U Britz-Süd (Berlin),21,3,211.9,0.92,2.12,4.3,9.56,14.59,20.82,27.97,36.99,49.36,66.48,96.21,126.84,160.41,42.17,39.21,23.0,1.0,2.0,5.7,14.0,19.0,28.0,37.0,50.2,68.9,97.0,158.2,211.9,251.92
2026-09-17 22:00:00,U Britz-Süd (Berlin),22,77,75.0,0.63,1.61,3.41,7.6,11.97,16.9,22.88,30.25,39.97,54.2,78.68,104.17,131.48,34.35,33.18,26.0,0.0,0.0,1.0,3.0,6.0,9.8,12.0,16.0,25.0,34.6,47.0,75.0,86.32
2026-09-17 22:15:00,U Britz-Süd (Berlin),22,8,75.0,0.0,0.56,1.53,3.58,6.12,9.19,12.27,16.36,22.31,30.87,45.1,59.2,75.43,19.23,19.47,12.0,0.0,0.0,1.0,3.0,6.0,9.8,12.0,16.0,25.0,34.6,47.0,75.0,86.32
2026-09-17 22:30:00,U Britz-Süd (Berlin),22,40,75.0,0.0,0.46,1.33,3.24,5.45,8.39,11.34,14.85,20.45,28.33,41.65,54.43,68.58,17.61,18.0,11.0,0.0,0.0,1.0,3.0,6.0,9.8,12.0,16.0,25.0,34.6,47.0,75.0,86.32
2026-09-17 22:45:00,U Britz-Süd (Berlin),22,6,75.0,0.0,0.1,0.76,2.14,3.71,5.74,8.35,11.09,14.57,20.87,31.84,42.29,52.38,13.02,13.25,11.0,0.0,0.0,1.0,3.0,6.0,9.8,12.0,16.0,25.0,34.6,47.0,75.0,86.32
2026-09-17 23:00:00,U Britz-Süd (Berlin),23,37,25.0,0.0,0.0,0.38,1.34,2.58,4.03,6.12,8.73,11.54,15.96,25.37,34.7,43.84,10.19,10.88,6.0,0.0,0.0,0.0,0.0,1.0,2.0,3.0,5.0,7.0,10.0,15.0,25.0,34.0
2026-09-17 23:15:00,U Britz-Süd (Berlin),23,4,25.0,0.0,0.0,0.0,0.35,0.94,1.78,2.98,4.65,7.32,10.15,15.56,23.15,30.89,6.16,6.28,3.0,0.0,0.0,0.0,0.0,1.0,2.0,3.0,5.0,7.0,10.0,15.0,25.0,34.0
2026-09-17 23:30:00,U Britz-Süd (Berlin),23,0,25.0,0.0,0.0,0.0,0.04,0.39,0.85,1.55,2.71,4.55,7.8,11.58,17.45,24.53,4.36,4.14,2.0,0.0,0.0,0.0,0.0,1.0,2.0,3.0,5.0,7.0,10.0,15.0,25.0,34.0
2026-09-17 23:45:00,U Britz-Süd (Berlin),23,0,25.0,0.0,0.0,0.0,0.05,0.41,0.86,1.53,2.66,4.47,7.77,11.58,17.5,24.58,4.35,4.16,1.0,0.0,0.0,0.0,0.0,1.0,2.0,3.0,5.0,7.0,10.0,15.0,25.0,34.0
2026-09-19 00:00:00,U Britz-Süd (Berlin),0,7,11.0,0.0,0.0,0.0,0.0,0.0,0.13,0.35,0.71,1.25,2.53,7.67,10.83,14.82,2.07,2.08,0.0,0.0,0.0,0.0,0.0,0.0,0.0,0.0,0.0,0.0,2.0,4.5,11.0,12.25
2026-09-19 00:15:00,U Britz-Süd (Berlin),0,14,11.0,0.0,0.0,0.0,0.0,0.0,0.01,0.21,0.42,0.81,1.52,4.96,9.32,12.08,1.47,1.62,0.0,0.0,0.0,0.0,0.0,0.0,0.0,0.0,0.0,0.0,2.0,4.5,11.0,12.25
2026-09-19 00:30:00,U Britz-Süd (Berlin),0,0,11.0,0.0,0.0,0.0,0.0,0.0,0.03,0.22,0.46,0.85,1.63,5.4,9.57,12.4,1.55,1.62,0.0,0.0,0.0,0.0,0.0,0.0,0.0,0.0,0.0,0.0,2.0,4.5,11.0,12.25
2026-09-19 00:45:00,U Britz-Süd (Berlin),0,0,11.0,0.0,0.0,0.0,0.0,0.0,0.0,0.16,0.34,0.68,1.22,3.44,8.53,11.03,1.22,1.25,0.0,0.0,0.0,0.0,0.0,0.0,0.0,0.0,0.0,0.0,2.0,4.5,11.0,12.25
2026-09-19 05:00:00,U Britz-Süd (Berlin),5,0,140.25,0.01,0.62,1.67,3.87,6.76,9.88,13.38,18.44,25.18,34.68,50.2,65.98,83.77,21.39,22.67,17.0,0.38,1.0,3.0,6.0,11.0,14.0,20.0,29.0,39.0,54.0,88.5,140.25,174.75
2026-09-19 05:15:00,U Britz-Süd (Berlin),5,7,140.25,0.27,1.02,2.41,5.37,9.17,13.01,18.19,24.56,32.89,44.63,64.1,85.12,106.87,27.74,28.67,13.5,0.38,1.0,3.0,6.0,11.0,14.0,20.0,29.0,39.0,54.0,88.5,140.25,174.75
2026-09-19 05:30:00,U Britz-Süd (Berlin),5,33,140.25,0.52,1.44,3.15,7.01,11.31,16.18,22.33,29.92,40.16,54.19,78.12,102.79,129.14,33.83,34.42,19.0,0.38,1.0,3.0,6.0,11.0,14.0,20.0,29.0,39.0,54.0,88.5,140.25,174.75
2026-09-19 05:45:00,U Britz-Süd (Berlin),5,35,140.25,1.62,3.26,6.74,14.31,22.87,32.95,45.59,59.87,77.47,102.74,145.87,194.46,247.33,65.13,64.04,49.0,0.38,1.0,3.0,6.0,11.0,14.0,20.0,29.0,39.0,54.0,88.5,140.25,174.75
2026-09-19 06:00:00,U Britz-Süd (Berlin),6,88,269.2,1.24,2.72,5.52,12.02,19.1,27.29,37.49,49.93,65.24,86.59,123.87,165.09,210.79,55.02,52.25,39.0,2.3,4.6,7.2,15.4,28.6,33.8,51.0,75.0,97.6,140.6,222.4,269.2,293.7
2026-09-19 06:15:00,U Britz-Süd (Berlin),6,123,269.2,2.37,4.66,10.31,21.53,34.12,49.46,66.66,87.59,114.75,151.99,219.85,288.86,363.21,95.69,91.65,63.0,2.3,4.6,7.2,15.4,28.6,33.8,51.0,75.0,97.6,140.6,222.4,269.2,293.7
2026-09-19 06:30:00,U Britz-Süd (Berlin),6,149,269.2,2.6,5.17,11.57,24.15,38.5,55.74,74.99,98.62,128.32,170.39,245.88,323.51,403.19,106.76,102.52,100.0,2.3,4.6,7.2,15.4,28.6,33.8,51.0,75.0,97.6,140.6,222.4,269.2,293.7
2026-09-19 06:45:00,U Britz-Süd (Berlin),6,378,269.2,2.29,4.49,9.82,20.53,32.65,47.24,63.66,83.52,109.54,145.05,210.4,277.23,348.13,91.62,87.35,45.0,2.3,4.6,7.2,15.4,28.6,33.8,51.0,75.0,97.6,140.6,222.4,269.2,293.7
2026-09-19 07:00:00,U Britz-Süd (Berlin),7,182,431.9,3.24,6.67,14.88,32.27,51.44,72.52,97.94,128.07,166.44,222.7,319.25,415.47,471.07,135.92,130.96,85.0,9.65,15.55,30.1,49.8,73.3,97.8,128.0,149.2,232.0,302.0,362.7,431.9,446.7
2026-09-19 07:15:00,U Britz-Süd (Berlin),7,145,431.9,3.96,8.55,19.78,42.04,65.7,92.94,124.42,161.66,211.47,279.45,401.31,473.08,500.7,166.79,163.61,131.0,9.65,15.55,30.1,49.8,73.3,97.8,128.0,149.2,232.0,302.0,362.7,431.9,446.7
2026-09-19 07:30:00,U Britz-Süd (Berlin),7,149,431.9,5.07,11.51,26.29,54.27,84.33,118.6,157.23,205.86,266.5,354.84,464.79,497.87,515.59,201.14,195.39,150.0,9.65,15.55,30.1,49.8,73.3,97.8,128.0,149.2,232.0,302.0,362.7,431.9,446.7
2026-09-19 07:45:00,U Britz-Süd (Berlin),7,360,431.9,4.4,9.82,22.85,48.06,74.63,104.97,140.32,183.62,238.97,318.12,440.53,489.19,509.14,184.48,180.43,131.0,9.65,15.55,30.1,49.8,73.3,97.8,128.0,149.2,232.0,302.0,362.7,431.9,446.7
2026-09-19 08:00:00,U Britz-Süd (Berlin),8,223,336.05,3.47,7.3,16.47,35.34,56.28,79.36,107.35,139.79,182.9,243.34,352.98,445.19,486.6,147.71,143.87,118.0,1.45,4.0,10.6,29.8,49.8,79.2,101.0,127.0,180.0,219.6,287.4,336.05,469.12
2026-09-19 08:15:00,U Britz-Süd (Berlin),8,61,336.05,3.3,6.72,14.81,31.88,50.83,71.53,96.45,126.27,164.58,220.19,317.44,414.46,470.11,134.79,131.39,90.0,1.45,4.0,10.6,29.8,49.8,79.2,101.0,127.0,180.0,219.6,287.4,336.05,469.12
2026-09-19 08:30:00,U Britz-Süd (Berlin),8,75,336.05,3.94,8.32,18.69,39.36,62.07,87.95,118.3,153.5,199.62,264.5,384.74,463.16,495.68,159.5,158.41,116.5,1.45,4.0,10.6,29.8,49.8,79.2,101.0,127.0,180.0,219.6,287.4,336.05,469.12
2026-09-19 08:45:00,U Britz-Süd (Berlin),8,54,336.05,2.6,5.08,11.28,23.22,36.78,52.9,70.87,92.84,122.06,162.88,235.97,313.38,395.21,102.36,97.91,59.0,1.45,4.0,10.6,29.8,49.8,79.2,101.0,127.0,180.0,219.6,287.4,336.05,469.12
2026-09-19 09:00:00,U Britz-Süd (Berlin),9,32,313.0,2.91,5.81,13.16,27.86,44.65,63.2,85.43,112.77,146.37,194.83,279.39,372.55,444.51,120.84,119.45,86.0,3.0,3.0,5.0,13.2,27.4,41.8,60.0,86.0,104.8,174.8,244.2,313.0,410.0
2026-09-19 09:15:00,U Britz-Süd (Berlin),9,233,313.0,2.87,5.78,13.16,27.68,44.24,62.52,84.19,110.87,143.96,191.63,274.24,363.93,438.01,119.03,118.13,100.0,3.0,3.0,5.0,13.2,27.4,41.8,60.0,86.0,104.8,174.8,244.2,313.0,410.0
2026-09-19 09:30:00,U Britz-Süd (Berlin),9,137,313.0,2.71,5.34,12.09,25.31,40.25,57.92,77.77,102.05,132.48,177.08,254.47,337.11,415.74,110.59,108.67,62.0,3.0,3.0,5.0,13.2,27.4,41.8,60.0,86.0,104.8,174.8,244.2,313.0,410.0
2026-09-19 09:45:00,U Britz-Süd (Berlin),9,47,313.0,1.21,2.65,5.37,11.84,18.47,26.14,35.55,47.47,61.55,81.31,115.82,152.83,193.98,51.71,49.46,40.5,3.0,3.0,5.0,13.2,27.4,41.8,60.0,86.0,104.8,174.8,244.2,313.0,410.0
2026-09-19 10:00:00,U Britz-Süd (Berlin),10,3,96.5,1.43,2.98,6.11,13.41,21.26,30.38,41.48,54.91,71.15,93.77,133.55,177.41,225.68,59.65,57.08,29.5,0.38,1.0,3.0,5.0,8.5,14.0,21.0,34.0,58.5,70.0,84.0,96.5,146.25
2026-09-19 10:15:00,U Britz-Süd (Berlin),10,10,96.5,0.84,2.0,4.13,9.45,14.74,21.15,28.72,38.32,50.78,67.75,96.73,125.82,158.26,42.51,41.42,42.5,0.38,1.0,3.0,5.0,8.5,14.0,21.0,34.0,58.5,70.0,84.0,96.5,146.25
2026-09-19 10:30:00,U Britz-Süd (Berlin),10,37,96.5,0.53,1.43,3.14,7.14,11.54,16.44,22.56,30.26,40.28,54.43,78.6,102.74,128.53,33.99,33.42,20.0,0.38,1.0,3.0,5.0,8.5,14.0,21.0,34.0,58.5,70.0,84.0,96.5,146.25
2026-09-19 10:45:00,U Britz-Süd (Berlin),10,16,96.5,0.07,0.71,1.82,4.12,7.2,10.5,14.21,19.54,26.55,36.43,53.05,70.51,88.58,22.59,22.75,13.0,0.38,1.0,3.0,5.0,8.5,14.0,21.0,34.0,58.5,70.0,84.0,96.5,146.25
2026-09-19 11:00:00,U Britz-Süd (Berlin),11,1,50.7,0.1,0.75,1.9,4.21,7.34,10.69,14.45,19.91,27.0,37.01,53.75,71.1,88.9,22.88,23.38,16.0,0.0,0.0,0.0,1.6,2.9,4.2,7.0,10.0,17.0,24.0,34.7,50.7,63.8
2026-09-19 11:15:00,U Britz-Süd (Berlin),11,20,50.7,0.0,0.09,0.77,2.23,3.9,6.17,8.88,11.82,15.87,22.45,33.87,44.52,54.63,13.81,13.67,10.0,0.0,0.0,0.0,1.6,2.9,4.2,7.0,10.0,17.0,24.0,34.7,50.7,63.8
2026-09-19 11:30:00,U Britz-Süd (Berlin),11,5,50.7,0.0,0.0,0.5,1.64,3.05,4.76,7.17,9.78,12.92,18.32,28.19,37.53,46.85,11.36,11.17,8.0,0.0,0.0,0.0,1.6,2.9,4.2,7.0,10.0,17.0,24.0,34.7,50.7,63.8
2026-09-19 11:45:00,U Britz-Süd (Berlin),11,1,50.7,0.0,0.0,0.13,0.91,1.93,3.26,5.06,7.59,10.26,14.05,22.54,30.98,38.58,8.83,8.65,2.0,0.0,0.0,0.0,1.6,2.9,4.2,7.0,10.0,17.0,24.0,34.7,50.7,63.8
2026-09-19 12:00:00,U Britz-Süd (Berlin),12,12,24.45,0.0,0.0,0.0,0.3,0.84,1.61,2.73,4.3,6.97,9.86,15.22,22.56,29.86,5.89,5.74,3.0,0.0,0.0,0.0,0.0,1.0,1.4,3.0,4.0,6.7,9.0,15.9,24.45,28.62
2026-09-19 12:15:00,U Britz-Süd (Berlin),12,0,24.45,0.0,0.0,0.0,0.22,0.71,1.35,2.34,3.7,6.12,9.13,13.88,20.92,28.19,5.36,5.13,2.0,0.0,0.0,0.0,0.0,1.0,1.4,3.0,4.0,6.7,9.0,15.9,24.45,28.62
2026-09-19 12:30:00,U Britz-Süd (Berlin),12,12,24.45,0.0,0.0,0.0,0.64,1.41,2.52,3.89,6.02,8.7,11.95,19.09,26.9,34.25,7.4,7.52,3.0,0.0,0.0,0.0,0.0,1.0,1.4,3.0,4.0,6.7,9.0,15.9,24.45,28.62
2026-09-19 12:45:00,U Britz-Süd (Berlin),12,11,24.45,0.0,0.0,0.0,0.31,0.86,1.63,2.74,4.31,6.96,9.84,15.24,22.58,30.04,5.9,5.96,2.0,0.0,0.0,0.0,0.0,1.0,1.4,3.0,4.0,6.7,9.0,15.9,24.45,28.62
2026-09-19 13:00:00,U Britz-Süd (Berlin),13,1,26.0,0.0,0.0,0.0,0.66,1.45,2.57,4.0,6.27,8.95,12.22,19.63,27.46,34.74,7.59,7.65,1.0,0.0,0.0,0.0,0.0,1.0,2.4,4.0,7.0,10.0,12.8,19.9,26.0,32.17
2026-09-19 13:15:00,U Britz-Süd (Berlin),13,1,26.0,0.0,0.0,0.0,0.36,0.94,1.74,2.89,4.61,7.33,10.12,15.73,23.09,30.68,6.13,6.04,2.0,0.0,0.0,0.0,0.0,1.0,2.4,4.0,7.0,10.0,12.8,19.9,26.0,32.17
2026-09-19 13:30:00,U Britz-Süd (Berlin),13,2,26.0,0.0,0.0,0.07,0.78,1.7,2.95,4.65,7.15,9.73,13.21,21.34,29.57,37.08,8.32,8.3,7.0,0.0,0.0,0.0,0.0,1.0,2.4,4.0,7.0,10.0,12.8,19.9,26.0,32.17
2026-09-19 13:45:00,U Britz-Süd (Berlin),13,14,26.0,0.0,0.0,0.1,0.84,1.79,3.07,4.81,7.33,9.91,13.52,21.84,30.37,38.09,8.56,8.61,8.0,0.0,0.0,0.0,0.0,1.0,2.4,4.0,7.0,10.0,12.8,19.9,26.0,32.17
2026-09-19 14:00:00,U Britz-Süd (Berlin),14,2,64.35,0.0,0.0,0.29,1.23,2.53,4.13,6.43,8.99,11.85,16.68,26.28,35.72,45.2,10.49,10.09,4.0,0.0,0.0,1.0,2.0,4.3,8.4,11.5,16.0,24.0,28.8,42.7,64.35,86.15
2026-09-19 14:15:00,U Britz-Süd (Berlin),14,74,64.35,0.0,0.46,1.37,3.41,5.95,9.06,12.22,16.58,22.74,31.67,46.19,60.36,75.87,19.38,19.91,13.0,0.0,0.0,1.0,2.0,4.3,8.4,11.5,16.0,24.0,28.8,42.7,64.35,86.15
2026-09-19 14:30:00,U Britz-Süd (Berlin),14,4,64.35,0.0,0.41,1.29,3.27,5.77,8.91,12.05,16.32,22.34,31.07,45.41,59.46,74.73,19.04,19.35,9.0,0.0,0.0,1.0,2.0,4.3,8.4,11.5,16.0,24.0,28.8,42.7,64.35,86.15
2026-09-19 14:45:00,U Britz-Süd (Berlin),14,13,64.35,0.37,1.14,2.61,5.84,9.82,13.85,19.3,25.99,34.75,47.4,67.9,89.14,110.65,29.29,30.0,16.0,0.0,0.0,1.0,2.0,4.3,8.4,11.5,16.0,24.0,28.8,42.7,64.35,86.15
2026-09-19 15:00:00,U Britz-Süd (Berlin),15,3,203.5,0.79,1.92,4.02,9.24,14.28,20.52,27.96,37.35,49.51,65.88,94.44,122.11,153.3,41.42,42.54,23.5,0.0,0.75,5.0,15.0,22.0,32.0,40.0,54.0,76.0,99.0,145.0,203.5,237.38
2026-09-19 15:15:00,U Britz-Süd (Berlin),15,12,203.5,0.79,1.9,3.99,9.22,14.25,20.54,28.03,37.52,49.82,66.38,95.28,123.53,155.38,41.73,43.08,40.0,0.0,0.75,5.0,15.0,22.0,32.0,40.0,54.0,76.0,99.0,145.0,203.5,237.38
2026-09-19 15:30:00,U Britz-Süd (Berlin),15,187,203.5,1.82,3.62,7.92,16.71,26.56,38.29,52.43,68.46,88.61,117.96,167.79,224.14,281.07,74.69,76.17,45.5,0.0,0.75,5.0,15.0,22.0,32.0,40.0,54.0,76.0,99.0,145.0,203.5,237.38
2026-09-19 15:45:00,U Britz-Süd (Berlin),15,271,203.5,2.09,4.12,9.38,19.7,31.4,45.46,61.25,80.07,104.59,138.53,199.29,264.06,333.34,87.78,90.08,58.5,0.0,0.75,5.0,15.0,22.0,32.0,40.0,54.0,76.0,99.0,145.0,203.5,237.38
2026-09-19 16:00:00,U Britz-Süd (Berlin),16,167,297.5,1.0,2.27,4.67,10.36,16.05,22.86,31.34,41.73,54.98,72.97,104.54,136.73,173.12,46.16,47.54,36.5,3.38,4.0,7.5,19.0,30.5,51.0,63.0,88.0,109.5,174.0,211.0,297.5,345.0
2026-09-19 16:15:00,U Britz-Süd (Berlin),16,68,297.5,2.56,5.08,11.46,23.85,37.97,54.85,73.48,96.49,125.63,167.26,241.13,318.92,400.19,105.02,107.96,82.0,3.38,4.0,7.5,19.0,30.5,51.0,63.0,88.0,109.5,174.0,211.0,297.5,345.0
2026-09-19 16:30:00,U Britz-Süd (Berlin),16,23,297.5,3.13,6.39,14.0,29.95,48.12,67.9,91.15,119.24,154.21,204.6,293.86,390.3,457.37,127.03,130.58,104.0,3.38,4.0,7.5,19.0,30.5,51.0,63.0,88.0,109.5,174.0,211.0,297.5,345.0
2026-09-19 16:45:00,U Britz-Süd (Berlin),16,4,297.5,2.38,4.73,10.63,22.0,34.94,50.42,67.68,88.5,116.23,154.33,223.48,294.63,374.05,97.18,96.21,71.0,3.38,4.0,7.5,19.0,30.5,51.0,63.0,88.0,109.5,174.0,211.0,297.5,345.0
2026-09-19 17:00:00,U Britz-Süd (Berlin),17,90,345.0,3.07,6.44,14.31,30.66,48.91,68.73,92.14,120.87,156.97,209.28,303.09,402.46,465.07,129.58,128.25,104.5,3.0,4.0,12.5,23.0,34.0,47.0,72.5,102.0,130.5,169.0,235.0,345.0,431.38
2026-09-19 17:15:00,U Britz-Süd (Berlin),17,48,345.0,2.81,5.77,13.04,27.62,44.33,62.72,84.24,111.26,144.41,192.6,277.98,373.12,446.2,120.01,116.75,71.0,3.0,4.0,12.5,23.0,34.0,47.0,72.5,102.0,130.5,169.0,235.0,345.0,431.38
2026-09-19 17:30:00,U Britz-Süd (Berlin),17,227,345.0,2.52,5.02,11.47,23.85,37.72,54.21,72.58,95.46,124.89,166.72,240.96,319.89,402.84,104.7,100.54,40.0,3.0,4.0,12.5,23.0,34.0,47.0,72.5,102.0,130.5,169.0,235.0,345.0,431.38
2026-09-19 17:45:00,U Britz-Süd (Berlin),17,43,345.0,2.44,4.65,10.18,21.0,33.03,47.32,63.44,82.99,108.93,145.35,210.83,278.47,352.43,91.87,87.0,64.5,3.0,4.0,12.5,23.0,34.0,47.0,72.5,102.0,130.5,169.0,235.0,345.0,431.38
2026-09-19 18:00:00,U Britz-Süd (Berlin),18,193,326.0,3.1,6.41,14.38,31.12,49.51,69.45,93.23,122.17,158.79,212.48,306.99,405.72,466.7,130.91,125.0,75.5,2.0,7.6,10.0,22.6,48.6,75.0,85.0,130.2,159.2,214.0,275.2,326.0,425.2
2026-09-19 18:15:00,U Britz-Süd (Berlin),18,40,326.0,3.1,6.42,14.3,30.72,48.95,68.56,91.99,120.99,156.97,209.65,302.4,400.36,463.5,129.39,123.39,117.0,2.0,7.6,10.0,22.6,48.6,75.0,85.0,130.2,159.2,214.0,275.2,326.0,425.2
2026-09-19 18:30:00,U Britz-Süd (Berlin),18,2,326.0,2.83,5.67,12.69,26.79,42.84,60.81,81.64,107.7,140.04,187.13,268.55,358.62,435.86,116.49,109.7,54.0,2.0,7.6,10.0,22.6,48.6,75.0,85.0,130.2,159.2,214.0,275.2,326.0,425.2
2026-09-19 18:45:00,U Britz-Süd (Berlin),18,79,326.0,3.54,7.6,17.14,36.68,58.17,81.9,110.44,143.09,186.24,246.95,357.12,449.61,489.21,150.32,144.13,130.0,2.0,7.6,10.0,22.6,48.6,75.0,85.0,130.2,159.2,214.0,275.2,326.0,425.2
2026-09-19 19:00:00,U Britz-Süd (Berlin),19,48,381.3,3.01,6.28,14.21,30.54,48.53,68.4,92.0,120.95,157.23,209.86,302.18,399.21,463.21,129.38,123.13,99.0,8.28,10.65,17.0,24.2,38.2,55.6,70.0,96.6,134.7,201.4,277.5,381.3,500.0
2026-09-19 19:15:00,U Britz-Süd (Berlin),19,169,381.3,3.9,8.48,19.81,41.75,65.29,92.35,123.34,160.2,208.8,276.03,396.85,471.85,500.62,165.47,160.91,100.0,8.28,10.65,17.0,24.2,38.2,55.6,70.0,96.6,134.7,201.4,277.5,381.3,500.0
2026-09-19 19:30:00,U Britz-Süd (Berlin),19,3,381.3,2.76,5.51,12.61,26.72,42.56,60.62,81.59,107.43,139.5,185.97,266.14,353.25,430.87,115.78,109.65,68.0,8.28,10.65,17.0,24.2,38.2,55.6,70.0,96.6,134.7,201.4,277.5,381.3,500.0
2026-09-19 19:45:00,U Britz-Süd (Berlin),19,3,381.3,2.13,4.2,9.42,19.56,30.61,43.74,59.01,77.03,100.58,133.79,193.54,256.32,321.8,84.98,78.65,62.0,8.28,10.65,17.0,24.2,38.2,55.6,70.0,96.6,134.7,201.4,277.5,381.3,500.0
2026-09-19 20:00:00,U Britz-Süd (Berlin),20,39,173.75,1.86,3.68,8.01,16.63,26.03,37.36,50.93,66.58,86.45,115.47,165.73,221.59,278.23,73.37,68.26,71.0,2.45,4.0,8.7,13.6,28.7,34.6,40.0,53.4,70.3,91.0,140.8,173.75,231.82
2026-09-19 20:15:00,U Britz-Süd (Berlin),20,121,173.75,2.45,4.72,10.69,22.44,35.53,51.32,68.99,90.21,118.09,156.77,226.31,296.83,373.45,98.45,94.09,64.0,2.45,4.0,8.7,13.6,28.7,34.6,40.0,53.4,70.3,91.0,140.8,173.75,231.82
2026-09-19 20:30:00,U Britz-Süd (Berlin),20,21,173.75,0.96,2.2,4.46,9.97,15.52,22.15,30.18,40.25,53.38,71.38,102.18,134.29,169.62,44.91,42.41,32.0,2.45,4.0,8.7,13.6,28.7,34.6,40.0,53.4,70.3,91.0,140.8,173.75,231.82
2026-09-19 20:45:00,U Britz-Süd (Berlin),20,87,173.75,0.8,1.92,3.99,9.06,14.04,20.18,27.41,36.58,48.8,65.3,94.2,123.27,156.15,41.19,39.09,35.0,2.45,4.0,8.7,13.6,28.7,34.6,40.0,53.4,70.3,91.0,140.8,173.75,231.82
2026-09-19 21:00:00,U Britz-Süd (Berlin),21,50,111.2,1.17,2.59,5.28,11.81,18.78,26.69,36.44,48.77,63.49,84.0,119.42,157.82,199.72,53.13,51.17,26.0,0.0,1.0,2.0,8.4,12.0,14.0,20.0,27.2,41.0,53.2,92.2,111.2,131.1
2026-09-19 21:15:00,U Britz-Süd (Berlin),21,51,111.2,0.45,1.3,2.9,6.51,10.62,15.06,20.89,28.04,37.44,50.8,74.06,97.51,120.76,31.75,31.33,13.5,0.0,1.0,2.0,8.4,12.0,14.0,20.0,27.2,41.0,53.2,92.2,111.2,131.1
2026-09-19 21:30:00,U Britz-Süd (Berlin),21,85,111.2,0.54,1.47,3.2,7.16,11.46,16.28,22.38,29.99,40.03,54.25,78.68,103.13,129.22,33.87,33.33,22.0,0.0,1.0,2.0,8.4,12.0,14.0,20.0,27.2,41.0,53.2,92.2,111.2,131.1
2026-09-19 21:45:00,U Britz-Süd (Berlin),21,4,111.2,0.27,1.01,2.38,5.28,9.05,12.8,17.78,24.09,32.41,44.26,64.05,85.08,105.81,27.44,27.21,14.5,0.0,1.0,2.0,8.4,12.0,14.0,20.0,27.2,41.0,53.2,92.2,111.2,131.1
2026-09-19 22:00:00,U Britz-Süd (Berlin),22,2,50.25,0.0,0.3,1.11,2.9,4.94,7.69,10.53,13.96,19.3,27.29,40.62,53.13,66.43,16.75,17.0,11.5,0.0,0.0,0.0,1.0,2.5,5.0,8.0,11.0,17.5,24.0,31.0,50.25,65.75
2026-09-19 22:15:00,U Britz-Süd (Berlin),22,0,50.25,0.0,0.33,1.16,2.98,5.05,7.81,10.71,14.21,19.64,27.69,40.82,53.25,66.55,16.93,17.25,9.0,0.0,0.0,0.0,1.0,2.5,5.0,8.0,11.0,17.5,24.0,31.0,50.25,65.75
2026-09-19 22:30:00,U Britz-Süd (Berlin),22,2,50.25,0.0,0.03,0.65,1.97,3.54,5.54,8.14,10.89,14.42,20.72,32.08,42.48,52.44,12.87,12.58,7.5,0.0,0.0,0.0,1.0,2.5,5.0,8.0,11.0,17.5,24.0,31.0,50.25,65.75
2026-09-19 22:45:00,U Britz-Süd (Berlin),22,27,50.25,0.0,0.0,0.16,0.98,2.09,3.51,5.46,8.02,10.72,14.63,23.46,32.38,40.43,9.27,8.79,4.5,0.0,0.0,0.0,1.0,2.5,5.0,8.0,11.0,17.5,24.0,31.0,50.25,65.75
2026-09-19 23:00:00,U Britz-Süd (Berlin),23,1,26.25,0.0,0.0,0.0,0.45,1.08,1.99,3.25,5.17,7.96,10.94,17.28,25.2,32.84,6.7,6.79,3.0,0.0,0.0,0.0,0.0,0.0,1.0,2.0,4.0,6.0,8.0,16.5,26.25,33.5
2026-09-19 23:15:00,U Britz-Süd (Berlin),23,2,26.25,0.0,0.0,0.0,0.0,0.22,0.57,1.06,1.85,3.36,6.63,10.54,15.18,21.81,3.66,3.0,1.5,0.0,0.0,0.0,0.0,0.0,1.0,2.0,4.0,6.0,8.0,16.5,26.25,33.5
2026-09-19 23:30:00,U Britz-Süd (Berlin),23,0,26.25,0.0,0.0,0.0,0.53,1.21,2.19,3.5,5.54,8.32,11.45,18.23,26.42,33.92,7.05,7.33,2.0,0.0,0.0,0.0,0.0,0.0,1.0,2.0,4.0,6.0,8.0,16.5,26.25,33.5
2026-09-19 23:45:00,U Britz-Süd (Berlin),23,0,26.25,0.0,0.0,0.0,0.29,0.81,1.53,2.63,4.19,6.91,9.92,15.41,23.08,30.81,5.94,6.17,1.5,0.0,0.0,0.0,0.0,0.0,1.0,2.0,4.0,6.0,8.0,16.5,26.25,33.5
2026-09-16 00:00:00,U Moritzplatz (Berlin),0,0,12.0,0.0,0.0,0.0,0.0,0.02,0.26,0.6,1.15,2.19,4.76,9.66,13.82,20.03,2.99,3.14,0.0,0.0,0.0,0.0,0.0,0.0,0.0,0.0,1.0,2.0,4.0,7.7,12.0,22.0
2026-09-16 00:15:00,U Moritzplatz (Berlin),0,0,12.0,0.0,0.0,0.0,0.0,0.02,0.24,0.55,1.02,1.83,3.81,9.14,12.87,18.57,2.72,2.78,0.0,0.0,0.0,0.0,0.0,0.0,0.0,0.0,1.0,2.0,4.0,7.7,12.0,22.0
2026-09-16 00:30:00,U Moritzplatz (Berlin),0,0,12.0,0.0,0.0,0.0,0.0,0.14,0.41,0.83,1.49,2.72,5.71,10.27,14.94,22.03,3.41,3.95,0.0,0.0,0.0,0.0,0.0,0.0,0.0,0.0,1.0,2.0,4.0,7.7,12.0,22.0
2026-09-16 00:45:00,U Moritzplatz (Berlin),0,0,12.0,0.0,0.0,0.0,0.0,0.0,0.02,0.21,0.44,0.86,1.74,6.14,9.82,12.97,1.64,1.69,0.0,0.0,0.0,0.0,0.0,0.0,0.0,0.0,1.0,2.0,4.0,7.7,12.0,22.0
2026-09-16 05:00:00,U Moritzplatz (Berlin),5,2,172.3,0.57,1.49,3.25,7.18,11.4,16.0,21.81,29.05,38.72,52.36,75.67,101.22,127.98,33.13,33.43,19.5,1.0,3.0,5.9,12.0,17.7,23.6,30.5,44.0,58.3,81.6,110.0,172.3,190.1
2026-09-16 05:15:00,U Moritzplatz (Berlin),5,9,172.3,0.87,2.07,4.25,9.44,14.72,21.14,28.76,38.65,51.66,69.42,101.13,133.47,170.68,43.96,42.98,26.0,1.0,3.0,5.9,12.0,17.7,23.6,30.5,44.0,58.3,81.6,110.0,172.3,190.1
2026-09-16 05:30:00,U Moritzplatz (Berlin),5,41,172.3,1.32,2.88,5.84,12.73,20.13,28.71,39.73,53.56,70.27,94.25,135.58,183.34,234.78,59.66,56.05,45.5,1.0,3.0,5.9,12.0,17.7,23.6,30.5,44.0,58.3,81.6,110.0,172.3,190.1
2026-09-16 05:45:00,U Moritzplatz (Berlin),5,33,172.3,1.93,3.82,8.0,16.57,26.23,38.11,52.78,69.54,91.25,121.81,177.85,237.8,297.84,77.24,72.47,39.0,1.0,3.0,5.9,12.0,17.7,23.6,30.5,44.0,58.3,81.6,110.0,172.3,190.1
2026-09-16 06:00:00,U Moritzplatz (Berlin),6,90,383.6,2.5,4.89,10.68,21.66,34.24,50.04,68.2,90.15,118.55,158.68,231.76,305.17,383.66,99.29,91.12,62.0,3.0,9.4,17.0,38.0,54.0,67.0,95.0,118.0,142.0,200.8,264.0,383.6,506.0
2026-09-16 06:15:00,U Moritzplatz (Berlin),6,4,383.6,3.32,6.74,15.01,31.67,51.29,73.48,99.88,130.43,171.34,229.21,325.82,421.67,474.76,138.49,129.2,99.0,3.0,9.4,17.0,38.0,54.0,67.0,95.0,118.0,142.0,200.8,264.0,383.6,506.0
2026-09-16 06:30:00,U Moritzplatz (Berlin),6,19,383.6,3.65,7.54,16.84,35.67,57.91,83.07,112.68,146.61,191.89,254.24,364.82,452.73,490.72,152.88,143.86,102.0,3.0,9.4,17.0,38.0,54.0,67.0,95.0,118.0,142.0,200.8,264.0,383.6,506.0
2026-09-16 06:45:00,U Moritzplatz (Berlin),6,16,383.6,3.56,7.32,16.27,34.46,55.89,79.97,108.69,141.78,186.01,246.77,353.6,445.18,487.16,148.64,139.2,95.0,3.0,9.4,17.0,38.0,54.0,67.0,95.0,118.0,142.0,200.8,264.0,383.6,506.0
2026-09-16 07:00:00,U Moritzplatz (Berlin),7,513,513.0,3.98,8.45,19.02,39.68,64.22,91.96,124.31,163.59,215.1,284.09,407.97,476.08,501.09,167.75,154.27,109.0,8.75,12.0,21.5,39.0,68.5,99.0,132.0,185.0,247.5,351.0,510.5,513.0,513.0
2026-09-16 07:15:00,U Moritzplatz (Berlin),7,167,513.0,5.59,12.74,28.67,59.83,94.22,133.41,181.82,239.0,308.91,404.11,487.15,507.31,523.92,222.2,203.69,176.0,8.75,12.0,21.5,39.0,68.5,99.0,132.0,185.0,247.5,351.0,510.5,513.0,513.0
2026-09-16 07:30:00,U Moritzplatz (Berlin),7,7,513.0,6.03,13.89,31.01,64.05,100.59,143.83,194.75,256.12,330.36,424.8,493.25,511.1,529.43,232.95,210.08,146.0,8.75,12.0,21.5,39.0,68.5,99.0,132.0,185.0,247.5,351.0,510.5,513.0,513.0
2026-09-16 07:45:00,U Moritzplatz (Berlin),7,500,513.0,5.22,11.78,26.58,56.18,88.33,125.67,169.3,225.13,290.79,385.73,480.63,503.96,519.87,212.79,195.44,132.0,8.75,12.0,21.5,39.0,68.5,99.0,132.0,185.0,247.5,351.0,510.5,513.0,513.0
2026-09-16 08:00:00,U Moritzplatz (Berlin),8,194,513.0,7.12,17.24,36.03,75.98,119.26,168.74,231.75,301.74,384.27,465.6,503.68,522.48,549.25,259.19,234.97,201.5,6.1,11.8,21.4,54.0,91.8,133.2,180.0,240.8,315.6,423.8,513.0,513.0,513.0
2026-09-16 08:15:00,U Moritzplatz (Berlin),8,94,513.0,6.67,15.9,34.36,71.84,112.44,159.93,218.41,286.05,366.16,454.09,500.05,517.18,539.75,250.11,226.07,157.0,6.1,11.8,21.4,54.0,91.8,133.2,180.0,240.8,315.6,423.8,513.0,513.0,513.0
2026-09-16 08:30:00,U Moritzplatz (Berlin),8,170,513.0,6.76,16.16,34.59,72.53,113.65,161.17,220.29,287.8,368.53,455.09,500.11,517.58,540.68,251.3,229.04,180.0,6.1,11.8,21.4,54.0,91.8,133.2,180.0,240.8,315.6,423.8,513.0,513.0,513.0
2026-09-16 08:45:00,U Moritzplatz (Berlin),8,237,513.0,5.68,12.97,28.93,60.13,95.01,134.84,183.69,241.72,312.08,408.33,487.49,507.29,524.47,223.85,205.81,169.0,6.1,11.8,21.4,54.0,91.8,133.2,180.0,240.8,315.6,423.8,513.0,513.0,513.0
2026-09-16 09:00:00,U Moritzplatz (Berlin),9,513,498.5,4.79,10.55,24.01,51.16,80.76,115.71,155.45,204.79,265.13,352.73,466.68,498.03,513.95,199.31,185.56,94.0,3.0,6.0,11.0,29.0,43.0,62.0,86.0,134.0,181.0,243.0,329.0,498.5,513.0
2026-09-16 09:15:00,U Moritzplatz (Berlin),9,198,498.5,3.41,7.15,16.1,34.61,56.36,81.0,110.56,144.76,190.05,252.55,363.59,453.41,490.9,151.5,140.6,102.5,3.0,6.0,11.0,29.0,43.0,62.0,86.0,134.0,181.0,243.0,329.0,498.5,513.0
2026-09-16 09:30:00,U Moritzplatz (Berlin),9,220,498.5,2.97,6.11,13.91,29.59,47.98,69.16,94.6,124.68,164.27,220.65,315.29,413.4,470.24,133.47,122.98,88.0,3.0,6.0,11.0,29.0,43.0,62.0,86.0,134.0,181.0,243.0,329.0,498.5,513.0
2026-09-16 09:45:00,U Moritzplatz (Berlin),9,513,498.5,2.76,5.64,12.92,27.31,44.21,63.96,87.42,116.13,152.17,204.78,294.01,390.39,456.91,124.92,114.22,64.0,3.0,6.0,11.0,29.0,43.0,62.0,86.0,134.0,181.0,243.0,329.0,498.5,513.0
2026-09-16 10:00:00,U Moritzplatz (Berlin),10,168,205.75,2.0,4.1,9.25,19.34,30.14,43.42,59.41,78.19,102.47,137.03,201.38,266.93,338.35,87.13,77.22,58.0,2.0,3.0,7.3,14.0,18.9,29.2,41.5,56.8,72.1,99.4,154.7,205.75,264.9
2026-09-16 10:15:00,U Moritzplatz (Berlin),10,36,205.75,2.13,4.39,9.99,20.88,32.61,47.33,64.2,84.72,111.31,149.0,218.26,288.04,364.45,93.99,85.43,50.5,2.0,3.0,7.3,14.0,18.9,29.2,41.5,56.8,72.1,99.4,154.7,205.75,264.9
2026-09-16 10:30:00,U Moritzplatz (Berlin),10,51,205.75,1.41,3.03,6.46,13.82,21.73,30.81,42.15,56.19,73.28,97.8,141.65,191.6,246.17,62.68,55.54,27.0,2.0,3.0,7.3,14.0,18.9,29.2,41.5,56.8,72.1,99.4,154.7,205.75,264.9
2026-09-16 10:45:00,U Moritzplatz (Berlin),10,17,205.75,0.97,2.23,4.77,10.66,16.52,23.36,31.66,42.18,55.89,74.86,107.81,143.62,185.28,47.74,42.66,34.0,2.0,3.0,7.3,14.0,18.9,29.2,41.5,56.8,72.1,99.4,154.7,205.75,264.9
2026-09-16 11:00:00,U Moritzplatz (Berlin),11,72,74.35,0.66,1.66,3.65,8.42,12.95,18.5,25.03,33.28,44.33,59.92,87.07,114.56,145.29,38.0,35.75,24.0,0.0,0.0,2.0,3.0,5.0,9.0,13.0,18.8,25.0,35.4,51.0,74.35,87.7
2026-09-16 11:15:00,U Moritzplatz (Berlin),11,38,74.35,0.0,0.58,1.55,3.8,6.72,9.83,13.07,17.53,23.57,32.67,48.05,63.53,82.37,20.62,20.27,15.0,0.0,0.0,2.0,3.0,5.0,9.0,13.0,18.8,25.0,35.4,51.0,74.35,87.7
2026-09-16 11:30:00,U Moritzplatz (Berlin),11,19,74.35,0.0,0.26,1.0,2.67,4.69,7.38,10.13,13.24,17.9,24.77,37.11,49.22,61.02,15.62,15.66,10.0,0.0,0.0,2.0,3.0,5.0,9.0,13.0,18.8,25.0,35.4,51.0,74.35,87.7
2026-09-16 11:45:00,U Moritzplatz (Berlin),11,5,74.35,0.0,0.18,0.89,2.46,4.32,6.79,9.49,12.39,16.6,23.25,34.99,46.46,57.54,14.61,14.74,9.0,0.0,0.0,2.0,3.0,5.0,9.0,13.0,18.8,25.0,35.4,51.0,74.35,87.7
2026-09-16 12:00:00,U Moritzplatz (Berlin),12,1,28.65,0.0,0.0,0.11,0.84,1.78,3.08,4.78,7.28,9.94,13.69,21.92,29.8,37.43,8.55,8.21,4.5,0.0,0.0,0.0,1.0,1.0,2.0,4.0,6.0,9.0,14.0,21.0,28.65,34.32
2026-09-16 12:15:00,U Moritzplatz (Berlin),12,21,28.65,0.0,0.0,0.09,0.81,1.72,2.97,4.62,7.07,9.74,13.4,21.48,29.19,36.8,8.35,8.17,4.0,0.0,0.0,0.0,1.0,1.0,2.0,4.0,6.0,9.0,14.0,21.0,28.65,34.32
2026-09-16 12:30:00,U Moritzplatz (Berlin),12,0,28.65,0.0,0.0,0.0,0.37,0.96,1.81,3.07,4.87,7.54,10.38,16.34,23.68,30.96,6.32,6.12,2.5,0.0,0.0,0.0,1.0,1.0,2.0,4.0,6.0,9.0,14.0,21.0,28.65,34.32
2026-09-16 12:45:00,U Moritzplatz (Berlin),12,1,28.65,0.0,0.0,0.32,1.24,2.44,3.89,5.94,8.54,11.41,15.81,24.61,33.66,42.41,9.93,10.07,4.5,0.0,0.0,0.0,1.0,1.0,2.0,4.0,6.0,9.0,14.0,21.0,28.65,34.32
2026-09-16 13:00:00,U Moritzplatz (Berlin),13,13,63.0,0.0,0.0,0.55,1.7,3.14,4.89,7.32,9.92,13.06,18.33,27.97,37.63,47.57,11.49,11.7,7.0,0.0,0.55,1.0,2.0,5.0,7.0,10.0,13.6,21.0,29.8,48.5,63.0,77.45
2026-09-16 13:15:00,U Moritzplatz (Berlin),13,6,63.0,0.0,0.39,1.2,3.01,5.06,7.83,10.69,13.97,18.98,26.24,38.94,51.5,64.44,16.5,17.18,9.0,0.0,0.55,1.0,2.0,5.0,7.0,10.0,13.6,21.0,29.8,48.5,63.0,77.45
2026-09-16 13:30:00,U Moritzplatz (Berlin),13,3,63.0,0.05,0.65,1.68,3.9,6.73,9.86,13.14,17.51,23.49,32.48,47.64,62.51,80.1,20.41,20.86,13.0,0.0,0.55,1.0,2.0,5.0,7.0,10.0,13.6,21.0,29.8,48.5,63.0,77.45
2026-09-16 13:45:00,U Moritzplatz (Berlin),13,6,63.0,0.16,0.81,1.98,4.43,7.71,11.02,14.66,19.77,26.39,36.12,52.82,70.23,89.29,22.84,22.75,12.0,0.0,0.55,1.0,2.0,5.0,7.0,10.0,13.6,21.0,29.8,48.5,63.0,77.45
2026-09-16 14:00:00,U Moritzplatz (Berlin),14,89,137.15,0.44,1.25,2.82,6.34,10.37,14.39,19.67,26.1,34.77,47.54,68.95,92.19,115.77,30.03,28.76,21.5,0.0,1.0,3.0,5.0,12.3,19.4,29.0,38.0,52.7,76.0,110.9,137.15,169.7
2026-09-16 14:15:00,U Moritzplatz (Berlin),14,25,137.15,0.65,1.64,3.56,8.07,12.51,17.6,23.69,31.58,42.15,57.13,83.08,109.42,137.43,36.08,34.05,19.0,0.0,1.0,3.0,5.0,12.3,19.4,29.0,38.0,52.7,76.0,110.9,137.15,169.7
2026-09-16 14:30:00,U Moritzplatz (Berlin),14,56,137.15,1.32,2.88,5.89,12.88,20.23,28.7,39.39,52.97,69.11,91.79,131.8,177.22,226.98,58.45,53.38,37.5,0.0,1.0,3.0,5.0,12.3,19.4,29.0,38.0,52.7,76.0,110.9,137.15,169.7
2026-09-16 14:45:00,U Moritzplatz (Berlin),14,65,137.15,1.62,3.35,6.9,14.65,23.08,33.18,45.86,60.43,78.84,104.88,151.38,203.83,258.77,66.83,61.14,46.0,0.0,1.0,3.0,5.0,12.3,19.4,29.0,38.0,52.7,76.0,110.9,137.15,169.7
2026-09-16 15:00:00,U Moritzplatz (Berlin),15,10,301.0,1.8,3.65,7.7,15.98,25.16,36.23,49.9,65.49,85.49,113.64,164.33,221.59,278.55,72.38,65.88,39.5,2.8,6.0,11.2,20.4,34.0,51.8,71.0,94.2,108.4,144.0,246.2,301.0,351.6
2026-09-16 15:15:00,U Moritzplatz (Berlin),15,395,301.0,2.55,5.11,11.56,24.02,38.25,55.91,75.52,99.51,130.15,175.67,254.24,333.87,412.09,108.88,98.88,70.0,2.8,6.0,11.2,20.4,34.0,51.8,71.0,94.2,108.4,144.0,246.2,301.0,351.6
2026-09-16 15:30:00,U Moritzplatz (Berlin),15,112,301.0,2.77,5.62,12.7,26.39,42.27,61.24,82.87,109.14,142.35,191.5,274.11,360.86,435.42,117.88,108.59,79.0,2.8,6.0,11.2,20.4,34.0,51.8,71.0,94.2,108.4,144.0,246.2,301.0,351.6
2026-09-16 15:45:00,U Moritzplatz (Berlin),15,71,301.0,2.8,5.63,12.74,26.62,42.75,61.92,83.82,110.67,144.25,194.28,278.03,366.72,440.23,119.38,111.33,86.0,2.8,6.0,11.2,20.4,34.0,51.8,71.0,94.2,108.4,144.0,246.2,301.0,351.6
2026-09-16 16:00:00,U Moritzplatz (Berlin),16,244,508.0,4.21,9.17,21.04,44.29,70.34,99.96,133.37,176.84,231.82,304.83,430.09,485.66,505.87,178.14,169.78,126.5,6.5,11.5,28.0,45.0,62.0,97.0,125.0,168.0,207.0,285.0,389.0,508.0,513.0
2026-09-16 16:15:00,U Moritzplatz (Berlin),16,189,508.0,4.14,8.98,20.34,42.81,68.19,97.44,130.52,171.52,225.82,296.29,420.85,482.73,504.72,174.26,166.71,109.0,6.5,11.5,28.0,45.0,62.0,97.0,125.0,168.0,207.0,285.0,389.0,508.0,513.0
2026-09-16 16:30:00,U Moritzplatz (Berlin),16,140,508.0,4.44,9.82,22.43,46.74,73.95,105.55,141.28,186.64,243.64,319.86,444.96,491.06,509.31,185.63,174.91,125.0,6.5,11.5,28.0,45.0,62.0,97.0,125.0,168.0,207.0,285.0,389.0,508.0,513.0
2026-09-16 16:45:00,U Moritzplatz (Berlin),16,40,508.0,4.42,9.65,22.01,46.04,73.12,104.48,139.66,185.05,240.95,317.23,443.41,490.72,509.47,184.39,172.09,139.5,6.5,11.5,28.0,45.0,62.0,97.0,125.0,168.0,207.0,285.0,389.0,508.0,513.0
2026-09-16 17:00:00,U Moritzplatz (Berlin),17,35,513.0,4.18,9.05,20.82,43.64,69.9,100.12,134.36,178.94,234.29,309.73,437.04,488.39,507.86,179.99,164.09,103.5,6.0,8.0,15.3,36.0,63.6,98.4,127.5,174.8,232.7,339.2,481.7,513.0,513.0
2026-09-16 17:15:00,U Moritzplatz (Berlin),17,49,513.0,5.63,12.78,28.38,58.54,92.74,131.15,178.38,235.27,303.94,399.85,486.23,506.45,522.65,219.9,196.47,133.5,6.0,8.0,15.3,36.0,63.6,98.4,127.5,174.8,232.7,339.2,481.7,513.0,513.0
2026-09-16 17:30:00,U Moritzplatz (Berlin),17,447,513.0,4.31,9.37,21.44,44.91,71.68,102.36,136.88,182.1,237.56,314.53,442.0,489.76,508.39,182.43,163.07,109.5,6.0,8.0,15.3,36.0,63.6,98.4,127.5,174.8,232.7,339.2,481.7,513.0,513.0
2026-09-16 17:45:00,U Moritzplatz (Berlin),17,101,513.0,6.46,15.3,33.03,68.34,107.38,152.92,207.73,272.19,350.75,444.62,497.42,515.3,537.73,243.41,211.76,162.5,6.0,8.0,15.3,36.0,63.6,98.4,127.5,174.8,232.7,339.2,481.7,513.0,513.0
2026-09-16 18:00:00,U Moritzplatz (Berlin),18,115,513.0,7.18,17.59,36.39,76.87,120.92,171.33,235.71,306.33,390.1,470.54,505.88,527.39,557.4,263.01,226.6,206.0,12.18,29.9,45.9,74.8,105.5,153.6,189.0,232.4,304.3,428.2,513.0,513.0,513.0
2026-09-16 18:15:00,U Moritzplatz (Berlin),18,62,513.0,7.72,19.39,38.66,82.8,130.18,187.44,257.12,332.7,413.35,481.48,513.65,543.23,581.49,277.58,247.84,170.0,12.18,29.9,45.9,74.8,105.5,153.6,189.0,232.4,304.3,428.2,513.0,513.0,513.0
2026-09-16 18:30:00,U Moritzplatz (Berlin),18,112,513.0,7.5,18.79,37.79,80.57,126.6,182.33,249.46,323.22,405.37,477.58,510.14,536.01,570.46,272.07,241.67,205.5,12.18,29.9,45.9,74.8,105.5,153.6,189.0,232.4,304.3,428.2,513.0,513.0,513.0
2026-09-16 18:45:00,U Moritzplatz (Berlin),18,39,513.0,6.56,15.59,33.58,69.82,108.97,154.96,211.87,277.51,357.48,448.72,498.56,516.89,539.89,246.2,215.34,161.0,12.18,29.9,45.9,74.8,105.5,153.6,189.0,232.4,304.3,428.2,513.0,513.0,513.0
2026-09-16 19:00:00,U Moritzplatz (Berlin),19,311,491.2,5.68,13.15,29.43,60.44,95.84,135.15,184.37,243.9,314.76,411.36,488.81,508.58,526.6,225.36,202.66,152.0,10.8,14.6,23.2,42.8,64.6,89.8,113.0,144.2,190.0,256.0,408.8,491.2,513.0
2026-09-16 19:15:00,U Moritzplatz (Berlin),19,513,491.2,4.73,10.54,24.03,50.1,79.32,113.19,152.06,200.81,261.29,347.88,463.75,498.32,515.65,197.07,180.41,132.0,10.8,14.6,23.2,42.8,64.6,89.8,113.0,144.2,190.0,256.0,408.8,491.2,513.0
2026-09-16 19:30:00,U Moritzplatz (Berlin),19,173,491.2,3.61,7.68,17.38,36.19,58.44,83.79,113.91,149.26,196.1,260.36,379.69,461.76,495.7,156.08,141.29,100.5,10.8,14.6,23.2,42.8,64.6,89.8,113.0,144.2,190.0,256.0,408.8,491.2,513.0
2026-09-16 19:45:00,U Moritzplatz (Berlin),19,276,491.2,3.06,6.25,13.97,29.16,46.72,66.97,90.88,120.41,157.79,212.49,305.21,403.06,464.5,129.43,116.03,101.0,10.8,14.6,23.2,42.8,64.6,89.8,113.0,144.2,190.0,256.0,408.8,491.2,513.0
2026-09-16 20:00:00,U Moritzplatz (Berlin),20,39,381.25,3.59,7.43,16.57,34.85,56.23,80.53,109.19,142.73,187.11,248.48,354.53,447.26,488.91,149.45,137.05,129.0,5.88,8.75,15.0,26.0,40.5,59.0,82.0,111.0,151.5,215.0,279.0,381.25,471.62
2026-09-16 20:15:00,U Moritzplatz (Berlin),20,15,381.25,3.64,7.52,16.7,35.17,56.87,81.44,110.26,143.9,188.53,250.02,356.0,448.04,488.86,150.38,139.08,100.0,5.88,8.75,15.0,26.0,40.5,59.0,82.0,111.0,151.5,215.0,279.0,381.25,471.62
2026-09-16 20:30:00,U Moritzplatz (Berlin),20,52,381.25,2.96,6.0,13.4,27.79,44.69,64.44,87.52,115.67,151.2,202.09,288.57,382.66,450.84,123.93,111.88,80.0,5.88,8.75,15.0,26.0,40.5,59.0,82.0,111.0,151.5,215.0,279.0,381.25,471.62
2026-09-16 20:45:00,U Moritzplatz (Berlin),20,161,381.25,2.82,5.65,12.64,26.03,41.43,60.19,81.84,108.05,140.86,188.85,270.5,357.42,434.31,116.64,104.14,52.0,5.88,8.75,15.0,26.0,40.5,59.0,82.0,111.0,151.5,215.0,279.0,381.25,471.62
2026-09-16 21:00:00,U Moritzplatz (Berlin),21,30,191.2,2.39,4.74,10.65,22.06,34.67,50.64,68.45,89.9,118.28,157.9,229.23,301.14,379.61,98.91,89.23,65.0,1.0,1.35,4.0,12.4,19.0,26.0,37.0,51.2,71.0,91.0,132.9,191.2,248.57
2026-09-16 21:15:00,U Moritzplatz (Berlin),21,2,191.2,1.48,3.13,6.44,13.82,21.72,30.81,42.26,56.43,73.89,98.25,142.09,191.18,244.13,62.67,55.65,38.0,1.0,1.35,4.0,12.4,19.0,26.0,37.0,51.2,71.0,91.0,132.9,191.2,248.57
2026-09-16 21:30:00,U Moritzplatz (Berlin),21,37,191.2,1.35,2.91,5.83,12.71,20.02,28.27,38.6,51.92,68.04,90.6,131.19,176.56,225.42,57.87,51.54,36.0,1.0,1.35,4.0,12.4,19.0,26.0,37.0,51.2,71.0,91.0,132.9,191.2,248.57
2026-09-16 21:45:00,U Moritzplatz (Berlin),21,64,191.2,1.08,2.44,4.94,10.93,17.08,24.23,32.88,44.12,58.58,78.67,113.54,151.22,192.32,49.83,44.95,24.0,1.0,1.35,4.0,12.4,19.0,26.0,37.0,51.2,71.0,91.0,132.9,191.2,248.57
2026-09-16 22:00:00,U Moritzplatz (Berlin),22,8,81.25,0.76,1.87,3.86,8.72,13.58,19.49,26.31,34.89,46.92,63.43,92.28,121.95,155.47,40.22,38.77,25.0,0.0,0.0,1.0,3.0,7.0,11.0,15.0,20.0,26.9,36.6,65.3,81.25,106.57
2026-09-16 22:15:00,U Moritzplatz (Berlin),22,1,81.25,0.19,0.87,2.12,4.8,8.34,11.88,16.17,21.93,29.22,39.72,58.12,77.95,99.57,25.19,25.16,16.0,0.0,0.0,1.0,3.0,7.0,11.0,15.0,20.0,26.9,36.6,65.3,81.25,106.57
2026-09-16 22:30:00,U Moritzplatz (Berlin),22,72,81.25,0.0,0.45,1.32,3.26,5.59,8.55,11.56,15.3,21.04,29.15,42.84,56.17,71.45,18.12,18.58,12.0,0.0,0.0,1.0,3.0,7.0,11.0,15.0,20.0,26.9,36.6,65.3,81.25,106.57
2026-09-16 22:45:00,U Moritzplatz (Berlin),22,18,81.25,0.0,0.21,0.96,2.6,4.46,7.02,9.74,12.81,17.34,24.3,36.22,48.15,59.67,15.14,15.68,10.0,0.0,0.0,1.0,3.0,7.0,11.0,15.0,20.0,26.9,36.6,65.3,81.25,106.57
2026-09-16 23:00:00,U Moritzplatz (Berlin),23,51,31.0,0.0,0.0,0.57,1.76,3.27,5.17,7.74,10.4,13.72,19.47,29.93,40.08,50.11,12.14,13.12,7.0,0.0,0.0,0.0,0.0,1.0,2.0,4.0,5.6,8.0,12.8,18.9,31.0,39.8
2026-09-16 23:15:00,U Moritzplatz (Berlin),23,3,31.0,0.0,0.0,0.0,0.6,1.36,2.48,3.91,6.2,8.84,11.98,19.11,27.0,34.54,7.45,7.78,4.0,0.0,0.0,0.0,0.0,1.0,2.0,4.0,5.6,8.0,12.8,18.9,31.0,39.8
2026-09-16 23:30:00,U Moritzplatz (Berlin),23,3,31.0,0.0,0.0,0.0,0.13,0.55,1.12,1.99,3.31,5.63,8.71,13.08,19.7,26.88,4.99,5.21,2.0,0.0,0.0,0.0,0.0,1.0,2.0,4.0,5.6,8.0,12.8,18.9,31.0,39.8
2026-09-16 23:45:00,U Moritzplatz (Berlin),23,2,31.0,0.0,0.0,0.0,0.01,0.35,0.79,1.43,2.52,4.28,7.64,11.4,16.95,23.71,4.2,4.24,1.0,0.0,0.0,0.0,0.0,1.0,2.0,4.0,5.6,8.0,12.8,18.9,31.0,39.8
2026-09-17 00:00:00,U Moritzplatz (Berlin),0,0,12.0,0.0,0.0,0.0,0.0,0.05,0.29,0.64,1.18,2.24,5.03,9.85,14.04,20.73,3.11,3.14,0.0,0.0,0.0,0.0,0.0,0.0,0.0,0.0,1.0,2.0,4.0,7.7,12.0,22.0
2026-09-17 00:15:00,U Moritzplatz (Berlin),0,0,12.0,0.0,0.0,0.0,0.0,0.04,0.27,0.59,1.06,1.88,4.06,9.34,13.06,19.05,2.83,2.78,0.0,0.0,0.0,0.0,0.0,0.0,0.0,0.0,1.0,2.0,4.0,7.7,12.0,22.0
2026-09-17 00:30:00,U Moritzplatz (Berlin),0,0,12.0,0.0,0.0,0.0,0.0,0.17,0.47,0.88,1.6,2.95,6.33,10.63,15.35,22.62,3.61,3.95,0.0,0.0,0.0,0.0,0.0,0.0,0.0,0.0,1.0,2.0,4.0,7.7,12.0,22.0
2026-09-17 00:45:00,U Moritzplatz (Berlin),0,0,12.0,0.0,0.0,0.0,0.0,0.0,0.07,0.25,0.51,0.91,1.75,6.18,9.89,13.06,1.69,1.69,0.0,0.0,0.0,0.0,0.0,0.0,0.0,0.0,1.0,2.0,4.0,7.7,12.0,22.0
2026-09-17 05:00:00,U Moritzplatz (Berlin),5,14,172.3,0.65,1.66,3.42,7.42,11.79,16.65,22.75,30.26,40.26,54.33,79.01,105.8,134.16,34.57,33.43,19.5,1.0,3.0,5.9,12.0,17.7,23.6,30.5,44.0,58.3,81.6,110.0,172.3,190.1
2026-09-17 05:15:00,U Moritzplatz (Berlin),5,23,172.3,1.04,2.35,4.58,10.0,15.5,22.2,30.14,40.41,53.81,72.12,104.87,139.08,178.75,45.88,42.98,26.0,1.0,3.0,5.9,12.0,17.7,23.6,30.5,44.0,58.3,81.6,110.0,172.3,190.1
2026-09-17 05:30:00,U Moritzplatz (Berlin),5,47,172.3,1.57,3.22,6.4,13.57,21.37,30.39,41.87,55.83,73.02,98.16,141.22,191.22,245.48,62.35,56.05,45.5,1.0,3.0,5.9,12.0,17.7,23.6,30.5,44.0,58.3,81.6,110.0,172.3,190.1
2026-09-17 05:45:00,U Moritzplatz (Berlin),5,74,172.3,2.17,4.15,8.74,17.8,27.92,40.39,55.55,73.1,96.09,128.35,187.74,251.03,313.71,81.36,72.47,39.0,1.0,3.0,5.9,12.0,17.7,23.6,30.5,44.0,58.3,81.6,110.0,172.3,190.1
2026-09-17 06:00:00,U Moritzplatz (Berlin),6,16,383.6,2.61,5.12,11.32,22.89,35.9,52.64,71.52,94.73,124.05,167.3,243.91,320.54,401.0,104.24,91.12,62.0,3.0,9.4,17.0,38.0,54.0,67.0,95.0,118.0,142.0,200.8,264.0,383.6,506.0
2026-09-17 06:15:00,U Moritzplatz (Berlin),6,319,383.6,3.39,6.96,15.61,33.04,53.44,76.87,104.59,136.21,180.01,239.48,341.63,436.91,482.9,144.2,129.2,99.0,3.0,9.4,17.0,38.0,54.0,67.0,95.0,118.0,142.0,200.8,264.0,383.6,506.0
2026-09-17 06:30:00,U Moritzplatz (Berlin),6,103,383.6,3.78,7.86,17.66,37.14,60.06,86.43,117.46,153.46,201.12,265.3,382.96,463.41,496.37,158.78,143.86,102.0,3.0,9.4,17.0,38.0,54.0,67.0,95.0,118.0,142.0,200.8,264.0,383.6,506.0
2026-09-17 06:45:00,U Moritzplatz (Berlin),6,291,383.6,3.68,7.65,17.05,35.98,58.37,83.97,113.99,148.98,195.93,259.12,374.78,458.85,493.76,155.26,139.2,95.0,3.0,9.4,17.0,38.0,54.0,67.0,95.0,118.0,142.0,200.8,264.0,383.6,506.0
2026-09-17 07:00:00,U Moritzplatz (Berlin),7,193,513.0,4.14,8.91,19.96,41.71,67.51,96.67,130.09,171.73,226.46,299.14,425.23,483.51,504.85,174.74,154.27,109.0,8.75,12.0,21.5,39.0,68.5,99.0,132.0,185.0,247.5,351.0,510.5,513.0,513.0
2026-09-17 07:15:00,U Moritzplatz (Berlin),7,96,513.0,5.89,13.49,30.13,62.3,97.94,139.52,189.66,249.81,321.67,417.89,490.45,508.98,526.08,228.85,203.69,176.0,8.75,12.0,21.5,39.0,68.5,99.0,132.0,185.0,247.5,351.0,510.5,513.0,513.0
2026-09-17 07:30:00,U Moritzplatz (Berlin),7,143,513.0,6.07,14.06,31.38,65.03,102.24,146.19,198.45,260.86,336.49,430.74,493.15,511.27,530.63,235.84,210.08,146.0,8.75,12.0,21.5,39.0,68.5,99.0,132.0,185.0,247.5,351.0,510.5,513.0,513.0
2026-09-17 07:45:00,U Moritzplatz (Berlin),7,69,513.0,5.39,12.17,27.3,57.26,90.21,129.08,174.89,232.2,300.8,396.16,483.81,504.68,520.52,217.46,195.44,132.0,8.75,12.0,21.5,39.0,68.5,99.0,132.0,185.0,247.5,351.0,510.5,513.0,513.0
2026-09-17 08:00:00,U Moritzplatz (Berlin),8,233,513.0,7.04,17.05,35.74,76.19,119.69,169.64,233.85,305.39,387.97,467.38,503.69,524.16,554.25,261.17,234.97,201.5,6.1,11.8,21.4,54.0,91.8,133.2,180.0,240.8,315.6,423.8,513.0,513.0,513.0
2026-09-17 08:15:00,U Moritzplatz (Berlin),8,201,513.0,6.93,16.52,34.78,73.0,114.37,161.94,221.52,290.23,371.82,457.34,500.61,518.27,543.01,252.78,226.07,157.0,6.1,11.8,21.4,54.0,91.8,133.2,180.0,240.8,315.6,423.8,513.0,513.0,513.0
2026-09-17 08:30:00,U Moritzplatz (Berlin),8,513,513.0,6.94,16.61,35.03,74.02,116.15,164.18,225.0,293.9,376.6,460.64,501.61,519.79,546.03,255.01,229.04,180.0,6.1,11.8,21.4,54.0,91.8,133.2,180.0,240.8,315.6,423.8,513.0,513.0,513.0
2026-09-17 08:45:00,U Moritzplatz (Berlin),8,273,513.0,5.93,13.38,29.52,61.06,96.44,136.51,185.23,244.31,315.77,411.23,488.6,507.61,524.69,225.63,205.81,169.0,6.1,11.8,21.4,54.0,91.8,133.2,180.0,240.8,315.6,423.8,513.0,513.0,513.0
2026-09-17 09:00:00,U Moritzplatz (Berlin),9,98,498.5,4.95,10.78,24.28,51.49,81.36,116.21,156.1,205.85,265.94,353.02,466.47,498.09,513.71,199.64,185.56,94.0,3.0,6.0,11.0,29.0,43.0,62.0,86.0,134.0,181.0,243.0,329.0,498.5,513.0
2026-09-17 09:15:00,U Moritzplatz (Berlin),9,29,498.5,3.67,7.49,16.46,34.87,56.73,81.21,110.39,144.38,189.74,251.0,359.03,449.24,488.34,150.71,140.6,102.5,3.0,6.0,11.0,29.0,43.0,62.0,86.0,134.0,181.0,243.0,329.0,498.5,513.0
2026-09-17 09:30:00,U Moritzplatz (Berlin),9,165,498.5,3.26,6.49,14.25,29.92,48.26,69.39,94.62,124.59,163.99,219.31,312.38,407.77,467.14,132.79,122.98,88.0,3.0,6.0,11.0,29.0,43.0,62.0,86.0,134.0,181.0,243.0,329.0,498.5,513.0
2026-09-17 09:45:00,U Moritzplatz (Berlin),9,106,498.5,3.05,6.04,13.39,27.9,44.76,64.65,88.06,116.76,152.95,205.43,293.09,386.25,453.55,125.01,114.22,64.0,3.0,6.0,11.0,29.0,43.0,62.0,86.0,134.0,181.0,243.0,329.0,498.5,513.0
2026-09-17 10:00:00,U Moritzplatz (Berlin),10,36,205.75,2.25,4.34,9.52,19.52,30.51,43.74,59.49,78.22,102.58,137.48,201.69,265.91,333.48,87.02,77.22,58.0,2.0,3.0,7.3,14.0,18.9,29.2,41.5,56.8,72.1,99.4,154.7,205.75,264.9
2026-09-17 10:15:00,U Moritzplatz (Berlin),10,38,205.75,2.39,4.62,10.27,21.29,33.36,48.23,65.25,86.2,113.66,152.55,222.82,291.63,364.94,95.42,85.43,50.5,2.0,3.0,7.3,14.0,18.9,29.2,41.5,56.8,72.1,99.4,154.7,205.75,264.9
2026-09-17 10:30:00,U Moritzplatz (Berlin),10,28,205.75,1.51,3.13,6.34,13.52,21.33,30.45,41.51,55.35,72.15,96.33,138.89,187.73,239.69,61.42,55.54,27.0,2.0,3.0,7.3,14.0,18.9,29.2,41.5,56.8,72.1,99.4,154.7,205.75,264.9
2026-09-17 10:45:00,U Moritzplatz (Berlin),10,137,205.75,0.99,2.3,4.64,10.31,15.9,22.63,30.69,40.74,54.15,72.44,104.14,137.04,175.18,45.86,42.66,34.0,2.0,3.0,7.3,14.0,18.9,29.2,41.5,56.8,72.1,99.4,154.7,205.75,264.9
2026-09-17 11:00:00,U Moritzplatz (Berlin),11,35,74.35,0.71,1.75,3.64,8.22,12.76,18.12,24.57,32.64,43.32,58.5,84.63,110.88,138.96,36.88,35.75,24.0,0.0,0.0,2.0,3.0,5.0,9.0,13.0,18.8,25.0,35.4,51.0,74.35,87.7
2026-09-17 11:15:00,U Moritzplatz (Berlin),11,6,74.35,0.01,0.6,1.61,3.77,6.5,9.61,12.76,17.02,22.92,31.81,46.62,61.02,78.28,19.91,20.27,15.0,0.0,0.0,2.0,3.0,5.0,9.0,13.0,18.8,25.0,35.4,51.0,74.35,87.7
2026-09-17 11:30:00,U Moritzplatz (Berlin),11,6,74.35,0.0,0.3,1.06,2.76,4.68,7.3,10.1,13.24,17.87,24.68,36.75,48.43,59.82,15.47,15.66,10.0,0.0,0.0,2.0,3.0,5.0,9.0,13.0,18.8,25.0,35.4,51.0,74.35,87.7
2026-09-17 11:45:00,U Moritzplatz (Berlin),11,22,74.35,0.0,0.24,0.98,2.57,4.33,6.72,9.46,12.41,16.58,23.13,34.72,45.75,56.39,14.48,14.74,9.0,0.0,0.0,2.0,3.0,5.0,9.0,13.0,18.8,25.0,35.4,51.0,74.35,87.7
2026-09-17 12:00:00,U Moritzplatz (Berlin),12,11,28.65,0.0,0.0,0.11,0.82,1.73,2.99,4.6,7.02,9.71,13.32,21.29,29.05,36.48,8.31,8.21,4.5,0.0,0.0,0.0,1.0,1.0,2.0,4.0,6.0,9.0,14.0,21.0,28.65,34.32
2026-09-17 12:15:00,U Moritzplatz (Berlin),12,2,28.65,0.0,0.0,0.11,0.83,1.73,2.95,4.51,6.9,9.6,13.14,20.99,28.64,36.03,8.19,8.17,4.0,0.0,0.0,0.0,1.0,1.0,2.0,4.0,6.0,9.0,14.0,21.0,28.65,34.32
2026-09-17 12:30:00,U Moritzplatz (Berlin),12,20,28.65,0.0,0.0,0.0,0.36,0.93,1.76,3.01,4.78,7.45,10.29,16.01,23.28,30.72,6.23,6.12,2.5,0.0,0.0,0.0,1.0,1.0,2.0,4.0,6.0,9.0,14.0,21.0,28.65,34.32
2026-09-17 12:45:00,U Moritzplatz (Berlin),12,2,28.65,0.0,0.0,0.32,1.23,2.43,3.85,5.83,8.47,11.35,15.68,24.41,33.52,42.19,9.85,10.07,4.5,0.0,0.0,0.0,1.0,1.0,2.0,4.0,6.0,9.0,14.0,21.0,28.65,34.32
2026-09-17 13:00:00,U Moritzplatz (Berlin),13,52,63.0,0.0,0.0,0.56,1.72,3.15,4.83,7.23,9.88,13.03,18.35,28.0,37.64,47.32,11.47,11.7,7.0,0.0,0.55,1.0,2.0,5.0,7.0,10.0,13.6,21.0,29.8,48.5,63.0,77.45
2026-09-17 13:15:00,U Moritzplatz (Berlin),13,3,63.0,0.0,0.41,1.22,3.03,5.06,7.87,10.77,14.04,19.01,26.2,38.83,51.29,64.03,16.48,17.18,9.0,0.0,0.55,1.0,2.0,5.0,7.0,10.0,13.6,21.0,29.8,48.5,63.0,77.45
2026-09-17 13:30:00,U Moritzplatz (Berlin),13,34,63.0,0.06,0.65,1.69,3.85,6.64,9.8,13.01,17.32,23.22,32.15,47.13,61.8,78.96,20.17,20.86,13.0,0.0,0.55,1.0,2.0,5.0,7.0,10.0,13.6,21.0,29.8,48.5,63.0,77.45
2026-09-17 13:45:00,U Moritzplatz (Berlin),13,1,63.0,0.14,0.78,1.94,4.32,7.54,10.83,14.33,19.3,25.77,35.28,51.63,68.31,86.82,22.28,22.75,12.0,0.0,0.55,1.0,2.0,5.0,7.0,10.0,13.6,21.0,29.8,48.5,63.0,77.45
2026-09-17 14:00:00,U Moritzplatz (Berlin),14,18,137.15,0.43,1.25,2.82,6.24,10.26,14.19,19.34,25.69,34.24,46.76,67.65,90.51,113.55,29.53,28.76,21.5,0.0,1.0,3.0,5.0,12.3,19.4,29.0,38.0,52.7,76.0,110.9,137.15,169.7
2026-09-17 14:15:00,U Moritzplatz (Berlin),14,0,137.15,0.67,1.69,3.56,7.99,12.37,17.36,23.42,31.19,41.33,56.0,81.14,106.58,133.61,35.34,34.05,19.0,0.0,1.0,3.0,5.0,12.3,19.4,29.0,38.0,52.7,76.0,110.9,137.15,169.7
2026-09-17 14:30:00,U Moritzplatz (Berlin),14,53,137.15,1.43,3.0,5.99,12.96,20.27,28.87,39.45,52.86,68.75,91.2,131.04,175.93,226.26,58.25,53.38,37.5,0.0,1.0,3.0,5.0,12.3,19.4,29.0,38.0,52.7,76.0,110.9,137.15,169.7
2026-09-17 14:45:00,U Moritzplatz (Berlin),14,167,137.15,1.76,3.48,7.11,14.78,23.3,33.46,46.08,60.56,78.64,104.12,149.6,201.74,255.74,66.54,61.14,46.0,0.0,1.0,3.0,5.0,12.3,19.4,29.0,38.0,52.7,76.0,110.9,137.15,169.7
2026-09-17 15:00:00,U Moritzplatz (Berlin),15,122,301.0,1.92,3.75,7.74,15.93,25.05,35.84,49.34,64.78,84.59,112.57,162.53,219.48,275.33,71.67,65.88,39.5,2.8,6.0,11.2,20.4,34.0,51.8,71.0,94.2,108.4,144.0,246.2,301.0,351.6
2026-09-17 15:15:00,U Moritzplatz (Berlin),15,30,301.0,2.78,5.35,11.81,24.16,38.14,55.74,75.24,98.95,129.44,174.15,251.15,330.12,408.68,108.08,98.88,70.0,2.8,6.0,11.2,20.4,34.0,51.8,71.0,94.2,108.4,144.0,246.2,301.0,351.6
2026-09-17 15:30:00,U Moritzplatz (Berlin),15,216,301.0,2.94,5.72,12.69,26.33,42.16,61.18,83.15,109.48,142.97,192.77,275.2,362.53,436.87,118.28,108.59,79.0,2.8,6.0,11.2,20.4,34.0,51.8,71.0,94.2,108.4,144.0,246.2,301.0,351.6
2026-09-17 15:45:00,U Moritzplatz (Berlin),15,106,301.0,2.94,5.72,12.77,26.76,43.08,62.39,84.75,111.9,145.95,196.73,280.26,369.56,442.26,120.38,111.33,86.0,2.8,6.0,11.2,20.4,34.0,51.8,71.0,94.2,108.4,144.0,246.2,301.0,351.6
2026-09-17 16:00:00,U Moritzplatz (Berlin),16,290,508.0,4.39,9.25,20.94,43.88,70.13,99.84,133.48,176.48,231.04,303.4,428.07,484.93,505.22,177.54,169.78,126.5,6.5,11.5,28.0,45.0,62.0,97.0,125.0,168.0,207.0,285.0,389.0,508.0,513.0
2026-09-17 16:15:00,U Moritzplatz (Berlin),16,5,508.0,4.3,9.05,20.47,42.86,68.83,98.46,131.68,173.74,228.17,299.82,424.2,483.54,504.39,175.66,166.71,109.0,6.5,11.5,28.0,45.0,62.0,97.0,125.0,168.0,207.0,285.0,389.0,508.0,513.0
2026-09-17 16:30:00,U Moritzplatz (Berlin),16,41,508.0,4.5,9.63,22.02,46.3,74.17,105.53,141.63,187.3,244.16,321.51,446.59,491.77,509.27,186.02,174.91,125.0,6.5,11.5,28.0,45.0,62.0,97.0,125.0,168.0,207.0,285.0,389.0,508.0,513.0
2026-09-17 16:45:00,U Moritzplatz (Berlin),16,287,508.0,4.49,9.54,21.73,45.44,72.78,103.86,139.38,185.04,241.17,317.94,443.86,490.77,508.54,184.2,172.09,139.5,6.5,11.5,28.0,45.0,62.0,97.0,125.0,168.0,207.0,285.0,389.0,508.0,513.0
2026-09-17 17:00:00,U Moritzplatz (Berlin),17,66,513.0,4.17,8.92,20.41,43.0,69.17,99.31,133.47,177.37,232.8,308.45,436.58,488.2,507.15,179.1,164.09,103.5,6.0,8.0,15.3,36.0,63.6,98.4,127.5,174.8,232.7,339.2,481.7,513.0,513.0
2026-09-17 17:15:00,U Moritzplatz (Berlin),17,225,513.0,5.48,12.36,27.49,56.8,90.08,128.21,172.58,229.19,296.39,389.9,482.33,503.96,519.4,215.31,196.47,133.5,6.0,8.0,15.3,36.0,63.6,98.4,127.5,174.8,232.7,339.2,481.7,513.0,513.0
2026-09-17 17:30:00,U Moritzplatz (Berlin),17,207,513.0,4.25,9.02,20.34,42.39,68.09,97.69,131.29,173.63,228.45,302.4,429.91,484.82,504.73,176.25,163.07,109.5,6.0,8.0,15.3,36.0,63.6,98.4,127.5,174.8,232.7,339.2,481.7,513.0,513.0
2026-09-17 17:45:00,U Moritzplatz (Berlin),17,2,513.0,6.34,14.71,31.77,64.65,101.65,144.19,195.5,256.77,330.93,424.94,492.31,509.74,527.47,233.3,211.76,162.5,6.0,8.0,15.3,36.0,63.6,98.4,127.5,174.8,232.7,339.2,481.7,513.0,513.0
2026-09-17 18:00:00,U Moritzplatz (Berlin),18,49,513.0,6.87,16.79,34.92,73.33,114.3,161.65,222.24,290.34,372.43,457.95,500.52,517.78,541.81,252.73,226.6,206.0,12.18,29.9,45.9,74.8,105.5,153.6,189.0,232.4,304.3,428.2,513.0,513.0,513.0
2026-09-17 18:15:00,U Moritzplatz (Berlin),18,102,513.0,7.42,18.78,37.56,79.87,124.92,179.8,245.93,318.66,400.28,475.36,508.39,531.6,564.97,269.27,247.84,170.0,12.18,29.9,45.9,74.8,105.5,153.6,189.0,232.4,304.3,428.2,513.0,513.0,513.0
2026-09-17 18:30:00,U Moritzplatz (Berlin),18,309,513.0,7.3,18.43,37.15,78.68,123.01,175.55,240.88,312.81,394.42,471.99,506.0,527.58,559.14,265.72,241.67,205.5,12.18,29.9,45.9,74.8,105.5,153.6,189.0,232.4,304.3,428.2,513.0,513.0,513.0
2026-09-17 18:45:00,U Moritzplatz (Berlin),18,513,513.0,6.39,15.24,32.86,67.95,106.11,150.95,204.92,268.4,345.8,439.4,495.98,513.09,533.7,240.79,215.34,161.0,12.18,29.9,45.9,74.8,105.5,153.6,189.0,232.4,304.3,428.2,513.0,513.0,513.0
2026-09-17 19:00:00,U Moritzplatz (Berlin),19,88,491.2,5.65,13.05,29.17,60.28,95.84,135.13,184.36,242.89,313.55,408.36,487.94,507.33,524.29,224.53,202.66,152.0,10.8,14.6,23.2,42.8,64.6,89.8,113.0,144.2,190.0,256.0,408.8,491.2,513.0
2026-09-17 19:15:00,U Moritzplatz (Berlin),19,16,491.2,4.78,10.52,24.12,50.26,79.64,113.28,152.08,200.2,260.26,346.21,463.37,497.78,514.35,196.58,180.41,132.0,10.8,14.6,23.2,42.8,64.6,89.8,113.0,144.2,190.0,256.0,408.8,491.2,513.0
2026-09-17 19:30:00,U Moritzplatz (Berlin),19,16,491.2,3.69,7.63,17.03,35.71,57.91,83.1,112.73,147.67,193.94,256.73,371.01,458.4,493.77,154.14,141.29,100.5,10.8,14.6,23.2,42.8,64.6,89.8,113.0,144.2,190.0,256.0,408.8,491.2,513.0
2026-09-17 19:45:00,U Moritzplatz (Berlin),19,49,491.2,3.09,6.34,13.9,28.82,46.09,66.33,90.21,119.68,157.14,211.3,303.59,399.82,464.16,128.63,116.03,101.0,10.8,14.6,23.2,42.8,64.6,89.8,113.0,144.2,190.0,256.0,408.8,491.2,513.0
2026-09-17 20:00:00,U Moritzplatz (Berlin),20,236,381.25,3.48,7.33,16.38,34.58,55.99,80.16,108.65,142.23,186.68,247.41,352.5,446.6,488.13,148.87,137.05,129.0,5.88,8.75,15.0,26.0,40.5,59.0,82.0,111.0,151.5,215.0,279.0,381.25,471.62
2026-09-17 20:15:00,U Moritzplatz (Berlin),20,367,381.25,3.49,7.25,16.35,34.79,56.47,80.91,109.62,143.34,188.22,249.26,354.81,447.89,488.8,149.82,139.08,100.0,5.88,8.75,15.0,26.0,40.5,59.0,82.0,111.0,151.5,215.0,279.0,381.25,471.62
2026-09-17 20:30:00,U Moritzplatz (Berlin),20,243,381.25,2.95,5.87,13.17,27.41,43.92,63.71,86.58,114.73,150.34,201.58,287.53,379.83,449.57,123.16,111.88,80.0,5.88,8.75,15.0,26.0,40.5,59.0,82.0,111.0,151.5,215.0,279.0,381.25,471.62
2026-09-17 20:45:00,U Moritzplatz (Berlin),20,37,381.25,2.79,5.52,12.32,25.4,40.26,58.87,80.0,105.69,138.03,186.34,266.45,351.85,429.49,114.71,104.14,52.0,5.88,8.75,15.0,26.0,40.5,59.0,82.0,111.0,151.5,215.0,279.0,381.25,471.62
2026-09-17 21:00:00,U Moritzplatz (Berlin),21,243,191.2,2.44,4.78,10.71,21.78,34.09,49.68,67.52,88.78,117.05,156.35,228.16,301.45,378.95,98.13,89.23,65.0,1.0,1.35,4.0,12.4,19.0,26.0,37.0,51.2,71.0,91.0,132.9,191.2,248.57
2026-09-17 21:15:00,U Moritzplatz (Berlin),21,29,191.2,1.56,3.19,6.56,13.9,21.72,30.87,42.26,56.39,73.53,97.82,140.77,189.69,242.81,62.43,55.65,38.0,1.0,1.35,4.0,12.4,19.0,26.0,37.0,51.2,71.0,91.0,132.9,191.2,248.57
2026-09-17 21:30:00,U Moritzplatz (Berlin),21,40,191.2,1.41,2.94,5.92,12.83,20.16,28.45,38.76,52.1,68.25,90.56,130.93,175.46,224.71,57.89,51.54,36.0,1.0,1.35,4.0,12.4,19.0,26.0,37.0,51.2,71.0,91.0,132.9,191.2,248.57
2026-09-17 21:45:00,U Moritzplatz (Berlin),21,43,191.2,1.14,2.52,5.04,11.09,17.23,24.3,32.92,43.93,58.13,77.71,111.91,147.56,188.72,49.32,44.95,24.0,1.0,1.35,4.0,12.4,19.0,26.0,37.0,51.2,71.0,91.0,132.9,191.2,248.57
2026-09-17 22:00:00,U Moritzplatz (Berlin),22,37,81.25,0.87,2.01,4.09,9.15,14.07,20.14,27.11,35.78,47.81,64.25,92.96,122.35,155.19,40.77,38.77,25.0,0.0,0.0,1.0,3.0,7.0,11.0,15.0,20.0,26.9,36.6,65.3,81.25,106.57
2026-09-17 22:15:00,U Moritzplatz (Berlin),22,38,81.25,0.24,0.94,2.22,4.91,8.5,12.02,16.29,22.01,29.34,39.78,57.88,77.14,98.04,25.13,25.16,16.0,0.0,0.0,1.0,3.0,7.0,11.0,15.0,20.0,26.9,36.6,65.3,81.25,106.57
2026-09-17 22:30:00,U Moritzplatz (Berlin),22,192,81.25,0.0,0.49,1.37,3.29,5.6,8.6,11.58,15.27,21.01,29.11,42.69,55.82,70.66,18.08,18.58,12.0,0.0,0.0,1.0,3.0,7.0,11.0,15.0,20.0,26.9,36.6,65.3,81.25,106.57
2026-09-17 22:45:00,U Moritzplatz (Berlin),22,5,81.25,0.0,0.28,1.03,2.65,4.46,7.01,9.78,12.83,17.36,24.3,36.24,47.88,59.2,15.15,15.68,10.0,0.0,0.0,1.0,3.0,7.0,11.0,15.0,20.0,26.9,36.6,65.3,81.25,106.57
2026-09-17 23:00:00,U Moritzplatz (Berlin),23,1,31.0,0.0,0.02,0.62,1.81,3.27,5.06,7.61,10.27,13.55,19.36,29.88,39.85,49.77,12.07,13.12,7.0,0.0,0.0,0.0,0.0,1.0,2.0,4.0,5.6,8.0,12.8,18.9,31.0,39.8
2026-09-17 23:15:00,U Moritzplatz (Berlin),23,0,31.0,0.0,0.0,0.02,0.66,1.45,2.58,4.0,6.24,8.94,12.11,19.32,27.48,34.92,7.58,7.78,4.0,0.0,0.0,0.0,0.0,1.0,2.0,4.0,5.6,8.0,12.8,18.9,31.0,39.8
2026-09-17 23:30:00,U Moritzplatz (Berlin),23,0,31.0,0.0,0.0,0.0,0.15,0.59,1.17,2.08,3.43,5.71,8.78,13.24,20.15,27.69,5.1,5.21,2.0,0.0,0.0,0.0,0.0,1.0,2.0,4.0,5.6,8.0,12.8,18.9,31.0,39.8
2026-09-17 23:45:00,U Moritzplatz (Berlin),23,0,31.0,0.0,0.0,0.0,0.06,0.42,0.87,1.54,2.66,4.46,7.82,11.65,17.68,24.75,4.38,4.24,1.0,0.0,0.0,0.0,0.0,1.0,2.0,4.0,5.6,8.0,12.8,18.9,31.0,39.8
2026-09-19 00:00:00,U Moritzplatz (Berlin),0,0,17.5,0.0,0.0,0.0,0.0,0.08,0.34,0.75,1.34,2.47,5.25,10.03,14.48,21.43,3.25,4.04,0.0,0.0,0.0,0.0,0.0,0.0,0.0,0.0,0.0,2.0,4.0,10.0,17.5,23.62
2026-09-19 00:15:00,U Moritzplatz (Berlin),0,5,17.5,0.0,0.0,0.0,0.0,0.0,0.14,0.35,0.74,1.31,2.79,8.07,11.28,15.88,2.2,2.33,0.0,0.0,0.0,0.0,0.0,0.0,0.0,0.0,0.0,2.0,4.0,10.0,17.5,23.62
2026-09-19 00:30:00,U Moritzplatz (Berlin),0,1,17.5,0.0,0.0,0.0,0.0,0.14,0.46,0.94,1.7,3.09,6.66,11.15,16.87,24.77,3.82,5.62,0.5,0.0,0.0,0.0,0.0,0.0,0.0,0.0,0.0,2.0,4.0,10.0,17.5,23.62
2026-09-19 00:45:00,U Moritzplatz (Berlin),0,7,17.5,0.0,0.0,0.0,0.0,0.0,0.0,0.19,0.38,0.77,1.36,4.35,9.07,11.61,1.38,1.5,0.0,0.0,0.0,0.0,0.0,0.0,0.0,0.0,0.0,2.0,4.0,10.0,17.5,23.62
2026-09-19 05:00:00,U Moritzplatz (Berlin),5,73,80.0,0.0,0.41,1.28,3.22,5.53,8.45,11.46,15.41,21.31,29.92,43.89,57.26,72.49,18.34,19.5,15.5,0.38,1.0,3.0,5.0,9.0,15.0,17.0,25.0,41.0,52.0,69.0,80.0,123.12
2026-09-19 05:15:00,U Moritzplatz (Berlin),5,34,80.0,0.0,0.56,1.56,3.67,6.39,9.46,12.76,17.49,23.95,33.3,48.38,63.59,80.68,20.48,21.75,14.5,0.38,1.0,3.0,5.0,9.0,15.0,17.0,25.0,41.0,52.0,69.0,80.0,123.12
2026-09-19 05:30:00,U Moritzplatz (Berlin),5,42,80.0,0.44,1.29,2.91,6.55,10.68,15.26,21.24,28.45,38.12,51.57,74.46,98.29,121.91,32.17,32.96,26.5,0.38,1.0,3.0,5.0,9.0,15.0,17.0,25.0,41.0,52.0,69.0,80.0,123.12
2026-09-19 05:45:00,U Moritzplatz (Berlin),5,34,80.0,0.99,2.26,4.59,10.24,16.27,23.61,32.47,43.82,57.63,76.25,109.17,143.22,181.78,48.03,48.29,46.0,0.38,1.0,3.0,5.0,9.0,15.0,17.0,25.0,41.0,52.0,69.0,80.0,123.12
2026-09-19 06:00:00,U Moritzplatz (Berlin),6,9,227.6,1.43,3.05,6.32,13.54,21.59,31.06,42.76,56.53,73.5,97.48,139.4,186.01,236.59,61.87,58.92,34.5,0.3,2.0,3.4,10.4,19.0,33.4,45.0,65.0,95.6,127.0,194.0,227.6,333.6
2026-09-19 06:15:00,U Moritzplatz (Berlin),6,6,227.6,1.39,2.97,6.13,13.16,20.97,30.08,41.38,54.8,71.39,94.59,135.33,181.06,230.45,60.12,57.04,53.0,0.3,2.0,3.4,10.4,19.0,33.4,45.0,65.0,95.6,127.0,194.0,227.6,333.6
2026-09-19 06:30:00,U Moritzplatz (Berlin),6,13,227.6,2.22,4.39,9.69,20.29,32.24,46.78,63.17,82.84,108.32,143.26,207.15,273.13,342.04,90.52,86.83,65.0,0.3,2.0,3.4,10.4,19.0,33.4,45.0,65.0,95.6,127.0,194.0,227.6,333.6
2026-09-19 06:45:00,U Moritzplatz (Berlin),6,71,227.6,2.68,5.32,11.93,25.12,40.19,58.06,78.14,102.94,133.04,178.21,256.24,338.06,416.27,111.05,106.78,42.0,0.3,2.0,3.4,10.4,19.0,33.4,45.0,65.0,95.6,127.0,194.0,227.6,333.6
2026-09-19 07:00:00,U Moritzplatz (Berlin),7,298,408.9,3.64,7.71,17.62,38.06,60.33,85.52,115.47,150.04,194.81,258.05,373.01,457.53,493.11,155.79,152.35,123.0,5.28,7.1,15.0,25.8,42.0,77.4,101.5,123.6,144.3,256.2,336.6,408.9,496.5
2026-09-19 07:15:00,U Moritzplatz (Berlin),7,40,408.9,2.69,5.33,11.83,24.77,39.31,56.72,76.23,100.43,130.92,174.7,252.13,334.1,413.85,109.2,103.65,94.0,5.28,7.1,15.0,25.8,42.0,77.4,101.5,123.6,144.3,256.2,336.6,408.9,496.5
2026-09-19 07:30:00,U Moritzplatz (Berlin),7,30,408.9,3.08,6.29,13.9,29.53,47.21,66.75,89.98,118.62,153.75,205.21,295.77,391.78,456.46,126.61,121.65,92.0,5.28,7.1,15.0,25.8,42.0,77.4,101.5,123.6,144.3,256.2,336.6,408.9,496.5
2026-09-19 07:45:00,U Moritzplatz (Berlin),7,164,408.9,4.25,9.49,22.06,46.61,72.26,101.73,135.37,177.13,231.24,307.35,431.45,486.25,507.38,179.65,176.91,121.0,5.28,7.1,15.0,25.8,42.0,77.4,101.5,123.6,144.3,256.2,336.6,408.9,496.5
2026-09-19 08:00:00,U Moritzplatz (Berlin),8,74,381.25,4.04,8.89,20.62,43.71,67.64,95.75,128.09,166.38,217.95,289.03,414.18,478.63,503.09,171.34,169.52,140.0,1.23,3.45,13.7,32.6,50.8,68.6,92.0,111.0,160.6,226.2,313.0,381.25,465.05
2026-09-19 08:15:00,U Moritzplatz (Berlin),8,63,381.25,3.15,6.34,13.96,29.76,47.68,67.34,90.91,119.87,155.93,208.1,300.58,396.54,459.38,128.15,124.48,81.0,1.23,3.45,13.7,32.6,50.8,68.6,92.0,111.0,160.6,226.2,313.0,381.25,465.05
2026-09-19 08:30:00,U Moritzplatz (Berlin),8,85,381.25,3.1,6.18,13.61,28.63,45.92,65.07,88.04,116.14,151.05,200.96,288.97,385.25,451.75,124.26,120.18,95.0,1.23,3.45,13.7,32.6,50.8,68.6,92.0,111.0,160.6,226.2,313.0,381.25,465.05
2026-09-19 08:45:00,U Moritzplatz (Berlin),8,51,381.25,2.74,5.4,12.04,25.08,39.78,57.23,76.87,101.28,132.13,176.78,254.38,338.02,416.65,110.25,107.09,47.0,1.23,3.45,13.7,32.6,50.8,68.6,92.0,111.0,160.6,226.2,313.0,381.25,465.05
2026-09-19 09:00:00,U Moritzplatz (Berlin),9,96,274.8,2.3,4.51,10.12,21.12,33.25,47.76,64.15,84.18,110.35,146.77,212.65,279.74,352.65,92.61,88.64,54.5,2.3,4.0,8.2,18.4,32.8,48.0,63.0,94.2,118.4,138.6,219.0,274.8,345.1
2026-09-19 09:15:00,U Moritzplatz (Berlin),9,51,274.8,1.97,3.87,8.45,17.53,27.4,39.07,53.3,69.5,90.0,120.36,173.05,230.81,288.78,76.49,72.87,54.0,2.3,4.0,8.2,18.4,32.8,48.0,63.0,94.2,118.4,138.6,219.0,274.8,345.1
2026-09-19 09:30:00,U Moritzplatz (Berlin),9,166,274.8,3.17,6.47,14.53,31.3,50.11,70.59,94.84,123.61,160.57,213.8,307.36,403.18,464.31,131.74,132.12,113.5,2.3,4.0,8.2,18.4,32.8,48.0,63.0,94.2,118.4,138.6,219.0,274.8,345.1
2026-09-19 09:45:00,U Moritzplatz (Berlin),9,62,274.8,2.13,4.13,9.11,18.91,29.66,42.48,57.57,74.87,97.28,129.73,186.23,246.43,309.38,82.12,78.92,39.5,2.3,4.0,8.2,18.4,32.8,48.0,63.0,94.2,118.4,138.6,219.0,274.8,345.1
2026-09-19 10:00:00,U Moritzplatz (Berlin),10,40,135.0,1.62,3.3,6.92,14.87,23.53,33.75,46.36,60.65,78.51,104.19,148.58,197.64,250.42,66.19,63.25,43.5,1.0,1.0,2.0,7.0,11.0,16.0,25.5,37.0,44.0,63.0,92.5,135.0,153.62
2026-09-19 10:15:00,U Moritzplatz (Berlin),10,67,135.0,0.91,2.13,4.4,10.07,15.84,22.69,30.93,41.25,54.43,72.34,102.87,134.16,169.84,45.44,44.17,27.5,1.0,1.0,2.0,7.0,11.0,16.0,25.5,37.0,44.0,63.0,92.5,135.0,153.62
2026-09-19 10:30:00,U Moritzplatz (Berlin),10,7,135.0,0.28,1.01,2.37,5.28,9.11,12.93,18.02,24.34,32.87,44.69,64.46,85.63,106.69,27.74,27.79,19.0,1.0,1.0,2.0,7.0,11.0,16.0,25.5,37.0,44.0,63.0,92.5,135.0,153.62
2026-09-19 10:45:00,U Moritzplatz (Berlin),10,47,135.0,0.16,0.84,2.06,4.63,8.13,11.66,16.0,21.85,29.6,40.47,58.76,77.86,97.8,25.08,25.33,17.0,1.0,1.0,2.0,7.0,11.0,16.0,25.5,37.0,44.0,63.0,92.5,135.0,153.62
2026-09-19 11:00:00,U Moritzplatz (Berlin),11,11,36.0,0.0,0.38,1.21,3.06,5.23,8.15,11.18,14.87,20.58,28.69,42.31,55.1,69.26,17.61,17.75,17.5,0.0,0.0,0.0,2.0,3.0,4.2,6.0,8.0,12.1,17.6,25.7,36.0,40.67
2026-09-19 11:15:00,U Moritzplatz (Berlin),11,1,36.0,0.0,0.0,0.44,1.53,2.96,4.7,7.15,9.76,12.93,18.33,28.13,37.54,46.8,11.32,10.96,8.0,0.0,0.0,0.0,2.0,3.0,4.2,6.0,8.0,12.1,17.6,25.7,36.0,40.67
2026-09-19 11:30:00,U Moritzplatz (Berlin),11,15,36.0,0.0,0.0,0.19,1.03,2.13,3.52,5.46,8.05,10.75,14.75,23.45,32.16,40.26,9.29,8.91,4.0,0.0,0.0,0.0,2.0,3.0,4.2,6.0,8.0,12.1,17.6,25.7,36.0,40.67
2026-09-19 11:45:00,U Moritzplatz (Berlin),11,4,36.0,0.0,0.0,0.0,0.23,0.74,1.42,2.5,4.0,6.6,9.49,14.48,21.72,29.17,5.62,5.3,3.0,0.0,0.0,0.0,2.0,3.0,4.2,6.0,8.0,12.1,17.6,25.7,36.0,40.67
2026-09-19 12:00:00,U Moritzplatz (Berlin),12,5,18.05,0.0,0.0,0.0,0.12,0.55,1.1,1.93,3.22,5.46,8.6,12.97,19.54,26.56,4.92,4.57,1.0,0.0,0.0,0.0,0.0,0.0,1.0,1.0,2.0,3.0,6.0,10.9,18.05,26.17
2026-09-19 12:15:00,U Moritzplatz (Berlin),12,0,18.05,0.0,0.0,0.0,0.0,0.01,0.26,0.6,1.1,2.13,4.62,9.21,12.83,18.45,2.82,2.13,1.0,0.0,0.0,0.0,0.0,0.0,1.0,1.0,2.0,3.0,6.0,10.9,18.05,26.17
2026-09-19 12:30:00,U Moritzplatz (Berlin),12,4,18.05,0.0,0.0,0.0,0.15,0.59,1.18,2.07,3.38,5.67,8.75,13.34,20.14,27.32,5.07,4.78,1.0,0.0,0.0,0.0,0.0,0.0,1.0,1.0,2.0,3.0,6.0,10.9,18.05,26.17
2026-09-19 12:45:00,U Moritzplatz (Berlin),12,0,18.05,0.0,0.0,0.0,0.11,0.52,1.04,1.8,3.01,5.05,8.22,12.3,18.61,25.53,4.67,4.39,1.0,0.0,0.0,0.0,0.0,0.0,1.0,1.0,2.0,3.0,6.0,10.9,18.05,26.17
2026-09-19 13:00:00,U Moritzplatz (Berlin),13,11,30.9,0.0,0.0,0.46,1.53,2.88,4.52,6.9,9.54,12.66,18.07,27.96,37.27,46.44,11.16,11.74,3.0,0.0,0.0,0.0,1.0,2.0,3.0,5.0,8.6,12.0,16.8,27.0,30.9,36.45
2026-09-19 13:15:00,U Moritzplatz (Berlin),13,0,30.9,0.0,0.0,0.0,0.27,0.78,1.46,2.49,3.95,6.55,9.43,14.28,21.55,29.01,5.6,5.52,2.0,0.0,0.0,0.0,1.0,2.0,3.0,5.0,8.6,12.0,16.8,27.0,30.9,36.45
2026-09-19 13:30:00,U Moritzplatz (Berlin),13,2,30.9,0.0,0.0,0.0,0.54,1.24,2.26,3.65,5.84,8.51,11.51,18.45,26.14,33.78,7.15,7.17,4.0,0.0,0.0,0.0,1.0,2.0,3.0,5.0,8.6,12.0,16.8,27.0,30.9,36.45
2026-09-19 13:45:00,U Moritzplatz (Berlin),13,25,30.9,0.0,0.14,0.84,2.39,4.14,6.56,9.32,12.36,16.9,23.87,35.79,47.2,58.47,14.69,15.65,15.0,0.0,0.0,0.0,1.0,2.0,3.0,5.0,8.6,12.0,16.8,27.0,30.9,36.45
2026-09-19 14:00:00,U Moritzplatz (Berlin),14,9,54.7,0.0,0.14,0.84,2.46,4.36,6.98,9.76,12.92,17.78,24.98,37.4,49.2,60.8,15.38,15.78,6.0,1.0,1.0,2.0,3.2,6.0,11.0,14.5,18.0,23.7,31.0,48.2,54.7,77.6
2026-09-19 14:15:00,U Moritzplatz (Berlin),14,19,54.7,0.0,0.2,0.94,2.64,4.63,7.36,10.19,13.52,18.66,26.24,38.89,51.08,63.32,16.08,16.35,16.0,1.0,1.0,2.0,3.2,6.0,11.0,14.5,18.0,23.7,31.0,48.2,54.7,77.6
2026-09-19 14:30:00,U Moritzplatz (Berlin),14,8,54.7,0.28,1.01,2.39,5.42,9.32,13.11,18.28,24.68,33.19,45.23,64.69,85.39,105.92,27.91,28.7,24.0,1.0,1.0,2.0,3.2,6.0,11.0,14.5,18.0,23.7,31.0,48.2,54.7,77.6
2026-09-19 14:45:00,U Moritzplatz (Berlin),14,6,54.7,0.0,0.22,0.97,2.67,4.67,7.45,10.3,13.69,18.89,26.51,39.38,51.7,64.25,16.28,16.52,11.0,1.0,1.0,2.0,3.2,6.0,11.0,14.5,18.0,23.7,31.0,48.2,54.7,77.6
2026-09-19 15:00:00,U Moritzplatz (Berlin),15,50,201.5,0.55,1.48,3.25,7.44,11.75,16.72,22.82,30.63,40.79,54.99,78.88,103.29,128.81,34.31,35.88,15.0,1.0,1.75,6.0,9.0,15.5,24.0,33.0,47.0,60.0,87.0,167.0,201.5,232.62
2026-09-19 15:15:00,U Moritzplatz (Berlin),15,49,201.5,1.48,3.08,6.56,14.09,22.33,32.23,44.29,58.18,74.95,99.16,141.34,187.3,238.08,63.06,63.79,45.5,1.0,1.75,6.0,9.0,15.5,24.0,33.0,47.0,60.0,87.0,167.0,201.5,232.62
2026-09-19 15:30:00,U Moritzplatz (Berlin),15,0,201.5,1.46,3.05,6.47,13.9,22.08,31.91,43.79,57.61,74.31,98.22,139.61,185.19,235.24,62.4,62.96,38.0,1.0,1.75,6.0,9.0,15.5,24.0,33.0,47.0,60.0,87.0,167.0,201.5,232.62
2026-09-19 15:45:00,U Moritzplatz (Berlin),15,136,201.5,1.75,3.52,7.76,16.3,25.88,37.43,51.18,66.84,86.52,115.31,164.0,218.51,275.5,73.0,74.29,38.0,1.0,1.75,6.0,9.0,15.5,24.0,33.0,47.0,60.0,87.0,167.0,201.5,232.62
2026-09-19 16:00:00,U Moritzplatz (Berlin),16,220,325.0,1.68,3.43,7.37,15.32,24.05,34.55,47.34,61.81,80.04,106.48,152.36,202.02,256.06,67.71,68.33,47.0,3.38,4.0,8.5,25.0,35.5,54.0,63.0,94.0,121.5,170.0,240.5,325.0,386.38
2026-09-19 16:15:00,U Moritzplatz (Berlin),16,24,325.0,2.06,4.09,9.14,18.88,29.7,42.73,57.91,75.41,98.48,131.33,188.9,250.73,314.92,83.13,84.04,57.5,3.38,4.0,8.5,25.0,35.5,54.0,63.0,94.0,121.5,170.0,240.5,325.0,386.38
2026-09-19 16:30:00,U Moritzplatz (Berlin),16,198,325.0,2.94,5.96,13.18,28.09,45.44,64.23,86.25,113.1,145.87,193.54,277.22,368.87,443.6,120.69,123.33,94.5,3.38,4.0,8.5,25.0,35.5,54.0,63.0,94.0,121.5,170.0,240.5,325.0,386.38
2026-09-19 16:45:00,U Moritzplatz (Berlin),16,300,325.0,3.13,6.57,14.57,31.54,50.54,70.98,95.35,123.97,160.68,213.72,307.4,404.99,466.74,132.01,135.46,69.5,3.38,4.0,8.5,25.0,35.5,54.0,63.0,94.0,121.5,170.0,240.5,325.0,386.38
2026-09-19 17:00:00,U Moritzplatz (Berlin),17,25,412.5,3.29,7.09,15.8,33.81,53.91,75.45,101.25,131.45,171.18,228.98,330.36,430.27,479.42,140.21,140.0,75.5,8.0,9.0,15.5,32.0,59.5,73.0,102.5,146.0,166.5,222.0,306.5,412.5,450.25
2026-09-19 17:15:00,U Moritzplatz (Berlin),17,15,412.5,2.83,5.85,13.21,28.03,45.18,63.81,85.61,113.01,146.72,195.53,282.04,378.95,450.18,121.75,118.71,94.5,8.0,9.0,15.5,32.0,59.5,73.0,102.5,146.0,166.5,222.0,306.5,412.5,450.25
2026-09-19 17:30:00,U Moritzplatz (Berlin),17,80,412.5,3.04,6.39,14.48,31.2,49.63,70.0,94.34,123.51,160.76,214.78,309.89,408.99,468.52,132.15,129.04,133.5,8.0,9.0,15.5,32.0,59.5,73.0,102.5,146.0,166.5,222.0,306.5,412.5,450.25
2026-09-19 17:45:00,U Moritzplatz (Berlin),17,328,412.5,4.21,9.3,21.51,45.03,69.61,98.08,130.28,169.3,221.63,293.66,419.29,481.91,505.26,173.85,171.25,119.5,8.0,9.0,15.5,32.0,59.5,73.0,102.5,146.0,166.5,222.0,306.5,412.5,450.25
2026-09-19 18:00:00,U Moritzplatz (Berlin),18,79,513.0,2.94,5.99,13.47,28.83,46.29,65.1,87.59,115.42,149.95,199.52,287.17,384.21,452.79,123.81,119.04,79.0,6.6,9.0,14.2,25.4,46.4,62.8,86.0,115.6,165.4,234.4,351.4,513.0,513.0
2026-09-19 18:15:00,U Moritzplatz (Berlin),18,57,513.0,3.89,8.57,19.62,41.42,64.6,91.05,121.96,157.81,205.15,271.13,393.69,470.23,499.04,163.57,159.43,86.0,6.6,9.0,14.2,25.4,46.4,62.8,86.0,115.6,165.4,234.4,351.4,513.0,513.0
2026-09-19 18:30:00,U Moritzplatz (Berlin),18,131,513.0,3.97,8.78,20.24,42.94,66.6,94.18,125.6,162.49,212.02,280.2,404.36,475.09,501.61,167.84,162.83,62.0,6.6,9.0,14.2,25.4,46.4,62.8,86.0,115.6,165.4,234.4,351.4,513.0,513.0
2026-09-19 18:45:00,U Moritzplatz (Berlin),18,53,513.0,3.02,6.29,14.14,30.5,48.77,68.62,92.27,121.29,157.51,210.29,303.13,400.73,464.07,129.67,123.17,97.0,6.6,9.0,14.2,25.4,46.4,62.8,86.0,115.6,165.4,234.4,351.4,513.0,513.0
2026-09-19 19:00:00,U Moritzplatz (Berlin),19,93,275.15,3.2,6.8,15.47,33.49,53.27,74.86,100.77,131.12,170.79,228.9,328.41,426.26,477.92,139.59,134.26,116.0,1.27,5.55,13.1,28.2,48.0,73.6,88.5,114.8,126.7,174.8,220.7,275.15,303.02
2026-09-19 19:15:00,U Moritzplatz (Berlin),19,44,275.15,2.32,4.59,10.38,21.71,34.18,48.96,65.77,86.1,113.01,150.86,217.87,286.5,361.36,94.83,89.17,86.0,1.27,5.55,13.1,28.2,48.0,73.6,88.5,114.8,126.7,174.8,220.7,275.15,303.02
2026-09-19 19:30:00,U Moritzplatz (Berlin),19,2,275.15,2.61,5.27,12.19,25.83,41.12,58.95,79.17,104.17,135.04,180.67,259.3,343.19,422.4,112.64,106.04,102.0,1.27,5.55,13.1,28.2,48.0,73.6,88.5,114.8,126.7,174.8,220.7,275.15,303.02
2026-09-19 19:45:00,U Moritzplatz (Berlin),19,74,275.15,2.26,4.47,10.16,21.29,33.55,48.1,64.59,84.52,110.8,147.3,212.82,279.66,351.77,92.88,87.39,76.0,1.27,5.55,13.1,28.2,48.0,73.6,88.5,114.8,126.7,174.8,220.7,275.15,303.02
2026-09-19 20:00:00,U Moritzplatz (Berlin),20,15,247.2,2.41,4.68,10.72,22.61,35.94,52.02,69.99,91.39,119.64,158.84,229.21,301.1,378.61,99.71,96.13,47.0,1.23,2.0,4.9,12.8,21.4,30.6,39.0,53.0,77.2,134.4,189.8,247.2,283.32
2026-09-19 20:15:00,U Moritzplatz (Berlin),20,12,247.2,2.18,4.26,9.67,20.4,32.25,46.39,62.45,81.81,106.72,141.94,204.45,269.02,337.58,89.51,84.5,48.5,1.23,2.0,4.9,12.8,21.4,30.6,39.0,53.0,77.2,134.4,189.8,247.2,283.32
2026-09-19 20:30:00,U Moritzplatz (Berlin),20,309,247.2,0.86,2.01,4.17,9.44,14.65,20.98,28.5,38.03,50.48,67.64,97.3,128.81,161.98,42.68,40.68,16.5,1.23,2.0,4.9,12.8,21.4,30.6,39.0,53.0,77.2,134.4,189.8,247.2,283.32
2026-09-19 20:45:00,U Moritzplatz (Berlin),20,105,247.2,1.84,3.65,8.0,16.87,26.55,38.2,52.27,68.2,88.34,117.28,167.63,223.47,279.25,74.4,69.96,53.0,1.23,2.0,4.9,12.8,21.4,30.6,39.0,53.0,77.2,134.4,189.8,247.2,283.32
2026-09-19 21:00:00,U Moritzplatz (Berlin),21,55,104.8,0.62,1.62,3.52,8.09,12.72,18.36,24.96,33.36,44.63,60.13,86.9,113.74,142.61,37.65,37.3,26.0,2.0,3.0,4.0,7.8,12.0,16.6,24.0,32.4,41.8,60.4,82.6,104.8,124.95
2026-09-19 21:15:00,U Moritzplatz (Berlin),21,4,104.8,1.26,2.75,5.66,12.57,20.04,28.55,39.14,52.2,67.82,89.4,128.2,168.92,214.57,56.72,54.71,49.5,2.0,3.0,4.0,7.8,12.0,16.6,24.0,32.4,41.8,60.4,82.6,104.8,124.95
2026-09-19 21:30:00,U Moritzplatz (Berlin),21,45,104.8,0.26,1.0,2.38,5.33,9.09,12.86,17.85,24.11,32.46,44.3,64.23,85.68,106.84,27.56,27.46,21.5,2.0,3.0,4.0,7.8,12.0,16.6,24.0,32.4,41.8,60.4,82.6,104.8,124.95
2026-09-19 21:45:00,U Moritzplatz (Berlin),21,33,104.8,0.0,0.55,1.54,3.69,6.48,9.6,12.96,17.69,24.2,33.54,48.97,64.64,82.08,20.7,21.12,13.0,2.0,3.0,4.0,7.8,12.0,16.6,24.0,32.4,41.8,60.4,82.6,104.8,124.95
2026-09-19 22:00:00,U Moritzplatz (Berlin),22,8,49.0,0.0,0.33,1.15,2.96,5.1,7.93,10.81,14.34,19.9,28.1,41.66,54.38,68.37,17.22,17.67,14.5,0.0,0.75,1.5,3.0,4.5,6.0,8.0,11.0,15.0,22.0,32.0,49.0,56.88
2026-09-19 22:15:00,U Moritzplatz (Berlin),22,19,49.0,0.0,0.05,0.7,2.11,3.77,5.97,8.58,11.41,15.24,21.84,33.42,44.04,54.24,13.49,13.46,8.0,0.0,0.75,1.5,3.0,4.5,6.0,8.0,11.0,15.0,22.0,32.0,49.0,56.88
2026-09-19 22:30:00,U Moritzplatz (Berlin),22,7,49.0,0.0,0.24,0.99,2.65,4.49,7.06,9.85,13.1,17.96,25.47,38.02,50.05,62.23,15.67,16.08,7.0,0.0,0.75,1.5,3.0,4.5,6.0,8.0,11.0,15.0,22.0,32.0,49.0,56.88
2026-09-19 22:45:00,U Moritzplatz (Berlin),22,2,49.0,0.0,0.0,0.11,0.86,1.87,3.26,5.14,7.68,10.29,14.02,22.57,31.37,39.2,8.87,8.58,4.5,0.0,0.75,1.5,3.0,4.5,6.0,8.0,11.0,15.0,22.0,32.0,49.0,56.88
2026-09-19 23:00:00,U Moritzplatz (Berlin),23,3,24.25,0.0,0.0,0.22,1.06,2.15,3.52,5.4,7.95,10.63,14.53,23.46,32.43,40.66,9.27,9.79,7.0,0.0,0.0,0.0,0.0,1.0,2.0,4.0,5.0,7.5,12.0,20.0,24.25,30.75
2026-09-19 23:15:00,U Moritzplatz (Berlin),23,0,24.25,0.0,0.0,0.0,0.44,1.07,1.95,3.21,5.09,7.9,10.88,17.23,25.11,32.77,6.66,6.88,3.5,0.0,0.0,0.0,0.0,1.0,2.0,4.0,5.0,7.5,12.0,20.0,24.25,30.75
2026-09-19 23:30:00,U Moritzplatz (Berlin),23,2,24.25,0.0,0.0,0.28,1.16,2.31,3.75,5.85,8.54,11.48,16.1,26.12,35.57,44.72,10.19,11.83,3.5,0.0,0.0,0.0,0.0,1.0,2.0,4.0,5.0,7.5,12.0,20.0,24.25,30.75
2026-09-19 23:45:00,U Moritzplatz (Berlin),23,0,24.25,0.0,0.0,0.0,0.14,0.57,1.12,1.96,3.29,5.63,8.84,13.61,20.6,28.27,5.12,5.29,1.5,0.0,0.0,0.0,0.0,1.0,2.0,4.0,5.0,7.5,12.0,20.0,24.25,30.75
2026-09-16 00:00:00,U Rohrdamm (Berlin),0,0,11.0,0.0,0.0,0.0,0.0,0.0,0.0,0.18,0.36,0.76,1.45,5.02,9.37,12.17,1.44,1.62,0.0,0.0,0.0,0.0,0.0,0.0,0.0,0.0,0.0,1.0,3.0,6.0,11.0,12.17
2026-09-16 00:15:00,U Rohrdamm (Berlin),0,0,11.0,0.0,0.0,0.0,0.0,0.0,0.16,0.37,0.77,1.39,2.96,8.27,11.53,16.36,2.28,2.22,0.0,0.0,0.0,0.0,0.0,0.0,0.0,0.0,0.0,1.0,3.0,6.0,11.0,12.17
2026-09-16 00:30:00,U Rohrdamm (Berlin),0,0,11.0,0.0,0.0,0.0,0.0,0.0,0.01,0.19,0.38,0.77,1.38,4.35,9.1,11.71,1.39,1.44,0.0,0.0,0.0,0.0,0.0,0.0,0.0,0.0,0.0,1.0,3.0,6.0,11.0,12.17
2026-09-16 00:45:00,U Rohrdamm (Berlin),0,0,11.0,0.0,0.0,0.0,0.0,0.0,0.18,0.42,0.83,1.56,3.31,8.64,12.0,17.54,2.46,2.36,0.0,0.0,0.0,0.0,0.0,0.0,0.0,0.0,0.0,1.0,3.0,6.0,11.0,12.17
2026-09-16 05:00:00,U Rohrdamm (Berlin),5,10,176.4,0.49,1.34,2.95,6.51,10.55,14.83,20.44,27.27,36.18,49.03,70.88,94.99,119.35,31.02,31.15,23.0,0.0,1.95,4.9,9.0,15.0,20.0,33.5,41.4,59.3,80.2,138.1,176.4,220.03
2026-09-16 05:15:00,U Rohrdamm (Berlin),5,31,176.4,0.69,1.74,3.67,8.2,12.84,18.35,24.93,33.38,44.63,60.2,87.39,115.5,146.18,38.06,37.73,18.0,0.0,1.95,4.9,9.0,15.0,20.0,33.5,41.4,59.3,80.2,138.1,176.4,220.03
2026-09-16 05:30:00,U Rohrdamm (Berlin),5,9,176.4,1.74,3.52,7.38,15.49,24.44,35.27,49.0,64.85,85.27,114.38,166.02,224.97,282.03,72.47,66.87,46.5,0.0,1.95,4.9,9.0,15.0,20.0,33.5,41.4,59.3,80.2,138.1,176.4,220.03
2026-09-16 05:45:00,U Rohrdamm (Berlin),5,4,176.4,2.15,4.18,8.93,18.3,28.77,41.88,57.78,76.26,100.34,133.15,195.52,259.99,325.87,84.6,79.15,52.0,0.0,1.95,4.9,9.0,15.0,20.0,33.5,41.4,59.3,80.2,138.1,176.4,220.03
2026-09-16 06:00:00,U Rohrdamm (Berlin),6,57,450.2,2.14,4.16,8.85,17.84,27.99,40.43,55.76,73.48,96.61,129.1,189.17,253.02,317.49,81.96,74.82,57.5,2.0,4.8,10.0,24.2,45.8,60.4,78.0,103.0,144.4,206.6,292.8,450.2,500.0
2026-09-16 06:15:00,U Rohrdamm (Berlin),6,87,450.2,2.61,5.11,11.29,22.74,36.01,52.91,71.85,95.32,124.56,168.62,245.31,322.9,403.41,104.8,94.8,73.0,2.0,4.8,10.0,24.2,45.8,60.4,78.0,103.0,144.4,206.6,292.8,450.2,500.0
2026-09-16 06:30:00,U Rohrdamm (Berlin),6,147,450.2,4.13,8.75,19.75,41.31,66.45,95.18,127.56,167.63,219.86,289.85,412.65,478.27,502.26,170.97,161.36,101.0,2.0,4.8,10.0,24.2,45.8,60.4,78.0,103.0,144.4,206.6,292.8,450.2,500.0
2026-09-16 06:45:00,U Rohrdamm (Berlin),6,116,450.2,4.22,9.05,20.45,42.95,68.83,98.34,131.39,173.74,227.99,300.89,424.46,483.17,504.64,175.84,164.2,116.0,2.0,4.8,10.0,24.2,45.8,60.4,78.0,103.0,144.4,206.6,292.8,450.2,500.0
2026-09-16 07:00:00,U Rohrdamm (Berlin),7,134,500.0,4.88,10.86,24.4,51.35,80.76,115.44,155.45,205.66,266.8,354.69,466.82,498.53,514.77,199.77,182.15,126.0,4.0,10.75,23.0,50.0,73.0,109.0,150.0,214.0,271.5,389.0,500.0,500.0,500.0
2026-09-16 07:15:00,U Rohrdamm (Berlin),7,158,500.0,4.41,9.58,21.83,46.25,73.76,105.42,142.28,188.4,246.35,327.46,449.29,492.01,509.43,187.31,170.9,129.0,4.0,10.75,23.0,50.0,73.0,109.0,150.0,214.0,271.5,389.0,500.0,500.0,500.0
2026-09-16 07:30:00,U Rohrdamm (Berlin),7,63,500.0,6.95,16.92,35.53,75.25,118.52,167.88,231.26,300.05,380.71,461.22,502.22,521.2,547.37,257.57,234.02,178.0,4.0,10.75,23.0,50.0,73.0,109.0,150.0,214.0,271.5,389.0,500.0,500.0,500.0
2026-09-16 07:45:00,U Rohrdamm (Berlin),7,38,500.0,6.35,14.86,32.46,67.45,105.79,151.36,205.52,269.39,344.9,437.26,495.11,512.67,532.22,240.26,216.76,192.0,4.0,10.75,23.0,50.0,73.0,109.0,150.0,214.0,271.5,389.0,500.0,500.0,500.0
2026-09-16 08:00:00,U Rohrdamm (Berlin),8,236,500.0,4.81,10.66,23.97,50.83,79.97,114.63,154.65,205.03,265.68,354.31,467.15,498.43,514.65,199.34,180.79,164.0,3.1,9.4,17.0,44.6,74.6,108.0,141.0,180.6,243.0,317.0,472.4,500.0,500.0
2026-09-16 08:15:00,U Rohrdamm (Berlin),8,500,500.0,4.48,9.77,22.27,47.14,74.71,106.97,144.34,191.3,249.36,331.64,452.98,493.32,510.89,189.38,174.58,144.0,3.1,9.4,17.0,44.6,74.6,108.0,141.0,180.6,243.0,317.0,472.4,500.0,500.0
2026-09-16 08:30:00,U Rohrdamm (Berlin),8,500,500.0,4.79,10.61,24.06,51.19,80.49,115.39,155.72,206.27,267.08,355.69,467.22,498.14,514.33,200.0,183.47,124.0,3.1,9.4,17.0,44.6,74.6,108.0,141.0,180.6,243.0,317.0,472.4,500.0,500.0
2026-09-16 08:45:00,U Rohrdamm (Berlin),8,30,500.0,5.22,11.74,26.22,55.25,86.84,124.0,167.4,222.56,287.34,381.93,477.74,502.37,518.68,210.91,194.67,123.0,3.1,9.4,17.0,44.6,74.6,108.0,141.0,180.6,243.0,317.0,472.4,500.0,500.0
2026-09-16 09:00:00,U Rohrdamm (Berlin),9,34,498.5,4.73,10.39,23.5,49.66,78.56,112.6,151.85,200.14,259.89,345.22,461.92,496.21,512.53,195.95,181.4,149.0,2.75,7.5,16.0,40.0,60.0,88.0,118.0,160.0,186.0,288.0,388.0,498.5,500.0
2026-09-16 09:15:00,U Rohrdamm (Berlin),9,151,498.5,4.81,10.58,24.03,50.73,80.19,115.12,154.9,204.53,265.01,351.48,465.52,497.75,514.44,198.98,185.43,148.0,2.75,7.5,16.0,40.0,60.0,88.0,118.0,160.0,186.0,288.0,388.0,498.5,500.0
2026-09-16 09:30:00,U Rohrdamm (Berlin),9,119,498.5,3.54,7.46,16.95,36.35,59.34,85.5,116.67,152.89,200.51,265.32,385.29,464.83,495.69,158.53,147.5,95.5,2.75,7.5,16.0,40.0,60.0,88.0,118.0,160.0,186.0,288.0,388.0,498.5,500.0
2026-09-16 09:45:00,U Rohrdamm (Berlin),9,180,498.5,3.09,6.43,14.59,31.46,51.22,73.43,100.16,131.21,173.35,232.76,333.82,430.98,479.46,140.18,129.76,87.0,2.75,7.5,16.0,40.0,60.0,88.0,118.0,160.0,186.0,288.0,388.0,498.5,500.0
2026-09-16 10:00:00,U Rohrdamm (Berlin),10,217,216.05,2.75,5.64,12.86,26.97,43.54,63.28,86.29,114.4,149.43,201.11,288.2,383.51,452.28,123.13,113.66,86.0,1.83,4.0,8.0,18.0,24.9,34.2,47.0,57.8,90.1,118.8,161.4,216.05,300.0
2026-09-16 10:15:00,U Rohrdamm (Berlin),10,10,216.05,1.91,3.93,8.86,18.34,28.58,40.98,56.41,74.02,96.86,129.55,190.21,254.28,320.03,82.6,74.31,45.5,1.83,4.0,8.0,18.0,24.9,34.2,47.0,57.8,90.1,118.8,161.4,216.05,300.0
2026-09-16 10:30:00,U Rohrdamm (Berlin),10,7,216.05,1.57,3.3,7.07,14.79,23.27,33.16,45.65,60.31,78.78,104.98,152.7,206.54,263.21,67.31,59.58,42.0,1.83,4.0,8.0,18.0,24.9,34.2,47.0,57.8,90.1,118.8,161.4,216.05,300.0
2026-09-16 10:45:00,U Rohrdamm (Berlin),10,70,216.05,1.08,2.42,5.1,11.27,17.52,24.69,33.44,44.69,59.14,79.07,113.51,152.11,194.84,50.38,44.78,27.0,1.83,4.0,8.0,18.0,24.9,34.2,47.0,57.8,90.1,118.8,161.4,216.05,300.0
2026-09-16 11:00:00,U Rohrdamm (Berlin),11,17,59.35,0.47,1.3,2.96,6.85,10.97,15.39,21.26,28.29,37.75,51.25,74.76,99.68,124.59,32.48,30.47,18.0,0.0,0.0,1.0,3.0,4.0,7.0,10.0,15.0,21.0,29.0,46.7,59.35,80.17
2026-09-16 11:15:00,U Rohrdamm (Berlin),11,9,59.35,0.0,0.32,1.07,2.83,4.96,7.77,10.52,13.74,18.76,26.0,38.8,51.48,64.53,16.39,15.85,12.0,0.0,0.0,1.0,3.0,4.0,7.0,10.0,15.0,21.0,29.0,46.7,59.35,80.17
2026-09-16 11:30:00,U Rohrdamm (Berlin),11,14,59.35,0.0,0.0,0.57,1.74,3.28,5.19,7.73,10.3,13.49,19.12,29.27,39.28,49.64,12.02,11.45,6.5,0.0,0.0,1.0,3.0,4.0,7.0,10.0,15.0,21.0,29.0,46.7,59.35,80.17
2026-09-16 11:45:00,U Rohrdamm (Berlin),11,6,59.35,0.0,0.04,0.67,1.98,3.61,5.64,8.23,10.88,14.28,20.39,31.0,41.42,51.82,12.75,12.41,7.5,0.0,0.0,1.0,3.0,4.0,7.0,10.0,15.0,21.0,29.0,46.7,59.35,80.17
2026-09-16 12:00:00,U Rohrdamm (Berlin),12,4,24.0,0.0,0.0,0.0,0.58,1.32,2.42,3.84,5.97,8.65,11.87,19.21,26.92,34.27,7.4,6.95,3.5,0.0,0.0,0.0,0.0,1.0,2.0,3.0,5.0,7.0,12.0,19.3,24.0,30.0
2026-09-16 12:15:00,U Rohrdamm (Berlin),12,0,24.0,0.0,0.0,0.0,0.64,1.41,2.56,4.01,6.2,8.87,12.18,19.64,27.23,34.62,7.58,7.28,3.0,0.0,0.0,0.0,0.0,1.0,2.0,3.0,5.0,7.0,12.0,19.3,24.0,30.0
2026-09-16 12:30:00,U Rohrdamm (Berlin),12,3,24.0,0.0,0.0,0.0,0.33,0.87,1.71,2.93,4.66,7.29,10.12,15.87,23.32,30.63,6.15,5.84,3.0,0.0,0.0,0.0,0.0,1.0,2.0,3.0,5.0,7.0,12.0,19.3,24.0,30.0
2026-09-16 12:45:00,U Rohrdamm (Berlin),12,10,24.0,0.0,0.0,0.0,0.56,1.29,2.38,3.78,5.86,8.51,11.69,18.79,26.33,33.79,7.24,7.02,4.0,0.0,0.0,0.0,0.0,1.0,2.0,3.0,5.0,7.0,12.0,19.3,24.0,30.0
2026-09-16 13:00:00,U Rohrdamm (Berlin),13,4,48.9,0.0,0.0,0.3,1.2,2.37,3.81,5.81,8.37,11.18,15.38,24.09,32.89,41.52,9.72,9.56,5.0,0.0,0.0,1.0,2.0,3.0,5.0,8.0,11.0,15.0,21.0,32.9,48.9,72.9
2026-09-16 13:15:00,U Rohrdamm (Berlin),13,4,48.9,0.0,0.1,0.77,2.18,3.78,5.83,8.46,11.26,14.82,21.14,32.04,42.56,53.02,13.2,13.32,8.0,0.0,0.0,1.0,2.0,3.0,5.0,8.0,11.0,15.0,21.0,32.9,48.9,72.9
2026-09-16 13:30:00,U Rohrdamm (Berlin),13,10,48.9,0.0,0.25,0.99,2.64,4.5,7.02,9.77,12.81,17.27,24.12,36.06,47.89,59.4,15.12,15.22,9.0,0.0,0.0,1.0,2.0,3.0,5.0,8.0,11.0,15.0,21.0,32.9,48.9,72.9
2026-09-16 13:45:00,U Rohrdamm (Berlin),13,15,48.9,0.0,0.49,1.38,3.36,5.72,8.73,11.76,15.46,21.08,29.12,43.08,56.79,72.39,18.3,18.02,13.0,0.0,0.0,1.0,2.0,3.0,5.0,8.0,11.0,15.0,21.0,32.9,48.9,72.9
2026-09-16 14:00:00,U Rohrdamm (Berlin),14,14,162.25,0.77,1.86,3.89,8.87,13.61,19.37,26.09,34.64,46.5,62.54,90.45,118.7,150.07,39.57,37.33,17.5,0.0,1.0,2.0,7.0,12.3,18.0,28.0,40.6,52.7,70.0,108.2,162.25,198.68
2026-09-16 14:15:00,U Rohrdamm (Berlin),14,45,162.25,0.6,1.55,3.36,7.54,11.9,16.66,22.61,30.14,40.24,54.72,79.69,105.13,132.12,34.55,32.4,17.5,0.0,1.0,2.0,7.0,12.3,18.0,28.0,40.6,52.7,70.0,108.2,162.25,198.68
2026-09-16 14:30:00,U Rohrdamm (Berlin),14,13,162.25,1.1,2.49,5.1,11.33,17.66,24.99,34.02,45.85,60.42,80.85,116.01,153.93,197.35,51.2,46.71,41.0,0.0,1.0,2.0,7.0,12.3,18.0,28.0,40.6,52.7,70.0,108.2,162.25,198.68
2026-09-16 14:45:00,U Rohrdamm (Berlin),14,5,162.25,1.72,3.48,7.22,15.14,23.85,34.24,47.38,62.36,81.63,108.8,157.4,213.02,269.68,69.33,62.71,36.0,0.0,1.0,2.0,7.0,12.3,18.0,28.0,40.6,52.7,70.0,108.2,162.25,198.68
2026-09-16 15:00:00,U Rohrdamm (Berlin),15,3,294.2,1.49,3.15,6.44,13.75,21.52,30.82,42.17,56.17,73.15,97.31,139.64,188.48,240.94,62.04,55.98,44.5,5.8,7.0,10.2,22.4,33.0,46.0,61.0,83.0,108.0,130.6,199.0,294.2,382.6
2026-09-16 15:15:00,U Rohrdamm (Berlin),15,21,294.2,2.71,5.38,12.11,25.13,39.99,58.45,79.21,104.41,136.16,184.52,264.89,348.94,426.02,113.71,103.78,83.0,5.8,7.0,10.2,22.4,33.0,46.0,61.0,83.0,108.0,130.6,199.0,294.2,382.6
2026-09-16 15:30:00,U Rohrdamm (Berlin),15,112,294.2,2.68,5.37,12.15,25.17,39.89,58.24,78.75,103.83,135.26,183.61,263.9,347.72,424.98,113.2,103.22,75.0,5.8,7.0,10.2,22.4,33.0,46.0,61.0,83.0,108.0,130.6,199.0,294.2,382.6
2026-09-16 15:45:00,U Rohrdamm (Berlin),15,71,294.2,2.6,5.2,11.81,24.51,38.86,56.8,76.68,101.23,131.99,179.26,258.52,340.06,418.1,110.72,101.14,61.5,5.8,7.0,10.2,22.4,33.0,46.0,61.0,83.0,108.0,130.6,199.0,294.2,382.6
2026-09-16 16:00:00,U Rohrdamm (Berlin),16,0,496.5,2.98,6.08,13.69,28.74,46.32,66.37,89.86,118.76,155.58,210.14,300.84,395.4,459.2,127.68,118.57,69.0,5.0,9.0,20.0,45.0,54.0,77.0,115.0,149.0,190.0,262.0,381.0,496.5,500.0
2026-09-16 16:15:00,U Rohrdamm (Berlin),16,56,496.5,3.06,6.29,14.02,29.39,47.48,68.05,92.12,121.67,159.77,216.06,308.03,403.24,464.38,130.65,121.09,75.0,5.0,9.0,20.0,45.0,54.0,77.0,115.0,149.0,190.0,262.0,381.0,496.5,500.0
2026-09-16 16:30:00,U Rohrdamm (Berlin),16,164,496.5,4.88,10.96,24.66,50.98,80.16,114.39,153.25,202.86,262.43,346.28,462.74,497.11,513.55,197.45,183.82,135.0,5.0,9.0,20.0,45.0,54.0,77.0,115.0,149.0,190.0,262.0,381.0,496.5,500.0
2026-09-16 16:45:00,U Rohrdamm (Berlin),16,253,496.5,5.53,12.6,27.9,56.97,89.87,127.43,172.1,228.35,293.6,387.62,481.19,503.84,519.88,214.5,196.84,178.5,5.0,9.0,20.0,45.0,54.0,77.0,115.0,149.0,190.0,262.0,381.0,496.5,500.0
2026-09-16 17:00:00,U Rohrdamm (Berlin),17,25,500.0,4.41,9.58,22.0,45.92,73.0,104.67,140.81,186.73,244.22,323.22,448.17,492.02,510.2,186.21,169.66,102.5,9.0,15.0,21.1,49.2,76.3,104.8,152.0,197.0,242.0,336.4,499.8,500.0,500.0
2026-09-16 17:15:00,U Rohrdamm (Berlin),17,38,500.0,7.26,17.93,36.33,76.52,119.76,169.65,233.18,302.49,383.38,463.99,502.78,522.31,549.69,259.57,232.16,189.5,9.0,15.0,21.1,49.2,76.3,104.8,152.0,197.0,242.0,336.4,499.8,500.0,500.0
2026-09-16 17:30:00,U Rohrdamm (Berlin),17,148,500.0,5.13,11.72,26.21,54.45,86.3,122.69,164.92,219.71,283.8,379.04,477.71,502.49,518.28,209.28,184.62,122.0,9.0,15.0,21.1,49.2,76.3,104.8,152.0,197.0,242.0,336.4,499.8,500.0,500.0
2026-09-16 17:45:00,U Rohrdamm (Berlin),17,152,500.0,5.19,11.79,26.23,54.28,86.08,122.75,165.06,219.63,284.3,380.17,478.64,502.66,519.04,209.64,182.86,153.5,9.0,15.0,21.1,49.2,76.3,104.8,152.0,197.0,242.0,336.4,499.8,500.0,500.0
2026-09-16 18:00:00,U Rohrdamm (Berlin),18,145,500.0,6.32,14.78,32.19,66.12,104.04,148.54,202.77,265.97,342.84,438.06,495.6,513.89,534.78,239.42,204.33,153.0,9.73,14.9,27.7,52.8,78.0,102.0,138.0,193.6,286.3,375.4,500.0,500.0,500.0
2026-09-16 18:15:00,U Rohrdamm (Berlin),18,28,500.0,7.13,17.44,35.92,75.49,118.62,168.15,232.0,301.04,384.09,464.79,502.95,522.88,550.33,259.13,223.54,153.0,9.73,14.9,27.7,52.8,78.0,102.0,138.0,193.6,286.3,375.4,500.0,500.0,500.0
2026-09-16 18:30:00,U Rohrdamm (Berlin),18,143,500.0,5.3,12.13,26.89,55.62,87.86,124.76,168.19,224.85,290.39,387.54,480.83,503.57,519.82,212.76,186.14,136.0,9.73,14.9,27.7,52.8,78.0,102.0,138.0,193.6,286.3,375.4,500.0,500.0,500.0
2026-09-16 18:45:00,U Rohrdamm (Berlin),18,222,500.0,4.85,10.95,24.53,50.97,80.73,115.34,154.79,205.59,266.84,357.57,469.19,498.86,515.41,200.36,175.57,123.0,9.73,14.9,27.7,52.8,78.0,102.0,138.0,193.6,286.3,375.4,500.0,500.0,500.0
2026-09-16 19:00:00,U Rohrdamm (Berlin),19,57,500.0,4.79,10.73,24.11,50.02,79.16,112.92,151.9,200.94,261.78,349.64,464.71,497.57,514.28,197.28,177.67,103.0,7.6,14.0,24.0,39.0,57.6,79.0,107.0,145.2,191.4,310.2,431.8,500.0,500.0
2026-09-16 19:15:00,U Rohrdamm (Berlin),19,456,500.0,4.77,10.72,24.2,50.26,79.49,113.35,152.33,201.77,262.21,348.58,463.75,497.79,515.21,197.44,178.9,103.5,7.6,14.0,24.0,39.0,57.6,79.0,107.0,145.2,191.4,310.2,431.8,500.0,500.0
2026-09-16 19:30:00,U Rohrdamm (Berlin),19,86,500.0,4.08,8.94,20.25,41.38,66.49,95.35,128.35,168.76,222.87,294.63,420.53,481.92,505.27,172.93,156.0,119.0,7.6,14.0,24.0,39.0,57.6,79.0,107.0,145.2,191.4,310.2,431.8,500.0,500.0
2026-09-16 19:45:00,U Rohrdamm (Berlin),19,152,500.0,4.08,8.78,19.88,40.92,65.79,94.48,127.2,167.26,220.91,291.45,416.97,480.57,504.24,171.56,154.64,107.0,7.6,14.0,24.0,39.0,57.6,79.0,107.0,145.2,191.4,310.2,431.8,500.0,500.0
2026-09-16 20:00:00,U Rohrdamm (Berlin),20,198,305.0,2.89,5.83,13.11,27.07,43.12,62.53,84.89,112.32,146.89,197.77,283.2,376.25,446.56,121.29,107.56,78.0,3.0,5.0,10.0,20.0,36.5,57.0,80.0,107.0,141.0,177.0,226.5,305.0,376.38
2026-09-16 20:15:00,U Rohrdamm (Berlin),20,88,305.0,3.17,6.47,14.31,29.69,47.8,68.59,92.93,122.38,160.5,215.59,307.47,403.65,465.13,131.01,117.31,91.0,3.0,5.0,10.0,20.0,36.5,57.0,80.0,107.0,141.0,177.0,226.5,305.0,376.38
2026-09-16 20:30:00,U Rohrdamm (Berlin),20,165,305.0,2.86,5.76,12.9,26.5,42.24,61.37,83.43,110.18,143.86,193.21,277.04,366.52,440.5,119.01,105.39,81.0,3.0,5.0,10.0,20.0,36.5,57.0,80.0,107.0,141.0,177.0,226.5,305.0,376.38
2026-09-16 20:45:00,U Rohrdamm (Berlin),20,158,305.0,2.71,5.44,12.21,24.97,39.41,57.68,78.16,103.2,134.23,181.39,260.63,344.06,423.33,112.23,98.78,64.0,3.0,5.0,10.0,20.0,36.5,57.0,80.0,107.0,141.0,177.0,226.5,305.0,376.38
2026-09-16 21:00:00,U Rohrdamm (Berlin),21,177,183.1,2.17,4.28,9.47,19.54,30.37,43.91,59.88,78.86,103.22,137.68,200.88,266.55,334.95,87.3,78.0,59.0,1.0,3.0,6.0,12.0,18.0,26.0,36.0,53.4,69.9,90.6,132.6,183.1,243.57
2026-09-16 21:15:00,U Rohrdamm (Berlin),21,92,183.1,2.07,4.07,8.81,18.25,28.41,40.78,56.1,73.81,96.36,128.88,188.22,250.79,313.28,81.75,72.3,53.0,1.0,3.0,6.0,12.0,18.0,26.0,36.0,53.4,69.9,90.6,132.6,183.1,243.57
2026-09-16 21:30:00,U Rohrdamm (Berlin),21,22,183.1,1.32,2.84,5.67,12.36,19.46,27.39,37.33,50.21,65.89,88.18,127.55,171.13,218.71,56.2,49.79,36.0,1.0,3.0,6.0,12.0,18.0,26.0,36.0,53.4,69.9,90.6,132.6,183.1,243.57
2026-09-16 21:45:00,U Rohrdamm (Berlin),21,18,183.1,0.6,1.56,3.37,7.49,11.87,16.7,22.68,30.09,39.96,54.51,80.12,106.36,134.98,34.71,32.33,23.0,1.0,3.0,6.0,12.0,18.0,26.0,36.0,53.4,69.9,90.6,132.6,183.1,243.57
2026-09-16 22:00:00,U Rohrdamm (Berlin),22,17,87.95,0.74,1.82,3.77,8.51,13.25,18.99,25.58,33.86,45.46,61.56,89.43,118.41,150.64,39.05,37.4,24.0,0.0,1.0,1.0,3.4,6.0,9.0,12.0,17.0,23.0,37.2,61.3,87.95,104.97
2026-09-16 22:15:00,U Rohrdamm (Berlin),22,18,87.95,0.37,1.11,2.57,5.71,9.63,13.58,18.81,24.99,33.07,45.08,65.49,87.74,111.36,28.58,27.82,14.0,0.0,1.0,1.0,3.4,6.0,9.0,12.0,17.0,23.0,37.2,61.3,87.95,104.97
2026-09-16 22:30:00,U Rohrdamm (Berlin),22,12,87.95,0.0,0.18,0.9,2.49,4.26,6.69,9.37,12.31,16.54,23.32,34.96,46.47,57.77,14.55,14.58,11.0,0.0,1.0,1.0,3.4,6.0,9.0,12.0,17.0,23.0,37.2,61.3,87.95,104.97
2026-09-16 22:45:00,U Rohrdamm (Berlin),22,16,87.95,0.0,0.01,0.63,1.92,3.48,5.46,8.03,10.69,14.05,20.08,30.67,40.97,51.34,12.52,12.47,9.0,0.0,1.0,1.0,3.4,6.0,9.0,12.0,17.0,23.0,37.2,61.3,87.95,104.97
2026-09-16 23:00:00,U Rohrdamm (Berlin),23,1,27.0,0.0,0.0,0.16,0.97,2.0,3.35,5.2,7.76,10.41,14.14,22.67,31.29,39.5,9.0,9.24,5.0,0.0,0.0,0.0,0.0,1.0,2.0,3.0,5.0,8.0,11.0,17.0,27.0,34.9
2026-09-16 23:15:00,U Rohrdamm (Berlin),23,12,27.0,0.0,0.0,0.0,0.65,1.46,2.63,4.14,6.48,9.11,12.33,19.76,27.81,35.24,7.71,8.02,4.0,0.0,0.0,0.0,0.0,1.0,2.0,3.0,5.0,8.0,11.0,17.0,27.0,34.9
2026-09-16 23:30:00,U Rohrdamm (Berlin),23,31,27.0,0.0,0.0,0.0,0.2,0.68,1.34,2.38,3.82,6.34,9.27,13.94,21.07,28.4,5.43,5.64,2.0,0.0,0.0,0.0,0.0,1.0,2.0,3.0,5.0,8.0,11.0,17.0,27.0,34.9
2026-09-16 23:45:00,U Rohrdamm (Berlin),23,6,27.0,0.0,0.0,0.0,0.12,0.54,1.1,1.93,3.23,5.44,8.52,12.83,19.3,26.58,4.89,5.12,1.0,0.0,0.0,0.0,0.0,1.0,2.0,3.0,5.0,8.0,11.0,17.0,27.0,34.9
2026-09-17 00:00:00,U Rohrdamm (Berlin),0,3,11.0,0.0,0.0,0.0,0.0,0.0,0.02,0.21,0.4,0.79,1.47,5.04,9.44,12.26,1.49,1.62,0.0,0.0,0.0,0.0,0.0,0.0,0.0,0.0,0.0,1.0,3.0,6.0,11.0,12.17
2026-09-17 00:15:00,U Rohrdamm (Berlin),0,0,11.0,0.0,0.0,0.0,0.0,0.0,0.18,0.41,0.8,1.43,3.05,8.44,11.58,16.48,2.35,2.22,0.0,0.0,0.0,0.0,0.0,0.0,0.0,0.0,0.0,1.0,3.0,6.0,11.0,12.17
2026-09-17 00:30:00,U Rohrdamm (Berlin),0,0,11.0,0.0,0.0,0.0,0.0,0.0,0.03,0.21,0.4,0.78,1.37,4.4,9.18,11.79,1.41,1.44,0.0,0.0,0.0,0.0,0.0,0.0,0.0,0.0,0.0,1.0,3.0,6.0,11.0,12.17
2026-09-17 00:45:00,U Rohrdamm (Berlin),0,0,11.0,0.0,0.0,0.0,0.0,0.0,0.22,0.48,0.87,1.61,3.38,8.76,12.13,17.76,2.55,2.36,0.0,0.0,0.0,0.0,0.0,0.0,0.0,0.0,0.0,1.0,3.0,6.0,11.0,12.17
2026-09-17 05:00:00,U Rohrdamm (Berlin),5,46,176.4,0.58,1.51,3.18,6.82,11.01,15.51,21.33,28.37,37.72,51.06,74.31,100.36,127.19,32.52,31.15,23.0,0.0,1.95,4.9,9.0,15.0,20.0,33.5,41.4,59.3,80.2,138.1,176.4,220.03
2026-09-17 05:15:00,U Rohrdamm (Berlin),5,91,176.4,0.87,2.01,3.99,8.75,13.55,19.45,26.31,34.95,46.84,62.92,91.8,121.37,154.97,40.09,37.73,18.0,0.0,1.95,4.9,9.0,15.0,20.0,33.5,41.4,59.3,80.2,138.1,176.4,220.03
2026-09-17 05:30:00,U Rohrdamm (Berlin),5,13,176.4,2.0,3.87,7.99,16.44,25.82,37.14,51.27,67.46,88.51,118.35,172.45,233.06,291.4,75.3,66.87,46.5,0.0,1.95,4.9,9.0,15.0,20.0,33.5,41.4,59.3,80.2,138.1,176.4,220.03
2026-09-17 05:45:00,U Rohrdamm (Berlin),5,93,176.4,2.36,4.5,9.68,19.57,30.49,44.37,60.59,80.18,105.08,139.37,204.74,271.01,339.95,88.51,79.15,52.0,0.0,1.95,4.9,9.0,15.0,20.0,33.5,41.4,59.3,80.2,138.1,176.4,220.03
2026-09-17 06:00:00,U Rohrdamm (Berlin),6,82,450.2,2.29,4.39,9.46,19.05,29.65,42.77,58.58,77.49,101.97,135.69,200.24,266.9,336.31,86.44,74.82,57.5,2.0,4.8,10.0,24.2,45.8,60.4,78.0,103.0,144.4,206.6,292.8,450.2,500.0
2026-09-17 06:15:00,U Rohrdamm (Berlin),6,77,450.2,2.69,5.29,11.79,23.92,37.8,55.36,75.35,99.89,130.63,177.25,257.06,339.56,418.97,109.66,94.8,73.0,2.0,4.8,10.0,24.2,45.8,60.4,78.0,103.0,144.4,206.6,292.8,450.2,500.0
2026-09-17 06:30:00,U Rohrdamm (Berlin),6,58,450.2,4.3,9.23,20.85,43.84,70.28,100.24,134.33,178.68,233.67,308.52,432.31,486.3,506.74,179.2,161.36,101.0,2.0,4.8,10.0,24.2,45.8,60.4,78.0,103.0,144.4,206.6,292.8,450.2,500.0
2026-09-17 06:45:00,U Rohrdamm (Berlin),6,127,450.2,4.39,9.47,21.47,45.27,72.37,103.16,138.47,184.15,240.41,317.62,441.75,489.31,508.38,183.5,164.2,116.0,2.0,4.8,10.0,24.2,45.8,60.4,78.0,103.0,144.4,206.6,292.8,450.2,500.0
2026-09-17 07:00:00,U Rohrdamm (Berlin),7,40,500.0,5.1,11.46,25.75,53.72,84.47,120.55,162.25,215.99,279.09,370.84,473.87,501.47,517.45,206.47,182.15,126.0,4.0,10.75,23.0,50.0,73.0,109.0,150.0,214.0,271.5,389.0,500.0,500.0,500.0
2026-09-17 07:15:00,U Rohrdamm (Berlin),7,219,500.0,4.6,10.09,22.9,48.16,76.67,109.65,148.14,197.05,256.18,340.0,459.12,495.21,511.56,193.19,170.9,129.0,4.0,10.75,23.0,50.0,73.0,109.0,150.0,214.0,271.5,389.0,500.0,500.0,500.0
2026-09-17 07:30:00,U Rohrdamm (Berlin),7,250,500.0,7.01,17.19,35.98,76.73,120.41,171.43,236.27,306.45,387.64,465.67,502.79,522.78,550.64,261.22,234.02,178.0,4.0,10.75,23.0,50.0,73.0,109.0,150.0,214.0,271.5,389.0,500.0,500.0,500.0
2026-09-17 07:45:00,U Rohrdamm (Berlin),7,500,500.0,6.45,15.18,32.88,68.74,107.5,153.9,210.23,275.91,353.33,443.26,495.92,513.51,534.66,243.75,216.76,192.0,4.0,10.75,23.0,50.0,73.0,109.0,150.0,214.0,271.5,389.0,500.0,500.0,500.0
2026-09-17 08:00:00,U Rohrdamm (Berlin),8,31,500.0,4.98,11.05,24.62,51.78,81.74,117.25,157.94,209.89,272.64,363.93,471.62,499.45,515.29,202.92,180.79,164.0,3.1,9.4,17.0,44.6,74.6,108.0,141.0,180.6,243.0,317.0,472.4,500.0,500.0
2026-09-17 08:15:00,U Rohrdamm (Berlin),8,285,500.0,4.78,10.45,23.28,48.89,77.44,110.72,149.26,197.51,256.77,342.05,460.55,495.54,511.9,194.14,174.58,144.0,3.1,9.4,17.0,44.6,74.6,108.0,141.0,180.6,243.0,317.0,472.4,500.0,500.0
2026-09-17 08:30:00,U Rohrdamm (Berlin),8,109,500.0,5.03,11.14,24.86,52.27,82.28,117.81,158.46,210.65,272.65,364.21,471.82,499.99,515.61,203.23,183.47,124.0,3.1,9.4,17.0,44.6,74.6,108.0,141.0,180.6,243.0,317.0,472.4,500.0,500.0
2026-09-17 08:45:00,U Rohrdamm (Berlin),8,52,500.0,5.44,12.2,27.0,56.58,88.89,126.6,170.91,228.04,294.53,388.69,481.17,503.59,519.25,214.22,194.67,123.0,3.1,9.4,17.0,44.6,74.6,108.0,141.0,180.6,243.0,317.0,472.4,500.0,500.0
2026-09-17 09:00:00,U Rohrdamm (Berlin),9,53,498.5,4.87,10.6,23.7,49.93,79.03,112.8,151.9,199.97,259.36,343.74,460.91,496.05,512.41,195.64,181.4,149.0,2.75,7.5,16.0,40.0,60.0,88.0,118.0,160.0,186.0,288.0,388.0,498.5,500.0
2026-09-17 09:15:00,U Rohrdamm (Berlin),9,15,498.5,5.0,10.93,24.41,51.35,80.98,115.61,155.61,205.68,265.78,351.96,464.91,497.13,512.79,199.2,185.43,148.0,2.75,7.5,16.0,40.0,60.0,88.0,118.0,160.0,186.0,288.0,388.0,498.5,500.0
2026-09-17 09:30:00,U Rohrdamm (Berlin),9,60,498.5,3.78,7.78,17.37,36.83,59.7,85.72,116.58,152.71,199.67,262.78,379.21,461.34,493.67,157.59,147.5,95.5,2.75,7.5,16.0,40.0,60.0,88.0,118.0,160.0,186.0,288.0,388.0,498.5,500.0
2026-09-17 09:45:00,U Rohrdamm (Berlin),9,123,498.5,3.36,6.79,15.03,32.11,51.95,74.3,101.05,132.14,174.76,233.17,332.31,427.75,477.99,140.48,129.76,87.0,2.75,7.5,16.0,40.0,60.0,88.0,118.0,160.0,186.0,288.0,388.0,498.5,500.0
2026-09-17 10:00:00,U Rohrdamm (Berlin),10,3,216.05,3.02,5.97,13.35,27.87,44.77,64.61,88.1,116.65,152.68,204.67,291.51,383.64,452.97,124.74,113.66,86.0,1.83,4.0,8.0,18.0,24.9,34.2,47.0,57.8,90.1,118.8,161.4,216.05,300.0
2026-09-17 10:15:00,U Rohrdamm (Berlin),10,61,216.05,2.14,4.14,9.03,18.74,29.34,42.0,57.48,75.45,99.04,132.36,195.03,258.97,323.96,84.22,74.31,45.5,1.83,4.0,8.0,18.0,24.9,34.2,47.0,57.8,90.1,118.8,161.4,216.05,300.0
2026-09-17 10:30:00,U Rohrdamm (Berlin),10,10,216.05,1.67,3.37,6.87,14.51,22.99,32.84,44.99,59.52,77.68,103.76,150.09,203.0,257.73,66.19,59.58,42.0,1.83,4.0,8.0,18.0,24.9,34.2,47.0,57.8,90.1,118.8,161.4,216.05,300.0
2026-09-17 10:45:00,U Rohrdamm (Berlin),10,10,216.05,1.07,2.43,4.88,10.83,16.85,23.98,32.54,43.37,57.55,76.88,110.59,145.7,187.42,48.72,44.78,27.0,1.83,4.0,8.0,18.0,24.9,34.2,47.0,57.8,90.1,118.8,161.4,216.05,300.0
2026-09-17 11:00:00,U Rohrdamm (Berlin),11,10,59.35,0.47,1.32,2.94,6.51,10.65,14.9,20.6,27.39,36.36,49.54,72.05,95.74,118.92,31.19,30.47,18.0,0.0,0.0,1.0,3.0,4.0,7.0,10.0,15.0,21.0,29.0,46.7,59.35,80.17
2026-09-17 11:15:00,U Rohrdamm (Berlin),11,14,59.35,0.0,0.32,1.11,2.89,4.86,7.55,10.37,13.55,18.36,25.42,37.88,50.06,62.14,15.99,15.85,12.0,0.0,0.0,1.0,3.0,4.0,7.0,10.0,15.0,21.0,29.0,46.7,59.35,80.17
2026-09-17 11:30:00,U Rohrdamm (Berlin),11,15,59.35,0.0,0.0,0.59,1.82,3.34,5.13,7.58,10.22,13.44,18.99,28.96,38.56,48.49,11.87,11.45,6.5,0.0,0.0,1.0,3.0,4.0,7.0,10.0,15.0,21.0,29.0,46.7,59.35,80.17
2026-09-17 11:45:00,U Rohrdamm (Berlin),11,0,59.35,0.0,0.08,0.73,2.1,3.67,5.61,8.2,10.95,14.38,20.46,31.03,41.08,51.19,12.74,12.41,7.5,0.0,0.0,1.0,3.0,4.0,7.0,10.0,15.0,21.0,29.0,46.7,59.35,80.17
2026-09-17 12:00:00,U Rohrdamm (Berlin),12,7,24.0,0.0,0.0,0.0,0.58,1.3,2.38,3.77,5.83,8.52,11.71,18.81,26.3,33.75,7.25,6.95,3.5,0.0,0.0,0.0,0.0,1.0,2.0,3.0,5.0,7.0,12.0,19.3,24.0,30.0
2026-09-17 12:15:00,U Rohrdamm (Berlin),12,0,24.0,0.0,0.0,0.02,0.66,1.45,2.59,4.01,6.17,8.87,12.18,19.54,27.14,34.52,7.57,7.28,3.0,0.0,0.0,0.0,0.0,1.0,2.0,3.0,5.0,7.0,12.0,19.3,24.0,30.0
2026-09-17 12:30:00,U Rohrdamm (Berlin),12,9,24.0,0.0,0.0,0.0,0.32,0.86,1.66,2.88,4.58,7.21,10.03,15.49,22.87,30.38,6.06,5.84,3.0,0.0,0.0,0.0,0.0,1.0,2.0,3.0,5.0,7.0,12.0,19.3,24.0,30.0
2026-09-17 12:45:00,U Rohrdamm (Berlin),12,1,24.0,0.0,0.0,0.0,0.54,1.25,2.3,3.67,5.69,8.38,11.5,18.34,25.8,33.38,7.1,7.02,4.0,0.0,0.0,0.0,0.0,1.0,2.0,3.0,5.0,7.0,12.0,19.3,24.0,30.0
2026-09-17 13:00:00,U Rohrdamm (Berlin),13,1,48.9,0.0,0.0,0.27,1.16,2.33,3.75,5.71,8.31,11.16,15.44,24.14,33.11,41.72,9.71,9.56,5.0,0.0,0.0,1.0,2.0,3.0,5.0,8.0,11.0,15.0,21.0,32.9,48.9,72.9
2026-09-17 13:15:00,U Rohrdamm (Berlin),13,6,48.9,0.0,0.11,0.78,2.2,3.81,5.87,8.54,11.38,15.0,21.21,32.12,42.53,52.83,13.24,13.32,8.0,0.0,0.0,1.0,2.0,3.0,5.0,8.0,11.0,15.0,21.0,32.9,48.9,72.9
2026-09-17 13:30:00,U Rohrdamm (Berlin),13,2,48.9,0.0,0.27,1.02,2.68,4.5,7.05,9.87,12.95,17.46,24.23,36.19,47.96,59.56,15.2,15.22,9.0,0.0,0.0,1.0,2.0,3.0,5.0,8.0,11.0,15.0,21.0,32.9,48.9,72.9
2026-09-17 13:45:00,U Rohrdamm (Berlin),13,1,48.9,0.0,0.49,1.38,3.36,5.65,8.66,11.67,15.28,20.7,28.58,42.29,55.65,70.8,17.99,18.02,13.0,0.0,0.0,1.0,2.0,3.0,5.0,8.0,11.0,15.0,21.0,32.9,48.9,72.9
2026-09-17 14:00:00,U Rohrdamm (Berlin),14,58,162.25,0.77,1.87,3.86,8.76,13.44,19.13,25.87,34.38,46.06,61.91,89.39,117.4,147.83,39.15,37.33,17.5,0.0,1.0,2.0,7.0,12.3,18.0,28.0,40.6,52.7,70.0,108.2,162.25,198.68
2026-09-17 14:15:00,U Rohrdamm (Berlin),14,16,162.25,0.6,1.56,3.34,7.43,11.78,16.47,22.35,29.79,39.56,53.81,77.93,102.96,129.59,33.94,32.4,17.5,0.0,1.0,2.0,7.0,12.3,18.0,28.0,40.6,52.7,70.0,108.2,162.25,198.68
2026-09-17 14:30:00,U Rohrdamm (Berlin),14,4,162.25,1.14,2.54,5.08,11.3,17.51,24.86,33.76,45.26,59.72,79.63,114.18,150.62,193.1,50.45,46.71,41.0,0.0,1.0,2.0,7.0,12.3,18.0,28.0,40.6,52.7,70.0,108.2,162.25,198.68
2026-09-17 14:45:00,U Rohrdamm (Berlin),14,71,162.25,1.84,3.59,7.35,15.17,23.94,34.33,47.37,62.2,81.07,107.65,155.5,210.47,265.78,68.8,62.71,36.0,0.0,1.0,2.0,7.0,12.3,18.0,28.0,40.6,52.7,70.0,108.2,162.25,198.68
2026-09-17 15:00:00,U Rohrdamm (Berlin),15,21,294.2,1.58,3.24,6.49,13.72,21.46,30.67,41.79,55.69,72.42,96.31,137.94,186.59,238.22,61.44,55.98,44.5,5.8,7.0,10.2,22.4,33.0,46.0,61.0,83.0,108.0,130.6,199.0,294.2,382.6
2026-09-17 15:15:00,U Rohrdamm (Berlin),15,50,294.2,2.88,5.55,12.26,25.18,39.75,58.14,78.75,103.73,135.01,183.3,262.5,346.42,423.26,112.93,103.78,83.0,5.8,7.0,10.2,22.4,33.0,46.0,61.0,83.0,108.0,130.6,199.0,294.2,382.6
2026-09-17 15:30:00,U Rohrdamm (Berlin),15,320,294.2,2.82,5.46,12.16,25.13,39.78,58.21,78.98,104.18,135.98,184.82,264.82,349.52,426.36,113.63,103.22,75.0,5.8,7.0,10.2,22.4,33.0,46.0,61.0,83.0,108.0,130.6,199.0,294.2,382.6
2026-09-17 15:45:00,U Rohrdamm (Berlin),15,93,294.2,2.72,5.25,11.81,24.42,38.76,56.77,76.95,101.64,132.66,180.54,259.77,342.41,420.13,111.2,101.14,61.5,5.8,7.0,10.2,22.4,33.0,46.0,61.0,83.0,108.0,130.6,199.0,294.2,382.6
2026-09-17 16:00:00,U Rohrdamm (Berlin),16,384,496.5,3.14,6.18,13.67,28.65,46.14,66.22,90.09,119.17,156.59,211.55,302.34,396.66,460.68,128.1,118.57,69.0,5.0,9.0,20.0,45.0,54.0,77.0,115.0,149.0,190.0,262.0,381.0,496.5,500.0
2026-09-17 16:15:00,U Rohrdamm (Berlin),16,12,496.5,3.16,6.29,13.93,29.23,47.16,67.75,92.09,121.65,160.27,216.81,309.77,405.43,466.34,130.89,121.09,75.0,5.0,9.0,20.0,45.0,54.0,77.0,115.0,149.0,190.0,262.0,381.0,496.5,500.0
2026-09-17 16:30:00,U Rohrdamm (Berlin),16,70,496.5,4.91,10.71,24.19,50.54,80.31,114.26,153.27,202.96,262.22,347.05,463.42,496.87,512.65,197.28,183.82,135.0,5.0,9.0,20.0,45.0,54.0,77.0,115.0,149.0,190.0,262.0,381.0,496.5,500.0
2026-09-17 16:45:00,U Rohrdamm (Berlin),16,109,496.5,5.51,12.41,27.59,56.62,89.67,127.38,171.9,229.18,295.28,388.2,481.46,503.16,518.39,214.59,196.84,178.5,5.0,9.0,20.0,45.0,54.0,77.0,115.0,149.0,190.0,262.0,381.0,496.5,500.0
2026-09-17 17:00:00,U Rohrdamm (Berlin),17,236,500.0,4.33,9.44,21.64,45.41,72.69,104.22,140.15,186.1,243.53,322.84,448.31,491.87,509.41,185.72,169.66,102.5,9.0,15.0,21.1,49.2,76.3,104.8,152.0,197.0,242.0,336.4,499.8,500.0,500.0
2026-09-17 17:15:00,U Rohrdamm (Berlin),17,160,500.0,7.05,17.45,35.45,74.8,117.54,166.79,230.18,299.32,379.07,459.8,500.68,518.4,542.65,256.44,232.16,189.5,9.0,15.0,21.1,49.2,76.3,104.8,152.0,197.0,242.0,336.4,499.8,500.0,500.0
2026-09-17 17:30:00,U Rohrdamm (Berlin),17,307,500.0,4.98,11.09,25.0,51.77,81.96,117.17,156.98,208.31,269.6,359.65,469.28,499.01,514.83,201.62,184.62,122.0,9.0,15.0,21.1,49.2,76.3,104.8,152.0,197.0,242.0,336.4,499.8,500.0,500.0
2026-09-17 17:45:00,U Rohrdamm (Berlin),17,175,500.0,5.04,11.21,24.91,51.55,81.49,116.11,155.59,206.53,267.11,356.12,467.61,498.26,513.82,200.26,182.86,153.5,9.0,15.0,21.1,49.2,76.3,104.8,152.0,197.0,242.0,336.4,499.8,500.0,500.0
2026-09-17 18:00:00,U Rohrdamm (Berlin),18,273,500.0,6.03,14.03,30.6,62.38,98.39,139.33,190.07,250.41,322.36,417.66,490.22,508.22,525.24,228.99,204.33,153.0,9.73,14.9,27.7,52.8,78.0,102.0,138.0,193.6,286.3,375.4,500.0,500.0,500.0
2026-09-17 18:15:00,U Rohrdamm (Berlin),18,86,500.0,6.81,16.67,34.69,72.75,113.39,160.89,221.39,288.28,368.34,454.24,499.15,516.29,539.27,251.08,223.54,153.0,9.73,14.9,27.7,52.8,78.0,102.0,138.0,193.6,286.3,375.4,500.0,500.0,500.0
2026-09-17 18:30:00,U Rohrdamm (Berlin),18,336,500.0,5.14,11.69,26.03,54.08,85.42,121.54,162.92,217.09,280.41,374.06,475.83,501.41,516.83,207.38,186.14,136.0,9.73,14.9,27.7,52.8,78.0,102.0,138.0,193.6,286.3,375.4,500.0,500.0,500.0
2026-09-17 18:45:00,U Rohrdamm (Berlin),18,391,500.0,4.75,10.64,23.86,49.54,78.48,111.95,150.38,198.98,258.71,344.51,462.57,496.16,512.16,195.31,175.57,123.0,9.73,14.9,27.7,52.8,78.0,102.0,138.0,193.6,286.3,375.4,500.0,500.0,500.0
2026-09-17 19:00:00,U Rohrdamm (Berlin),19,224,500.0,4.75,10.6,23.95,49.79,79.24,112.78,151.75,200.62,260.83,346.87,463.65,496.88,512.92,196.48,177.67,103.0,7.6,14.0,24.0,39.0,57.6,79.0,107.0,145.2,191.4,310.2,431.8,500.0,500.0
2026-09-17 19:15:00,U Rohrdamm (Berlin),19,39,500.0,4.83,10.75,24.37,50.79,80.41,114.29,153.41,203.08,263.71,350.49,465.83,498.01,514.01,198.22,178.9,103.5,7.6,14.0,24.0,39.0,57.6,79.0,107.0,145.2,191.4,310.2,431.8,500.0,500.0
2026-09-17 19:30:00,U Rohrdamm (Berlin),19,203,500.0,4.08,8.72,19.8,40.73,65.56,94.21,126.73,166.46,218.99,289.03,412.86,479.53,503.5,170.46,156.0,119.0,7.6,14.0,24.0,39.0,57.6,79.0,107.0,145.2,191.4,310.2,431.8,500.0,500.0
2026-09-17 19:45:00,U Rohrdamm (Berlin),19,267,500.0,4.06,8.73,19.64,40.32,64.83,93.11,125.47,164.8,216.68,285.76,409.3,477.87,502.16,168.97,154.64,107.0,7.6,14.0,24.0,39.0,57.6,79.0,107.0,145.2,191.4,310.2,431.8,500.0,500.0
2026-09-17 20:00:00,U Rohrdamm (Berlin),20,432,305.0,2.82,5.75,12.9,26.59,42.37,61.48,83.62,110.68,144.9,195.32,280.22,371.05,444.84,119.87,107.56,78.0,3.0,5.0,10.0,20.0,36.5,57.0,80.0,107.0,141.0,177.0,226.5,305.0,376.38
2026-09-17 20:15:00,U Rohrdamm (Berlin),20,92,305.0,3.04,6.23,14.0,29.23,47.18,68.14,92.45,121.87,160.06,215.13,306.6,401.03,464.81,130.45,117.31,91.0,3.0,5.0,10.0,20.0,36.5,57.0,80.0,107.0,141.0,177.0,226.5,305.0,376.38
2026-09-17 20:30:00,U Rohrdamm (Berlin),20,63,305.0,2.85,5.67,12.7,26.1,41.62,60.7,82.69,109.34,143.18,192.95,276.53,365.01,440.05,118.38,105.39,81.0,3.0,5.0,10.0,20.0,36.5,57.0,80.0,107.0,141.0,177.0,226.5,305.0,376.38
2026-09-17 20:45:00,U Rohrdamm (Berlin),20,109,305.0,2.72,5.35,11.96,24.33,38.55,56.55,76.78,101.43,132.22,179.28,257.83,340.43,418.82,110.72,98.78,64.0,3.0,5.0,10.0,20.0,36.5,57.0,80.0,107.0,141.0,177.0,226.5,305.0,376.38
2026-09-17 21:00:00,U Rohrdamm (Berlin),21,7,183.1,2.26,4.39,9.71,19.65,30.4,43.77,59.72,78.6,103.0,137.39,201.48,267.96,336.91,87.36,78.0,59.0,1.0,3.0,6.0,12.0,18.0,26.0,36.0,53.4,69.9,90.6,132.6,183.1,243.57
2026-09-17 21:15:00,U Rohrdamm (Berlin),21,52,183.1,2.15,4.15,9.03,18.37,28.49,40.79,56.05,73.51,96.11,128.51,187.51,250.22,312.68,81.58,72.3,53.0,1.0,3.0,6.0,12.0,18.0,26.0,36.0,53.4,69.9,90.6,132.6,183.1,243.57
2026-09-17 21:30:00,U Rohrdamm (Berlin),21,6,183.1,1.39,2.89,5.75,12.49,19.65,27.69,37.67,50.56,66.21,88.15,127.53,170.37,218.57,56.35,49.79,36.0,1.0,3.0,6.0,12.0,18.0,26.0,36.0,53.4,69.9,90.6,132.6,183.1,243.57
2026-09-17 21:45:00,U Rohrdamm (Berlin),21,8,183.1,0.64,1.63,3.45,7.68,11.99,16.9,22.81,30.18,39.88,54.24,79.14,104.87,132.19,34.5,32.33,23.0,1.0,3.0,6.0,12.0,18.0,26.0,36.0,53.4,69.9,90.6,132.6,183.1,243.57
2026-09-17 22:00:00,U Rohrdamm (Berlin),22,32,87.95,0.81,1.92,3.92,8.8,13.55,19.42,26.07,34.35,45.93,61.77,89.27,117.77,148.56,39.18,37.4,24.0,0.0,1.0,1.0,3.4,6.0,9.0,12.0,17.0,23.0,37.2,61.3,87.95,104.97
2026-09-17 22:15:00,U Rohrdamm (Berlin),22,9,87.95,0.38,1.15,2.61,5.72,9.66,13.57,18.73,24.88,32.87,44.67,64.47,86.02,108.51,28.2,27.82,14.0,0.0,1.0,1.0,3.4,6.0,9.0,12.0,17.0,23.0,37.2,61.3,87.95,104.97
2026-09-17 22:30:00,U Rohrdamm (Berlin),22,2,87.95,0.0,0.2,0.93,2.5,4.24,6.62,9.33,12.22,16.43,23.27,34.98,46.34,57.28,14.5,14.58,11.0,0.0,1.0,1.0,3.4,6.0,9.0,12.0,17.0,23.0,37.2,61.3,87.95,104.97
2026-09-17 22:45:00,U Rohrdamm (Berlin),22,73,87.95,0.0,0.04,0.66,1.93,3.46,5.36,7.92,10.56,13.84,19.81,30.43,40.56,50.7,12.39,12.47,9.0,0.0,1.0,1.0,3.4,6.0,9.0,12.0,17.0,23.0,37.2,61.3,87.95,104.97
2026-09-17 23:00:00,U Rohrdamm (Berlin),23,2,27.0,0.0,0.0,0.21,1.03,2.08,3.41,5.2,7.74,10.39,14.09,22.74,31.33,39.39,9.02,9.24,5.0,0.0,0.0,0.0,0.0,1.0,2.0,3.0,5.0,8.0,11.0,17.0,27.0,34.9
2026-09-17 23:15:00,U Rohrdamm (Berlin),23,0,27.0,0.0,0.0,0.04,0.71,1.57,2.77,4.26,6.55,9.23,12.48,20.03,28.24,35.64,7.86,8.02,4.0,0.0,0.0,0.0,0.0,1.0,2.0,3.0,5.0,8.0,11.0,17.0,27.0,34.9
2026-09-17 23:30:00,U Rohrdamm (Berlin),23,2,27.0,0.0,0.0,0.0,0.22,0.72,1.41,2.52,4.0,6.51,9.43,14.26,21.75,29.44,5.61,5.64,2.0,0.0,0.0,0.0,0.0,1.0,2.0,3.0,5.0,8.0,11.0,17.0,27.0,34.9
2026-09-17 23:45:00,U Rohrdamm (Berlin),23,1,27.0,0.0,0.0,0.0,0.17,0.62,1.2,2.11,3.44,5.69,8.76,13.26,20.27,28.0,5.13,5.12,1.0,0.0,0.0,0.0,0.0,1.0,2.0,3.0,5.0,8.0,11.0,17.0,27.0,34.9
2026-09-19 00:00:00,U Rohrdamm (Berlin),0,0,7.25,0.0,0.0,0.0,0.0,0.0,0.0,0.13,0.3,0.6,1.09,2.89,8.03,10.65,1.09,1.04,0.0,0.0,0.0,0.0,0.0,0.0,0.0,0.0,0.0,0.0,1.0,5.0,7.25,8.62
2026-09-19 00:15:00,U Rohrdamm (Berlin),0,0,7.25,0.0,0.0,0.0,0.0,0.0,0.0,0.12,0.3,0.61,1.12,3.17,8.33,10.95,1.14,1.17,0.0,0.0,0.0,0.0,0.0,0.0,0.0,0.0,0.0,0.0,1.0,5.0,7.25,8.62
2026-09-19 00:30:00,U Rohrdamm (Berlin),0,0,7.25,0.0,0.0,0.0,0.0,0.0,0.03,0.22,0.46,0.85,1.62,5.28,9.52,12.37,1.55,1.58,0.0,0.0,0.0,0.0,0.0,0.0,0.0,0.0,0.0,0.0,1.0,5.0,7.25,8.62
2026-09-19 00:45:00,U Rohrdamm (Berlin),0,0,7.25,0.0,0.0,0.0,0.0,0.0,0.0,0.12,0.3,0.59,1.06,2.77,7.98,10.52,1.06,0.96,0.0,0.0,0.0,0.0,0.0,0.0,0.0,0.0,0.0,0.0,1.0,5.0,7.25,8.62
2026-09-19 05:00:00,U Rohrdamm (Berlin),5,1,106.25,0.08,0.72,1.86,4.25,7.37,10.6,14.45,19.99,27.17,37.19,53.73,71.04,89.52,23.0,24.42,15.0,0.0,0.0,2.0,4.0,9.0,14.0,20.0,26.0,41.5,55.0,79.5,106.25,110.0
2026-09-19 05:15:00,U Rohrdamm (Berlin),5,18,106.25,0.01,0.62,1.65,3.82,6.63,9.72,13.12,18.04,24.67,34.12,49.46,64.98,82.38,21.02,22.12,14.0,0.0,0.0,2.0,4.0,9.0,14.0,20.0,26.0,41.5,55.0,79.5,106.25,110.0
2026-09-19 05:30:00,U Rohrdamm (Berlin),5,2,106.25,0.39,1.19,2.71,6.07,10.06,14.31,20.06,26.91,35.88,48.81,70.42,93.08,116.0,30.41,30.96,14.5,0.0,0.0,2.0,4.0,9.0,14.0,20.0,26.0,41.5,55.0,79.5,106.25,110.0
2026-09-19 05:45:00,U Rohrdamm (Berlin),5,53,106.25,1.09,2.42,4.83,10.71,17.07,24.62,33.78,45.58,59.71,78.94,112.91,148.26,188.58,49.85,49.21,36.5,0.0,0.0,2.0,4.0,9.0,14.0,20.0,26.0,41.5,55.0,79.5,106.25,110.0
2026-09-19 06:00:00,U Rohrdamm (Berlin),6,1,212.2,1.93,3.82,8.19,17.07,26.94,38.8,53.23,69.75,90.61,120.5,173.36,231.52,289.37,76.49,72.04,45.5,1.3,4.6,10.0,16.4,31.6,43.8,62.0,71.2,86.2,113.6,170.4,212.2,239.2
2026-09-19 06:15:00,U Rohrdamm (Berlin),6,1,212.2,1.51,3.16,6.51,13.75,21.88,31.39,43.07,56.86,73.87,98.22,140.85,187.88,238.6,62.41,58.65,43.0,1.3,4.6,10.0,16.4,31.6,43.8,62.0,71.2,86.2,113.6,170.4,212.2,239.2
2026-09-19 06:30:00,U Rohrdamm (Berlin),6,4,212.2,2.19,4.31,9.41,19.61,30.95,44.7,60.44,79.23,103.75,137.42,198.81,263.19,330.63,87.05,82.48,67.0,1.3,4.6,10.0,16.4,31.6,43.8,62.0,71.2,86.2,113.6,170.4,212.2,239.2
2026-09-19 06:45:00,U Rohrdamm (Berlin),6,5,212.2,2.39,4.7,10.37,21.76,34.53,49.95,67.28,88.39,115.91,153.87,223.8,294.97,371.74,96.92,91.61,79.0,1.3,4.6,10.0,16.4,31.6,43.8,62.0,71.2,86.2,113.6,170.4,212.2,239.2
2026-09-19 07:00:00,U Rohrdamm (Berlin),7,23,385.95,2.91,5.84,13.04,27.7,44.45,63.2,85.37,112.87,146.3,195.6,281.11,374.19,444.46,121.0,113.7,72.0,1.27,4.0,12.1,25.6,38.3,66.4,104.0,134.0,169.7,224.6,336.0,385.95,500.0
2026-09-19 07:15:00,U Rohrdamm (Berlin),7,60,385.95,3.19,6.51,14.49,31.2,49.63,70.15,94.68,123.88,161.15,216.19,311.0,407.85,467.32,132.35,126.13,111.0,1.27,4.0,12.1,25.6,38.3,66.4,104.0,134.0,169.7,224.6,336.0,385.95,500.0
2026-09-19 07:30:00,U Rohrdamm (Berlin),7,50,385.95,3.76,8.01,18.22,38.69,60.99,86.24,116.54,151.36,197.06,260.68,379.72,459.53,493.21,157.37,154.13,89.0,1.27,4.0,12.1,25.6,38.3,66.4,104.0,134.0,169.7,224.6,336.0,385.95,500.0
2026-09-19 07:45:00,U Rohrdamm (Berlin),7,10,385.95,3.44,7.27,16.4,35.2,56.13,78.98,106.9,139.21,182.26,242.44,350.79,442.73,485.16,147.06,143.48,117.0,1.27,4.0,12.1,25.6,38.3,66.4,104.0,134.0,169.7,224.6,336.0,385.95,500.0
2026-09-19 08:00:00,U Rohrdamm (Berlin),8,290,491.05,3.41,7.14,16.12,34.55,55.06,77.6,104.98,136.64,179.2,239.01,346.47,439.92,483.97,145.18,140.7,66.0,0.23,1.0,8.0,21.4,35.4,63.8,85.0,147.2,172.0,225.6,403.9,491.05,500.0
2026-09-19 08:15:00,U Rohrdamm (Berlin),8,118,491.05,4.22,9.16,20.79,43.91,67.99,96.02,128.18,166.81,218.6,290.03,413.47,477.8,502.88,171.6,169.87,162.0,0.23,1.0,8.0,21.4,35.4,63.8,85.0,147.2,172.0,225.6,403.9,491.05,500.0
2026-09-19 08:30:00,U Rohrdamm (Berlin),8,121,491.05,2.79,5.37,11.77,24.18,38.24,55.03,73.97,97.46,127.9,170.58,246.76,327.66,407.84,106.75,101.82,36.5,0.23,1.0,8.0,21.4,35.4,63.8,85.0,147.2,172.0,225.6,403.9,491.05,500.0
2026-09-19 08:45:00,U Rohrdamm (Berlin),8,120,491.05,4.12,9.0,20.24,42.5,65.8,93.1,124.5,161.76,211.91,280.52,403.46,472.69,500.48,167.38,166.82,118.0,0.23,1.0,8.0,21.4,35.4,63.8,85.0,147.2,172.0,225.6,403.9,491.05,500.0
2026-09-19 09:00:00,U Rohrdamm (Berlin),9,322,238.4,2.29,4.44,9.84,20.42,32.11,46.07,61.76,81.05,106.03,141.75,205.22,270.91,342.31,89.55,85.32,55.5,2.3,3.6,6.8,16.2,24.2,35.0,46.0,58.2,80.4,114.2,195.2,238.4,247.0
2026-09-19 09:15:00,U Rohrdamm (Berlin),9,500,238.4,1.32,2.82,5.71,12.39,19.4,27.39,37.32,49.47,64.27,85.02,121.5,161.62,206.43,54.36,51.78,41.0,2.3,3.6,6.8,16.2,24.2,35.0,46.0,58.2,80.4,114.2,195.2,238.4,247.0
2026-09-19 09:30:00,U Rohrdamm (Berlin),9,159,238.4,2.11,4.1,8.98,18.67,29.23,41.85,56.89,74.22,96.68,129.3,185.77,246.05,309.9,81.74,78.21,51.5,2.3,3.6,6.8,16.2,24.2,35.0,46.0,58.2,80.4,114.2,195.2,238.4,247.0
2026-09-19 09:45:00,U Rohrdamm (Berlin),9,40,238.4,1.93,3.78,8.11,16.74,26.15,37.38,50.84,66.14,85.67,114.23,163.59,218.21,274.2,72.7,69.08,42.0,2.3,3.6,6.8,16.2,24.2,35.0,46.0,58.2,80.4,114.2,195.2,238.4,247.0
2026-09-19 10:00:00,U Rohrdamm (Berlin),10,264,121.0,1.67,3.35,6.98,14.92,23.57,33.73,46.29,60.51,78.28,103.95,148.19,197.38,250.33,66.1,63.04,54.0,0.38,1.75,4.5,10.0,16.5,23.0,30.0,38.0,45.5,68.0,94.5,121.0,170.12
2026-09-19 10:15:00,U Rohrdamm (Berlin),10,282,121.0,0.66,1.67,3.56,8.13,12.77,18.36,24.95,33.33,44.41,59.68,85.85,111.92,139.62,37.34,36.38,36.5,0.38,1.75,4.5,10.0,16.5,23.0,30.0,38.0,45.5,68.0,94.5,121.0,170.12
2026-09-19 10:30:00,U Rohrdamm (Berlin),10,40,121.0,0.7,1.74,3.68,8.44,13.2,19.03,25.82,34.41,46.0,61.5,88.27,114.65,143.37,38.52,37.62,18.5,0.38,1.75,4.5,10.0,16.5,23.0,30.0,38.0,45.5,68.0,94.5,121.0,170.12
2026-09-19 10:45:00,U Rohrdamm (Berlin),10,46,121.0,0.52,1.4,3.07,6.85,11.16,15.85,21.86,29.34,39.16,53.06,76.48,100.26,123.84,33.05,32.67,26.5,0.38,1.75,4.5,10.0,16.5,23.0,30.0,38.0,45.5,68.0,94.5,121.0,170.12
2026-09-19 11:00:00,U Rohrdamm (Berlin),11,20,39.0,0.0,0.54,1.52,3.58,6.12,9.26,12.53,17.0,23.26,32.34,47.15,61.68,77.73,19.85,20.04,8.5,0.0,0.0,0.0,1.0,2.0,3.0,5.0,8.0,10.0,15.4,28.0,39.0,47.02
2026-09-19 11:15:00,U Rohrdamm (Berlin),11,15,39.0,0.0,0.0,0.29,1.25,2.53,4.05,6.2,8.76,11.64,16.21,25.31,34.43,43.18,10.15,9.54,8.0,0.0,0.0,0.0,1.0,2.0,3.0,5.0,8.0,10.0,15.4,28.0,39.0,47.02
2026-09-19 11:30:00,U Rohrdamm (Berlin),11,1,39.0,0.0,0.0,0.0,0.43,1.09,2.02,3.29,5.2,7.91,10.79,17.01,24.5,32.19,6.61,6.09,3.0,0.0,0.0,0.0,1.0,2.0,3.0,5.0,8.0,10.0,15.4,28.0,39.0,47.02
2026-09-19 11:45:00,U Rohrdamm (Berlin),11,23,39.0,0.0,0.0,0.09,0.83,1.8,3.1,4.78,7.24,9.9,13.58,21.87,30.15,37.56,8.51,8.13,2.0,0.0,0.0,0.0,1.0,2.0,3.0,5.0,8.0,10.0,15.4,28.0,39.0,47.02
2026-09-19 12:00:00,U Rohrdamm (Berlin),12,2,19.35,0.0,0.0,0.0,0.48,1.16,2.14,3.42,5.37,8.09,11.15,17.7,25.12,32.53,6.81,6.83,3.0,0.0,0.0,0.0,0.0,0.0,1.4,2.0,3.0,5.7,9.0,15.8,19.35,28.35
2026-09-19 12:15:00,U Rohrdamm (Berlin),12,0,19.35,0.0,0.0,0.0,0.0,0.33,0.77,1.38,2.46,4.18,7.5,11.31,16.87,23.43,4.14,3.35,0.0,0.0,0.0,0.0,0.0,0.0,1.4,2.0,3.0,5.7,9.0,15.8,19.35,28.35
2026-09-19 12:30:00,U Rohrdamm (Berlin),12,25,19.35,0.0,0.0,0.0,0.54,1.25,2.28,3.59,5.58,8.29,11.45,18.3,26.02,33.36,7.03,7.0,1.0,0.0,0.0,0.0,0.0,0.0,1.4,2.0,3.0,5.7,9.0,15.8,19.35,28.35
2026-09-19 12:45:00,U Rohrdamm (Berlin),12,15,19.35,0.0,0.0,0.0,0.18,0.64,1.24,2.17,3.48,5.76,8.82,13.37,20.17,27.58,5.14,4.96,3.0,0.0,0.0,0.0,0.0,0.0,1.4,2.0,3.0,5.7,9.0,15.8,19.35,28.35
2026-09-19 13:00:00,U Rohrdamm (Berlin),13,0,32.35,0.0,0.0,0.4,1.41,2.71,4.23,6.45,9.09,12.12,17.17,26.72,35.71,44.71,10.64,10.96,3.0,0.0,0.0,0.0,0.2,2.0,3.0,6.0,8.0,11.0,14.0,23.9,32.35,55.25
2026-09-19 13:15:00,U Rohrdamm (Berlin),13,1,32.35,0.0,0.0,0.12,0.87,1.85,3.16,4.9,7.41,10.02,13.68,22.05,30.45,37.93,8.63,8.65,6.0,0.0,0.0,0.0,0.2,2.0,3.0,6.0,8.0,11.0,14.0,23.9,32.35,55.25
2026-09-19 13:30:00,U Rohrdamm (Berlin),13,32,32.35,0.0,0.0,0.29,1.22,2.46,3.97,6.18,8.78,11.66,16.36,25.75,34.83,43.71,10.23,10.26,8.0,0.0,0.0,0.0,0.2,2.0,3.0,6.0,8.0,11.0,14.0,23.9,32.35,55.25
2026-09-19 13:45:00,U Rohrdamm (Berlin),13,12,32.35,0.0,0.0,0.36,1.35,2.67,4.24,6.52,9.14,12.11,17.24,26.92,36.18,45.57,10.72,10.78,9.0,0.0,0.0,0.0,0.2,2.0,3.0,6.0,8.0,11.0,14.0,23.9,32.35,55.25
2026-09-19 14:00:00,U Rohrdamm (Berlin),14,19,60.6,0.0,0.0,0.57,1.84,3.47,5.54,8.19,10.91,14.58,21.0,32.26,42.89,52.9,12.96,12.83,8.0,0.27,1.0,2.0,4.0,6.0,8.0,11.0,16.2,27.7,37.4,45.9,60.6,118.75
2026-09-19 14:15:00,U Rohrdamm (Berlin),14,9,60.6,0.0,0.35,1.17,3.07,5.33,8.3,11.32,15.15,20.92,29.19,42.91,55.96,70.12,17.87,18.0,9.0,0.27,1.0,2.0,4.0,6.0,8.0,11.0,16.2,27.7,37.4,45.9,60.6,118.75
2026-09-19 14:30:00,U Rohrdamm (Berlin),14,13,60.6,0.03,0.63,1.69,3.97,7.05,10.33,13.96,19.18,26.04,35.6,51.92,68.29,85.86,22.07,22.43,13.0,0.27,1.0,2.0,4.0,6.0,8.0,11.0,16.2,27.7,37.4,45.9,60.6,118.75
2026-09-19 14:45:00,U Rohrdamm (Berlin),14,48,60.6,0.55,1.46,3.18,7.26,11.61,16.59,22.76,30.56,40.66,54.86,78.28,102.3,127.14,34.08,35.04,15.0,0.27,1.0,2.0,4.0,6.0,8.0,11.0,16.2,27.7,37.4,45.9,60.6,118.75
2026-09-19 15:00:00,U Rohrdamm (Berlin),15,6,151.0,0.85,2.01,4.18,9.54,14.76,21.23,28.94,38.7,51.37,68.37,97.91,127.38,159.46,42.97,43.83,34.5,0.75,2.0,4.0,9.0,14.5,23.0,28.5,41.0,57.5,79.0,118.5,151.0,199.75
2026-09-19 15:15:00,U Rohrdamm (Berlin),15,78,151.0,0.79,1.89,3.97,9.12,14.11,20.35,27.78,37.18,49.45,65.93,94.71,122.81,154.48,41.45,42.67,23.5,0.75,2.0,4.0,9.0,14.5,23.0,28.5,41.0,57.5,79.0,118.5,151.0,199.75
2026-09-19 15:30:00,U Rohrdamm (Berlin),15,58,151.0,0.93,2.15,4.44,10.05,15.68,22.51,30.92,41.33,54.62,72.62,103.79,134.98,170.7,45.69,46.25,21.5,0.75,2.0,4.0,9.0,14.5,23.0,28.5,41.0,57.5,79.0,118.5,151.0,199.75
2026-09-19 15:45:00,U Rohrdamm (Berlin),15,240,151.0,1.49,3.09,6.51,13.91,22.01,31.67,43.35,57.18,73.93,98.01,139.86,185.8,236.17,62.33,62.25,43.0,0.75,2.0,4.0,9.0,14.5,23.0,28.5,41.0,57.5,79.0,118.5,151.0,199.75
2026-09-19 16:00:00,U Rohrdamm (Berlin),16,16,299.5,1.92,3.8,8.27,17.16,27.04,38.64,52.73,68.83,89.2,119.1,170.27,227.24,284.95,75.55,76.0,68.0,1.75,4.0,9.0,22.0,45.0,59.0,76.5,109.0,123.5,142.0,180.0,299.5,330.12
2026-09-19 16:15:00,U Rohrdamm (Berlin),16,127,299.5,1.93,3.83,8.4,17.29,27.1,38.72,52.97,69.31,89.86,120.26,172.64,230.92,289.84,76.37,75.88,51.0,1.75,4.0,9.0,22.0,45.0,59.0,76.5,109.0,123.5,142.0,180.0,299.5,330.12
2026-09-19 16:30:00,U Rohrdamm (Berlin),16,20,299.5,3.35,6.9,15.2,32.67,52.26,73.39,98.57,128.15,166.1,221.87,318.25,416.19,472.08,136.19,140.0,129.5,1.75,4.0,9.0,22.0,45.0,59.0,76.5,109.0,123.5,142.0,180.0,299.5,330.12
2026-09-19 16:45:00,U Rohrdamm (Berlin),16,41,299.5,2.37,4.7,10.55,21.79,34.51,49.7,66.77,87.44,114.74,152.53,220.73,291.07,370.02,96.12,94.58,75.0,1.75,4.0,9.0,22.0,45.0,59.0,76.5,109.0,123.5,142.0,180.0,299.5,330.12
2026-09-19 17:00:00,U Rohrdamm (Berlin),17,107,376.0,2.76,5.63,12.66,26.46,42.26,60.13,80.58,106.21,137.95,184.28,265.73,355.48,434.5,115.21,111.92,73.0,5.75,10.5,17.0,33.0,45.5,58.0,75.5,107.0,133.0,190.0,280.5,376.0,479.0
2026-09-19 17:15:00,U Rohrdamm (Berlin),17,441,376.0,2.21,4.32,9.61,19.7,30.86,44.23,59.62,77.74,101.94,136.26,197.71,262.63,333.56,86.54,82.25,59.0,5.75,10.5,17.0,33.0,45.5,58.0,75.5,107.0,133.0,190.0,280.5,376.0,479.0
2026-09-19 17:30:00,U Rohrdamm (Berlin),17,203,376.0,3.72,8.14,18.53,39.05,61.61,87.21,117.32,152.21,197.81,262.44,383.34,463.58,495.87,158.66,154.88,130.5,5.75,10.5,17.0,33.0,45.5,58.0,75.5,107.0,133.0,190.0,280.5,376.0,479.0
2026-09-19 17:45:00,U Rohrdamm (Berlin),17,115,376.0,3.33,6.86,15.25,32.76,52.23,73.0,98.3,128.24,166.75,224.16,322.16,420.65,474.37,136.93,132.25,70.5,5.75,10.5,17.0,33.0,45.5,58.0,75.5,107.0,133.0,190.0,280.5,376.0,479.0
2026-09-19 18:00:00,U Rohrdamm (Berlin),18,22,375.0,2.65,5.25,11.86,24.87,39.39,56.62,75.68,99.64,130.45,174.16,252.17,336.78,417.01,109.22,102.08,73.0,5.3,6.6,12.2,31.0,50.8,76.2,110.0,134.0,166.4,205.8,279.0,375.0,456.0
2026-09-19 18:15:00,U Rohrdamm (Berlin),18,133,375.0,3.73,8.11,18.33,38.63,60.81,85.64,115.37,149.47,194.36,257.63,376.07,459.95,493.99,156.18,150.13,159.0,5.3,6.6,12.2,31.0,50.8,76.2,110.0,134.0,166.4,205.8,279.0,375.0,456.0
2026-09-19 18:30:00,U Rohrdamm (Berlin),18,4,375.0,3.1,6.43,14.32,30.84,49.12,68.99,92.74,121.72,158.18,212.0,306.1,404.05,465.54,130.44,122.91,69.0,5.3,6.6,12.2,31.0,50.8,76.2,110.0,134.0,166.4,205.8,279.0,375.0,456.0
2026-09-19 18:45:00,U Rohrdamm (Berlin),18,51,375.0,3.75,8.15,18.5,39.0,61.48,86.9,117.01,151.59,196.83,260.87,380.05,462.36,495.24,157.88,151.09,123.0,5.3,6.6,12.2,31.0,50.8,76.2,110.0,134.0,166.4,205.8,279.0,375.0,456.0
2026-09-19 19:00:00,U Rohrdamm (Berlin),19,26,377.35,3.51,7.51,17.03,36.29,57.51,80.98,109.15,141.78,184.82,245.82,354.53,447.5,488.55,149.3,143.26,88.0,3.28,4.55,9.2,26.4,44.0,52.6,78.5,97.2,131.1,167.8,279.6,377.35,486.8
2026-09-19 19:15:00,U Rohrdamm (Berlin),19,77,377.35,3.01,6.24,14.23,30.54,48.56,68.57,92.29,121.06,157.45,210.45,302.92,399.2,462.65,129.53,122.35,98.0,3.28,4.55,9.2,26.4,44.0,52.6,78.5,97.2,131.1,167.8,279.6,377.35,486.8
2026-09-19 19:30:00,U Rohrdamm (Berlin),19,382,377.35,2.43,4.76,10.72,22.4,35.21,50.64,68.07,89.09,116.97,155.79,225.85,297.69,376.92,98.01,91.65,65.0,3.28,4.55,9.2,26.4,44.0,52.6,78.5,97.2,131.1,167.8,279.6,377.35,486.8
2026-09-19 19:45:00,U Rohrdamm (Berlin),19,203,377.35,2.49,4.89,11.11,23.23,36.75,52.96,71.01,92.95,121.47,161.87,234.21,309.11,389.4,101.76,95.61,58.0,3.28,4.55,9.2,26.4,44.0,52.6,78.5,97.2,131.1,167.8,279.6,377.35,486.8
2026-09-19 20:00:00,U Rohrdamm (Berlin),20,182,209.5,2.18,4.2,9.38,19.63,30.88,44.36,59.9,78.31,102.36,135.98,196.27,259.97,326.61,86.18,81.09,56.0,1.0,2.0,4.9,13.0,21.8,34.0,44.0,63.4,90.3,117.6,166.1,209.5,232.72
2026-09-19 20:15:00,U Rohrdamm (Berlin),20,409,209.5,2.3,4.41,9.91,20.83,32.9,47.41,63.83,83.64,109.34,145.21,209.93,276.21,346.89,91.64,86.55,47.0,1.0,2.0,4.9,13.0,21.8,34.0,44.0,63.4,90.3,117.6,166.1,209.5,232.72
2026-09-19 20:30:00,U Rohrdamm (Berlin),20,193,209.5,1.93,3.74,8.09,16.92,26.53,38.03,52.0,67.93,88.07,117.24,167.82,223.91,279.63,74.37,69.18,50.0,1.0,2.0,4.9,13.0,21.8,34.0,44.0,63.4,90.3,117.6,166.1,209.5,232.72
2026-09-19 20:45:00,U Rohrdamm (Berlin),20,25,209.5,1.21,2.63,5.36,11.78,18.6,26.31,35.84,48.07,62.55,83.17,118.73,156.95,198.82,52.69,49.17,32.0,1.0,2.0,4.9,13.0,21.8,34.0,44.0,63.4,90.3,117.6,166.1,209.5,232.72
2026-09-19 21:00:00,U Rohrdamm (Berlin),21,82,88.2,0.73,1.81,3.81,8.69,13.62,19.72,26.74,35.63,47.74,63.94,91.88,119.95,151.29,40.1,39.13,28.0,0.0,1.0,1.4,6.0,10.0,15.6,21.0,28.0,36.8,52.2,72.4,88.2,95.9
2026-09-19 21:15:00,U Rohrdamm (Berlin),21,3,88.2,0.74,1.85,3.85,8.74,13.7,19.87,26.97,35.9,48.12,64.5,92.73,121.0,152.58,40.43,39.5,20.0,0.0,1.0,1.4,6.0,10.0,15.6,21.0,28.0,36.8,52.2,72.4,88.2,95.9
2026-09-19 21:30:00,U Rohrdamm (Berlin),21,28,88.2,0.59,1.57,3.37,7.57,11.98,17.17,23.48,31.45,42.01,56.88,82.27,107.39,133.73,35.44,34.67,25.5,0.0,1.0,1.4,6.0,10.0,15.6,21.0,28.0,36.8,52.2,72.4,88.2,95.9
2026-09-19 21:45:00,U Rohrdamm (Berlin),21,28,88.2,0.0,0.29,1.1,2.9,5.0,7.81,10.68,14.17,19.67,27.73,41.11,53.82,67.34,17.0,17.0,9.0,0.0,1.0,1.4,6.0,10.0,15.6,21.0,28.0,36.8,52.2,72.4,88.2,95.9
2026-09-19 22:00:00,U Rohrdamm (Berlin),22,27,41.5,0.0,0.51,1.48,3.55,6.1,9.14,12.36,16.72,23.06,32.18,47.14,61.86,77.98,19.75,20.17,11.0,0.0,0.0,0.0,2.0,3.0,5.0,8.5,13.0,16.5,22.0,34.5,41.5,50.0
2026-09-19 22:15:00,U Rohrdamm (Berlin),22,8,41.5,0.0,0.18,0.92,2.57,4.39,6.9,9.65,12.81,17.45,24.73,36.87,48.57,60.18,15.2,15.21,13.0,0.0,0.0,0.0,2.0,3.0,5.0,8.5,13.0,16.5,22.0,34.5,41.5,50.0
2026-09-19 22:30:00,U Rohrdamm (Berlin),22,9,41.5,0.0,0.0,0.38,1.41,2.8,4.45,6.81,9.39,12.43,17.48,27.55,36.99,46.37,10.97,10.33,4.0,0.0,0.0,0.0,2.0,3.0,5.0,8.5,13.0,16.5,22.0,34.5,41.5,50.0
2026-09-19 22:45:00,U Rohrdamm (Berlin),22,0,41.5,0.0,0.0,0.25,1.17,2.42,3.92,6.06,8.61,11.46,15.82,25.14,34.36,43.05,10.0,9.58,6.5,0.0,0.0,0.0,2.0,3.0,5.0,8.5,13.0,16.5,22.0,34.5,41.5,50.0
2026-09-19 23:00:00,U Rohrdamm (Berlin),23,11,19.25,0.0,0.0,0.0,0.29,0.81,1.55,2.68,4.29,7.07,10.03,15.62,23.42,31.09,6.02,5.96,3.0,0.0,0.0,0.0,0.0,0.5,1.0,2.0,3.0,5.0,8.0,12.5,19.25,20.62
2026-09-19 23:15:00,U Rohrdamm (Berlin),23,0,19.25,0.0,0.0,0.0,0.17,0.6,1.18,2.05,3.36,5.71,8.9,13.64,20.83,28.5,5.19,5.0,1.0,0.0,0.0,0.0,0.0,0.5,1.0,2.0,3.0,5.0,8.0,12.5,19.25,20.62
2026-09-19 23:30:00,U Rohrdamm (Berlin),23,0,19.25,0.0,0.0,0.0,0.18,0.64,1.25,2.22,3.61,6.09,9.24,14.16,21.6,29.29,5.42,5.33,2.0,0.0,0.0,0.0,0.0,0.5,1.0,2.0,3.0,5.0,8.0,12.5,19.25,20.62
2026-09-19 23:45:00,U Rohrdamm (Berlin),23,1,19.25,0.0,0.0,0.0,0.0,0.11,0.39,0.8,1.45,2.83,5.77,9.96,14.27,20.55,3.29,2.67,2.0,0.0,0.0,0.0,0.0,0.5,1.0,2.0,3.0,5.0,8.0,12.5,19.25,20.62
2026-09-16 00:00:00,U Spichernstr. (Berlin),0,0,13.35,0.0,0.0,0.0,0.0,0.06,0.32,0.72,1.28,2.25,4.52,9.56,13.82,21.67,3.15,3.38,0.0,0.0,0.0,0.0,0.0,0.0,0.0,0.0,0.0,1.0,3.4,9.0,13.35,17.0
2026-09-16 00:15:00,U Spichernstr. (Berlin),0,0,13.35,0.0,0.0,0.0,0.0,0.0,0.17,0.41,0.8,1.34,2.5,7.44,10.79,15.8,2.2,2.34,0.0,0.0,0.0,0.0,0.0,0.0,0.0,0.0,0.0,1.0,3.4,9.0,13.35,17.0
2026-09-16 00:30:00,U Spichernstr. (Berlin),0,0,13.35,0.0,0.0,0.0,0.0,0.01,0.24,0.53,0.95,1.59,2.93,8.21,11.58,17.77,2.49,2.61,0.0,0.0,0.0,0.0,0.0,0.0,0.0,0.0,0.0,1.0,3.4,9.0,13.35,17.0
2026-09-16 00:45:00,U Spichernstr. (Berlin),0,0,13.35,0.0,0.0,0.0,0.0,0.0,0.0,0.15,0.34,0.69,1.23,3.05,7.96,10.83,1.22,1.39,0.0,0.0,0.0,0.0,0.0,0.0,0.0,0.0,0.0,1.0,3.4,9.0,13.35,17.0
2026-09-16 05:00:00,U Spichernstr. (Berlin),5,216,619.1,2.66,5.49,12.44,27.04,44.44,63.73,85.86,111.39,144.4,193.7,279.53,368.54,444.48,121.36,122.18,89.0,4.0,6.95,24.8,37.8,67.7,93.2,129.0,163.8,242.6,301.8,460.3,619.1,812.22
2026-09-16 05:15:00,U Spichernstr. (Berlin),5,96,619.1,2.9,6.09,14.06,31.64,52.21,74.2,99.36,129.55,169.27,227.48,325.35,422.53,496.19,140.54,143.88,103.5,4.0,6.95,24.8,37.8,67.7,93.2,129.0,163.8,242.6,301.8,460.3,619.1,812.22
2026-09-16 05:30:00,U Spichernstr. (Berlin),5,74,619.1,4.16,9.86,23.83,53.96,87.95,123.98,168.61,223.93,299.31,410.45,554.26,666.73,780.66,239.49,236.22,162.5,4.0,6.95,24.8,37.8,67.7,93.2,129.0,163.8,242.6,301.8,460.3,619.1,812.22
2026-09-16 05:45:00,U Spichernstr. (Berlin),5,1178,619.1,4.96,12.21,28.48,63.07,101.49,145.6,198.04,266.31,363.7,486.55,645.18,789.15,929.26,284.11,288.7,250.0,4.0,6.95,24.8,37.8,67.7,93.2,129.0,163.8,242.6,301.8,460.3,619.1,812.22
2026-09-16 06:00:00,U Spichernstr. (Berlin),6,194,1476.4,6.51,16.53,36.12,76.88,124.49,179.15,247.85,340.38,463.16,601.15,802.17,990.64,1171.8,356.75,362.08,280.5,15.6,37.0,61.2,109.0,170.0,255.6,345.0,478.2,580.8,773.6,1046.2,1476.4,1982.5
2026-09-16 06:15:00,U Spichernstr. (Berlin),6,1325,1476.4,8.3,20.75,43.06,90.23,146.77,212.95,303.58,426.01,553.96,705.55,947.72,1177.63,1398.28,429.1,447.31,293.0,15.6,37.0,61.2,109.0,170.0,255.6,345.0,478.2,580.8,773.6,1046.2,1476.4,1982.5
2026-09-16 06:30:00,U Spichernstr. (Berlin),6,755,1476.4,11.6,27.08,54.49,116.78,188.72,288.87,420.42,548.39,682.05,874.38,1185.17,1490.32,1815.56,551.41,568.12,454.0,15.6,37.0,61.2,109.0,170.0,255.6,345.0,478.2,580.8,773.6,1046.2,1476.4,1982.5
2026-09-16 06:45:00,U Spichernstr. (Berlin),6,331,1476.4,12.88,29.21,58.48,127.39,207.56,323.11,464.43,591.54,735.63,946.07,1284.21,1624.18,1982.46,603.16,606.58,463.0,15.6,37.0,61.2,109.0,170.0,255.6,345.0,478.2,580.8,773.6,1046.2,1476.4,1982.5
2026-09-16 07:00:00,U Spichernstr. (Berlin),7,37,2692.5,19.81,40.41,80.76,180.5,322.61,493.97,626.83,781.23,996.98,1275.01,1733.84,2204.37,2728.49,838.76,732.34,504.0,25.5,49.75,65.0,167.0,237.0,365.0,530.0,711.0,928.5,1238.0,1885.0,2692.5,3000.0
2026-09-16 07:15:00,U Spichernstr. (Berlin),7,57,2692.5,16.51,35.33,70.43,158.19,270.03,426.15,564.27,698.7,888.27,1140.09,1553.36,1968.94,2437.91,741.43,677.24,534.0,25.5,49.75,65.0,167.0,237.0,365.0,530.0,711.0,928.5,1238.0,1885.0,2692.5,3000.0
2026-09-16 07:30:00,U Spichernstr. (Berlin),7,1448,2692.5,23.78,47.6,94.51,216.2,400.26,562.43,704.14,898.1,1144.32,1456.81,1958.97,2484.74,2972.82,967.57,791.86,488.0,25.5,49.75,65.0,167.0,237.0,365.0,530.0,711.0,928.5,1238.0,1885.0,2692.5,3000.0
2026-09-16 07:45:00,U Spichernstr. (Berlin),7,1476,2692.5,28.57,56.11,117.52,269.09,483.14,635.29,800.99,1030.47,1303.98,1657.42,2222.05,2824.08,4236.01,1117.16,870.56,597.0,25.5,49.75,65.0,167.0,237.0,365.0,530.0,711.0,928.5,1238.0,1885.0,2692.5,3000.0
2026-09-16 08:00:00,U Spichernstr. (Berlin),8,341,2313.8,31.89,65.04,139.39,329.36,547.05,708.61,910.21,1170.68,1481.81,1876.28,2516.17,3079.48,5289.04,1288.31,941.45,682.0,39.2,60.8,92.6,175.6,317.4,445.6,581.0,719.8,988.8,1418.6,1889.2,2313.8,3000.0
2026-09-16 08:15:00,U Spichernstr. (Berlin),8,501,2313.8,27.33,53.98,111.44,255.55,465.7,618.84,775.02,993.16,1258.24,1601.31,2146.54,2715.65,3798.95,1072.86,837.05,564.0,39.2,60.8,92.6,175.6,317.4,445.6,581.0,719.8,988.8,1418.6,1889.2,2313.8,3000.0
2026-09-16 08:30:00,U Spichernstr. (Berlin),8,1692,2313.8,18.78,39.36,79.49,176.94,312.73,483.86,615.05,762.57,977.13,1257.63,1712.41,2168.4,2678.46,822.93,722.75,587.0,39.2,60.8,92.6,175.6,317.4,445.6,581.0,719.8,988.8,1418.6,1889.2,2313.8,3000.0
2026-09-16 08:45:00,U Spichernstr. (Berlin),8,11,2313.8,21.57,43.74,87.38,195.43,358.19,526.07,658.55,830.64,1068.0,1368.93,1843.15,2338.96,2893.16,897.19,754.75,452.0,39.2,60.8,92.6,175.6,317.4,445.6,581.0,719.8,988.8,1418.6,1889.2,2313.8,3000.0
2026-09-16 09:00:00,U Spichernstr. (Berlin),9,85,2103.5,33.8,68.8,146.08,343.76,562.16,732.35,956.95,1247.76,1590.19,2008.39,2680.7,3820.93,5665.05,1377.91,961.42,676.0,12.0,19.5,41.0,140.0,195.0,296.0,411.0,540.0,722.0,979.0,1678.0,2103.5,2525.5
2026-09-16 09:15:00,U Spichernstr. (Berlin),9,230,2103.5,17.28,36.98,74.43,166.87,290.83,456.78,593.84,734.28,942.28,1213.84,1645.49,2078.62,2561.89,786.5,703.48,513.5,12.0,19.5,41.0,140.0,195.0,296.0,411.0,540.0,722.0,979.0,1678.0,2103.5,2525.5
2026-09-16 09:30:00,U Spichernstr. (Berlin),9,332,2103.5,9.22,23.01,48.71,102.03,168.08,253.31,371.82,503.02,632.34,813.74,1105.17,1388.08,1690.13,506.07,504.26,379.5,12.0,19.5,41.0,140.0,195.0,296.0,411.0,540.0,722.0,979.0,1678.0,2103.5,2525.5
2026-09-16 09:45:00,U Spichernstr. (Berlin),9,110,2103.5,6.29,16.47,37.09,79.66,129.71,186.34,261.73,367.15,493.63,636.8,864.11,1068.33,1261.5,381.44,377.24,289.0,12.0,19.5,41.0,140.0,195.0,296.0,411.0,540.0,722.0,979.0,1678.0,2103.5,2525.5
2026-09-16 10:00:00,U Spichernstr. (Berlin),10,878,805.05,6.37,16.71,37.76,80.34,131.01,188.52,264.57,371.56,499.47,642.99,876.36,1085.69,1285.64,387.18,401.83,293.0,7.0,12.0,20.3,48.0,81.7,114.2,167.5,226.2,291.4,412.4,622.1,805.05,1088.05
2026-09-16 10:15:00,U Spichernstr. (Berlin),10,540,805.05,5.54,14.54,33.52,73.0,117.29,168.25,230.83,315.16,435.22,569.38,768.58,951.08,1126.52,337.99,346.05,237.0,7.0,12.0,20.3,48.0,81.7,114.2,167.5,226.2,291.4,412.4,622.1,805.05,1088.05
2026-09-16 10:30:00,U Spichernstr. (Berlin),10,72,805.05,3.15,7.09,16.51,37.39,60.47,86.7,115.54,151.36,198.39,267.29,389.87,482.93,559.63,164.13,166.81,91.0,7.0,12.0,20.3,48.0,81.7,114.2,167.5,226.2,291.4,412.4,622.1,805.05,1088.05
2026-09-16 10:45:00,U Spichernstr. (Berlin),10,154,805.05,2.96,6.65,15.26,33.43,54.83,78.0,104.09,135.46,178.37,240.52,346.23,443.84,516.34,148.12,149.97,101.0,7.0,12.0,20.3,48.0,81.7,114.2,167.5,226.2,291.4,412.4,622.1,805.05,1088.05
2026-09-16 11:00:00,U Spichernstr. (Berlin),11,72,241.05,2.59,5.57,12.63,26.78,43.42,62.32,83.97,109.34,142.06,191.0,275.93,363.33,439.69,119.68,123.98,82.0,1.83,4.0,9.0,16.0,24.0,37.0,46.5,66.4,85.1,115.0,172.7,241.05,293.82
2026-09-16 11:15:00,U Spichernstr. (Berlin),11,300,241.05,1.93,4.12,9.33,19.36,29.7,42.86,58.53,76.86,99.43,132.44,193.24,258.76,322.33,84.83,85.42,62.0,1.83,4.0,9.0,16.0,24.0,37.0,46.5,66.4,85.1,115.0,172.7,241.05,293.82
2026-09-16 11:30:00,U Spichernstr. (Berlin),11,24,241.05,1.2,2.73,5.75,12.1,18.61,25.69,34.42,46.18,61.0,82.52,119.16,158.08,202.6,52.56,52.74,37.5,1.83,4.0,9.0,16.0,24.0,37.0,46.5,66.4,85.1,115.0,172.7,241.05,293.82
2026-09-16 11:45:00,U Spichernstr. (Berlin),11,20,241.05,0.91,2.18,4.61,9.86,14.79,20.69,27.36,36.06,47.98,65.07,96.01,129.42,163.43,42.14,42.76,31.5,1.83,4.0,9.0,16.0,24.0,37.0,46.5,66.4,85.1,115.0,172.7,241.05,293.82
2026-09-16 12:00:00,U Spichernstr. (Berlin),12,52,96.3,0.59,1.56,3.42,7.48,11.57,15.85,21.19,27.64,36.63,49.31,73.4,100.2,129.85,32.43,34.79,25.0,1.0,1.0,3.0,8.0,12.0,17.0,23.5,29.0,40.0,57.0,81.3,96.3,125.32
2026-09-16 12:15:00,U Spichernstr. (Berlin),12,49,96.3,0.5,1.39,3.1,6.78,10.69,14.66,19.68,25.68,34.03,46.02,67.61,92.96,120.67,30.14,32.48,22.5,1.0,1.0,3.0,8.0,12.0,17.0,23.5,29.0,40.0,57.0,81.3,96.3,125.32
2026-09-16 12:30:00,U Spichernstr. (Berlin),12,3,96.3,0.56,1.5,3.3,7.2,11.23,15.36,20.55,26.76,35.33,47.7,70.76,96.6,125.08,31.37,33.86,20.0,1.0,1.0,3.0,8.0,12.0,17.0,23.5,29.0,40.0,57.0,81.3,96.3,125.32
2026-09-16 12:45:00,U Spichernstr. (Berlin),12,17,96.3,0.63,1.64,3.55,7.8,11.97,16.5,22.04,28.76,38.21,51.39,76.59,104.04,134.13,33.71,36.77,22.5,1.0,1.0,3.0,8.0,12.0,17.0,23.5,29.0,40.0,57.0,81.3,96.3,125.32
2026-09-16 13:00:00,U Spichernstr. (Berlin),13,106,207.35,0.62,1.64,3.55,7.79,11.91,16.34,21.81,28.45,37.71,50.69,75.56,102.89,132.69,33.33,34.95,22.0,1.0,3.55,6.0,14.0,21.0,28.0,39.0,55.2,71.4,96.8,149.8,207.35,263.7
2026-09-16 13:15:00,U Spichernstr. (Berlin),13,4,207.35,1.35,2.99,6.27,13.18,20.44,28.22,38.2,50.99,66.92,89.24,129.75,171.71,220.97,57.27,59.25,46.0,1.0,3.55,6.0,14.0,21.0,28.0,39.0,55.2,71.4,96.8,149.8,207.35,263.7
2026-09-16 13:30:00,U Spichernstr. (Berlin),13,23,207.35,1.68,3.58,7.71,16.0,24.86,35.01,48.3,63.59,83.15,110.26,158.74,213.16,270.48,70.48,72.03,37.0,1.0,3.55,6.0,14.0,21.0,28.0,39.0,55.2,71.4,96.8,149.8,207.35,263.7
2026-09-16 13:45:00,U Spichernstr. (Berlin),13,33,207.35,1.96,4.1,9.16,19.14,29.42,42.36,57.81,75.69,97.69,130.38,188.87,252.25,314.04,83.16,84.27,63.0,1.0,3.55,6.0,14.0,21.0,28.0,39.0,55.2,71.4,96.8,149.8,207.35,263.7
2026-09-16 14:00:00,U Spichernstr. (Berlin),14,149,519.0,2.29,4.79,10.96,23.12,36.31,53.13,71.19,92.19,120.19,159.92,233.41,306.1,383.84,101.44,98.43,58.0,2.78,7.55,14.1,27.0,49.3,82.8,105.5,131.6,184.2,241.6,385.9,519.0,629.67
2026-09-16 14:15:00,U Spichernstr. (Berlin),14,14,519.0,2.57,5.35,12.16,25.78,41.6,59.79,80.25,103.93,134.74,180.96,261.16,340.49,417.54,113.48,111.95,86.5,2.78,7.55,14.1,27.0,49.3,82.8,105.5,131.6,184.2,241.6,385.9,519.0,629.67
2026-09-16 14:30:00,U Spichernstr. (Berlin),14,189,519.0,3.2,7.1,16.81,38.38,61.84,88.47,117.78,153.94,201.87,270.56,390.28,481.85,556.8,165.63,170.5,132.5,2.78,7.55,14.1,27.0,49.3,82.8,105.5,131.6,184.2,241.6,385.9,519.0,629.67
2026-09-16 14:45:00,U Spichernstr. (Berlin),14,100,519.0,4.23,10.15,25.19,57.1,91.82,129.83,175.53,232.41,309.95,423.72,567.26,691.92,816.4,248.42,248.53,183.0,2.78,7.55,14.1,27.0,49.3,82.8,105.5,131.6,184.2,241.6,385.9,519.0,629.67
2026-09-16 15:00:00,U Spichernstr. (Berlin),15,249,1046.2,4.4,10.81,26.66,59.55,95.9,135.3,184.08,245.23,330.06,448.81,600.32,732.83,866.34,262.81,258.41,154.5,8.6,18.0,32.6,61.4,97.0,145.4,220.0,301.0,396.4,508.6,717.4,1046.2,1196.0
2026-09-16 15:15:00,U Spichernstr. (Berlin),15,692,1046.2,4.43,11.27,27.66,61.99,99.3,141.64,192.22,257.48,351.39,472.25,630.03,771.67,910.06,276.77,269.19,204.5,8.6,18.0,32.6,61.4,97.0,145.4,220.0,301.0,396.4,508.6,717.4,1046.2,1196.0
2026-09-16 15:30:00,U Spichernstr. (Berlin),15,198,1046.2,5.14,13.65,31.99,69.67,111.67,160.38,218.79,297.92,410.42,538.02,716.76,881.27,1038.61,316.67,320.12,224.0,8.6,18.0,32.6,61.4,97.0,145.4,220.0,301.0,396.4,508.6,717.4,1046.2,1196.0
2026-09-16 15:45:00,U Spichernstr. (Berlin),15,593,1046.2,6.75,17.78,39.59,82.96,135.75,196.05,278.24,392.69,522.03,660.97,885.96,1096.11,1303.88,399.91,428.55,328.0,8.6,18.0,32.6,61.4,97.0,145.4,220.0,301.0,396.4,508.6,717.4,1046.2,1196.0
2026-09-16 16:00:00,U Spichernstr. (Berlin),16,214,1957.0,10.56,26.0,53.32,114.31,185.8,288.14,423.09,555.42,686.76,873.65,1172.54,1480.23,1822.71,553.07,583.78,387.5,16.5,44.0,86.0,141.0,213.0,292.0,397.0,557.0,742.0,1064.0,1499.0,1957.0,2439.5
2026-09-16 16:15:00,U Spichernstr. (Berlin),16,851,1957.0,9.22,23.29,49.13,101.41,167.03,252.07,373.06,507.31,633.45,808.35,1087.04,1360.75,1656.75,502.84,518.14,341.5,16.5,44.0,86.0,141.0,213.0,292.0,397.0,557.0,742.0,1064.0,1499.0,1957.0,2439.5
2026-09-16 16:30:00,U Spichernstr. (Berlin),16,125,1957.0,15.47,33.33,66.42,148.95,254.3,405.96,548.12,676.52,848.51,1075.29,1447.57,1843.51,2290.03,698.84,669.32,384.0,16.5,44.0,86.0,141.0,213.0,292.0,397.0,557.0,742.0,1064.0,1499.0,1957.0,2439.5
2026-09-16 16:45:00,U Spichernstr. (Berlin),16,422,1957.0,22.13,43.64,86.36,194.08,361.54,534.58,669.98,840.87,1061.24,1338.37,1804.3,2299.21,2857.11,886.37,770.74,554.0,16.5,44.0,86.0,141.0,213.0,292.0,397.0,557.0,742.0,1064.0,1499.0,1957.0,2439.5
2026-09-16 17:00:00,U Spichernstr. (Berlin),17,357,2395.9,18.54,38.19,76.13,171.91,305.93,479.4,615.66,762.75,967.42,1228.72,1657.43,2099.33,2595.5,806.54,707.0,607.0,27.78,47.55,112.0,209.8,314.1,427.8,561.0,764.0,917.5,1114.8,1680.7,2395.9,2929.22
2026-09-16 17:15:00,U Spichernstr. (Berlin),17,670,2395.9,19.82,40.17,80.16,179.04,321.61,496.44,627.94,779.02,988.66,1256.8,1693.57,2136.91,2640.54,825.47,718.76,555.0,27.78,47.55,112.0,209.8,314.1,427.8,561.0,764.0,917.5,1114.8,1680.7,2395.9,2929.22
2026-09-16 17:30:00,U Spichernstr. (Berlin),17,753,2395.9,27.19,52.74,107.5,248.32,457.17,615.3,769.05,976.9,1225.09,1539.59,2047.79,2585.25,3270.97,1036.85,816.07,512.0,27.78,47.55,112.0,209.8,314.1,427.8,561.0,764.0,917.5,1114.8,1680.7,2395.9,2929.22
2026-09-16 17:45:00,U Spichernstr. (Berlin),17,486,2395.9,29.56,57.85,122.17,284.31,506.58,658.93,829.92,1051.43,1303.59,1630.67,2162.0,2737.09,3939.33,1111.34,835.29,694.0,27.78,47.55,112.0,209.8,314.1,427.8,561.0,764.0,917.5,1114.8,1680.7,2395.9,2929.22
2026-09-16 18:00:00,U Spichernstr. (Berlin),18,2469,2484.85,14.68,32.26,64.61,144.72,244.49,391.6,534.54,663.86,836.81,1064.69,1425.73,1801.96,2216.66,685.71,616.02,454.0,11.73,23.8,60.0,168.2,329.1,453.2,609.5,730.8,891.5,1194.6,1827.4,2484.85,2911.55
2026-09-16 18:15:00,U Spichernstr. (Berlin),18,1193,2484.85,18.72,39.05,78.42,175.79,313.43,488.49,623.13,773.54,977.6,1238.89,1666.96,2101.69,2600.3,815.13,698.96,562.0,11.73,23.8,60.0,168.2,329.1,453.2,609.5,730.8,891.5,1194.6,1827.4,2484.85,2911.55
2026-09-16 18:30:00,U Spichernstr. (Berlin),18,1392,2484.85,31.55,63.28,134.83,318.97,541.04,698.84,890.43,1125.7,1401.48,1754.0,2339.67,2948.61,4766.96,1211.03,899.6,653.0,11.73,23.8,60.0,168.2,329.1,453.2,609.5,730.8,891.5,1194.6,1827.4,2484.85,2911.55
2026-09-16 18:45:00,U Spichernstr. (Berlin),18,1228,2484.85,30.58,60.92,129.29,302.27,526.46,682.04,868.6,1102.18,1376.37,1723.85,2300.94,2923.77,4615.41,1183.89,888.88,733.0,11.73,23.8,60.0,168.2,329.1,453.2,609.5,730.8,891.5,1194.6,1827.4,2484.85,2911.55
2026-09-16 19:00:00,U Spichernstr. (Berlin),19,1083,2110.8,20.5,41.42,82.72,185.6,340.17,516.0,652.33,817.64,1035.24,1307.1,1750.61,2210.73,2737.46,860.95,739.47,611.5,21.4,37.6,93.2,160.2,240.4,335.4,480.0,623.4,772.8,1072.2,1592.4,2110.8,2505.6
2026-09-16 19:15:00,U Spichernstr. (Berlin),19,530,2110.8,18.9,38.76,77.09,172.03,307.7,481.7,618.34,768.66,973.79,1234.96,1656.43,2086.85,2580.44,809.45,714.69,529.0,21.4,37.6,93.2,160.2,240.4,335.4,480.0,623.4,772.8,1072.2,1592.4,2110.8,2505.6
2026-09-16 19:30:00,U Spichernstr. (Berlin),19,2170,2110.8,13.43,30.05,60.04,132.55,220.09,348.4,496.91,624.14,784.89,1008.58,1353.59,1704.52,2082.54,640.8,596.16,453.0,21.4,37.6,93.2,160.2,240.4,335.4,480.0,623.4,772.8,1072.2,1592.4,2110.8,2505.6
2026-09-16 19:45:00,U Spichernstr. (Berlin),19,1831,2110.8,14.76,32.27,64.25,142.82,242.5,387.77,533.33,663.29,842.55,1078.74,1440.99,1812.33,2230.16,689.37,636.27,414.0,21.4,37.6,93.2,160.2,240.4,335.4,480.0,623.4,772.8,1072.2,1592.4,2110.8,2505.6
2026-09-16 20:00:00,U Spichernstr. (Berlin),20,2426,1410.5,9.88,24.47,49.67,103.12,170.51,259.0,383.59,520.4,653.94,848.59,1146.84,1426.29,1732.33,525.32,525.44,388.0,5.0,24.75,45.5,106.0,172.5,231.0,332.5,400.0,523.5,660.0,945.5,1410.5,1678.0
2026-09-16 20:15:00,U Spichernstr. (Berlin),20,1492,1410.5,10.06,24.82,50.36,104.5,172.33,261.58,386.98,523.58,657.86,854.58,1154.53,1435.32,1743.96,529.75,533.86,386.0,5.0,24.75,45.5,106.0,172.5,231.0,332.5,400.0,523.5,660.0,945.5,1410.5,1678.0
2026-09-16 20:30:00,U Spichernstr. (Berlin),20,545,1410.5,7.28,18.49,39.34,81.89,134.03,192.36,271.97,384.29,512.62,655.92,889.91,1098.36,1297.19,395.83,399.61,318.0,5.0,24.75,45.5,106.0,172.5,231.0,332.5,400.0,523.5,660.0,945.5,1410.5,1678.0
2026-09-16 20:45:00,U Spichernstr. (Berlin),20,331,1410.5,6.24,15.87,35.31,74.52,120.34,172.58,239.23,328.15,449.56,585.23,790.06,972.83,1147.05,348.52,344.49,216.0,5.0,24.75,45.5,106.0,172.5,231.0,332.5,400.0,523.5,660.0,945.5,1410.5,1678.0
2026-09-16 21:00:00,U Spichernstr. (Berlin),21,428,669.45,5.41,13.54,31.62,67.94,108.75,155.86,212.47,287.93,395.73,522.87,695.28,855.64,1007.01,307.66,307.81,229.0,2.0,3.0,17.1,50.0,81.2,122.0,179.0,212.6,303.4,403.2,532.6,669.45,838.9
2026-09-16 21:15:00,U Spichernstr. (Berlin),21,103,669.45,4.9,11.89,28.78,63.38,101.14,144.61,196.37,264.27,359.22,479.95,634.85,777.56,914.98,281.42,277.37,184.0,2.0,3.0,17.1,50.0,81.2,122.0,179.0,212.6,303.4,403.2,532.6,669.45,838.9
2026-09-16 21:30:00,U Spichernstr. (Berlin),21,144,669.45,4.26,9.92,24.38,54.71,87.91,123.53,166.64,220.54,293.77,402.72,543.17,651.94,764.56,236.03,229.14,179.0,2.0,3.0,17.1,50.0,81.2,122.0,179.0,212.6,303.4,403.2,532.6,669.45,838.9
2026-09-16 21:45:00,U Spichernstr. (Berlin),21,92,669.45,3.1,6.7,15.27,34.63,55.95,79.16,105.17,136.34,178.53,238.77,341.3,437.77,510.02,147.72,147.04,141.0,2.0,3.0,17.1,50.0,81.2,122.0,179.0,212.6,303.4,403.2,532.6,669.45,838.9
2026-09-16 22:00:00,U Spichernstr. (Berlin),22,13,277.95,2.98,6.26,13.84,30.18,49.26,69.15,92.35,119.95,155.02,206.6,295.58,386.4,458.17,129.34,132.82,110.0,2.0,4.0,8.7,15.0,27.1,43.0,59.5,90.4,121.9,150.6,237.5,277.95,333.92
2026-09-16 22:15:00,U Spichernstr. (Berlin),22,41,277.95,2.47,5.14,11.3,23.63,37.36,54.11,72.16,93.61,121.16,160.05,232.65,303.2,379.59,101.91,102.28,73.0,2.0,4.0,8.7,15.0,27.1,43.0,59.5,90.4,121.9,150.6,237.5,277.95,333.92
2026-09-16 22:30:00,U Spichernstr. (Berlin),22,178,277.95,2.06,4.39,9.71,20.19,30.98,44.93,60.42,79.4,101.99,134.43,194.57,259.45,320.3,86.25,86.37,59.0,2.0,4.0,8.7,15.0,27.1,43.0,59.5,90.4,121.9,150.6,237.5,277.95,333.92
2026-09-16 22:45:00,U Spichernstr. (Berlin),22,30,277.95,1.3,3.01,6.47,13.34,20.68,28.59,38.96,51.92,67.99,90.43,130.72,173.12,221.67,57.84,57.75,34.0,2.0,4.0,8.7,15.0,27.1,43.0,59.5,90.4,121.9,150.6,237.5,277.95,333.92
2026-09-16 23:00:00,U Spichernstr. (Berlin),23,11,83.35,0.38,1.24,2.91,6.45,10.16,13.94,18.7,24.42,32.4,43.99,64.2,88.56,115.4,28.71,31.91,16.5,0.0,0.0,2.0,5.0,9.0,12.4,17.0,21.6,27.0,37.8,56.0,83.35,128.0
2026-09-16 23:15:00,U Spichernstr. (Berlin),23,11,83.35,0.28,1.08,2.63,5.82,9.44,12.98,17.34,22.75,30.14,41.22,59.58,82.05,106.62,26.67,29.67,21.0,0.0,0.0,2.0,5.0,9.0,12.4,17.0,21.6,27.0,37.8,56.0,83.35,128.0
2026-09-16 23:30:00,U Spichernstr. (Berlin),23,9,83.35,0.0,0.49,1.45,3.52,5.98,8.91,11.86,15.52,20.81,28.8,43.29,57.47,74.92,18.62,20.93,15.5,0.0,0.0,2.0,5.0,9.0,12.4,17.0,21.6,27.0,37.8,56.0,83.35,128.0
2026-09-16 23:45:00,U Spichernstr. (Berlin),23,7,83.35,0.0,0.43,1.34,3.31,5.56,8.4,11.29,14.78,19.84,27.53,41.81,55.17,71.79,17.81,20.45,14.5,0.0,0.0,2.0,5.0,9.0,12.4,17.0,21.6,27.0,37.8,56.0,83.35,128.0
2026-09-17 00:00:00,U Spichernstr. (Berlin),0,2,13.35,0.0,0.0,0.0,0.0,0.11,0.36,0.79,1.35,2.34,4.73,9.82,14.42,23.1,3.34,3.38,0.0,0.0,0.0,0.0,0.0,0.0,0.0,0.0,0.0,1.0,3.4,9.0,13.35,17.0
2026-09-17 00:15:00,U Spichernstr. (Berlin),0,0,13.35,0.0,0.0,0.0,0.0,0.0,0.21,0.47,0.85,1.39,2.57,7.6,10.99,16.58,2.3,2.34,0.0,0.0,0.0,0.0,0.0,0.0,0.0,0.0,0.0,1.0,3.4,9.0,13.35,17.0
2026-09-17 00:30:00,U Spichernstr. (Berlin),0,0,13.35,0.0,0.0,0.0,0.0,0.06,0.29,0.62,1.06,1.73,3.22,8.6,12.06,18.67,2.68,2.61,0.0,0.0,0.0,0.0,0.0,0.0,0.0,0.0,0.0,1.0,3.4,9.0,13.35,17.0
2026-09-17 00:45:00,U Spichernstr. (Berlin),0,0,13.35,0.0,0.0,0.0,0.0,0.0,0.01,0.2,0.38,0.75,1.28,3.1,8.06,10.99,1.28,1.39,0.0,0.0,0.0,0.0,0.0,0.0,0.0,0.0,0.0,1.0,3.4,9.0,13.35,17.0
2026-09-17 05:00:00,U Spichernstr. (Berlin),5,14,619.1,2.79,5.67,12.66,27.53,45.18,64.43,87.02,112.87,146.15,196.44,282.31,373.44,449.91,122.95,122.18,89.0,4.0,6.95,24.8,37.8,67.7,93.2,129.0,163.8,242.6,301.8,460.3,619.1,812.22
2026-09-17 05:15:00,U Spichernstr. (Berlin),5,382,619.1,3.04,6.35,14.55,32.71,53.79,76.27,101.93,132.22,173.5,233.01,334.12,432.78,506.96,144.12,143.88,103.5,4.0,6.95,24.8,37.8,67.7,93.2,129.0,163.8,242.6,301.8,460.3,619.1,812.22
2026-09-17 05:30:00,U Spichernstr. (Berlin),5,0,619.1,4.44,10.33,24.84,55.33,90.03,127.35,172.66,229.84,306.25,419.16,563.57,678.14,793.79,244.68,236.22,162.5,4.0,6.95,24.8,37.8,67.7,93.2,129.0,163.8,242.6,301.8,460.3,619.1,812.22
2026-09-17 05:45:00,U Spichernstr. (Berlin),5,34,619.1,5.32,12.93,29.67,65.31,104.8,150.46,205.0,275.8,377.9,502.08,663.4,808.23,945.56,292.61,288.7,250.0,4.0,6.95,24.8,37.8,67.7,93.2,129.0,163.8,242.6,301.8,460.3,619.1,812.22
2026-09-17 06:00:00,U Spichernstr. (Berlin),6,124,1476.4,6.79,17.07,36.93,78.63,127.79,183.25,255.31,351.81,475.68,614.14,820.27,1009.93,1194.07,365.71,362.08,280.5,15.6,37.0,61.2,109.0,170.0,255.6,345.0,478.2,580.8,773.6,1046.2,1476.4,1982.5
2026-09-17 06:15:00,U Spichernstr. (Berlin),6,190,1476.4,8.62,21.41,44.15,92.72,151.01,220.56,314.12,439.92,568.57,725.1,975.35,1211.81,1441.73,443.12,447.31,293.0,15.6,37.0,61.2,109.0,170.0,255.6,345.0,478.2,580.8,773.6,1046.2,1476.4,1982.5
2026-09-17 06:30:00,U Spichernstr. (Berlin),6,451,1476.4,11.53,27.45,55.16,118.48,192.34,294.89,430.24,559.9,698.14,898.57,1215.38,1524.17,1854.52,566.58,568.12,454.0,15.6,37.0,61.2,109.0,170.0,255.6,345.0,478.2,580.8,773.6,1046.2,1476.4,1982.5
2026-09-17 06:45:00,U Spichernstr. (Berlin),6,602,1476.4,12.94,29.8,60.04,131.02,216.31,336.06,479.39,606.73,757.43,973.64,1315.16,1658.47,2019.01,621.3,606.58,463.0,15.6,37.0,61.2,109.0,170.0,255.6,345.0,478.2,580.8,773.6,1046.2,1476.4,1982.5
2026-09-17 07:00:00,U Spichernstr. (Berlin),7,670,2692.5,20.36,41.54,82.76,184.42,332.32,504.32,638.16,798.3,1017.5,1294.45,1746.51,2213.09,2748.81,854.55,732.34,504.0,25.5,49.75,65.0,167.0,237.0,365.0,530.0,711.0,928.5,1238.0,1885.0,2692.5,3000.0
2026-09-17 07:15:00,U Spichernstr. (Berlin),7,1041,2692.5,16.84,36.24,72.35,161.78,279.11,440.22,577.45,713.75,905.95,1158.85,1568.47,1982.28,2460.4,757.09,677.24,534.0,25.5,49.75,65.0,167.0,237.0,365.0,530.0,711.0,928.5,1238.0,1885.0,2692.5,3000.0
2026-09-17 07:30:00,U Spichernstr. (Berlin),7,456,2692.5,23.73,48.04,95.87,220.33,410.66,572.59,716.43,910.78,1154.07,1463.65,1967.29,2496.61,2977.85,979.12,791.86,488.0,25.5,49.75,65.0,167.0,237.0,365.0,530.0,711.0,928.5,1238.0,1885.0,2692.5,3000.0
2026-09-17 07:45:00,U Spichernstr. (Berlin),7,1933,2692.5,28.62,56.48,118.63,273.6,491.9,645.06,812.77,1039.21,1310.68,1668.03,2249.5,2881.0,4465.62,1136.15,870.56,597.0,25.5,49.75,65.0,167.0,237.0,365.0,530.0,711.0,928.5,1238.0,1885.0,2692.5,3000.0
2026-09-17 08:00:00,U Spichernstr. (Berlin),8,696,2313.8,32.47,66.6,143.95,343.5,560.69,722.66,927.11,1192.91,1513.24,1920.3,2576.13,3492.42,5515.61,1330.47,941.45,682.0,39.2,60.8,92.6,175.6,317.4,445.6,581.0,719.8,988.8,1418.6,1889.2,2313.8,3000.0
2026-09-17 08:15:00,U Spichernstr. (Berlin),8,1319,2313.8,27.73,54.5,113.29,260.54,472.91,625.06,781.68,1001.36,1270.42,1620.67,2183.41,2782.46,4175.75,1097.7,837.05,564.0,39.2,60.8,92.6,175.6,317.4,445.6,581.0,719.8,988.8,1418.6,1889.2,2313.8,3000.0
2026-09-17 08:30:00,U Spichernstr. (Berlin),8,605,2313.8,18.82,39.6,79.96,178.56,316.26,488.22,621.12,771.12,988.25,1267.98,1721.88,2184.27,2710.47,833.48,722.75,587.0,39.2,60.8,92.6,175.6,317.4,445.6,581.0,719.8,988.8,1418.6,1889.2,2313.8,3000.0
2026-09-17 08:45:00,U Spichernstr. (Berlin),8,402,2313.8,21.21,43.29,86.47,193.29,353.24,524.21,656.75,825.47,1057.9,1352.84,1825.88,2320.92,2878.24,890.56,754.75,452.0,39.2,60.8,92.6,175.6,317.4,445.6,581.0,719.8,988.8,1418.6,1889.2,2313.8,3000.0
2026-09-17 09:00:00,U Spichernstr. (Berlin),9,450,2103.5,34.19,68.59,146.26,343.25,561.45,726.61,941.6,1219.01,1545.55,1956.53,2613.15,3571.59,5543.36,1346.64,961.42,676.0,12.0,19.5,41.0,140.0,195.0,296.0,411.0,540.0,722.0,979.0,1678.0,2103.5,2525.5
2026-09-17 09:15:00,U Spichernstr. (Berlin),9,1076,2103.5,17.04,36.71,73.45,163.14,281.61,444.4,581.67,716.37,914.89,1178.5,1600.33,2026.71,2506.88,765.8,703.48,513.5,12.0,19.5,41.0,140.0,195.0,296.0,411.0,540.0,722.0,979.0,1678.0,2103.5,2525.5
2026-09-17 09:30:00,U Spichernstr. (Berlin),9,1277,2103.5,9.36,23.36,49.25,102.4,168.17,253.07,369.48,502.09,630.07,808.47,1100.19,1379.69,1675.14,504.07,504.26,379.5,12.0,19.5,41.0,140.0,195.0,296.0,411.0,540.0,722.0,979.0,1678.0,2103.5,2525.5
2026-09-17 09:45:00,U Spichernstr. (Berlin),9,251,2103.5,6.5,16.77,37.56,80.06,130.33,187.17,261.96,365.63,492.35,632.42,857.75,1064.78,1257.54,380.18,377.24,289.0,12.0,19.5,41.0,140.0,195.0,296.0,411.0,540.0,722.0,979.0,1678.0,2103.5,2525.5
2026-09-17 10:00:00,U Spichernstr. (Berlin),10,149,805.05,6.74,17.42,38.85,81.92,133.51,191.89,268.35,374.43,502.86,645.64,879.71,1090.38,1288.32,389.86,401.83,293.0,7.0,12.0,20.3,48.0,81.7,114.2,167.5,226.2,291.4,412.4,622.1,805.05,1088.05
2026-09-17 10:15:00,U Spichernstr. (Berlin),10,37,805.05,5.67,14.79,34.11,74.07,118.96,170.84,234.73,318.65,438.12,573.93,774.75,961.09,1135.35,341.52,346.05,237.0,7.0,12.0,20.3,48.0,81.7,114.2,167.5,226.2,291.4,412.4,622.1,805.05,1088.05
2026-09-17 10:30:00,U Spichernstr. (Berlin),10,61,805.05,3.18,6.91,16.39,37.91,61.12,87.89,117.25,153.82,202.31,271.09,394.52,489.72,563.04,166.33,166.81,91.0,7.0,12.0,20.3,48.0,81.7,114.2,167.5,226.2,291.4,412.4,622.1,805.05,1088.05
2026-09-17 10:45:00,U Spichernstr. (Berlin),10,189,805.05,3.04,6.56,15.16,33.92,55.38,78.81,105.15,137.08,180.63,242.27,347.55,445.66,516.21,148.95,149.97,101.0,7.0,12.0,20.3,48.0,81.7,114.2,167.5,226.2,291.4,412.4,622.1,805.05,1088.05
2026-09-17 11:00:00,U Spichernstr. (Berlin),11,102,241.05,2.78,5.66,12.73,27.17,44.2,63.03,84.95,110.42,143.25,192.2,275.25,359.72,436.0,119.89,123.98,82.0,1.83,4.0,9.0,16.0,24.0,37.0,46.5,66.4,85.1,115.0,172.7,241.05,293.82
2026-09-17 11:15:00,U Spichernstr. (Berlin),11,14,241.05,2.04,4.18,9.32,19.32,29.82,43.0,58.54,76.86,99.32,132.14,192.46,256.24,318.23,84.42,85.42,62.0,1.83,4.0,9.0,16.0,24.0,37.0,46.5,66.4,85.1,115.0,172.7,241.05,293.82
2026-09-17 11:30:00,U Spichernstr. (Berlin),11,43,241.05,1.26,2.8,5.7,12.06,18.54,25.71,34.49,46.24,60.89,82.21,118.66,156.5,199.44,52.21,52.74,37.5,1.83,4.0,9.0,16.0,24.0,37.0,46.5,66.4,85.1,115.0,172.7,241.05,293.82
2026-09-17 11:45:00,U Spichernstr. (Berlin),11,13,241.05,0.95,2.25,4.57,9.77,14.65,20.48,27.17,35.79,47.68,64.5,94.99,127.74,160.23,41.62,42.76,31.5,1.83,4.0,9.0,16.0,24.0,37.0,46.5,66.4,85.1,115.0,172.7,241.05,293.82
2026-09-17 12:00:00,U Spichernstr. (Berlin),12,27,96.3,0.61,1.59,3.39,7.3,11.38,15.5,20.78,27.21,35.93,48.56,71.82,97.8,126.07,31.71,34.79,25.0,1.0,1.0,3.0,8.0,12.0,17.0,23.5,29.0,40.0,57.0,81.3,96.3,125.32
2026-09-17 12:15:00,U Spichernstr. (Berlin),12,74,96.3,0.56,1.47,3.14,6.7,10.58,14.41,19.31,25.26,33.5,45.2,66.1,90.59,117.6,29.48,32.48,22.5,1.0,1.0,3.0,8.0,12.0,17.0,23.5,29.0,40.0,57.0,81.3,96.3,125.32
2026-09-17 12:30:00,U Spichernstr. (Berlin),12,25,96.3,0.58,1.52,3.26,7.0,10.97,14.93,19.99,26.13,34.61,46.76,69.02,94.3,121.75,30.57,33.86,20.0,1.0,1.0,3.0,8.0,12.0,17.0,23.5,29.0,40.0,57.0,81.3,96.3,125.32
2026-09-17 12:45:00,U Spichernstr. (Berlin),12,23,96.3,0.66,1.68,3.54,7.63,11.78,16.07,21.46,28.14,37.37,50.25,74.8,101.63,131.1,32.88,36.77,22.5,1.0,1.0,3.0,8.0,12.0,17.0,23.5,29.0,40.0,57.0,81.3,96.3,125.32
2026-09-17 13:00:00,U Spichernstr. (Berlin),13,42,207.35,0.63,1.65,3.5,7.54,11.63,15.88,21.17,27.74,36.76,49.46,73.53,100.0,129.29,32.39,34.95,22.0,1.0,3.55,6.0,14.0,21.0,28.0,39.0,55.2,71.4,96.8,149.8,207.35,263.7
2026-09-17 13:15:00,U Spichernstr. (Berlin),13,26,207.35,1.4,3.01,6.25,13.09,20.23,27.93,37.76,50.41,66.07,88.15,127.85,168.42,215.89,56.38,59.25,46.0,1.0,3.55,6.0,14.0,21.0,28.0,39.0,55.2,71.4,96.8,149.8,207.35,263.7
2026-09-17 13:30:00,U Spichernstr. (Berlin),13,145,207.35,1.74,3.61,7.8,15.98,24.73,34.71,47.85,62.85,82.15,108.65,156.18,209.56,265.99,69.53,72.03,37.0,1.0,3.55,6.0,14.0,21.0,28.0,39.0,55.2,71.4,96.8,149.8,207.35,263.7
2026-09-17 13:45:00,U Spichernstr. (Berlin),13,0,207.35,2.04,4.14,9.23,18.9,28.98,41.61,56.75,74.17,95.85,128.18,185.4,247.37,308.09,81.63,84.27,63.0,1.0,3.55,6.0,14.0,21.0,28.0,39.0,55.2,71.4,96.8,149.8,207.35,263.7
2026-09-17 14:00:00,U Spichernstr. (Berlin),14,116,519.0,2.36,4.81,10.93,22.76,35.73,52.19,69.89,90.63,118.14,156.72,228.72,300.29,375.25,99.51,98.43,58.0,2.78,7.55,14.1,27.0,49.3,82.8,105.5,131.6,184.2,241.6,385.9,519.0,629.67
2026-09-17 14:15:00,U Spichernstr. (Berlin),14,307,519.0,2.63,5.37,12.18,25.68,41.36,59.36,79.48,102.8,133.17,178.77,257.83,334.96,412.01,112.1,111.95,86.5,2.78,7.55,14.1,27.0,49.3,82.8,105.5,131.6,184.2,241.6,385.9,519.0,629.67
2026-09-17 14:30:00,U Spichernstr. (Berlin),14,143,519.0,3.22,7.01,16.53,37.81,61.05,87.61,116.81,152.43,199.92,267.51,387.01,479.03,551.45,164.01,170.5,132.5,2.78,7.55,14.1,27.0,49.3,82.8,105.5,131.6,184.2,241.6,385.9,519.0,629.67
2026-09-17 14:45:00,U Spichernstr. (Berlin),14,45,519.0,4.29,10.22,25.11,56.95,91.39,129.2,174.48,231.27,307.91,421.7,566.69,689.73,813.2,247.38,248.53,183.0,2.78,7.55,14.1,27.0,49.3,82.8,105.5,131.6,184.2,241.6,385.9,519.0,629.67
2026-09-17 15:00:00,U Spichernstr. (Berlin),15,296,1046.2,4.29,10.57,26.22,59.1,95.49,134.6,183.48,244.94,329.6,449.61,602.33,735.88,870.15,262.99,258.41,154.5,8.6,18.0,32.6,61.4,97.0,145.4,220.0,301.0,396.4,508.6,717.4,1046.2,1196.0
2026-09-17 15:15:00,U Spichernstr. (Berlin),15,649,1046.2,4.42,11.13,27.4,61.25,98.31,139.51,189.8,254.55,347.69,469.85,630.1,774.16,915.4,275.29,269.19,204.5,8.6,18.0,32.6,61.4,97.0,145.4,220.0,301.0,396.4,508.6,717.4,1046.2,1196.0
2026-09-17 15:30:00,U Spichernstr. (Berlin),15,374,1046.2,5.16,13.4,31.75,69.2,110.8,158.72,216.54,294.87,407.67,538.85,722.56,891.81,1049.42,316.97,320.12,224.0,8.6,18.0,32.6,61.4,97.0,145.4,220.0,301.0,396.4,508.6,717.4,1046.2,1196.0
2026-09-17 15:45:00,U Spichernstr. (Berlin),15,10,1046.2,7.01,18.3,40.6,84.29,137.67,197.72,280.67,394.25,524.85,668.1,902.0,1112.97,1314.69,404.15,428.55,328.0,8.6,18.0,32.6,61.4,97.0,145.4,220.0,301.0,396.4,508.6,717.4,1046.2,1196.0
2026-09-17 16:00:00,U Spichernstr. (Berlin),16,26,1957.0,11.2,27.16,55.03,118.43,190.08,294.98,432.81,565.24,700.66,901.07,1219.1,1538.7,1883.97,570.12,583.78,387.5,16.5,44.0,86.0,141.0,213.0,292.0,397.0,557.0,742.0,1064.0,1499.0,1957.0,2439.5
2026-09-17 16:15:00,U Spichernstr. (Berlin),16,1082,1957.0,9.64,24.09,49.96,103.1,168.76,255.3,377.36,510.83,639.01,820.22,1110.57,1393.53,1700.0,511.64,518.14,341.5,16.5,44.0,86.0,141.0,213.0,292.0,397.0,557.0,742.0,1064.0,1499.0,1957.0,2439.5
2026-09-17 16:30:00,U Spichernstr. (Berlin),16,267,1957.0,15.55,33.77,66.93,149.62,254.1,404.9,548.67,675.03,848.54,1081.8,1453.79,1847.02,2294.32,701.6,669.32,384.0,16.5,44.0,86.0,141.0,213.0,292.0,397.0,557.0,742.0,1064.0,1499.0,1957.0,2439.5
2026-09-17 16:45:00,U Spichernstr. (Berlin),16,187,1957.0,22.58,44.77,89.06,199.81,372.05,542.54,678.73,852.11,1074.87,1354.06,1816.08,2310.44,2871.16,898.68,770.74,554.0,16.5,44.0,86.0,141.0,213.0,292.0,397.0,557.0,742.0,1064.0,1499.0,1957.0,2439.5
2026-09-17 17:00:00,U Spichernstr. (Berlin),17,2865,2395.9,17.84,37.75,75.72,169.56,303.15,477.17,613.01,753.05,952.03,1207.3,1623.95,2056.68,2553.41,794.84,707.0,607.0,27.78,47.55,112.0,209.8,314.1,427.8,561.0,764.0,917.5,1114.8,1680.7,2395.9,2929.22
2026-09-17 17:15:00,U Spichernstr. (Berlin),17,1719,2395.9,19.52,39.96,80.18,178.94,321.55,495.18,627.96,773.28,973.53,1231.68,1660.61,2101.7,2596.61,813.88,718.76,555.0,27.78,47.55,112.0,209.8,314.1,427.8,561.0,764.0,917.5,1114.8,1680.7,2395.9,2929.22
2026-09-17 17:30:00,U Spichernstr. (Berlin),17,783,2395.9,26.75,52.24,105.96,244.38,450.0,608.15,753.73,956.15,1197.92,1501.91,2000.28,2530.97,2979.25,1008.41,816.07,512.0,27.78,47.55,112.0,209.8,314.1,427.8,561.0,764.0,917.5,1114.8,1680.7,2395.9,2929.22
2026-09-17 17:45:00,U Spichernstr. (Berlin),17,2460,2395.9,28.78,55.63,114.74,261.34,475.61,628.1,783.81,996.06,1244.89,1560.22,2073.75,2621.53,3393.94,1053.29,835.29,694.0,27.78,47.55,112.0,209.8,314.1,427.8,561.0,764.0,917.5,1114.8,1680.7,2395.9,2929.22
2026-09-17 18:00:00,U Spichernstr. (Berlin),18,201,2484.85,14.38,31.51,63.2,139.45,231.67,368.36,512.34,637.6,796.13,1016.44,1365.0,1724.44,2112.42,652.7,616.02,454.0,11.73,23.8,60.0,168.2,329.1,453.2,609.5,730.8,891.5,1194.6,1827.4,2484.85,2911.55
2026-09-17 18:15:00,U Spichernstr. (Berlin),18,381,2484.85,17.89,37.71,75.01,166.66,291.45,459.12,598.75,737.69,932.85,1182.74,1582.29,1988.15,2461.92,771.53,698.96,562.0,11.73,23.8,60.0,168.2,329.1,453.2,609.5,730.8,891.5,1194.6,1827.4,2484.85,2911.55
2026-09-17 18:30:00,U Spichernstr. (Berlin),18,1474,2484.85,31.22,61.94,131.79,306.55,528.18,684.87,869.74,1100.85,1370.48,1710.34,2274.0,2893.41,4497.77,1174.47,899.6,653.0,11.73,23.8,60.0,168.2,329.1,453.2,609.5,730.8,891.5,1194.6,1827.4,2484.85,2911.55
2026-09-17 18:45:00,U Spichernstr. (Berlin),18,1039,2484.85,31.02,61.46,129.97,299.68,521.56,675.97,856.14,1084.06,1347.64,1683.77,2235.74,2851.28,4303.21,1151.86,888.88,733.0,11.73,23.8,60.0,168.2,329.1,453.2,609.5,730.8,891.5,1194.6,1827.4,2484.85,2911.55
2026-09-17 19:00:00,U Spichernstr. (Berlin),19,1920,2110.8,21.26,42.63,84.64,187.97,341.6,515.21,648.38,806.76,1018.94,1283.11,1715.84,2164.88,2682.32,847.64,739.47,611.5,21.4,37.6,93.2,160.2,240.4,335.4,480.0,623.4,772.8,1072.2,1592.4,2110.8,2505.6
2026-09-17 19:15:00,U Spichernstr. (Berlin),19,2093,2110.8,19.62,40.14,80.29,178.19,317.98,490.64,624.33,770.74,975.18,1236.59,1658.66,2090.52,2582.48,812.75,714.69,529.0,21.4,37.6,93.2,160.2,240.4,335.4,480.0,623.4,772.8,1072.2,1592.4,2110.8,2505.6
2026-09-17 19:30:00,U Spichernstr. (Berlin),19,211,2110.8,13.25,29.97,60.12,132.95,219.9,345.44,492.68,617.32,765.39,976.31,1309.09,1650.38,2016.21,626.12,596.16,453.0,21.4,37.6,93.2,160.2,240.4,335.4,480.0,623.4,772.8,1072.2,1592.4,2110.8,2505.6
2026-09-17 19:45:00,U Spichernstr. (Berlin),19,309,2110.8,14.66,32.04,63.94,142.77,241.23,382.46,527.64,653.32,820.38,1046.02,1395.29,1755.9,2159.6,673.13,636.27,414.0,21.4,37.6,93.2,160.2,240.4,335.4,480.0,623.4,772.8,1072.2,1592.4,2110.8,2505.6
2026-09-17 20:00:00,U Spichernstr. (Berlin),20,76,1410.5,9.78,24.45,50.12,104.73,172.3,260.99,382.74,519.19,651.2,836.52,1118.34,1383.75,1671.46,517.82,525.44,388.0,5.0,24.75,45.5,106.0,172.5,231.0,332.5,400.0,523.5,660.0,945.5,1410.5,1678.0
2026-09-17 20:15:00,U Spichernstr. (Berlin),20,1113,1410.5,9.9,24.61,50.43,106.0,174.19,264.48,388.09,525.04,658.29,850.58,1145.51,1422.95,1729.49,529.19,533.86,386.0,5.0,24.75,45.5,106.0,172.5,231.0,332.5,400.0,523.5,660.0,945.5,1410.5,1678.0
2026-09-17 20:30:00,U Spichernstr. (Berlin),20,770,1410.5,7.08,18.06,39.16,82.12,134.4,192.95,272.35,382.21,511.8,654.87,887.97,1094.88,1291.04,395.42,399.61,318.0,5.0,24.75,45.5,106.0,172.5,231.0,332.5,400.0,523.5,660.0,945.5,1410.5,1678.0
2026-09-17 20:45:00,U Spichernstr. (Berlin),20,381,1410.5,6.12,15.54,35.17,74.76,120.53,172.34,238.47,325.29,446.53,583.95,785.64,963.82,1133.68,346.63,344.49,216.0,5.0,24.75,45.5,106.0,172.5,231.0,332.5,400.0,523.5,660.0,945.5,1410.5,1678.0
2026-09-17 21:00:00,U Spichernstr. (Berlin),21,27,669.45,5.38,13.33,31.25,67.82,108.42,154.97,210.9,285.72,392.14,520.45,692.28,849.86,996.49,305.57,307.81,229.0,2.0,3.0,17.1,50.0,81.2,122.0,179.0,212.6,303.4,403.2,532.6,669.45,838.9
2026-09-17 21:15:00,U Spichernstr. (Berlin),21,667,669.45,4.92,11.93,28.68,63.38,101.29,144.59,196.19,263.51,357.39,479.0,635.34,776.24,909.06,280.61,277.37,184.0,2.0,3.0,17.1,50.0,81.2,122.0,179.0,212.6,303.4,403.2,532.6,669.45,838.9
2026-09-17 21:30:00,U Spichernstr. (Berlin),21,416,669.45,4.18,9.8,24.06,54.28,87.46,123.12,165.78,219.58,291.95,400.96,541.77,652.35,767.1,235.4,229.14,179.0,2.0,3.0,17.1,50.0,81.2,122.0,179.0,212.6,303.4,403.2,532.6,669.45,838.9
2026-09-17 21:45:00,U Spichernstr. (Berlin),21,192,669.45,3.14,6.73,15.15,34.09,55.14,77.79,103.28,133.63,174.81,233.98,333.58,431.45,504.91,144.99,147.04,141.0,2.0,3.0,17.1,50.0,81.2,122.0,179.0,212.6,303.4,403.2,532.6,669.45,838.9
2026-09-17 22:00:00,U Spichernstr. (Berlin),22,253,277.95,3.02,6.29,13.78,29.99,48.99,68.61,91.75,119.15,153.74,204.91,291.81,382.47,455.88,128.26,132.82,110.0,2.0,4.0,8.7,15.0,27.1,43.0,59.5,90.4,121.9,150.6,237.5,277.95,333.92
2026-09-17 22:15:00,U Spichernstr. (Berlin),22,41,277.95,2.49,5.1,11.18,23.28,36.93,53.53,71.39,92.44,119.76,157.62,229.18,299.42,374.25,100.62,102.28,73.0,2.0,4.0,8.7,15.0,27.1,43.0,59.5,90.4,121.9,150.6,237.5,277.95,333.92
2026-09-17 22:30:00,U Spichernstr. (Berlin),22,18,277.95,2.09,4.34,9.56,19.67,30.33,43.96,59.26,77.75,99.96,132.1,191.27,255.35,316.45,84.77,86.37,59.0,2.0,4.0,8.7,15.0,27.1,43.0,59.5,90.4,121.9,150.6,237.5,277.95,333.92
2026-09-17 22:45:00,U Spichernstr. (Berlin),22,199,277.95,1.39,3.07,6.43,13.19,20.37,28.24,38.4,51.03,66.81,89.06,128.81,169.7,217.53,56.95,57.75,34.0,2.0,4.0,8.7,15.0,27.1,43.0,59.5,90.4,121.9,150.6,237.5,277.95,333.92
2026-09-17 23:00:00,U Spichernstr. (Berlin),23,78,83.35,0.5,1.4,3.1,6.63,10.36,14.11,18.93,24.7,32.81,44.53,64.8,88.98,115.78,28.99,31.91,16.5,0.0,0.0,2.0,5.0,9.0,12.4,17.0,21.6,27.0,37.8,56.0,83.35,128.0
2026-09-17 23:15:00,U Spichernstr. (Berlin),23,5,83.35,0.4,1.21,2.76,5.86,9.48,12.96,17.31,22.78,30.28,41.32,59.61,82.07,106.78,26.72,29.67,21.0,0.0,0.0,2.0,5.0,9.0,12.4,17.0,21.6,27.0,37.8,56.0,83.35,128.0
2026-09-17 23:30:00,U Spichernstr. (Berlin),23,10,83.35,0.01,0.58,1.6,3.69,6.16,9.11,12.06,15.78,21.15,29.38,44.09,58.77,77.05,19.05,20.93,15.5,0.0,0.0,2.0,5.0,9.0,12.4,17.0,21.6,27.0,37.8,56.0,83.35,128.0
2026-09-17 23:45:00,U Spichernstr. (Berlin),23,9,83.35,0.0,0.52,1.45,3.41,5.66,8.53,11.42,14.89,20.01,27.9,42.35,56.1,73.22,18.08,20.45,14.5,0.0,0.0,2.0,5.0,9.0,12.4,17.0,21.6,27.0,37.8,56.0,83.35,128.0
2026-09-19 00:00:00,U Spichernstr. (Berlin),0,3,12.25,0.0,0.0,0.0,0.0,0.09,0.38,0.83,1.46,2.54,5.1,9.98,14.81,22.96,3.39,4.33,0.5,0.0,0.0,0.0,0.0,0.0,0.0,0.0,1.0,2.0,4.0,7.5,12.25,22.88
2026-09-19 00:15:00,U Spichernstr. (Berlin),0,1,12.25,0.0,0.0,0.0,0.0,0.0,0.07,0.28,0.58,1.02,1.81,5.37,9.63,13.22,1.72,2.04,0.0,0.0,0.0,0.0,0.0,0.0,0.0,0.0,1.0,2.0,4.0,7.5,12.25,22.88
2026-09-19 00:30:00,U Spichernstr. (Berlin),0,0,12.25,0.0,0.0,0.0,0.0,0.0,0.0,0.15,0.34,0.7,1.26,3.17,8.16,11.03,1.22,1.46,0.0,0.0,0.0,0.0,0.0,0.0,0.0,0.0,1.0,2.0,4.0,7.5,12.25,22.88
2026-09-19 00:45:00,U Spichernstr. (Berlin),0,9,12.25,0.0,0.0,0.0,0.0,0.0,0.24,0.56,1.01,1.69,3.16,8.49,11.9,18.18,2.57,2.92,0.5,0.0,0.0,0.0,0.0,0.0,0.0,0.0,1.0,2.0,4.0,7.5,12.25,22.88
2026-09-19 05:00:00,U Spichernstr. (Berlin),5,3,441.25,1.06,2.51,5.3,11.31,17.54,24.45,33.24,44.83,59.28,80.22,115.92,152.87,194.99,50.75,50.17,40.0,3.12,7.75,11.5,20.0,34.5,46.0,56.0,79.0,106.0,171.0,256.5,441.25,502.5
2026-09-19 05:15:00,U Spichernstr. (Berlin),5,22,441.25,2.16,4.55,10.37,22.01,35.09,51.29,68.77,89.16,115.49,152.27,222.44,291.77,365.42,97.27,98.33,57.5,3.12,7.75,11.5,20.0,34.5,46.0,56.0,79.0,106.0,171.0,256.5,441.25,502.5
2026-09-19 05:30:00,U Spichernstr. (Berlin),5,79,441.25,2.34,4.94,11.34,24.22,39.44,56.9,76.07,98.25,127.34,168.71,245.99,320.43,398.67,107.09,108.08,76.5,3.12,7.75,11.5,20.0,34.5,46.0,56.0,79.0,106.0,171.0,256.5,441.25,502.5
2026-09-19 05:45:00,U Spichernstr. (Berlin),5,109,441.25,3.08,6.92,16.38,37.86,60.7,86.61,114.93,149.26,194.55,261.22,379.91,472.33,548.55,161.35,169.17,74.5,3.12,7.75,11.5,20.0,34.5,46.0,56.0,79.0,106.0,171.0,256.5,441.25,502.5
2026-09-19 06:00:00,U Spichernstr. (Berlin),6,234,977.2,2.78,6.21,14.58,32.8,53.1,74.78,99.46,129.32,167.99,225.37,323.28,421.27,495.39,140.31,138.5,71.0,2.3,6.2,30.6,56.0,83.2,125.0,193.0,270.8,331.6,468.4,769.2,977.2,1368.6
2026-09-19 06:15:00,U Spichernstr. (Berlin),6,104,977.2,7.46,19.56,41.8,86.38,139.57,198.23,280.95,393.27,521.34,664.83,895.97,1106.11,1301.72,401.32,428.61,303.0,2.3,6.2,30.6,56.0,83.2,125.0,193.0,270.8,331.6,468.4,769.2,977.2,1368.6
2026-09-19 06:30:00,U Spichernstr. (Berlin),6,105,977.2,5.18,13.49,31.07,66.5,105.7,151.43,204.37,277.16,383.81,512.86,688.99,851.42,1003.96,300.21,299.43,199.0,2.3,6.2,30.6,56.0,83.2,125.0,193.0,270.8,331.6,468.4,769.2,977.2,1368.6
2026-09-19 06:45:00,U Spichernstr. (Berlin),6,653,977.2,7.05,18.35,39.66,81.84,131.96,187.29,263.01,369.06,494.22,633.84,855.04,1060.11,1249.98,380.54,399.52,267.0,2.3,6.2,30.6,56.0,83.2,125.0,193.0,270.8,331.6,468.4,769.2,977.2,1368.6
2026-09-19 07:00:00,U Spichernstr. (Berlin),7,472,1403.3,8.39,21.51,45.23,92.61,149.81,215.22,309.82,432.62,560.25,713.56,958.16,1193.23,1420.11,435.32,447.61,474.0,19.55,37.0,82.0,128.0,174.5,256.6,370.5,509.6,625.2,786.2,988.2,1403.3,1579.45
2026-09-19 07:15:00,U Spichernstr. (Berlin),7,52,1403.3,10.0,25.12,51.66,107.04,172.02,258.0,377.28,503.83,630.68,806.18,1089.22,1364.12,1656.41,503.16,512.96,373.0,19.55,37.0,82.0,128.0,174.5,256.6,370.5,509.6,625.2,786.2,988.2,1403.3,1579.45
2026-09-19 07:30:00,U Spichernstr. (Berlin),7,186,1403.3,12.76,30.0,60.47,130.1,206.5,321.3,455.63,581.36,720.7,920.03,1242.32,1570.97,1919.71,588.54,593.61,532.0,19.55,37.0,82.0,128.0,174.5,256.6,370.5,509.6,625.2,786.2,988.2,1403.3,1579.45
2026-09-19 07:45:00,U Spichernstr. (Berlin),7,126,1403.3,7.84,20.45,43.52,90.07,145.89,208.58,299.74,420.13,547.35,694.8,928.69,1157.54,1381.22,423.23,431.26,243.0,19.55,37.0,82.0,128.0,174.5,256.6,370.5,509.6,625.2,786.2,988.2,1403.3,1579.45
2026-09-19 08:00:00,U Spichernstr. (Berlin),8,533,1461.35,10.13,25.61,52.6,111.15,177.74,267.59,390.68,518.38,645.58,820.92,1108.4,1399.22,1712.04,517.18,527.13,454.0,13.12,18.9,32.0,80.8,132.3,221.0,354.5,489.6,679.0,864.8,1147.7,1461.35,1893.07
2026-09-19 08:15:00,U Spichernstr. (Berlin),8,55,1461.35,9.46,23.82,49.55,101.7,164.86,244.03,357.67,486.63,612.71,776.17,1048.58,1315.21,1602.72,484.06,490.3,378.0,13.12,18.9,32.0,80.8,132.3,221.0,354.5,489.6,679.0,864.8,1147.7,1461.35,1893.07
2026-09-19 08:30:00,U Spichernstr. (Berlin),8,1915,1461.35,15.0,33.97,67.24,148.08,241.72,381.26,518.74,641.88,802.06,1025.06,1385.61,1766.04,2174.22,663.31,649.0,421.0,13.12,18.9,32.0,80.8,132.3,221.0,354.5,489.6,679.0,864.8,1147.7,1461.35,1893.07
2026-09-19 08:45:00,U Spichernstr. (Berlin),8,377,1461.35,6.4,16.51,36.63,76.5,121.89,172.59,238.62,331.73,455.28,595.04,796.21,987.89,1175.29,352.49,350.14,220.0,13.12,18.9,32.0,80.8,132.3,221.0,354.5,489.6,679.0,864.8,1147.7,1461.35,1893.07
2026-09-19 09:00:00,U Spichernstr. (Berlin),9,29,890.6,6.61,17.12,38.01,79.21,127.35,180.9,251.45,351.21,477.54,619.26,832.44,1036.57,1228.49,369.1,375.82,317.0,5.9,9.6,20.0,60.8,128.6,194.6,224.0,263.2,354.6,449.6,621.8,890.6,1072.7
2026-09-19 09:15:00,U Spichernstr. (Berlin),9,15,890.6,5.45,14.48,33.17,70.61,112.01,159.7,216.33,295.81,411.26,544.53,733.52,907.72,1075.77,320.81,320.87,225.0,5.9,9.6,20.0,60.8,128.6,194.6,224.0,263.2,354.6,449.6,621.8,890.6,1072.7
2026-09-19 09:30:00,U Spichernstr. (Berlin),9,14,890.6,4.24,10.66,25.8,57.25,91.72,129.79,174.9,232.17,313.97,434.51,590.15,725.98,866.81,254.91,244.12,209.5,5.9,9.6,20.0,60.8,128.6,194.6,224.0,263.2,354.6,449.6,621.8,890.6,1072.7
2026-09-19 09:45:00,U Spichernstr. (Berlin),9,642,890.6,4.43,11.34,27.27,59.7,95.56,134.87,182.32,243.86,331.74,454.51,616.43,759.76,902.25,266.89,261.54,209.5,5.9,9.6,20.0,60.8,128.6,194.6,224.0,263.2,354.6,449.6,621.8,890.6,1072.7
2026-09-19 10:00:00,U Spichernstr. (Berlin),10,501,627.25,4.32,10.99,26.83,59.47,95.17,133.84,180.92,240.42,323.59,444.1,602.47,743.25,888.54,262.14,264.21,159.5,3.38,4.0,9.5,30.0,47.0,85.0,124.5,152.0,192.5,252.0,427.5,627.25,744.88
2026-09-19 10:15:00,U Spichernstr. (Berlin),10,412,627.25,3.18,7.39,17.81,41.36,65.56,93.15,123.7,161.35,211.34,283.43,410.71,506.83,587.57,174.72,180.54,144.0,3.38,4.0,9.5,30.0,47.0,85.0,124.5,152.0,192.5,252.0,427.5,627.25,744.88
2026-09-19 10:30:00,U Spichernstr. (Berlin),10,184,627.25,3.09,7.11,17.04,39.22,62.61,89.08,118.17,153.71,200.47,268.86,389.49,483.61,559.47,165.92,172.12,138.5,3.38,4.0,9.5,30.0,47.0,85.0,124.5,152.0,192.5,252.0,427.5,627.25,744.88
2026-09-19 10:45:00,U Spichernstr. (Berlin),10,103,627.25,1.92,4.05,9.35,19.44,30.43,44.08,59.44,77.6,99.6,131.71,190.31,254.71,316.59,84.43,81.21,46.5,3.38,4.0,9.5,30.0,47.0,85.0,124.5,152.0,192.5,252.0,427.5,627.25,744.88
2026-09-19 11:00:00,U Spichernstr. (Berlin),11,42,133.1,1.12,2.58,5.44,11.82,18.22,25.37,34.32,46.11,60.44,81.06,116.16,152.26,193.51,51.29,50.58,24.0,0.33,1.0,3.3,6.6,12.0,15.2,21.0,26.8,43.1,64.0,95.0,133.1,178.72
2026-09-19 11:15:00,U Spichernstr. (Berlin),11,31,133.1,0.84,2.08,4.46,9.92,15.19,21.37,28.73,38.3,50.75,68.49,99.49,132.05,165.64,43.56,44.04,23.5,0.33,1.0,3.3,6.6,12.0,15.2,21.0,26.8,43.1,64.0,95.0,133.1,178.72
2026-09-19 11:30:00,U Spichernstr. (Berlin),11,7,133.1,0.55,1.49,3.29,7.33,11.45,15.91,21.47,28.56,38.06,51.26,75.71,102.15,130.72,33.03,34.48,14.0,0.33,1.0,3.3,6.6,12.0,15.2,21.0,26.8,43.1,64.0,95.0,133.1,178.72
2026-09-19 11:45:00,U Spichernstr. (Berlin),11,23,133.1,0.23,0.96,2.31,5.14,8.73,12.18,16.49,22.09,29.72,40.77,59.37,80.64,103.76,25.88,27.35,18.0,0.33,1.0,3.3,6.6,12.0,15.2,21.0,26.8,43.1,64.0,95.0,133.1,178.72
2026-09-19 12:00:00,U Spichernstr. (Berlin),12,2,73.6,0.0,0.45,1.32,3.22,5.53,8.5,11.44,15.12,20.62,28.93,43.48,57.75,74.78,18.32,20.65,13.0,0.0,0.0,1.0,2.0,6.0,10.0,13.5,17.0,23.4,34.0,50.0,73.6,82.9
2026-09-19 12:15:00,U Spichernstr. (Berlin),12,10,73.6,0.0,0.36,1.16,2.9,4.93,7.71,10.51,13.86,18.93,26.63,40.63,53.88,70.0,16.95,19.3,10.0,0.0,0.0,1.0,2.0,6.0,10.0,13.5,17.0,23.4,34.0,50.0,73.6,82.9
2026-09-19 12:30:00,U Spichernstr. (Berlin),12,4,73.6,0.0,0.32,1.1,2.82,4.86,7.64,10.45,13.79,18.86,26.49,40.44,53.48,69.09,16.81,19.22,12.0,0.0,0.0,1.0,2.0,6.0,10.0,13.5,17.0,23.4,34.0,50.0,73.6,82.9
2026-09-19 12:45:00,U Spichernstr. (Berlin),12,15,73.6,0.06,0.67,1.74,4.0,6.86,9.93,13.22,17.81,23.98,33.5,49.3,66.42,86.14,21.25,24.87,17.0,0.0,0.0,1.0,2.0,6.0,10.0,13.5,17.0,23.4,34.0,50.0,73.6,82.9
2026-09-19 13:00:00,U Spichernstr. (Berlin),13,30,111.45,0.48,1.36,3.02,6.69,10.61,14.71,19.93,26.38,35.07,47.58,70.15,94.48,120.58,30.61,34.52,20.0,1.27,2.0,4.0,8.0,11.0,14.0,17.0,20.0,27.7,37.8,87.6,111.45,143.47
2026-09-19 13:15:00,U Spichernstr. (Berlin),13,14,111.45,0.09,0.73,1.84,4.17,7.24,10.36,13.84,18.73,25.27,35.13,51.61,70.11,89.83,22.28,24.39,15.0,1.27,2.0,4.0,8.0,11.0,14.0,17.0,20.0,27.7,37.8,87.6,111.45,143.47
2026-09-19 13:30:00,U Spichernstr. (Berlin),13,105,111.45,0.1,0.74,1.86,4.22,7.3,10.39,13.87,18.75,25.27,35.1,51.68,70.29,90.11,22.32,23.78,16.0,1.27,2.0,4.0,8.0,11.0,14.0,17.0,20.0,27.7,37.8,87.6,111.45,143.47
2026-09-19 13:45:00,U Spichernstr. (Berlin),13,8,111.45,0.6,1.61,3.51,7.87,12.05,16.88,22.7,30.29,40.34,54.38,80.28,107.42,136.15,34.9,37.74,19.0,1.27,2.0,4.0,8.0,11.0,14.0,17.0,20.0,27.7,37.8,87.6,111.45,143.47
2026-09-19 14:00:00,U Spichernstr. (Berlin),14,21,324.5,1.38,3.09,6.76,14.16,22.01,31.16,42.75,56.56,73.83,97.22,138.83,184.92,237.44,62.19,63.65,28.0,1.0,2.0,7.0,13.2,27.3,42.0,64.0,91.0,138.5,178.8,247.1,324.5,413.12
2026-09-19 14:15:00,U Spichernstr. (Berlin),14,45,324.5,1.85,3.93,9.1,18.66,28.97,41.69,56.59,73.8,95.01,125.61,180.58,242.21,302.8,80.47,84.0,50.0,1.0,2.0,7.0,13.2,27.3,42.0,64.0,91.0,138.5,178.8,247.1,324.5,413.12
2026-09-19 14:30:00,U Spichernstr. (Berlin),14,88,324.5,1.44,3.16,7.04,14.63,22.67,32.15,44.16,58.27,76.01,100.15,142.81,190.61,244.64,64.03,64.39,37.0,1.0,2.0,7.0,13.2,27.3,42.0,64.0,91.0,138.5,178.8,247.1,324.5,413.12
2026-09-19 14:45:00,U Spichernstr. (Berlin),14,81,324.5,3.36,7.98,19.36,45.7,72.63,102.26,135.82,178.19,234.84,317.54,452.33,548.66,638.17,193.16,206.3,178.0,1.0,2.0,7.0,13.2,27.3,42.0,64.0,91.0,138.5,178.8,247.1,324.5,413.12
2026-09-19 15:00:00,U Spichernstr. (Berlin),15,47,631.5,2.25,4.79,11.13,23.14,37.12,53.64,71.65,92.6,120.07,158.69,231.7,304.71,381.78,101.22,104.67,99.0,6.38,11.25,23.0,44.0,80.5,94.0,133.0,170.0,211.5,290.0,381.0,631.5,761.25
2026-09-19 15:15:00,U Spichernstr. (Berlin),15,11,631.5,3.19,7.5,18.04,42.74,67.82,96.41,128.56,167.26,220.21,299.04,430.74,524.56,605.4,181.97,192.58,143.5,6.38,11.25,23.0,44.0,80.5,94.0,133.0,170.0,211.5,290.0,381.0,631.5,761.25
2026-09-19 15:30:00,U Spichernstr. (Berlin),15,247,631.5,3.19,7.56,18.48,44.07,69.97,99.07,132.06,173.09,228.73,310.84,445.98,540.31,626.47,188.54,198.96,183.5,6.38,11.25,23.0,44.0,80.5,94.0,133.0,170.0,211.5,290.0,381.0,631.5,761.25
2026-09-19 15:45:00,U Spichernstr. (Berlin),15,716,631.5,4.07,10.5,26.26,58.97,94.73,133.84,180.52,240.26,325.39,446.06,600.15,740.2,887.83,262.53,275.25,193.0,6.38,11.25,23.0,44.0,80.5,94.0,133.0,170.0,211.5,290.0,381.0,631.5,761.25
2026-09-19 16:00:00,U Spichernstr. (Berlin),16,413,1020.75,3.54,8.72,21.57,50.3,80.32,113.74,152.07,199.02,266.5,373.4,517.04,621.65,738.18,219.78,222.5,168.0,13.0,25.25,43.0,69.0,107.0,150.0,183.0,256.0,398.0,583.0,867.0,1020.75,1264.38
2026-09-19 16:15:00,U Spichernstr. (Berlin),16,154,1020.75,5.53,14.95,35.02,73.67,117.84,166.97,228.81,316.55,437.66,574.56,768.81,959.34,1152.4,340.9,364.04,192.5,13.0,25.25,43.0,69.0,107.0,150.0,183.0,256.0,398.0,583.0,867.0,1020.75,1264.38
2026-09-19 16:30:00,U Spichernstr. (Berlin),16,64,1020.75,4.64,11.88,28.75,62.73,99.73,142.62,191.45,257.98,358.0,484.93,648.42,804.95,963.83,284.01,283.62,179.0,13.0,25.25,43.0,69.0,107.0,150.0,183.0,256.0,398.0,583.0,867.0,1020.75,1264.38
2026-09-19 16:45:00,U Spichernstr. (Berlin),16,1078,1020.75,7.5,19.53,42.91,87.74,142.58,201.52,290.85,413.05,543.27,687.39,923.2,1171.26,1419.93,421.7,457.08,239.0,13.0,25.25,43.0,69.0,107.0,150.0,183.0,256.0,398.0,583.0,867.0,1020.75,1264.38
2026-09-19 17:00:00,U Spichernstr. (Berlin),17,2513,1621.25,5.48,14.58,33.74,71.48,113.59,161.09,219.33,304.6,423.63,558.58,751.95,936.22,1123.67,330.6,322.38,191.5,18.0,35.25,53.5,108.0,193.5,278.0,392.0,472.0,567.5,764.0,1344.5,1621.25,2738.62
2026-09-19 17:15:00,U Spichernstr. (Berlin),17,606,1621.25,14.03,32.06,64.28,141.36,229.43,364.42,504.91,628.06,780.75,996.33,1358.25,1740.23,2153.06,648.47,638.54,401.0,18.0,35.25,53.5,108.0,193.5,278.0,392.0,472.0,567.5,764.0,1344.5,1621.25,2738.62
2026-09-19 17:30:00,U Spichernstr. (Berlin),17,44,1621.25,10.96,27.26,54.99,117.66,185.79,286.84,420.41,553.01,687.43,876.88,1191.5,1513.99,1859.04,557.1,565.08,408.5,18.0,35.25,53.5,108.0,193.5,278.0,392.0,472.0,567.5,764.0,1344.5,1621.25,2738.62
2026-09-19 17:45:00,U Spichernstr. (Berlin),17,959,1621.25,16.97,37.17,73.04,158.6,267.29,419.13,558.85,689.09,864.11,1096.88,1483.16,1886.66,2344.7,716.81,678.54,461.0,18.0,35.25,53.5,108.0,193.5,278.0,392.0,472.0,567.5,764.0,1344.5,1621.25,2738.62
2026-09-19 18:00:00,U Spichernstr. (Berlin),18,1929,1581.6,6.46,16.94,37.79,78.07,124.63,176.79,245.79,344.53,471.52,613.23,819.23,1021.03,1224.92,364.87,353.75,163.0,4.2,17.4,34.0,67.0,111.2,151.2,233.0,316.6,412.6,562.0,1044.4,1581.6,1942.0
2026-09-19 18:15:00,U Spichernstr. (Berlin),18,186,1581.6,4.62,11.78,28.07,60.43,96.26,136.05,182.77,244.12,333.75,461.36,628.0,775.7,928.14,271.72,250.78,153.0,4.2,17.4,34.0,67.0,111.2,151.2,233.0,316.6,412.6,562.0,1044.4,1581.6,1942.0
2026-09-19 18:30:00,U Spichernstr. (Berlin),18,451,1581.6,15.77,35.12,69.03,150.79,249.59,394.98,535.27,662.54,832.18,1058.07,1422.26,1806.03,2222.54,683.68,650.26,319.0,4.2,17.4,34.0,67.0,111.2,151.2,233.0,316.6,412.6,562.0,1044.4,1581.6,1942.0
2026-09-19 18:45:00,U Spichernstr. (Berlin),18,368,1581.6,7.37,19.17,41.3,84.07,136.16,192.34,273.09,388.25,519.44,664.47,891.75,1112.32,1330.14,400.35,393.0,253.0,4.2,17.4,34.0,67.0,111.2,151.2,233.0,316.6,412.6,562.0,1044.4,1581.6,1942.0
2026-09-19 19:00:00,U Spichernstr. (Berlin),19,174,1117.9,8.0,20.91,44.23,90.05,146.41,208.57,301.37,425.48,558.62,713.19,957.74,1195.91,1425.03,432.89,433.7,359.0,21.1,25.0,47.9,103.8,183.6,240.8,317.5,430.8,494.8,658.4,811.3,1117.9,1321.05
2026-09-19 19:15:00,U Spichernstr. (Berlin),19,100,1117.9,7.06,18.63,40.41,82.7,134.49,190.44,269.73,382.05,512.54,657.02,887.23,1100.24,1302.27,394.55,390.74,225.0,21.1,25.0,47.9,103.8,183.6,240.8,317.5,430.8,494.8,658.4,811.3,1117.9,1321.05
2026-09-19 19:30:00,U Spichernstr. (Berlin),19,71,1117.9,8.05,20.92,44.23,90.39,147.09,210.09,303.23,427.8,561.42,719.83,971.52,1206.88,1432.57,436.39,436.61,471.0,21.1,25.0,47.9,103.8,183.6,240.8,317.5,430.8,494.8,658.4,811.3,1117.9,1321.05
2026-09-19 19:45:00,U Spichernstr. (Berlin),19,172,1117.9,6.62,17.38,38.51,79.35,128.14,181.54,253.55,354.97,484.29,627.07,849.09,1052.45,1241.57,374.17,372.35,349.0,21.1,25.0,47.9,103.8,183.6,240.8,317.5,430.8,494.8,658.4,811.3,1117.9,1321.05
2026-09-19 20:00:00,U Spichernstr. (Berlin),20,89,803.55,5.68,15.01,34.45,71.89,114.48,163.49,222.94,305.2,421.68,559.16,757.04,936.26,1105.76,330.54,339.61,294.0,4.12,9.9,22.0,56.0,100.2,151.8,185.0,249.4,312.2,406.6,549.8,803.55,1066.55
2026-09-19 20:15:00,U Spichernstr. (Berlin),20,418,803.55,6.78,17.91,39.25,80.68,130.9,185.78,260.32,366.16,496.52,640.48,872.58,1082.89,1278.6,384.68,409.32,318.0,4.12,9.9,22.0,56.0,100.2,151.8,185.0,249.4,312.2,406.6,549.8,803.55,1066.55
2026-09-19 20:30:00,U Spichernstr. (Berlin),20,97,803.55,3.04,7.02,16.71,38.55,60.87,86.51,114.86,149.29,194.15,260.73,380.78,474.67,550.92,161.58,162.36,127.0,4.12,9.9,22.0,56.0,100.2,151.8,185.0,249.4,312.2,406.6,549.8,803.55,1066.55
2026-09-19 20:45:00,U Spichernstr. (Berlin),20,175,803.55,2.96,6.8,16.19,37.21,59.14,83.65,111.04,144.05,187.61,251.5,364.56,460.3,535.57,156.04,157.3,143.0,4.12,9.9,22.0,56.0,100.2,151.8,185.0,249.4,312.2,406.6,549.8,803.55,1066.55
2026-09-19 21:00:00,U Spichernstr. (Berlin),21,39,449.2,3.35,7.89,19.05,44.55,69.75,98.71,131.52,171.98,226.46,305.22,436.15,533.45,619.52,186.03,192.22,144.0,7.7,11.0,19.8,33.6,54.4,86.8,106.0,129.0,169.6,224.2,309.0,449.2,586.75
2026-09-19 21:15:00,U Spichernstr. (Berlin),21,247,449.2,3.23,7.44,17.81,41.81,65.63,93.19,123.79,161.37,211.57,283.21,408.9,503.72,580.97,174.27,181.08,125.5,7.7,11.0,19.8,33.6,54.4,86.8,106.0,129.0,169.6,224.2,309.0,449.2,586.75
2026-09-19 21:30:00,U Spichernstr. (Berlin),21,8,449.2,3.0,6.7,15.45,34.97,56.23,79.17,104.77,135.22,176.51,235.63,336.07,431.24,501.7,145.98,150.0,110.5,7.7,11.0,19.8,33.6,54.4,86.8,106.0,129.0,169.6,224.2,309.0,449.2,586.75
2026-09-19 21:45:00,U Spichernstr. (Berlin),21,15,449.2,1.78,3.87,8.94,18.45,28.89,41.96,56.97,74.6,96.05,127.27,182.19,244.08,303.4,81.03,77.71,53.0,7.7,11.0,19.8,33.6,54.4,86.8,106.0,129.0,169.6,224.2,309.0,449.2,586.75
2026-09-19 22:00:00,U Spichernstr. (Berlin),22,146,159.25,1.36,3.1,6.87,14.28,22.23,31.38,43.31,57.3,75.13,98.83,140.87,187.13,239.82,62.93,62.54,31.0,0.38,1.0,5.0,9.0,14.5,22.0,31.0,42.0,51.0,61.0,94.5,159.25,190.38
2026-09-19 22:15:00,U Spichernstr. (Berlin),22,100,159.25,0.68,1.81,3.9,8.67,13.12,18.47,24.74,32.95,44.03,59.61,88.28,118.07,149.23,38.29,38.92,18.0,0.38,1.0,5.0,9.0,14.5,22.0,31.0,42.0,51.0,61.0,94.5,159.25,190.38
2026-09-19 22:30:00,U Spichernstr. (Berlin),22,14,159.25,0.97,2.37,5.06,10.89,16.74,23.37,31.59,42.52,56.34,76.22,109.34,144.2,182.51,48.02,48.67,45.0,0.38,1.0,5.0,9.0,14.5,22.0,31.0,42.0,51.0,61.0,94.5,159.25,190.38
2026-09-19 22:45:00,U Spichernstr. (Berlin),22,14,159.25,0.29,1.09,2.56,5.71,9.38,12.95,17.67,23.58,31.78,43.52,64.07,87.58,112.89,27.89,28.92,20.5,0.38,1.0,5.0,9.0,14.5,22.0,31.0,42.0,51.0,61.0,94.5,159.25,190.38
2026-09-19 23:00:00,U Spichernstr. (Berlin),23,15,50.0,0.02,0.64,1.71,3.92,6.75,9.77,13.02,17.57,23.8,33.28,49.2,66.51,86.57,21.19,24.46,22.0,0.0,0.0,1.0,2.0,3.5,7.0,9.0,14.0,21.0,27.0,40.5,50.0,52.62
2026-09-19 23:15:00,U Spichernstr. (Berlin),23,0,50.0,0.0,0.23,0.98,2.55,4.34,6.87,9.59,12.63,17.3,24.58,37.92,50.76,64.84,15.68,17.58,11.5,0.0,0.0,1.0,2.0,3.5,7.0,9.0,14.0,21.0,27.0,40.5,50.0,52.62
2026-09-19 23:30:00,U Spichernstr. (Berlin),23,6,50.0,0.0,0.0,0.47,1.51,2.8,4.45,6.91,9.53,12.62,18.17,28.8,39.74,50.59,11.59,12.71,10.5,0.0,0.0,1.0,2.0,3.5,7.0,9.0,14.0,21.0,27.0,40.5,50.0,52.62
2026-09-19 23:45:00,U Spichernstr. (Berlin),23,3,50.0,0.0,0.0,0.0,0.56,1.22,2.09,3.28,5.28,8.2,11.27,18.62,27.27,35.63,7.2,7.58,3.0,0.0,0.0,1.0,2.0,3.5,7.0,9.0,14.0,21.0,27.0,40.5,50.0,52.62
2026-09-16 00:00:00,U Tierpark (Berlin),0,0,10.0,0.0,0.0,0.0,0.0,0.0,0.11,0.32,0.68,1.25,2.69,8.0,11.18,15.76,2.13,2.19,0.0,0.0,0.0,0.0,0.0,0.0,0.0,0.0,0.0,1.0,3.0,6.0,10.0,11.35
2026-09-16 00:15:00,U Tierpark (Berlin),0,18,10.0,0.0,0.0,0.0,0.0,0.0,0.05,0.24,0.49,0.9,1.75,5.98,9.75,12.8,1.63,1.71,0.0,0.0,0.0,0.0,0.0,0.0,0.0,0.0,0.0,1.0,3.0,6.0,10.0,11.35
2026-09-16 00:30:00,U Tierpark (Berlin),0,0,10.0,0.0,0.0,0.0,0.0,0.0,0.06,0.25,0.51,0.92,1.75,5.93,9.78,12.84,1.65,1.68,0.0,0.0,0.0,0.0,0.0,0.0,0.0,0.0,0.0,1.0,3.0,6.0,10.0,11.35
2026-09-16 00:45:00,U Tierpark (Berlin),0,0,10.0,0.0,0.0,0.0,0.0,0.0,0.04,0.24,0.5,0.94,1.84,6.49,10.01,13.4,1.72,1.73,0.0,0.0,0.0,0.0,0.0,0.0,0.0,0.0,0.0,1.0,3.0,6.0,10.0,11.35
2026-09-16 05:00:00,U Tierpark (Berlin),5,11,162.2,0.4,1.18,2.66,5.82,9.66,13.55,18.56,24.77,33.04,44.67,64.49,86.58,109.87,28.29,28.62,22.5,1.0,3.95,7.0,13.0,19.0,26.6,34.0,46.0,55.0,80.2,119.1,162.2,191.05
2026-09-16 05:15:00,U Tierpark (Berlin),5,27,162.2,0.89,2.12,4.32,9.6,15.0,21.54,29.4,39.58,52.93,71.02,103.08,135.9,174.24,44.88,43.72,31.0,1.0,3.95,7.0,13.0,19.0,26.6,34.0,46.0,55.0,80.2,119.1,162.2,191.05
2026-09-16 05:30:00,U Tierpark (Berlin),5,14,162.2,1.4,2.99,6.05,13.13,20.65,29.58,40.97,54.97,72.13,96.97,139.53,188.61,241.58,61.33,57.1,43.5,1.0,3.95,7.0,13.0,19.0,26.6,34.0,46.0,55.0,80.2,119.1,162.2,191.05
2026-09-16 05:45:00,U Tierpark (Berlin),5,15,162.2,2.0,3.94,8.31,17.25,27.25,39.57,54.61,72.02,94.84,126.37,184.85,246.47,308.58,80.05,74.53,53.5,1.0,3.95,7.0,13.0,19.0,26.6,34.0,46.0,55.0,80.2,119.1,162.2,191.05
2026-09-16 06:00:00,U Tierpark (Berlin),6,169,464.8,2.61,5.12,11.32,22.87,36.24,53.16,72.16,95.64,124.75,168.5,244.99,321.63,401.05,104.79,95.57,63.5,0.9,5.8,11.0,25.0,40.0,55.0,79.0,104.8,138.4,218.6,360.4,464.8,500.0
2026-09-16 06:15:00,U Tierpark (Berlin),6,27,464.8,2.5,4.85,10.6,21.42,33.89,49.39,67.24,89.01,117.34,157.28,230.22,303.39,381.91,98.41,89.64,51.0,0.9,5.8,11.0,25.0,40.0,55.0,79.0,104.8,138.4,218.6,360.4,464.8,500.0
2026-09-16 06:30:00,U Tierpark (Berlin),6,32,464.8,3.79,7.86,17.7,37.41,60.38,86.63,117.27,152.97,199.63,263.34,380.25,461.9,494.71,158.15,149.92,89.0,0.9,5.8,11.0,25.0,40.0,55.0,79.0,104.8,138.4,218.6,360.4,464.8,500.0
2026-09-16 06:45:00,U Tierpark (Berlin),6,61,464.8,4.73,10.35,23.47,49.47,78.01,111.18,148.84,195.9,254.92,337.46,456.37,494.53,511.03,192.86,180.98,120.0,0.9,5.8,11.0,25.0,40.0,55.0,79.0,104.8,138.4,218.6,360.4,464.8,500.0
2026-09-16 07:00:00,U Tierpark (Berlin),7,175,500.0,6.36,14.97,32.68,67.89,105.99,151.13,204.78,269.14,344.74,436.95,495.03,511.94,531.32,240.04,216.73,170.0,7.88,16.0,27.0,52.0,87.0,127.0,169.5,224.0,289.5,401.0,500.0,500.0,500.0
2026-09-16 07:15:00,U Tierpark (Berlin),7,263,500.0,5.55,12.62,28.32,59.23,93.28,132.16,180.26,237.56,306.97,401.59,486.04,506.08,522.16,220.89,201.31,183.0,7.88,16.0,27.0,52.0,87.0,127.0,169.5,224.0,289.5,401.0,500.0,500.0,500.0
2026-09-16 07:30:00,U Tierpark (Berlin),7,261,500.0,5.85,13.45,30.06,62.35,98.15,139.46,189.0,249.41,321.11,415.91,490.39,508.36,525.34,228.42,206.59,186.0,7.88,16.0,27.0,52.0,87.0,127.0,169.5,224.0,289.5,401.0,500.0,500.0,500.0
2026-09-16 07:45:00,U Tierpark (Berlin),7,110,500.0,6.54,15.5,33.6,70.14,109.35,155.54,212.22,278.28,356.09,445.92,497.34,514.02,534.48,245.2,221.66,155.0,7.88,16.0,27.0,52.0,87.0,127.0,169.5,224.0,289.5,401.0,500.0,500.0,500.0
2026-09-16 08:00:00,U Tierpark (Berlin),8,500,500.0,6.57,15.45,33.45,69.72,108.53,154.88,211.29,277.19,355.05,446.54,497.53,514.07,534.34,244.83,220.12,180.0,2.0,8.4,25.8,58.6,90.6,117.0,159.0,225.4,293.2,420.2,500.0,500.0,500.0
2026-09-16 08:15:00,U Tierpark (Berlin),8,89,500.0,6.66,15.88,34.23,71.96,112.45,159.86,219.05,286.64,366.34,453.28,499.0,516.14,538.59,250.0,227.12,181.0,2.0,8.4,25.8,58.6,90.6,117.0,159.0,225.4,293.2,420.2,500.0,500.0,500.0
2026-09-16 08:30:00,U Tierpark (Berlin),8,500,500.0,6.91,16.73,35.26,74.45,116.68,165.11,227.08,295.68,377.17,459.52,500.71,518.1,541.82,255.12,233.42,176.0,2.0,8.4,25.8,58.6,90.6,117.0,159.0,225.4,293.2,420.2,500.0,500.0,500.0
2026-09-16 08:45:00,U Tierpark (Berlin),8,50,500.0,4.87,10.89,24.59,52.21,82.05,117.56,158.16,209.53,271.1,361.08,470.04,498.83,514.35,202.3,186.42,117.0,2.0,8.4,25.8,58.6,90.6,117.0,159.0,225.4,293.2,420.2,500.0,500.0,500.0
2026-09-16 09:00:00,U Tierpark (Berlin),9,60,402.5,4.92,10.86,24.66,52.34,82.65,118.19,158.49,209.32,270.72,359.77,469.86,498.72,514.44,202.35,188.7,161.0,3.75,6.5,15.0,28.0,54.0,81.0,102.0,129.0,187.0,252.0,325.0,402.5,500.0
2026-09-16 09:15:00,U Tierpark (Berlin),9,314,402.5,3.34,6.96,15.69,33.8,54.96,78.91,107.7,141.33,185.94,247.12,354.8,447.71,487.96,148.44,136.95,81.0,3.75,6.5,15.0,28.0,54.0,81.0,102.0,129.0,187.0,252.0,325.0,402.5,500.0
2026-09-16 09:30:00,U Tierpark (Berlin),9,166,402.5,3.03,6.23,14.1,30.14,48.97,70.52,96.36,126.82,166.77,224.13,319.65,417.66,472.61,135.35,125.02,93.5,3.75,6.5,15.0,28.0,54.0,81.0,102.0,129.0,187.0,252.0,325.0,402.5,500.0
2026-09-16 09:45:00,U Tierpark (Berlin),9,253,402.5,2.85,5.8,13.26,28.15,45.69,65.79,89.92,119.28,156.45,210.46,301.56,398.53,461.93,127.96,117.67,84.5,3.75,6.5,15.0,28.0,54.0,81.0,102.0,129.0,187.0,252.0,325.0,402.5,500.0
2026-09-16 10:00:00,U Tierpark (Berlin),10,89,197.4,2.5,5.12,11.72,24.44,38.85,57.02,77.48,102.64,133.72,181.52,260.62,344.99,425.5,111.96,101.74,85.5,2.82,4.0,7.0,14.0,22.0,31.0,39.0,52.0,68.3,95.4,130.7,197.4,278.97
2026-09-16 10:15:00,U Tierpark (Berlin),10,182,197.4,1.64,3.44,7.51,15.66,24.67,35.27,48.55,63.92,83.62,111.72,162.61,219.74,277.68,71.42,63.67,48.5,2.82,4.0,7.0,14.0,22.0,31.0,39.0,52.0,68.3,95.4,130.7,197.4,278.97
2026-09-16 10:30:00,U Tierpark (Berlin),10,7,197.4,1.11,2.51,5.28,11.68,18.24,25.67,34.87,46.77,61.43,82.41,118.36,159.17,204.56,52.53,46.85,27.0,2.82,4.0,7.0,14.0,22.0,31.0,39.0,52.0,68.3,95.4,130.7,197.4,278.97
2026-09-16 10:45:00,U Tierpark (Berlin),10,17,197.4,0.76,1.83,3.95,9.05,13.86,19.73,26.51,35.31,47.11,63.5,92.45,121.32,155.89,40.44,36.37,26.0,2.82,4.0,7.0,14.0,22.0,31.0,39.0,52.0,68.3,95.4,130.7,197.4,278.97
2026-09-16 11:00:00,U Tierpark (Berlin),11,7,61.0,0.36,1.1,2.57,5.99,9.97,13.94,19.27,25.7,34.36,46.97,68.19,91.73,115.42,29.67,27.95,18.0,0.0,0.0,1.0,2.0,4.0,7.0,9.5,12.0,19.0,26.0,43.7,61.0,75.17
2026-09-16 11:15:00,U Tierpark (Berlin),11,3,61.0,0.0,0.44,1.29,3.27,5.73,8.75,11.7,15.42,21.03,29.13,43.16,56.73,72.81,18.34,17.93,9.0,0.0,0.0,1.0,2.0,4.0,7.0,9.5,12.0,19.0,26.0,43.7,61.0,75.17
2026-09-16 11:30:00,U Tierpark (Berlin),11,6,61.0,0.0,0.06,0.69,2.01,3.69,5.84,8.5,11.23,14.81,20.99,31.87,42.39,52.76,13.13,12.66,8.5,0.0,0.0,1.0,2.0,4.0,7.0,9.5,12.0,19.0,26.0,43.7,61.0,75.17
2026-09-16 11:45:00,U Tierpark (Berlin),11,7,61.0,0.0,0.0,0.4,1.41,2.78,4.47,6.8,9.32,12.22,17.1,26.5,35.9,45.51,10.8,10.26,5.0,0.0,0.0,1.0,2.0,4.0,7.0,9.5,12.0,19.0,26.0,43.7,61.0,75.17
2026-09-16 12:00:00,U Tierpark (Berlin),12,0,30.3,0.0,0.0,0.0,0.62,1.39,2.55,4.04,6.3,8.96,12.31,19.88,27.52,34.88,7.65,7.28,2.0,0.0,0.0,0.0,1.0,1.0,2.8,4.0,6.0,8.0,14.0,19.3,30.3,42.97
2026-09-16 12:15:00,U Tierpark (Berlin),12,30,30.3,0.0,0.0,0.0,0.63,1.39,2.52,3.96,6.15,8.82,12.13,19.5,27.1,34.48,7.53,7.22,4.0,0.0,0.0,0.0,1.0,1.0,2.8,4.0,6.0,8.0,14.0,19.3,30.3,42.97
2026-09-16 12:30:00,U Tierpark (Berlin),12,4,30.3,0.0,0.0,0.0,0.26,0.78,1.52,2.68,4.29,6.89,9.7,15.01,22.37,29.66,5.82,5.5,3.0,0.0,0.0,0.0,1.0,1.0,2.8,4.0,6.0,8.0,14.0,19.3,30.3,42.97
2026-09-16 12:45:00,U Tierpark (Berlin),12,4,30.3,0.0,0.12,0.8,2.22,3.84,5.93,8.62,11.5,15.19,21.59,32.82,43.37,53.76,13.47,14.52,7.0,0.0,0.0,0.0,1.0,1.0,2.8,4.0,6.0,8.0,14.0,19.3,30.3,42.97
2026-09-16 13:00:00,U Tierpark (Berlin),13,10,44.0,0.0,0.1,0.76,2.16,3.76,5.82,8.43,11.21,14.72,20.82,31.61,42.04,52.32,13.04,13.53,8.0,0.0,0.0,1.0,2.0,4.0,6.0,8.0,11.0,16.0,23.8,34.9,44.0,55.0
2026-09-16 13:15:00,U Tierpark (Berlin),13,4,44.0,0.0,0.0,0.16,0.94,1.95,3.27,5.04,7.53,10.17,13.95,22.15,30.38,38.16,8.77,8.54,6.0,0.0,0.0,1.0,2.0,4.0,6.0,8.0,11.0,16.0,23.8,34.9,44.0,55.0
2026-09-16 13:30:00,U Tierpark (Berlin),13,37,44.0,0.0,0.29,1.06,2.77,4.72,7.35,10.13,13.29,17.95,24.85,37.2,49.2,60.98,15.63,15.85,9.0,0.0,0.0,1.0,2.0,4.0,6.0,8.0,11.0,16.0,23.8,34.9,44.0,55.0
2026-09-16 13:45:00,U Tierpark (Berlin),13,40,44.0,0.0,0.48,1.38,3.34,5.72,8.73,11.75,15.45,21.01,29.08,43.01,56.52,72.16,18.26,18.17,11.0,0.0,0.0,1.0,2.0,4.0,6.0,8.0,11.0,16.0,23.8,34.9,44.0,55.0
2026-09-16 14:00:00,U Tierpark (Berlin),14,53,108.6,0.45,1.27,2.85,6.36,10.41,14.49,19.8,26.36,35.16,48.05,69.8,93.32,117.0,30.35,28.81,22.0,0.0,0.55,2.1,6.0,11.0,17.0,24.0,31.6,41.4,60.4,87.9,108.6,121.45
2026-09-16 14:15:00,U Tierpark (Berlin),14,13,108.6,0.53,1.42,3.15,7.06,11.31,15.74,21.39,28.51,38.17,51.86,75.46,100.47,125.66,32.77,30.83,18.5,0.0,0.55,2.1,6.0,11.0,17.0,24.0,31.6,41.4,60.4,87.9,108.6,121.45
2026-09-16 14:30:00,U Tierpark (Berlin),14,56,108.6,0.89,2.11,4.4,9.88,15.28,21.68,29.32,39.17,52.32,70.1,101.15,132.42,168.33,44.26,41.05,28.5,0.0,0.55,2.1,6.0,11.0,17.0,24.0,31.6,41.4,60.4,87.9,108.6,121.45
2026-09-16 14:45:00,U Tierpark (Berlin),14,6,108.6,0.97,2.27,4.69,10.48,16.19,22.9,31.09,41.47,55.05,73.63,105.61,138.79,177.24,46.54,42.86,30.5,0.0,0.55,2.1,6.0,11.0,17.0,24.0,31.6,41.4,60.4,87.9,108.6,121.45
2026-09-16 15:00:00,U Tierpark (Berlin),15,62,254.4,2.13,4.21,9.17,19.09,30.05,43.4,59.24,77.91,101.75,135.26,198.13,262.88,329.06,86.0,78.03,56.0,2.0,5.6,12.0,21.0,31.0,46.8,61.0,79.2,99.4,141.6,188.2,254.4,299.4
2026-09-16 15:15:00,U Tierpark (Berlin),15,22,254.4,2.17,4.41,9.94,20.7,32.63,47.36,64.05,84.43,110.56,147.95,217.53,286.53,359.14,93.38,84.07,73.0,2.0,5.6,12.0,21.0,31.0,46.8,61.0,79.2,99.4,141.6,188.2,254.4,299.4
2026-09-16 15:30:00,U Tierpark (Berlin),15,288,254.4,2.4,4.81,10.85,22.49,35.38,51.57,69.51,91.32,119.89,160.77,234.48,308.12,386.54,100.64,91.71,66.0,2.0,5.6,12.0,21.0,31.0,46.8,61.0,79.2,99.4,141.6,188.2,254.4,299.4
2026-09-16 15:45:00,U Tierpark (Berlin),15,353,254.4,2.35,4.7,10.62,22.08,34.77,50.54,68.31,89.83,118.05,158.14,230.87,303.47,381.58,99.09,90.76,59.5,2.0,5.6,12.0,21.0,31.0,46.8,61.0,79.2,99.4,141.6,188.2,254.4,299.4
2026-09-16 16:00:00,U Tierpark (Berlin),16,26,453.5,3.12,6.44,14.42,30.62,49.25,70.4,95.27,124.93,163.91,220.74,314.11,410.66,468.81,133.62,126.12,79.5,4.0,9.5,19.0,37.0,54.0,71.0,94.0,129.0,172.0,240.0,359.0,453.5,500.0
2026-09-16 16:15:00,U Tierpark (Berlin),16,37,453.5,3.48,7.3,16.27,34.63,56.13,80.04,108.57,141.63,186.7,248.2,353.28,445.7,487.89,148.89,140.81,108.5,4.0,9.5,19.0,37.0,54.0,71.0,94.0,129.0,172.0,240.0,359.0,453.5,500.0
2026-09-16 16:30:00,U Tierpark (Berlin),16,8,453.5,3.85,8.28,18.74,39.04,62.92,90.1,121.71,159.21,209.26,275.05,395.18,470.63,498.98,163.89,154.37,102.0,4.0,9.5,19.0,37.0,54.0,71.0,94.0,129.0,172.0,240.0,359.0,453.5,500.0
2026-09-16 16:45:00,U Tierpark (Berlin),16,416,453.5,3.76,7.94,17.81,37.5,60.59,87.09,117.93,154.09,202.35,266.43,386.0,465.52,496.94,159.66,148.52,81.5,4.0,9.5,19.0,37.0,54.0,71.0,94.0,129.0,172.0,240.0,359.0,453.5,500.0
2026-09-16 17:00:00,U Tierpark (Berlin),17,193,500.0,6.4,15.16,32.9,67.73,106.01,150.51,204.37,267.27,343.62,438.3,495.39,512.47,532.41,240.2,215.55,182.0,7.1,18.1,28.0,52.2,82.9,120.0,176.0,218.6,277.7,367.0,500.0,500.0,500.0
2026-09-16 17:15:00,U Tierpark (Berlin),17,142,500.0,7.15,17.44,35.74,74.96,117.12,165.55,227.9,296.5,377.78,461.43,501.31,518.89,543.87,255.93,226.55,193.5,7.1,18.1,28.0,52.2,82.9,120.0,176.0,218.6,277.7,367.0,500.0,500.0,500.0
2026-09-16 17:30:00,U Tierpark (Berlin),17,347,500.0,4.2,9.05,20.66,43.17,69.1,98.83,132.28,175.46,230.89,305.17,433.33,486.34,505.74,177.82,158.97,127.0,7.1,18.1,28.0,52.2,82.9,120.0,176.0,218.6,277.7,367.0,500.0,500.0,500.0
2026-09-16 17:45:00,U Tierpark (Berlin),17,500,500.0,7.43,18.46,37.19,78.34,123.05,175.53,240.68,312.42,394.41,471.76,505.2,526.68,557.09,265.55,232.28,217.0,7.1,18.1,28.0,52.2,82.9,120.0,176.0,218.6,277.7,367.0,500.0,500.0,500.0
2026-09-16 18:00:00,U Tierpark (Berlin),18,500,500.0,7.16,17.55,36.24,76.35,119.86,169.65,234.26,304.2,387.68,468.49,504.12,523.67,551.75,261.18,223.81,178.0,8.73,13.35,28.9,56.8,98.0,124.2,165.0,240.0,357.9,431.4,500.0,500.0,500.0
2026-09-16 18:15:00,U Tierpark (Berlin),18,500,500.0,7.2,17.62,36.21,76.15,119.41,168.97,233.14,303.05,386.61,467.24,503.56,523.05,550.71,260.36,225.05,189.0,8.73,13.35,28.9,56.8,98.0,124.2,165.0,240.0,357.9,431.4,500.0,500.0,500.0
2026-09-16 18:30:00,U Tierpark (Berlin),18,500,500.0,7.18,17.73,36.4,76.9,120.49,171.16,235.97,306.69,389.9,468.86,503.76,523.64,551.95,262.07,228.03,169.5,8.73,13.35,28.9,56.8,98.0,124.2,165.0,240.0,357.9,431.4,500.0,500.0,500.0
2026-09-16 18:45:00,U Tierpark (Berlin),18,15,500.0,7.13,17.65,36.26,76.61,119.9,170.14,235.1,305.53,388.63,468.06,503.6,523.6,552.25,261.46,228.03,161.5,8.73,13.35,28.9,56.8,98.0,124.2,165.0,240.0,357.9,431.4,500.0,500.0,500.0
2026-09-16 19:00:00,U Tierpark (Berlin),19,238,500.0,6.17,14.52,31.88,65.65,102.96,146.18,198.89,262.25,338.93,433.14,494.12,511.92,531.96,236.99,211.45,164.5,3.0,7.2,20.2,44.0,71.4,98.8,129.0,179.2,224.8,299.8,456.8,500.0,500.0
2026-09-16 19:15:00,U Tierpark (Berlin),19,293,500.0,5.09,11.61,26.23,54.59,86.37,122.87,165.11,220.36,285.04,379.62,477.74,503.16,519.6,209.84,189.45,158.0,3.0,7.2,20.2,44.0,71.4,98.8,129.0,179.2,224.8,299.8,456.8,500.0,500.0
2026-09-16 19:30:00,U Tierpark (Berlin),19,77,500.0,4.12,9.06,20.7,42.59,68.32,97.83,131.13,173.11,228.21,301.4,429.0,485.34,506.75,176.31,159.93,116.0,3.0,7.2,20.2,44.0,71.4,98.8,129.0,179.2,224.8,299.8,456.8,500.0,500.0
2026-09-16 19:45:00,U Tierpark (Berlin),19,31,500.0,3.87,8.17,18.66,38.69,62.41,89.53,121.25,158.83,209.21,276.21,399.01,472.32,500.44,164.25,149.15,109.0,3.0,7.2,20.2,44.0,71.4,98.8,129.0,179.2,224.8,299.8,456.8,500.0,500.0
2026-09-16 20:00:00,U Tierpark (Berlin),20,93,364.25,4.37,9.37,21.3,44.32,70.82,100.71,134.43,178.13,232.85,306.08,432.03,486.21,507.28,179.13,165.42,120.0,3.88,8.75,15.5,27.0,40.5,59.0,77.5,96.0,139.0,202.0,264.0,364.25,409.88
2026-09-16 20:15:00,U Tierpark (Berlin),20,177,364.25,3.13,6.38,14.13,29.44,47.42,67.95,92.06,121.48,158.95,213.11,303.75,399.55,462.81,129.78,116.81,73.0,3.88,8.75,15.5,27.0,40.5,59.0,77.5,96.0,139.0,202.0,264.0,364.25,409.88
2026-09-16 20:30:00,U Tierpark (Berlin),20,8,364.25,2.41,4.85,10.81,22.09,34.58,50.25,68.05,89.58,118.17,158.38,230.61,304.4,385.44,99.2,87.51,52.0,3.88,8.75,15.5,27.0,40.5,59.0,77.5,96.0,139.0,202.0,264.0,364.25,409.88
2026-09-16 20:45:00,U Tierpark (Berlin),20,151,364.25,2.6,5.2,11.62,23.78,37.6,54.79,74.22,97.79,128.2,172.04,248.78,327.43,408.43,107.04,94.25,64.0,3.88,8.75,15.5,27.0,40.5,59.0,77.5,96.0,139.0,202.0,264.0,364.25,409.88
2026-09-16 21:00:00,U Tierpark (Berlin),21,78,183.55,2.16,4.26,9.36,19.38,30.24,43.74,59.53,78.26,102.31,136.21,198.44,263.16,329.56,86.44,77.49,36.0,0.0,2.0,3.7,11.0,19.0,27.8,36.0,49.0,66.9,96.8,131.6,183.55,256.5
2026-09-16 21:15:00,U Tierpark (Berlin),21,138,183.55,2.01,3.99,8.59,17.88,27.97,40.21,55.29,72.6,94.63,126.3,184.57,245.31,306.25,80.24,71.16,53.0,0.0,2.0,3.7,11.0,19.0,27.8,36.0,49.0,66.9,96.8,131.6,183.55,256.5
2026-09-16 21:30:00,U Tierpark (Berlin),21,49,183.55,1.43,3.02,6.1,13.2,20.75,29.39,40.21,53.93,70.54,93.99,135.46,183.06,233.24,59.93,52.72,43.0,0.0,2.0,3.7,11.0,19.0,27.8,36.0,49.0,66.9,96.8,131.6,183.55,256.5
2026-09-16 21:45:00,U Tierpark (Berlin),21,36,183.55,0.82,1.96,4.06,9.1,14.07,20.11,27.1,36.01,48.31,65.27,95.34,126.17,160.34,41.48,38.18,20.0,0.0,2.0,3.7,11.0,19.0,27.8,36.0,49.0,66.9,96.8,131.6,183.55,256.5
2026-09-16 22:00:00,U Tierpark (Berlin),22,9,72.25,0.42,1.24,2.8,6.15,10.22,14.35,19.81,26.32,34.87,47.72,69.74,93.4,117.96,30.27,29.53,19.0,0.0,1.0,2.0,4.0,7.0,10.0,13.0,16.0,21.0,30.0,52.0,72.25,87.95
2026-09-16 22:15:00,U Tierpark (Berlin),22,22,72.25,0.2,0.88,2.14,4.81,8.32,11.87,16.13,21.84,29.1,39.58,58.01,77.71,99.06,25.1,25.05,14.0,0.0,1.0,2.0,4.0,7.0,10.0,13.0,16.0,21.0,30.0,52.0,72.25,87.95
2026-09-16 22:30:00,U Tierpark (Berlin),22,27,72.25,0.0,0.37,1.2,3.03,5.15,7.97,10.84,14.26,19.61,27.26,40.29,52.92,66.49,16.97,17.33,14.0,0.0,1.0,2.0,4.0,7.0,10.0,13.0,16.0,21.0,30.0,52.0,72.25,87.95
2026-09-16 22:45:00,U Tierpark (Berlin),22,0,72.25,0.0,0.02,0.65,1.97,3.56,5.6,8.16,10.84,14.27,20.41,31.14,41.62,51.85,12.72,12.91,9.0,0.0,1.0,2.0,4.0,7.0,10.0,13.0,16.0,21.0,30.0,52.0,72.25,87.95
2026-09-16 23:00:00,U Tierpark (Berlin),23,2,31.8,0.0,0.0,0.27,1.19,2.37,3.82,5.9,8.45,11.22,15.35,24.29,33.57,42.59,9.79,10.26,5.0,0.0,0.0,0.0,0.0,1.0,2.0,3.0,5.0,8.0,12.0,19.9,31.8,39.45
2026-09-16 23:15:00,U Tierpark (Berlin),23,20,31.8,0.0,0.0,0.2,1.06,2.16,3.56,5.5,8.06,10.75,14.61,23.35,32.36,41.02,9.33,9.83,5.5,0.0,0.0,0.0,0.0,1.0,2.0,3.0,5.0,8.0,12.0,19.9,31.8,39.45
2026-09-16 23:30:00,U Tierpark (Berlin),23,0,31.8,0.0,0.0,0.0,0.34,0.93,1.78,3.0,4.78,7.49,10.31,15.85,23.21,30.73,6.22,6.66,3.0,0.0,0.0,0.0,0.0,1.0,2.0,3.0,5.0,8.0,12.0,19.9,31.8,39.45
2026-09-16 23:45:00,U Tierpark (Berlin),23,0,31.8,0.0,0.0,0.0,0.07,0.44,0.94,1.69,2.88,4.89,8.12,12.15,18.32,25.25,4.57,4.67,2.0,0.0,0.0,0.0,0.0,1.0,2.0,3.0,5.0,8.0,12.0,19.9,31.8,39.45
2026-09-17 00:00:00,U Tierpark (Berlin),0,0,10.0,0.0,0.0,0.0,0.0,0.0,0.15,0.35,0.71,1.26,2.71,8.18,11.28,15.86,2.21,2.19,0.0,0.0,0.0,0.0,0.0,0.0,0.0,0.0,0.0,1.0,3.0,6.0,10.0,11.35
2026-09-17 00:15:00,U Tierpark (Berlin),0,3,10.0,0.0,0.0,0.0,0.0,0.0,0.07,0.26,0.53,0.93,1.76,6.17,9.83,12.88,1.67,1.71,0.0,0.0,0.0,0.0,0.0,0.0,0.0,0.0,0.0,1.0,3.0,6.0,10.0,11.35
2026-09-17 00:30:00,U Tierpark (Berlin),0,2,10.0,0.0,0.0,0.0,0.0,0.0,0.09,0.28,0.56,0.98,1.83,6.45,9.96,13.09,1.73,1.68,0.0,0.0,0.0,0.0,0.0,0.0,0.0,0.0,0.0,1.0,3.0,6.0,10.0,11.35
2026-09-17 00:45:00,U Tierpark (Berlin),0,0,10.0,0.0,0.0,0.0,0.0,0.0,0.1,0.28,0.57,1.01,1.87,6.59,10.08,13.4,1.78,1.73,0.0,0.0,0.0,0.0,0.0,0.0,0.0,0.0,0.0,1.0,3.0,6.0,10.0,11.35
2026-09-17 05:00:00,U Tierpark (Berlin),5,15,162.2,0.47,1.3,2.83,6.05,10.01,14.04,19.35,25.83,34.19,46.24,66.79,90.59,115.03,29.46,28.62,22.5,1.0,3.95,7.0,13.0,19.0,26.6,34.0,46.0,55.0,80.2,119.1,162.2,191.05
2026-09-17 05:15:00,U Tierpark (Berlin),5,67,162.2,1.07,2.4,4.66,10.14,15.78,22.6,30.71,41.24,54.8,73.48,106.69,141.34,181.63,46.68,43.72,31.0,1.0,3.95,7.0,13.0,19.0,26.6,34.0,46.0,55.0,80.2,119.1,162.2,191.05
2026-09-17 05:30:00,U Tierpark (Berlin),5,20,162.2,1.67,3.35,6.63,13.97,21.97,31.38,43.27,57.44,75.15,101.03,145.0,196.92,252.26,64.15,57.1,43.5,1.0,3.95,7.0,13.0,19.0,26.6,34.0,46.0,55.0,80.2,119.1,162.2,191.05
2026-09-17 05:45:00,U Tierpark (Berlin),5,17,162.2,2.25,4.28,9.06,18.42,28.82,41.8,57.29,75.51,99.16,131.61,193.29,257.38,321.49,83.77,74.53,53.5,1.0,3.95,7.0,13.0,19.0,26.6,34.0,46.0,55.0,80.2,119.1,162.2,191.05
2026-09-17 06:00:00,U Tierpark (Berlin),6,339,464.8,2.72,5.36,11.88,24.05,37.98,55.44,75.45,99.96,130.62,176.87,256.07,337.43,415.96,109.42,95.57,63.5,0.9,5.8,11.0,25.0,40.0,55.0,79.0,104.8,138.4,218.6,360.4,464.8,500.0
2026-09-17 06:15:00,U Tierpark (Berlin),6,141,464.8,2.59,5.07,11.17,22.55,35.42,51.82,70.47,93.26,122.43,165.17,241.05,317.68,398.03,102.99,89.64,51.0,0.9,5.8,11.0,25.0,40.0,55.0,79.0,104.8,138.4,218.6,360.4,464.8,500.0
2026-09-17 06:30:00,U Tierpark (Berlin),6,301,464.8,3.9,8.19,18.59,38.93,63.02,90.36,122.18,159.87,209.9,276.57,396.43,471.03,499.2,164.39,149.92,89.0,0.9,5.8,11.0,25.0,40.0,55.0,79.0,104.8,138.4,218.6,360.4,464.8,500.0
2026-09-17 06:45:00,U Tierpark (Berlin),6,149,464.8,4.89,10.76,24.46,51.69,81.73,116.36,156.28,206.96,268.03,356.14,467.02,498.46,514.46,200.51,180.98,120.0,0.9,5.8,11.0,25.0,40.0,55.0,79.0,104.8,138.4,218.6,360.4,464.8,500.0
2026-09-17 07:00:00,U Tierpark (Berlin),7,500,500.0,6.68,15.91,34.03,71.39,110.54,157.29,215.31,281.58,359.76,448.78,497.6,514.44,534.98,247.15,216.73,170.0,7.88,16.0,27.0,52.0,87.0,127.0,169.5,224.0,289.5,401.0,500.0,500.0,500.0
2026-09-17 07:15:00,U Tierpark (Berlin),7,309,500.0,5.78,13.29,29.89,61.91,97.52,139.04,189.99,250.34,322.03,418.32,490.1,507.92,523.97,228.64,201.31,183.0,7.88,16.0,27.0,52.0,87.0,127.0,169.5,224.0,289.5,401.0,500.0,500.0,500.0
2026-09-17 07:30:00,U Tierpark (Berlin),7,284,500.0,5.98,13.9,31.01,64.15,100.63,144.18,196.34,257.83,332.75,427.03,491.72,509.34,527.24,233.59,206.59,186.0,7.88,16.0,27.0,52.0,87.0,127.0,169.5,224.0,289.5,401.0,500.0,500.0,500.0
2026-09-17 07:45:00,U Tierpark (Berlin),7,145,500.0,6.66,15.84,34.07,71.53,111.72,158.96,217.75,285.79,365.81,452.33,498.27,515.07,536.9,249.33,221.66,155.0,7.88,16.0,27.0,52.0,87.0,127.0,169.5,224.0,289.5,401.0,500.0,500.0,500.0
2026-09-17 08:00:00,U Tierpark (Berlin),8,180,500.0,6.6,15.59,33.6,70.61,110.28,157.17,214.61,282.5,361.79,450.25,497.63,514.64,537.17,247.66,220.12,180.0,2.0,8.4,25.8,58.6,90.6,117.0,159.0,225.4,293.2,420.2,500.0,500.0,500.0
2026-09-17 08:15:00,U Tierpark (Berlin),8,73,500.0,7.0,16.8,35.24,74.43,116.47,164.83,226.74,295.87,377.42,460.18,500.47,517.37,541.59,255.19,227.12,181.0,2.0,8.4,25.8,58.6,90.6,117.0,159.0,225.4,293.2,420.2,500.0,500.0,500.0
2026-09-17 08:30:00,U Tierpark (Berlin),8,73,500.0,7.22,17.49,36.19,76.66,120.0,169.6,233.74,304.03,386.77,466.84,502.71,520.81,548.24,260.3,233.42,176.0,2.0,8.4,25.8,58.6,90.6,117.0,159.0,225.4,293.2,420.2,500.0,500.0,500.0
2026-09-17 08:45:00,U Tierpark (Berlin),8,113,500.0,5.1,11.33,25.26,53.0,83.38,119.01,159.34,211.5,273.29,363.98,471.46,499.72,515.07,203.74,186.42,117.0,2.0,8.4,25.8,58.6,90.6,117.0,159.0,225.4,293.2,420.2,500.0,500.0,500.0
2026-09-17 09:00:00,U Tierpark (Berlin),9,139,402.5,5.08,11.16,25.12,52.99,83.78,119.41,160.26,212.29,274.1,363.38,471.46,499.46,514.58,203.95,188.7,161.0,3.75,6.5,15.0,28.0,54.0,81.0,102.0,129.0,187.0,252.0,325.0,402.5,500.0
2026-09-17 09:15:00,U Tierpark (Berlin),9,190,402.5,3.62,7.35,16.13,34.28,55.63,79.55,107.99,141.5,186.26,246.66,352.5,445.0,486.37,148.25,136.95,81.0,3.75,6.5,15.0,28.0,54.0,81.0,102.0,129.0,187.0,252.0,325.0,402.5,500.0
2026-09-17 09:30:00,U Tierpark (Berlin),9,161,402.5,3.33,6.65,14.61,30.99,49.97,71.8,97.79,128.68,169.12,226.53,321.94,418.1,472.97,136.63,125.02,93.5,3.75,6.5,15.0,28.0,54.0,81.0,102.0,129.0,187.0,252.0,325.0,402.5,500.0
2026-09-17 09:45:00,U Tierpark (Berlin),9,83,402.5,3.15,6.22,13.75,28.85,46.41,66.82,90.93,120.42,157.96,212.22,302.24,395.43,460.25,128.61,117.67,84.5,3.75,6.5,15.0,28.0,54.0,81.0,102.0,129.0,187.0,252.0,325.0,402.5,500.0
2026-09-17 10:00:00,U Tierpark (Berlin),10,88,197.4,2.81,5.48,12.23,25.35,40.09,58.48,79.58,105.22,137.66,185.94,265.12,348.89,427.92,114.17,101.74,85.5,2.82,4.0,7.0,14.0,22.0,31.0,39.0,52.0,68.3,95.4,130.7,197.4,278.97
2026-09-17 10:15:00,U Tierpark (Berlin),10,42,197.4,1.86,3.68,7.69,15.97,25.2,35.93,49.41,64.89,85.0,113.76,165.47,223.38,279.37,72.4,63.67,48.5,2.82,4.0,7.0,14.0,22.0,31.0,39.0,52.0,68.3,95.4,130.7,197.4,278.97
2026-09-17 10:30:00,U Tierpark (Berlin),10,11,197.4,1.15,2.56,5.12,11.28,17.56,25.01,34.02,45.57,59.99,80.44,115.49,153.43,196.13,50.92,46.85,27.0,2.82,4.0,7.0,14.0,22.0,31.0,39.0,52.0,68.3,95.4,130.7,197.4,278.97
2026-09-17 10:45:00,U Tierpark (Berlin),10,54,197.4,0.74,1.85,3.85,8.62,13.3,18.94,25.58,34.05,45.41,61.15,88.99,116.63,146.57,38.7,36.37,26.0,2.82,4.0,7.0,14.0,22.0,31.0,39.0,52.0,68.3,95.4,130.7,197.4,278.97
2026-09-17 11:00:00,U Tierpark (Berlin),11,21,61.0,0.36,1.13,2.58,5.71,9.66,13.55,18.66,24.96,33.4,45.46,65.7,87.93,110.27,28.54,27.95,18.0,0.0,0.0,1.0,2.0,4.0,7.0,9.5,12.0,19.0,26.0,43.7,61.0,75.17
2026-09-17 11:15:00,U Tierpark (Berlin),11,21,61.0,0.0,0.47,1.37,3.36,5.66,8.63,11.64,15.26,20.74,28.71,42.32,55.3,70.6,17.99,17.93,9.0,0.0,0.0,1.0,2.0,4.0,7.0,9.5,12.0,19.0,26.0,43.7,61.0,75.17
2026-09-17 11:30:00,U Tierpark (Berlin),11,1,61.0,0.0,0.08,0.73,2.11,3.72,5.73,8.32,11.07,14.53,20.53,31.18,41.3,51.37,12.83,12.66,8.5,0.0,0.0,1.0,2.0,4.0,7.0,9.5,12.0,19.0,26.0,43.7,61.0,75.17
2026-09-17 11:45:00,U Tierpark (Berlin),11,0,61.0,0.0,0.0,0.44,1.48,2.83,4.4,6.61,9.16,12.06,16.75,25.85,35.23,44.34,10.59,10.26,5.0,0.0,0.0,1.0,2.0,4.0,7.0,9.5,12.0,19.0,26.0,43.7,61.0,75.17
2026-09-17 12:00:00,U Tierpark (Berlin),12,0,30.3,0.0,0.0,0.0,0.63,1.37,2.5,3.92,6.08,8.76,12.01,19.22,26.71,34.21,7.44,7.28,2.0,0.0,0.0,0.0,1.0,1.0,2.8,4.0,6.0,8.0,14.0,19.3,30.3,42.97
2026-09-17 12:15:00,U Tierpark (Berlin),12,1,30.3,0.0,0.0,0.0,0.63,1.37,2.48,3.85,5.95,8.63,11.84,18.93,26.36,33.9,7.33,7.22,4.0,0.0,0.0,0.0,1.0,1.0,2.8,4.0,6.0,8.0,14.0,19.3,30.3,42.97
2026-09-17 12:30:00,U Tierpark (Berlin),12,0,30.3,0.0,0.0,0.0,0.26,0.77,1.47,2.62,4.2,6.77,9.61,14.67,21.97,29.39,5.73,5.5,3.0,0.0,0.0,0.0,1.0,1.0,2.8,4.0,6.0,8.0,14.0,19.3,30.3,42.97
2026-09-17 12:45:00,U Tierpark (Berlin),12,2,30.3,0.0,0.16,0.83,2.28,3.9,6.01,8.75,11.68,15.41,21.74,33.14,43.61,53.91,13.6,14.52,7.0,0.0,0.0,0.0,1.0,1.0,2.8,4.0,6.0,8.0,14.0,19.3,30.3,42.97
2026-09-17 13:00:00,U Tierpark (Berlin),13,8,44.0,0.0,0.12,0.79,2.21,3.8,5.83,8.46,11.29,14.85,20.99,31.95,42.27,52.34,13.13,13.53,8.0,0.0,0.0,1.0,2.0,4.0,6.0,8.0,11.0,16.0,23.8,34.9,44.0,55.0
2026-09-17 13:15:00,U Tierpark (Berlin),13,4,44.0,0.0,0.0,0.14,0.9,1.9,3.24,4.96,7.44,10.11,13.83,21.96,30.22,37.96,8.71,8.54,6.0,0.0,0.0,1.0,2.0,4.0,6.0,8.0,11.0,16.0,23.8,34.9,44.0,55.0
2026-09-17 13:30:00,U Tierpark (Berlin),13,0,44.0,0.0,0.31,1.09,2.82,4.73,7.35,10.18,13.32,17.93,24.76,37.06,48.98,60.61,15.6,15.85,9.0,0.0,0.0,1.0,2.0,4.0,6.0,8.0,11.0,16.0,23.8,34.9,44.0,55.0
2026-09-17 13:45:00,U Tierpark (Berlin),13,22,44.0,0.0,0.49,1.38,3.37,5.67,8.66,11.66,15.25,20.62,28.45,42.12,55.24,70.22,17.91,18.17,11.0,0.0,0.0,1.0,2.0,4.0,6.0,8.0,11.0,16.0,23.8,34.9,44.0,55.0
2026-09-17 14:00:00,U Tierpark (Berlin),14,40,108.6,0.44,1.26,2.84,6.28,10.3,14.26,19.47,25.89,34.58,47.23,68.48,91.61,114.94,29.82,28.81,22.0,0.0,0.55,2.1,6.0,11.0,17.0,24.0,31.6,41.4,60.4,87.9,108.6,121.45
2026-09-17 14:15:00,U Tierpark (Berlin),14,12,108.6,0.54,1.44,3.14,6.94,11.13,15.43,20.99,27.98,37.27,50.51,73.28,97.44,121.28,31.91,30.83,18.5,0.0,0.55,2.1,6.0,11.0,17.0,24.0,31.6,41.4,60.4,87.9,108.6,121.45
2026-09-17 14:30:00,U Tierpark (Berlin),14,56,108.6,0.94,2.21,4.44,9.95,15.25,21.66,29.3,38.94,51.88,69.41,100.03,131.0,165.3,43.88,41.05,28.5,0.0,0.55,2.1,6.0,11.0,17.0,24.0,31.6,41.4,60.4,87.9,108.6,121.45
2026-09-17 14:45:00,U Tierpark (Berlin),14,3,108.6,1.06,2.39,4.75,10.53,16.17,22.93,31.22,41.5,54.98,73.21,104.88,137.46,174.96,46.32,42.86,30.5,0.0,0.55,2.1,6.0,11.0,17.0,24.0,31.6,41.4,60.4,87.9,108.6,121.45
2026-09-17 15:00:00,U Tierpark (Berlin),15,13,254.4,2.22,4.27,9.22,19.0,29.84,42.91,58.55,76.9,100.45,133.82,196.84,260.67,325.93,85.16,78.03,56.0,2.0,5.6,12.0,21.0,31.0,46.8,61.0,79.2,99.4,141.6,188.2,254.4,299.4
2026-09-17 15:15:00,U Tierpark (Berlin),15,47,254.4,2.4,4.64,10.22,20.9,32.8,47.47,64.16,84.47,110.62,147.72,216.97,285.37,358.31,93.33,84.07,73.0,2.0,5.6,12.0,21.0,31.0,46.8,61.0,79.2,99.4,141.6,188.2,254.4,299.4
2026-09-17 15:30:00,U Tierpark (Berlin),15,63,254.4,2.54,4.92,10.96,22.61,35.51,51.88,70.08,92.27,121.24,163.01,237.57,312.0,390.4,101.77,91.71,66.0,2.0,5.6,12.0,21.0,31.0,46.8,61.0,79.2,99.4,141.6,188.2,254.4,299.4
2026-09-17 15:45:00,U Tierpark (Berlin),15,8,254.4,2.49,4.81,10.7,22.11,34.77,50.68,68.5,90.28,118.64,159.12,232.02,304.32,381.38,99.43,90.76,59.5,2.0,5.6,12.0,21.0,31.0,46.8,61.0,79.2,99.4,141.6,188.2,254.4,299.4
2026-09-17 16:00:00,U Tierpark (Berlin),16,29,453.5,3.32,6.62,14.56,30.91,49.77,71.11,96.5,126.86,166.37,223.91,317.23,413.36,470.55,134.99,126.12,79.5,4.0,9.5,19.0,37.0,54.0,71.0,94.0,129.0,172.0,240.0,359.0,453.5,500.0
2026-09-17 16:15:00,U Tierpark (Berlin),16,53,453.5,3.64,7.37,16.31,34.57,56.19,80.66,109.34,143.12,188.46,249.95,356.87,448.32,488.42,149.83,140.81,108.5,4.0,9.5,19.0,37.0,54.0,71.0,94.0,129.0,172.0,240.0,359.0,453.5,500.0
2026-09-17 16:30:00,U Tierpark (Berlin),16,91,453.5,3.9,8.05,18.22,38.29,62.22,89.61,121.23,158.7,208.95,273.73,393.67,470.7,498.39,163.27,154.37,102.0,4.0,9.5,19.0,37.0,54.0,71.0,94.0,129.0,172.0,240.0,359.0,453.5,500.0
2026-09-17 16:45:00,U Tierpark (Berlin),16,199,453.5,3.85,7.86,17.66,37.1,60.26,86.88,118.01,154.54,203.47,267.26,387.27,466.98,496.64,159.9,148.52,81.5,4.0,9.5,19.0,37.0,54.0,71.0,94.0,129.0,172.0,240.0,359.0,453.5,500.0
2026-09-17 17:00:00,U Tierpark (Berlin),17,67,500.0,6.3,14.87,32.42,67.12,105.25,149.93,204.47,268.0,345.01,438.14,494.97,511.31,530.41,240.01,215.55,182.0,7.1,18.1,28.0,52.2,82.9,120.0,176.0,218.6,277.7,367.0,500.0,500.0,500.0
2026-09-17 17:15:00,U Tierpark (Berlin),17,78,500.0,6.86,16.67,34.57,72.53,113.08,160.16,219.95,287.35,366.87,452.81,498.29,514.93,537.43,250.34,226.55,193.5,7.1,18.1,28.0,52.2,82.9,120.0,176.0,218.6,277.7,367.0,500.0,500.0,500.0
2026-09-17 17:30:00,U Tierpark (Berlin),17,156,500.0,4.14,8.73,19.74,40.93,65.8,94.54,127.74,167.63,221.14,292.12,418.07,480.88,502.75,171.62,158.97,127.0,7.1,18.1,28.0,52.2,82.9,120.0,176.0,218.6,277.7,367.0,500.0,500.0,500.0
2026-09-17 17:45:00,U Tierpark (Berlin),17,136,500.0,7.22,17.75,35.95,75.52,117.46,165.56,228.34,297.37,378.0,459.74,500.54,517.53,541.61,255.79,232.28,217.0,7.1,18.1,28.0,52.2,82.9,120.0,176.0,218.6,277.7,367.0,500.0,500.0,500.0
2026-09-17 18:00:00,U Tierpark (Berlin),18,359,500.0,6.83,16.68,34.73,72.69,112.8,159.81,219.77,286.91,368.15,455.21,499.05,515.5,538.12,250.64,223.81,178.0,8.73,13.35,28.9,56.8,98.0,124.2,165.0,240.0,357.9,431.4,500.0,500.0,500.0
2026-09-17 18:15:00,U Tierpark (Berlin),18,195,500.0,6.77,16.59,34.81,73.2,113.96,161.47,222.13,289.72,371.52,457.29,499.89,516.65,540.23,252.25,225.05,189.0,8.73,13.35,28.9,56.8,98.0,124.2,165.0,240.0,357.9,431.4,500.0,500.0,500.0
2026-09-17 18:30:00,U Tierpark (Berlin),18,500,500.0,6.94,17.27,35.6,74.94,116.96,165.46,227.9,296.85,378.98,461.68,501.13,518.47,543.57,255.94,228.03,169.5,8.73,13.35,28.9,56.8,98.0,124.2,165.0,240.0,357.9,431.4,500.0,500.0,500.0
2026-09-17 18:45:00,U Tierpark (Berlin),18,2,500.0,6.97,17.31,35.52,74.73,116.43,164.66,226.41,294.97,376.49,459.71,500.39,517.9,543.21,255.01,228.03,161.5,8.73,13.35,28.9,56.8,98.0,124.2,165.0,240.0,357.9,431.4,500.0,500.0,500.0
2026-09-17 19:00:00,U Tierpark (Berlin),19,2,500.0,6.11,14.5,31.8,65.66,102.99,146.43,199.27,262.11,337.48,431.43,493.35,510.2,528.51,236.33,211.45,164.5,3.0,7.2,20.2,44.0,71.4,98.8,129.0,179.2,224.8,299.8,456.8,500.0,500.0
2026-09-17 19:15:00,U Tierpark (Berlin),19,84,500.0,5.1,11.45,26.11,54.43,86.05,122.1,163.73,217.19,281.04,373.44,475.76,501.89,517.91,207.88,189.45,158.0,3.0,7.2,20.2,44.0,71.4,98.8,129.0,179.2,224.8,299.8,456.8,500.0,500.0
2026-09-17 19:30:00,U Tierpark (Berlin),19,140,500.0,4.16,8.87,20.29,42.12,67.51,96.86,129.85,170.6,224.23,296.26,421.44,483.23,505.2,173.91,159.93,116.0,3.0,7.2,20.2,44.0,71.4,98.8,129.0,179.2,224.8,299.8,456.8,500.0,500.0
2026-09-17 19:45:00,U Tierpark (Berlin),19,337,500.0,3.85,8.22,18.56,38.37,61.74,88.86,120.45,157.58,206.82,272.65,393.47,471.37,498.78,162.74,149.15,109.0,3.0,7.2,20.2,44.0,71.4,98.8,129.0,179.2,224.8,299.8,456.8,500.0,500.0
2026-09-17 20:00:00,U Tierpark (Berlin),20,79,364.25,4.23,9.2,21.04,43.91,70.06,99.76,133.39,176.14,230.31,302.88,427.59,484.49,506.24,177.51,165.42,120.0,3.88,8.75,15.5,27.0,40.5,59.0,77.5,96.0,139.0,202.0,264.0,364.25,409.88
2026-09-17 20:15:00,U Tierpark (Berlin),20,303,364.25,3.01,6.13,13.78,28.94,46.67,67.37,91.47,120.89,158.52,212.74,303.13,397.39,462.76,129.24,116.81,73.0,3.88,8.75,15.5,27.0,40.5,59.0,77.5,96.0,139.0,202.0,264.0,364.25,409.88
2026-09-17 20:30:00,U Tierpark (Berlin),20,26,364.25,2.51,4.89,10.79,21.93,34.3,49.74,67.75,89.37,118.14,158.67,230.86,304.08,382.58,98.99,87.51,52.0,3.88,8.75,15.5,27.0,40.5,59.0,77.5,96.0,139.0,202.0,264.0,364.25,409.88
2026-09-17 20:45:00,U Tierpark (Berlin),20,60,364.25,2.61,5.13,11.41,23.26,36.62,53.64,72.7,96.06,126.06,169.67,245.51,322.81,402.77,105.43,94.25,64.0,3.88,8.75,15.5,27.0,40.5,59.0,77.5,96.0,139.0,202.0,264.0,364.25,409.88
2026-09-17 21:00:00,U Tierpark (Berlin),21,6,183.55,2.19,4.27,9.43,19.19,29.76,42.83,58.49,76.96,100.63,133.93,196.1,261.09,327.52,85.32,77.49,36.0,0.0,2.0,3.7,11.0,19.0,27.8,36.0,49.0,66.9,96.8,131.6,183.55,256.5
2026-09-17 21:15:00,U Tierpark (Berlin),21,210,183.55,2.1,4.06,8.76,17.88,27.84,39.87,54.78,71.8,93.73,125.41,183.0,244.04,305.42,79.69,71.16,53.0,0.0,2.0,3.7,11.0,19.0,27.8,36.0,49.0,66.9,96.8,131.6,183.55,256.5
2026-09-17 21:30:00,U Tierpark (Berlin),21,116,183.55,1.47,3.05,6.13,13.19,20.67,29.28,40.01,53.69,70.05,92.95,133.57,179.97,229.87,59.34,52.72,43.0,0.0,2.0,3.7,11.0,19.0,27.8,36.0,49.0,66.9,96.8,131.6,183.55,256.5
2026-09-17 21:45:00,U Tierpark (Berlin),21,84,183.55,0.89,2.06,4.19,9.31,14.23,20.26,27.2,36.0,48.04,64.61,93.59,122.98,156.15,41.05,38.18,20.0,0.0,2.0,3.7,11.0,19.0,27.8,36.0,49.0,66.9,96.8,131.6,183.55,256.5
2026-09-17 22:00:00,U Tierpark (Berlin),22,39,72.25,0.48,1.33,2.92,6.48,10.57,14.79,20.36,26.97,35.57,48.29,69.85,93.36,117.6,30.59,29.53,19.0,0.0,1.0,2.0,4.0,7.0,10.0,13.0,16.0,21.0,30.0,52.0,72.25,87.95
2026-09-17 22:15:00,U Tierpark (Berlin),22,83,72.25,0.24,0.94,2.21,4.89,8.5,12.05,16.38,22.13,29.54,39.99,57.97,77.14,98.03,25.2,25.05,14.0,0.0,1.0,2.0,4.0,7.0,10.0,13.0,16.0,21.0,30.0,52.0,72.25,87.95
2026-09-17 22:30:00,U Tierpark (Berlin),22,20,72.25,0.0,0.42,1.26,3.1,5.2,8.03,10.92,14.3,19.65,27.3,40.21,52.59,65.74,16.95,17.33,14.0,0.0,1.0,2.0,4.0,7.0,10.0,13.0,16.0,21.0,30.0,52.0,72.25,87.95
2026-09-17 22:45:00,U Tierpark (Berlin),22,10,72.25,0.0,0.07,0.71,2.03,3.57,5.51,8.07,10.73,14.08,20.14,30.92,41.21,51.26,12.6,12.91,9.0,0.0,1.0,2.0,4.0,7.0,10.0,13.0,16.0,21.0,30.0,52.0,72.25,87.95
2026-09-17 23:00:00,U Tierpark (Berlin),23,30,31.8,0.0,0.0,0.31,1.21,2.38,3.77,5.75,8.33,11.07,15.13,24.27,33.54,42.34,9.73,10.26,5.0,0.0,0.0,0.0,0.0,1.0,2.0,3.0,5.0,8.0,12.0,19.9,31.8,39.45
2026-09-17 23:15:00,U Tierpark (Berlin),23,0,31.8,0.0,0.0,0.25,1.12,2.25,3.62,5.47,8.05,10.76,14.63,23.43,32.48,40.88,9.37,9.83,5.5,0.0,0.0,0.0,0.0,1.0,2.0,3.0,5.0,8.0,12.0,19.9,31.8,39.45
2026-09-17 23:30:00,U Tierpark (Berlin),23,22,31.8,0.0,0.0,0.0,0.38,0.99,1.87,3.15,4.92,7.59,10.46,16.19,23.73,31.41,6.38,6.66,3.0,0.0,0.0,0.0,0.0,1.0,2.0,3.0,5.0,8.0,12.0,19.9,31.8,39.45
2026-09-17 23:45:00,U Tierpark (Berlin),23,1,31.8,0.0,0.0,0.0,0.13,0.53,1.05,1.82,3.09,5.16,8.35,12.56,19.14,26.72,4.8,4.67,2.0,0.0,0.0,0.0,0.0,1.0,2.0,3.0,5.0,8.0,12.0,19.9,31.8,39.45
2026-09-19 00:00:00,U Tierpark (Berlin),0,0,11.25,0.0,0.0,0.0,0.0,0.0,0.0,0.08,0.24,0.45,0.85,2.04,6.7,9.86,0.88,0.75,0.0,0.0,0.0,0.0,0.0,0.0,0.0,0.0,0.0,2.0,2.0,6.5,11.25,14.25
2026-09-19 00:15:00,U Tierpark (Berlin),0,10,11.25,0.0,0.0,0.0,0.0,0.0,0.16,0.39,0.79,1.42,3.05,8.34,11.68,16.68,2.33,2.42,2.0,0.0,0.0,0.0,0.0,0.0,0.0,0.0,0.0,2.0,2.0,6.5,11.25,14.25
2026-09-19 00:30:00,U Tierpark (Berlin),0,12,11.25,0.0,0.0,0.0,0.0,0.0,0.08,0.29,0.6,1.09,2.17,7.11,10.37,14.0,1.87,1.88,0.0,0.0,0.0,0.0,0.0,0.0,0.0,0.0,0.0,2.0,2.0,6.5,11.25,14.25
2026-09-19 00:45:00,U Tierpark (Berlin),0,0,11.25,0.0,0.0,0.0,0.0,0.02,0.26,0.58,1.05,1.83,3.77,9.06,12.75,18.73,2.72,2.88,0.0,0.0,0.0,0.0,0.0,0.0,0.0,0.0,0.0,2.0,2.0,6.5,11.25,14.25
2026-09-19 05:00:00,U Tierpark (Berlin),5,11,97.5,0.64,1.67,3.54,7.98,12.62,18.32,25.1,33.72,45.17,60.42,86.75,113.6,142.39,37.8,39.17,14.5,1.38,2.0,2.0,7.0,10.0,17.0,21.5,30.0,42.0,55.0,71.0,97.5,158.75
2026-09-19 05:15:00,U Tierpark (Berlin),5,3,97.5,0.03,0.64,1.71,3.93,6.84,9.98,13.54,18.67,25.44,35.01,50.82,67.02,85.02,21.65,22.83,18.0,1.38,2.0,2.0,7.0,10.0,17.0,21.5,30.0,42.0,55.0,71.0,97.5,158.75
2026-09-19 05:30:00,U Tierpark (Berlin),5,17,97.5,0.56,1.53,3.31,7.48,11.96,17.3,23.75,31.92,42.78,57.53,82.75,108.51,135.84,35.89,36.42,28.0,1.38,2.0,2.0,7.0,10.0,17.0,21.5,30.0,42.0,55.0,71.0,97.5,158.75
2026-09-19 05:45:00,U Tierpark (Berlin),5,49,97.5,1.14,2.51,5.03,11.17,17.85,25.72,35.33,47.56,62.08,82.33,117.44,154.78,196.72,51.95,50.96,30.5,1.38,2.0,2.0,7.0,10.0,17.0,21.5,30.0,42.0,55.0,71.0,97.5,158.75
2026-09-19 06:00:00,U Tierpark (Berlin),6,8,210.0,1.64,3.38,7.07,14.95,23.76,34.29,47.22,61.91,80.57,107.03,152.83,203.66,257.65,67.78,64.21,42.0,1.3,3.6,7.0,10.4,22.6,33.6,43.0,71.0,93.8,116.2,148.6,210.0,231.2
2026-09-19 06:15:00,U Tierpark (Berlin),6,21,210.0,1.13,2.54,5.2,11.45,18.17,25.99,35.56,47.64,62.12,82.62,118.27,156.87,199.6,52.36,49.65,29.0,1.3,3.6,7.0,10.4,22.6,33.6,43.0,71.0,93.8,116.2,148.6,210.0,231.2
2026-09-19 06:30:00,U Tierpark (Berlin),6,161,210.0,1.9,3.8,8.1,16.92,26.77,38.66,52.93,69.25,89.92,119.6,171.74,229.26,286.37,75.85,71.48,41.0,1.3,3.6,7.0,10.4,22.6,33.6,43.0,71.0,93.8,116.2,148.6,210.0,231.2
2026-09-19 06:45:00,U Tierpark (Berlin),6,71,210.0,2.53,4.99,11.11,23.34,37.28,53.93,72.52,95.39,124.08,165.3,239.11,315.24,394.6,103.71,98.52,67.0,1.3,3.6,7.0,10.4,22.6,33.6,43.0,71.0,93.8,116.2,148.6,210.0,231.2
2026-09-19 07:00:00,U Tierpark (Berlin),7,41,349.9,2.18,4.32,9.35,19.39,30.59,43.93,59.25,77.52,101.59,135.07,196.24,260.01,327.18,85.73,79.52,45.0,2.28,4.1,7.2,15.4,45.3,58.2,97.0,119.0,155.2,191.4,308.2,349.9,361.45
2026-09-19 07:15:00,U Tierpark (Berlin),7,424,349.9,3.05,6.16,13.69,29.27,46.87,66.22,89.53,118.03,153.06,204.38,293.78,389.22,455.94,126.01,120.74,115.0,2.28,4.1,7.2,15.4,45.3,58.2,97.0,119.0,155.2,191.4,308.2,349.9,361.45
2026-09-19 07:30:00,U Tierpark (Berlin),7,258,349.9,3.76,8.02,18.38,39.22,61.83,87.52,117.97,152.95,198.9,263.17,383.09,462.25,494.45,158.8,155.09,121.0,2.28,4.1,7.2,15.4,45.3,58.2,97.0,119.0,155.2,191.4,308.2,349.9,361.45
2026-09-19 07:45:00,U Tierpark (Berlin),7,55,349.9,2.91,5.89,13.18,27.92,44.79,63.55,85.78,113.5,147.33,196.87,283.83,379.91,448.67,121.95,116.26,60.0,2.28,4.1,7.2,15.4,45.3,58.2,97.0,119.0,155.2,191.4,308.2,349.9,361.45
2026-09-19 08:00:00,U Tierpark (Berlin),8,50,354.7,3.04,6.17,13.79,29.33,46.9,66.18,89.6,118.37,153.88,205.69,297.6,394.16,458.7,126.83,122.57,83.0,6.0,9.45,18.8,40.8,56.4,79.8,105.0,129.6,177.8,217.6,288.2,354.7,381.15
2026-09-19 08:15:00,U Tierpark (Berlin),8,374,354.7,3.74,7.84,17.61,37.76,59.71,84.48,113.79,147.71,192.23,255.14,370.37,455.4,491.49,154.37,151.7,122.0,6.0,9.45,18.8,40.8,56.4,79.8,105.0,129.6,177.8,217.6,288.2,354.7,381.15
2026-09-19 08:30:00,U Tierpark (Berlin),8,225,354.7,3.35,6.74,14.92,32.18,51.31,72.29,97.6,127.81,166.05,222.34,319.77,416.42,471.57,135.85,132.82,99.0,6.0,9.45,18.8,40.8,56.4,79.8,105.0,129.6,177.8,217.6,288.2,354.7,381.15
2026-09-19 08:45:00,U Tierpark (Berlin),8,432,354.7,3.0,5.97,13.34,28.4,45.54,64.23,86.82,114.65,148.92,198.33,284.77,379.9,448.19,122.77,119.77,101.0,6.0,9.45,18.8,40.8,56.4,79.8,105.0,129.6,177.8,217.6,288.2,354.7,381.15
2026-09-19 09:00:00,U Tierpark (Berlin),9,19,235.4,3.13,6.39,14.46,31.41,50.1,70.65,95.41,124.76,162.14,216.51,311.01,407.84,467.33,132.84,132.0,114.0,5.3,8.4,13.0,23.8,39.0,49.6,80.0,97.6,112.0,136.0,206.0,235.4,300.0
2026-09-19 09:15:00,U Tierpark (Berlin),9,25,235.4,2.53,4.99,11.34,23.57,37.32,53.69,71.91,94.19,123.05,163.98,236.63,312.42,391.92,102.93,99.87,71.0,5.3,8.4,13.0,23.8,39.0,49.6,80.0,97.6,112.0,136.0,206.0,235.4,300.0
2026-09-19 09:30:00,U Tierpark (Berlin),9,66,235.4,1.87,3.71,7.94,16.63,26.12,37.56,51.22,66.88,86.81,115.92,166.18,221.82,278.17,73.56,69.58,41.0,5.3,8.4,13.0,23.8,39.0,49.6,80.0,97.6,112.0,136.0,206.0,235.4,300.0
2026-09-19 09:45:00,U Tierpark (Berlin),9,19,235.4,2.11,4.09,8.92,18.58,29.16,41.74,56.6,73.63,95.61,127.33,182.8,241.71,302.96,80.65,77.17,78.5,5.3,8.4,13.0,23.8,39.0,49.6,80.0,97.6,112.0,136.0,206.0,235.4,300.0
2026-09-19 10:00:00,U Tierpark (Berlin),10,7,109.75,1.43,2.99,6.1,13.46,21.38,30.59,41.82,55.31,71.65,94.61,134.5,178.92,227.32,60.05,57.38,55.0,1.0,1.75,5.5,10.0,14.0,25.0,35.5,47.0,58.5,74.0,102.0,109.75,146.5
2026-09-19 10:15:00,U Tierpark (Berlin),10,163,109.75,1.46,3.03,6.25,13.7,21.73,31.09,42.51,56.1,72.49,95.68,135.69,180.55,229.41,60.73,58.12,49.5,1.0,1.75,5.5,10.0,14.0,25.0,35.5,47.0,58.5,74.0,102.0,109.75,146.5
2026-09-19 10:30:00,U Tierpark (Berlin),10,158,109.75,0.5,1.38,3.04,6.85,11.21,15.98,21.99,29.54,39.41,53.31,77.02,101.08,125.58,33.27,32.62,21.0,1.0,1.75,5.5,10.0,14.0,25.0,35.5,47.0,58.5,74.0,102.0,109.75,146.5
2026-09-19 10:45:00,U Tierpark (Berlin),10,19,109.75,0.33,1.09,2.52,5.52,9.43,13.4,18.68,25.23,34.01,46.33,66.74,88.4,109.86,28.7,28.62,16.5,1.0,1.75,5.5,10.0,14.0,25.0,35.5,47.0,58.5,74.0,102.0,109.75,146.5
2026-09-19 11:00:00,U Tierpark (Berlin),11,41,44.95,0.0,0.25,1.02,2.73,4.65,7.3,10.16,13.52,18.6,26.05,38.59,50.63,62.67,16.0,15.96,12.5,0.0,0.0,0.0,1.0,2.0,4.2,7.0,11.6,14.1,22.0,28.4,44.95,67.37
2026-09-19 11:15:00,U Tierpark (Berlin),11,1,44.95,0.0,0.4,1.27,3.17,5.43,8.43,11.57,15.49,21.34,29.76,43.66,56.82,71.42,18.2,18.79,5.5,0.0,0.0,0.0,1.0,2.0,4.2,7.0,11.6,14.1,22.0,28.4,44.95,67.37
2026-09-19 11:30:00,U Tierpark (Berlin),11,2,44.95,0.0,0.0,0.47,1.61,3.02,4.71,7.13,9.74,12.92,18.33,28.18,37.58,46.89,11.34,11.17,3.0,0.0,0.0,0.0,1.0,2.0,4.2,7.0,11.6,14.1,22.0,28.4,44.95,67.37
2026-09-19 11:45:00,U Tierpark (Berlin),11,17,44.95,0.0,0.0,0.41,1.46,2.81,4.39,6.68,9.29,12.35,17.47,27.1,36.3,45.47,10.84,10.96,7.0,0.0,0.0,0.0,1.0,2.0,4.2,7.0,11.6,14.1,22.0,28.4,44.95,67.37
2026-09-19 12:00:00,U Tierpark (Berlin),12,6,33.35,0.0,0.15,0.85,2.39,4.08,6.4,9.24,12.35,16.67,23.66,35.54,46.75,58.0,14.57,16.7,6.0,0.0,0.0,0.0,0.0,0.0,1.0,2.0,3.0,8.7,14.8,19.9,33.35,46.97
2026-09-19 12:15:00,U Tierpark (Berlin),12,10,33.35,0.0,0.0,0.0,0.2,0.68,1.31,2.28,3.62,5.99,9.0,13.74,20.71,27.92,5.28,5.09,1.0,0.0,0.0,0.0,0.0,0.0,1.0,2.0,3.0,8.7,14.8,19.9,33.35,46.97
2026-09-19 12:30:00,U Tierpark (Berlin),12,8,33.35,0.0,0.0,0.16,0.96,1.98,3.28,5.01,7.51,10.25,14.15,22.72,31.13,38.61,8.86,9.17,2.0,0.0,0.0,0.0,0.0,0.0,1.0,2.0,3.0,8.7,14.8,19.9,33.35,46.97
2026-09-19 12:45:00,U Tierpark (Berlin),12,34,33.35,0.0,0.0,0.0,0.19,0.65,1.26,2.18,3.49,5.79,8.82,13.4,20.18,27.45,5.14,5.09,1.0,0.0,0.0,0.0,0.0,0.0,1.0,2.0,3.0,8.7,14.8,19.9,33.35,46.97
2026-09-19 13:00:00,U Tierpark (Berlin),13,0,46.7,0.0,0.0,0.0,0.5,1.17,2.12,3.39,5.37,8.1,11.07,17.72,25.14,32.68,6.81,6.87,3.0,0.0,0.0,0.0,0.0,1.0,3.0,5.0,7.6,12.0,17.8,29.9,46.7,68.52
2026-09-19 13:15:00,U Tierpark (Berlin),13,9,46.7,0.0,0.08,0.73,2.14,3.73,5.82,8.48,11.35,15.17,21.69,32.98,43.33,53.3,13.34,14.22,3.0,0.0,0.0,0.0,0.0,1.0,3.0,5.0,7.6,12.0,17.8,29.9,46.7,68.52
2026-09-19 13:30:00,U Tierpark (Berlin),13,2,46.7,0.0,0.0,0.56,1.79,3.31,5.23,7.8,10.45,13.88,19.94,30.57,40.46,50.07,12.28,12.83,8.0,0.0,0.0,0.0,0.0,1.0,3.0,5.0,7.6,12.0,17.8,29.9,46.7,68.52
2026-09-19 13:45:00,U Tierpark (Berlin),13,17,46.7,0.0,0.3,1.09,2.84,4.84,7.61,10.53,14.04,19.38,27.23,40.3,52.69,65.6,16.68,17.91,13.0,0.0,0.0,0.0,0.0,1.0,3.0,5.0,7.6,12.0,17.8,29.9,46.7,68.52
2026-09-19 14:00:00,U Tierpark (Berlin),14,8,70.9,0.62,1.61,3.45,7.95,12.48,17.97,24.56,32.98,44.02,58.86,83.85,108.96,134.88,36.63,38.57,12.0,1.0,1.55,3.0,6.0,8.0,10.4,15.5,19.6,29.0,37.0,54.9,70.9,100.2
2026-09-19 14:15:00,U Tierpark (Berlin),14,48,70.9,0.0,0.25,1.03,2.8,4.87,7.67,10.55,14.05,19.42,27.28,40.42,52.63,65.47,16.69,16.87,12.0,1.0,1.55,3.0,6.0,8.0,10.4,15.5,19.6,29.0,37.0,54.9,70.9,100.2
2026-09-19 14:30:00,U Tierpark (Berlin),14,65,70.9,0.1,0.75,1.91,4.4,7.85,11.27,15.41,21.07,28.51,38.92,56.45,74.4,93.11,24.08,24.65,16.0,1.0,1.55,3.0,6.0,8.0,10.4,15.5,19.6,29.0,37.0,54.9,70.9,100.2
2026-09-19 14:45:00,U Tierpark (Berlin),14,77,70.9,0.41,1.21,2.74,6.2,10.26,14.55,20.26,27.3,36.49,49.45,70.95,92.95,114.88,30.62,31.48,22.0,1.0,1.55,3.0,6.0,8.0,10.4,15.5,19.6,29.0,37.0,54.9,70.9,100.2
2026-09-19 15:00:00,U Tierpark (Berlin),15,23,152.25,1.01,2.32,4.79,10.85,17.11,24.38,33.55,44.94,58.72,77.5,110.47,143.62,182.0,48.89,49.25,36.0,1.0,2.75,5.0,14.0,26.5,37.0,45.5,59.0,78.5,97.0,112.0,152.25,173.38
2026-09-19 15:15:00,U Tierpark (Berlin),15,78,152.25,1.21,2.64,5.44,12.18,19.35,27.76,38.14,50.71,65.66,86.49,122.6,161.24,205.26,54.87,55.42,41.5,1.0,2.75,5.0,14.0,26.5,37.0,45.5,59.0,78.5,97.0,112.0,152.25,173.38
2026-09-19 15:30:00,U Tierpark (Berlin),15,86,152.25,1.82,3.62,7.95,16.9,26.9,38.83,53.12,69.18,89.44,118.86,169.21,225.58,282.56,75.33,76.62,46.5,1.0,2.75,5.0,14.0,26.5,37.0,45.5,59.0,78.5,97.0,112.0,152.25,173.38
2026-09-19 15:45:00,U Tierpark (Berlin),15,24,152.25,1.27,2.73,5.71,12.62,20.06,28.77,39.45,52.42,67.96,89.67,128.49,168.56,214.89,56.98,56.75,51.0,1.0,2.75,5.0,14.0,26.5,37.0,45.5,59.0,78.5,97.0,112.0,152.25,173.38
2026-09-19 16:00:00,U Tierpark (Berlin),16,24,366.5,2.52,5.02,11.39,23.97,38.36,55.38,73.96,97.02,126.05,167.16,240.54,317.31,398.43,105.07,108.83,65.0,1.38,3.0,10.5,27.0,39.5,60.0,77.0,112.0,144.0,200.0,273.5,366.5,406.75
2026-09-19 16:15:00,U Tierpark (Berlin),16,125,366.5,2.68,5.4,12.19,25.67,41.09,58.88,78.71,103.44,133.65,178.32,255.79,338.75,418.52,111.57,115.21,102.5,1.38,3.0,10.5,27.0,39.5,60.0,77.0,112.0,144.0,200.0,273.5,366.5,406.75
2026-09-19 16:30:00,U Tierpark (Berlin),16,148,366.5,2.67,5.26,11.68,24.41,39.0,56.32,75.19,98.66,128.39,170.17,244.89,322.96,404.52,106.86,107.96,43.5,1.38,3.0,10.5,27.0,39.5,60.0,77.0,112.0,144.0,200.0,273.5,366.5,406.75
2026-09-19 16:45:00,U Tierpark (Berlin),16,117,366.5,3.21,6.69,14.94,32.46,51.86,72.56,97.47,126.67,163.94,218.21,313.47,411.66,470.35,134.52,137.04,105.0,1.38,3.0,10.5,27.0,39.5,60.0,77.0,112.0,144.0,200.0,273.5,366.5,406.75
2026-09-19 17:00:00,U Tierpark (Berlin),17,103,307.25,2.7,5.5,12.37,25.9,41.41,59.06,78.87,103.86,134.94,180.53,260.0,347.43,428.64,112.96,109.38,115.0,7.12,15.0,20.0,31.0,52.5,74.0,105.5,136.0,167.0,225.0,277.5,307.25,354.62
2026-09-19 17:15:00,U Tierpark (Berlin),17,121,307.25,2.74,5.61,12.63,26.51,42.53,60.41,81.07,106.77,138.8,185.23,266.38,356.27,435.08,115.7,111.71,93.5,7.12,15.0,20.0,31.0,52.5,74.0,105.5,136.0,167.0,225.0,277.5,307.25,354.62
2026-09-19 17:30:00,U Tierpark (Berlin),17,0,307.25,3.2,6.73,15.29,33.17,52.85,74.27,100.0,130.39,169.45,227.02,326.45,425.46,476.88,138.72,135.58,98.0,7.12,15.0,20.0,31.0,52.5,74.0,105.5,136.0,167.0,225.0,277.5,307.25,354.62
2026-09-19 17:45:00,U Tierpark (Berlin),17,57,307.25,3.99,8.68,19.95,42.05,65.4,92.43,123.29,160.08,208.74,276.68,399.97,473.33,500.3,165.8,161.5,120.0,7.12,15.0,20.0,31.0,52.5,74.0,105.5,136.0,167.0,225.0,277.5,307.25,354.62
2026-09-19 18:00:00,U Tierpark (Berlin),18,14,442.2,3.74,8.1,18.77,39.98,62.56,88.33,118.52,153.38,199.03,263.26,384.24,465.07,496.95,159.58,156.12,134.5,5.2,9.0,15.0,34.8,49.4,75.6,114.0,136.4,181.8,239.0,337.8,442.2,500.0
2026-09-19 18:15:00,U Tierpark (Berlin),18,108,442.2,3.49,7.47,16.87,36.1,57.23,80.24,107.92,139.73,182.4,242.0,349.53,444.86,486.72,147.55,141.96,99.0,5.2,9.0,15.0,34.8,49.4,75.6,114.0,136.4,181.8,239.0,337.8,442.2,500.0
2026-09-19 18:30:00,U Tierpark (Berlin),18,160,442.2,4.66,10.52,24.45,50.51,77.68,109.14,144.63,188.24,244.56,324.93,448.27,492.26,511.93,188.54,182.22,125.0,5.2,9.0,15.0,34.8,49.4,75.6,114.0,136.4,181.8,239.0,337.8,442.2,500.0
2026-09-19 18:45:00,U Tierpark (Berlin),18,330,442.2,2.64,5.25,11.83,24.78,39.16,56.24,75.17,98.76,129.23,171.94,248.11,329.26,410.41,107.88,101.3,64.0,5.2,9.0,15.0,34.8,49.4,75.6,114.0,136.4,181.8,239.0,337.8,442.2,500.0
2026-09-19 19:00:00,U Tierpark (Berlin),19,64,310.0,2.62,5.28,12.06,25.53,40.48,57.99,77.65,102.23,132.86,177.67,256.12,339.88,419.82,111.13,104.3,63.0,3.1,6.55,11.2,23.0,30.6,54.0,69.5,91.2,136.1,169.8,277.1,310.0,356.75
2026-09-19 19:15:00,U Tierpark (Berlin),19,75,310.0,2.6,5.21,11.97,25.33,40.18,57.62,77.2,101.48,131.85,176.0,253.61,335.26,414.59,110.09,103.39,57.0,3.1,6.55,11.2,23.0,30.6,54.0,69.5,91.2,136.1,169.8,277.1,310.0,356.75
2026-09-19 19:30:00,U Tierpark (Berlin),19,27,310.0,2.71,5.46,12.56,26.67,42.59,60.67,81.66,107.45,139.44,185.76,266.13,353.03,431.11,115.72,108.7,87.0,3.1,6.55,11.2,23.0,30.6,54.0,69.5,91.2,136.1,169.8,277.1,310.0,356.75
2026-09-19 19:45:00,U Tierpark (Berlin),19,41,310.0,2.63,5.2,11.94,25.25,40.19,57.71,77.34,101.69,131.82,176.01,253.21,334.37,413.55,110.05,104.61,90.0,3.1,6.55,11.2,23.0,30.6,54.0,69.5,91.2,136.1,169.8,277.1,310.0,356.75
2026-09-19 20:00:00,U Tierpark (Berlin),20,71,189.35,1.9,3.76,8.27,17.33,27.24,39.09,53.32,69.67,90.18,120.34,172.81,230.23,287.7,76.38,71.35,42.0,3.22,4.45,9.9,19.0,31.0,41.0,53.0,76.4,104.3,120.8,157.3,189.35,204.1
2026-09-19 20:15:00,U Tierpark (Berlin),20,26,189.35,2.16,4.19,9.42,19.85,31.4,45.07,60.65,79.36,103.28,137.23,197.34,260.43,325.95,86.78,81.45,65.5,3.22,4.45,9.9,19.0,31.0,41.0,53.0,76.4,104.3,120.8,157.3,189.35,204.1
2026-09-19 20:30:00,U Tierpark (Berlin),20,34,189.35,1.95,3.79,8.27,17.44,27.45,39.38,53.74,70.19,90.74,120.81,173.08,229.93,286.06,76.57,71.36,52.0,3.22,4.45,9.9,19.0,31.0,41.0,53.0,76.4,104.3,120.8,157.3,189.35,204.1
2026-09-19 20:45:00,U Tierpark (Berlin),20,55,189.35,1.76,3.52,7.6,16.04,25.31,36.41,49.81,64.99,84.31,111.76,159.36,212.09,266.19,70.9,65.96,56.0,3.22,4.45,9.9,19.0,31.0,41.0,53.0,76.4,104.3,120.8,157.3,189.35,204.1
2026-09-19 21:00:00,U Tierpark (Berlin),21,7,103.6,1.05,2.39,4.91,11.04,17.59,25.04,34.17,45.95,60.02,79.58,113.2,148.67,187.98,50.11,48.39,34.0,0.35,1.0,2.0,5.0,8.2,14.8,23.0,29.0,38.6,50.0,79.4,103.6,126.25
2026-09-19 21:15:00,U Tierpark (Berlin),21,76,103.6,0.53,1.46,3.22,7.25,11.63,16.63,22.84,30.68,41.03,55.46,80.55,105.32,131.71,34.61,34.0,11.5,0.35,1.0,2.0,5.0,8.2,14.8,23.0,29.0,38.6,50.0,79.4,103.6,126.25
2026-09-19 21:30:00,U Tierpark (Berlin),21,13,103.6,0.25,0.99,2.35,5.24,8.95,12.7,17.62,23.83,32.15,43.86,63.53,84.74,105.59,27.23,27.04,21.0,0.35,1.0,2.0,5.0,8.2,14.8,23.0,29.0,38.6,50.0,79.4,103.6,126.25
2026-09-19 21:45:00,U Tierpark (Berlin),21,44,103.6,0.06,0.71,1.83,4.21,7.43,10.77,14.65,20.2,27.37,37.38,54.37,72.45,90.99,23.2,23.21,21.0,0.35,1.0,2.0,5.0,8.2,14.8,23.0,29.0,38.6,50.0,79.4,103.6,126.25
2026-09-19 22:00:00,U Tierpark (Berlin),22,19,36.25,0.0,0.14,0.86,2.46,4.24,6.69,9.38,12.45,16.93,24.07,36.27,47.91,59.33,14.85,15.04,11.5,0.0,0.0,1.0,2.0,3.5,5.0,6.0,10.0,15.5,21.0,28.5,36.25,41.75
2026-09-19 22:15:00,U Tierpark (Berlin),22,11,36.25,0.0,0.13,0.83,2.41,4.17,6.55,9.23,12.28,16.62,23.63,35.5,46.74,57.83,14.55,14.58,9.5,0.0,0.0,1.0,2.0,3.5,5.0,6.0,10.0,15.5,21.0,28.5,36.25,41.75
2026-09-19 22:30:00,U Tierpark (Berlin),22,0,36.25,0.0,0.0,0.53,1.75,3.26,5.1,7.57,10.19,13.51,19.21,29.99,39.98,49.7,12.01,11.71,5.0,0.0,0.0,1.0,2.0,3.5,5.0,6.0,10.0,15.5,21.0,28.5,36.25,41.75
2026-09-19 22:45:00,U Tierpark (Berlin),22,0,36.25,0.0,0.0,0.0,0.27,0.78,1.5,2.62,4.27,7.04,9.89,15.46,23.21,31.12,5.97,5.62,4.0,0.0,0.0,1.0,2.0,3.5,5.0,6.0,10.0,15.5,21.0,28.5,36.25,41.75
2026-09-19 23:00:00,U Tierpark (Berlin),23,6,28.75,0.0,0.0,0.33,1.28,2.51,3.97,6.07,8.61,11.48,15.91,25.52,34.83,43.66,10.12,10.92,7.0,0.0,0.0,0.0,0.0,0.0,1.0,2.0,3.0,6.5,10.0,17.0,28.75,46.12
2026-09-19 23:15:00,U Tierpark (Berlin),23,0,28.75,0.0,0.0,0.0,0.0,0.11,0.37,0.77,1.35,2.6,5.4,9.63,13.53,19.29,3.11,2.46,1.0,0.0,0.0,0.0,0.0,0.0,1.0,2.0,3.0,6.5,10.0,17.0,28.75,46.12
2026-09-19 23:30:00,U Tierpark (Berlin),23,2,28.75,0.0,0.0,0.03,0.67,1.45,2.58,4.04,6.37,9.1,12.48,20.24,28.7,36.07,7.81,8.33,1.5,0.0,0.0,0.0,0.0,0.0,1.0,2.0,3.0,6.5,10.0,17.0,28.75,46.12
2026-09-19 23:45:00,U Tierpark (Berlin),23,0,28.75,0.0,0.0,0.37,1.44,2.85,4.64,7.8,11.47,16.29,24.36,39.16,54.23,71.86,15.32,24.62,2.0,0.0,0.0,0.0,0.0,0.0,1.0,2.0,3.0,6.5,10.0,17.0,28.75,46.12
