timestamp,station_name,passengers,overcrowded,predicted_overcrowded,overcrowd_probability
2026-09-15 14:30:00,U Leinestr. (Berlin),4,0,0,0.0033287357073277235
2026-09-11 06:30:00,U Leopoldplatz (Berlin),0,0,0,0.23833999037742615
2026-09-18 05:45:00,S+U Brandenburger Tor (Berlin),7,0,0,0.020785002037882805
2026-09-09 17:30:00,U Neu-Westend (Berlin),79,0,0,0.46497005224227905
2026-09-19 18:45:00,U Sophie-Charlotte-Platz (Berlin),114,0,0,0.20702792704105377
2026-09-02 21:15:00,S+U Lichtenberg Bhf (Berlin),8,0,0,0.03257451206445694
2026-09-11 13:45:00,S+U Warschauer Str. (Berlin),5,0,0,0.0007426735828630626
2026-09-11 13:00:00,S+U Brandenburger Tor (Berlin),26,0,0,0.0005658789305016398
2026-09-14 12:45:00,U Oskar-Helene-Heim (Berlin),7,0,0,0.0008175520924851298
2026-09-07 10:45:00,U Wutzkyallee (Berlin),64,0,0,0.05363944172859192
2026-09-17 23:30:00,U Kleistpark (Berlin),14,0,0,0.00044658841216005385
2026-09-08 20:45:00,U Platz der Luftbrücke (Berlin),22,0,0,0.1706797331571579
2026-09-09 20:45:00,U Blissestr. (Berlin),197,0,0,0.20053774118423462
2026-09-16 23:30:00,U Kochstr. (Checkpoint Charlie) (Berlin),0,0,0,0.0004867537645623088
2026-09-18 08:45:00,U Senefelderplatz (Berlin),139,0,0,0.45408502221107483
2026-09-14 10:45:00,U Cottbusser Platz (Berlin),12,0,0,0.07335242629051208
2026-09-09 12:00:00,U Elsterwerdaer Platz (Berlin),4,0,0,0.0003928116348106414
2026-09-02 00:15:00,U Bundestag (Berlin),0,0,0,0.0010989326983690262
2026-09-12 07:00:00,U Haselhorst (Berlin),4,0,0,0.2126208245754242
2026-09-21 08:15:00,U Pankstr. (Berlin),77,0,0,0.4418506324291229
2026-09-10 16:45:00,U Kurfürstendamm (Berlin),1787,1,0,0.2106814831495285
2026-09-04 09:00:00,S+U Rathaus Spandau (Berlin),0,0,0,0.28438326716423035
2026-09-05 12:15:00,U Hönow (Berlin),8,0,0,0.00047898144111968577
2026-09-14 06:30:00,S+U Hermannstr. (Berlin),96,0,0,0.2615806460380554
2026-09-07 00:00:00,U Lipschitzallee (Berlin),0,0,0,0.0005423036636784673
2026-09-17 21:45:00,S+U Yorckstr. (Berlin),61,0,0,0.03843095153570175
2026-09-14 05:30:00,U Hermannplatz (Berlin),7,0,0,0.024738170206546783
2026-09-19 05:00:00,U Zwickauer Damm (Berlin),33,0,0,0.004658279474824667
2026-09-11 00:45:00,U Neu-Westend (Berlin),0,0,0,0.0007474664016626775
2026-09-03 09:00:00,U Turmstr. (Berlin),539,1,0,0.2941504120826721
2026-09-14 06:45:00,U Osloer Str. (Berlin),67,0,0,0.264974445104599
2026-09-05 20:45:00,U Paulsternstr. (Berlin),111,0,0,0.06747610867023468
2026-09-05 23:30:00,U Hallesches Tor (Berlin),7,0,0,0.00028433470288291574
2026-09-10 06:15:00,U Bayerischer Platz (Berlin),158,0,0,0.2251817286014557
2026-09-12 05:00:00,S+U Rathaus Spandau (Berlin),3,0,0,0.00462749321013689
2026-09-04 21:15:00,U Eisenacher Str. (Berlin),5,0,0,0.024043060839176178
2026-09-17 11:30:00,S+U Zoologischer Garten Bhf (Berlin),1,0,0,0.0016943581867963076
2026-09-04 16:45:00,S+U Gesundbrunnen Bhf (Berlin),430,1,0,0.1957511007785797
2026-09-21 22:00:00,U Haselhorst (Berlin),22,0,0,0.0006679188227280974
2026-09-15 06:00:00,U Haselhorst (Berlin),82,0,0,0.2575669586658478
2026-09-16 09:15:00,U Seestr. (Berlin),441,1,0,0.35882440209388733
2026-09-10 09:30:00,U Neu-Westend (Berlin),294,1,0,0.3036300837993622
2026-09-04 23:00:00,U Parchimer Allee (Berlin),15,0,0,0.0005273501155897975
2026-09-11 11:15:00,U Paulsternstr. (Berlin),42,0,0,0.0013659871183335781
2026-09-07 14:45:00,U Siemensdamm (Berlin),0,0,0,0.002482813550159335
2026-09-17 22:00:00,U Klosterstr. (Berlin),8,0,0,0.0006947813672013581
2026-09-13 14:15:00,S+U Potsdamer Platz Bhf (Berlin),31,0,0,0.0034107156097888947
2026-09-17 09:45:00,U Blaschkoallee (Berlin),48,0,0,0.3459063172340393
2026-09-17 19:30:00,U Paradestr. (Berlin),112,0,0,0.32755500078201294
2026-09-06 15:00:00,U Zitadelle (Berlin),114,0,0,0.03376919776201248
2026-09-16 09:30:00,U Breitenbachplatz (Berlin),14,0,0,0.3691844046115875
2026-09-21 12:15:00,U Lipschitzallee (Berlin),6,0,0,0.00039773344178684056
2026-09-15 15:15:00,U Reinickendorfer Str. (Berlin),2,0,0,0.11736360192298889
2026-09-09 18:15:00,S+U Heidelberger Platz (Berlin),512,1,0,0.4752810597419739
2026-09-20 00:45:00,U Schillingstr. (Berlin),8,0,0,0.000348896806826815
2026-09-19 14:15:00,U Deutsche Oper (Berlin),39,0,0,0.0017430130392313004
2026-09-05 09:45:00,S+U Neukölln (Berlin),51,0,0,0.1582188904285431
2026-09-19 23:00:00,U Bülowstr. (Berlin),28,0,0,0.0002904420252889395
2026-09-04 17:15:00,U Uhlandstr. (Berlin),351,0,0,0.4040461480617523
2026-09-11 06:00:00,U Gneisenaustr. (Berlin),122,0,0,0.23413360118865967
2026-09-14 12:30:00,U Rudow (Berlin),0,0,0,0.0010232797358185053
2026-09-16 08:30:00,U Louis-Lewin-Str. (Berlin),265,1,0,0.4702916443347931
2026-09-05 07:00:00,U Magdalenenstr. (Berlin),1,0,0,0.25681301951408386
2026-09-12 11:00:00,U Deutsche Oper (Berlin),34,0,0,0.0004477407783269882
2026-09-18 10:15:00,S+U Heidelberger Platz (Berlin),1,0,0,0.06806173175573349
2026-09-14 07:00:00,U Siemensdamm (Berlin),4,0,0,0.40764757990837097
2026-09-21 07:30:00,S+U Schönhauser Allee (Berlin),141,0,0,0.3898680806159973
2026-09-09 12:30:00,U Alt-Tempelhof (Berlin),52,0,0,0.00039376289350911975
2026-09-13 20:00:00,U Hellersdorf (Berlin),215,0,0,0.0706075131893158
2026-09-15 13:45:00,U Bundestag (Berlin),36,0,0,0.0010341834276914597
2026-09-08 18:00:00,S+U Yorckstr. (Berlin),272,0,0,0.44939205050468445
2026-09-10 18:00:00,S+U Pankow (Berlin),29,0,0,0.43838152289390564
2026-09-16 14:30:00,U Kurfürstendamm (Berlin),99,0,0,0.0032798051834106445
2026-09-20 14:45:00,U Hausvogteiplatz (Berlin),12,0,0,0.0018220955971628428
2026-09-15 00:45:00,U Zitadelle (Berlin),0,0,0,0.002373241586610675
2026-09-04 11:30:00,U Güntzelstr. (Berlin),22,0,0,0.0005927542224526405
2026-09-19 05:45:00,S+U Yorckstr. (Berlin),5,0,0,0.0045802718959748745
2026-09-14 00:00:00,U Voltastr. (Berlin),0,0,0,0.0005589693319052458
2026-09-17 05:15:00,U Amrumer Str. (Berlin),30,0,0,0.023219360038638115
2026-09-19 11:45:00,U Sophie-Charlotte-Platz (Berlin),0,0,0,0.0004765480407513678
2026-09-06 12:15:00,U Tierpark (Berlin),3,0,0,0.0005269648390822113
2026-09-12 16:00:00,U Alt-Mariendorf (Berlin),5,0,0,0.09321396797895432
2026-09-04 17:45:00,U Johannisthaler Chaussee (Berlin),380,1,0,0.4153079092502594
2026-09-16 19:00:00,U Schillingstr. (Berlin),427,1,0,0.3602069020271301
2026-09-10 18:15:00,U Schillingstr. (Berlin),39,0,0,0.44762060046195984
2026-09-16 15:45:00,U Paracelsus-Bad (Berlin),49,0,0,0.13861067593097687
2026-09-10 07:15:00,U Mehringdamm (Berlin),6,0,0,0.38553592562675476
2026-09-20 20:15:00,U Konstanzer Str. (Berlin),450,1,0,0.06291509419679642
2026-09-08 07:30:00,U Afrikanische Str. (Berlin),294,1,0,0.36124756932258606
2026-09-08 19:15:00,U Weberwiese (Berlin),500,1,0,0.3292844593524933
2026-09-20 23:30:00,U Kienberg (Gärten der Welt) (Berlin),5,0,0,0.00033420772524550557
2026-09-15 21:00:00,U Eberswalder Str. (Berlin),87,0,0,0.03204992786049843
2026-09-02 08:00:00,U Biesdorf-Süd (Berlin),500,1,0,0.4595666527748108
2026-09-15 16:00:00,S+U Pankow (Berlin),57,0,0,0.22640463709831238
2026-09-06 22:00:00,U Turmstr. (Berlin),26,0,0,0.0003295229107607156
2026-09-20 22:45:00,S+U Jannowitzbrücke (Berlin),9,0,0,0.00047172338236123323
2026-09-03 13:15:00,U Elsterwerdaer Platz (Berlin),9,0,0,0.000518236483912915
2026-09-04 09:30:00,U Onkel Toms Hütte (Berlin),29,0,0,0.28720876574516296
2026-09-14 21:30:00,U Paradestr. (Berlin),86,0,0,0.02929225005209446
2026-09-13 18:45:00,S+U Yorckstr. (Berlin),354,1,0,0.27368757128715515
2026-09-06 09:30:00,U Biesdorf-Süd (Berlin),49,0,0,0.12938101589679718
2026-09-05 18:15:00,U Franz-Neumann-Platz (Berlin),268,1,0,0.26576974987983704
2026-09-14 23:45:00,U Franz-Neumann-Platz (Berlin),0,0,0,0.0004395790456328541
2026-09-18 09:15:00,U Onkel Toms Hütte (Berlin),335,1,0,0.33634331822395325
2026-09-11 20:45:00,U Adenauerplatz (Berlin),40,0,0,0.1692633330821991
2026-09-14 00:30:00,U Alt-Mariendorf (Berlin),0,0,0,0.0006387760513462126
2026-09-21 23:45:00,S+U Hermannstr. (Berlin),7,0,0,0.0005522649153135717
2026-09-05 22:00:00,S+U Wedding (Berlin),11,0,0,0.0003498003934510052
2026-09-19 18:45:00,U Breitenbachplatz (Berlin),13,0,0,0.20673754811286926
2026-09-02 08:30:00,U Alt-Tempelhof (Berlin),106,0,0,0.46472176909446716
2026-09-17 05:30:00,U Oranienburger Tor (Berlin),87,0,0,0.0233807060867548
2026-09-11 10:00:00,U Vinetastr. (Berlin),8,0,0,0.0508105531334877
2026-09-14 21:45:00,U Prinzenstr. (Berlin),61,0,0,0.031668610870838165
2026-09-12 10:30:00,U Paradestr. (Berlin),8,0,0,0.01892075128853321
2026-09-18 19:45:00,U Friedrichsfelde (Berlin),44,0,0,0.3418569564819336
2026-09-05 05:45:00,U Friedrich-Wilhelm-Platz (Berlin),76,0,0,0.006445443257689476
2026-09-07 18:45:00,U Johannisthaler Chaussee (Berlin),58,0,0,0.45181572437286377
2026-09-18 06:30:00,U Mierendorffplatz (Berlin),104,0,0,0.23874229192733765
2026-09-05 11:15:00,U Haselhorst (Berlin),90,0,0,0.0004985977429896593
2026-09-04 10:45:00,U Augsburger Str. (Berlin),150,0,0,0.038148317486047745
2026-09-09 11:45:00,U Samariterstr. (Berlin),4,0,0,0.0007317360723391175
2026-09-20 16:15:00,U Turmstr. (Berlin),12,0,0,0.09217817336320877
2026-09-19 22:45:00,S+U Pankow (Berlin),4,0,0,0.00038422783836722374
2026-09-05 07:00:00,S+U Schönhauser Allee (Berlin),2,0,0,0.2584003508090973
2026-09-11 15:15:00,U Schillingstr. (Berlin),12,0,0,0.11558772623538971
2026-09-11 09:45:00,S+U Pankow (Berlin),51,0,0,0.2907719016075134
2026-09-07 16:45:00,S+U Heidelberger Platz (Berlin),117,0,0,0.21994812786579132
2026-09-16 10:00:00,U Alt-Mariendorf (Berlin),32,0,0,0.07442666590213776
2026-09-06 06:15:00,S+U Frankfurter Allee (Berlin),169,0,0,0.0889209657907486
2026-09-03 14:00:00,S+U Potsdamer Platz Bhf (Berlin),7,0,0,0.001853967783972621
2026-09-09 05:15:00,U Westphalweg (Berlin),37,0,0,0.02179497294127941
2026-09-16 11:15:00,U Platz der Luftbrücke (Berlin),90,0,0,0.0018790552858263254
2026-09-05 22:15:00,U Schillingstr. (Berlin),3,0,0,0.0003365189768373966
2026-09-20 23:45:00,U Alt-Mariendorf (Berlin),0,0,0,0.00038400135235860944
2026-09-19 10:30:00,U Mierendorffplatz (Berlin),7,0,0,0.013699238188564777
2026-09-13 18:30:00,U Paracelsus-Bad (Berlin),248,0,0,0.2701400816440582
2026-09-10 18:45:00,U Adenauerplatz (Berlin),290,0,0,0.4512944221496582
2026-09-20 12:15:00,U Berliner Str. (Berlin),18,0,0,0.000296674610581249
2026-09-08 11:15:00,U Deutsche Oper (Berlin),53,0,0,0.0007169267046265304
2026-09-14 17:30:00,S+U Karl-Bonhoeffer-Nervenklinik (Berlin),500,1,0,0.4335932731628418
2026-09-10 21:00:00,U Walther-Schreiber-Platz (Berlin),36,0,0,0.03931895270943642
2026-09-06 09:30:00,U Rathaus Reinickendorf (Berlin),35,0,0,0.12952421605587006
2026-09-09 15:00:00,U Boddinstr. (Berlin),56,0,0,0.1129835993051529
2026-09-06 21:30:00,U Fehrbelliner Platz (Berlin),14,0,0,0.006873143371194601
2026-09-03 19:00:00,U Kienberg (Gärten der Welt) (Berlin),125,0,0,0.34666043519973755
2026-09-06 16:15:00,U Bülowstr. (Berlin),23,0,0,0.07845880836248398
2026-09-15 08:30:00,S+U Wedding (Berlin),47,0,0,0.4518264830112457
2026-09-15 22:15:00,U Pankstr. (Berlin),39,0,0,0.000692449975758791
2026-09-20 15:15:00,S+U Wuhletal (Berlin),57,0,0,0.035057079046964645
2026-09-07 20:15:00,U Mierendorffplatz (Berlin),164,0,0,0.18731601536273956
2026-09-16 05:45:00,U Rüdesheimer Platz (Berlin),20,0,0,0.03114047832787037
2026-09-12 09:15:00,U Wittenbergplatz (Berlin),160,0,0,0.16455146670341492
2026-09-16 10:30:00,U Seestr. (Berlin),34,0,0,0.07453786581754684
2026-09-10 21:15:00,U Bismarckstr. (Berlin),37,0,0,0.038226813077926636
2026-09-04 07:30:00,U Siemensdamm (Berlin),500,1,0,0.3689956068992615
2026-09-20 00:00:00,U Olympia-Stadion (Berlin),2,0,0,0.0003837733529508114
2026-09-05 14:15:00,U Wutzkyallee (Berlin),19,0,0,0.0023299853783100843
2026-09-12 12:45:00,U Reinickendorfer Str. (Berlin),1,0,0,0.0003856698458548635
2026-09-13 19:15:00,U Rehberge (Berlin),10,0,0,0.16698214411735535
2026-09-14 05:00:00,U Wittenbergplatz (Berlin),60,0,0,0.022869648411870003
2026-09-14 18:15:00,U Siemensdamm (Berlin),103,0,0,0.417917937040329
2026-09-13 07:30:00,U Blaschkoallee (Berlin),224,0,0,0.21363267302513123
2026-09-16 20:45:00,U Blissestr. (Berlin),32,0,0,0.1995595097541809
2026-09-02 06:15:00,U Gleisdreieck (Berlin),44,0,0,0.25383061170578003
2026-09-07 18:15:00,U Schönleinstr. (Berlin),343,1,0,0.44832074642181396
2026-09-13 10:30:00,U Westphalweg (Berlin),32,0,0,0.016930200159549713
2026-09-08 08:15:00,U Oranienburger Tor (Berlin),258,1,0,0.41524165868759155
2026-09-08 20:30:00,U Lindauer Allee (Berlin),60,0,0,0.17048215866088867
2026-09-21 21:00:00,U Bismarckstr. (Berlin),16,0,0,0.03902953118085861
2026-09-18 00:45:00,U Residenzstr. (Berlin),0,0,0,0.0006961144390515983
2026-09-16 12:45:00,U Seestr. (Berlin),9,0,0,0.0008857720531523228
2026-09-04 05:30:00,U Nollendorfplatz (Berlin),28,0,0,0.02118638902902603
2026-09-02 10:00:00,U Kaiserdamm (Berlin),291,1,0,0.06974779814481735
2026-09-12 11:00:00,U Amrumer Str. (Berlin),1,0,0,0.00047152553452178836
2026-09-11 09:15:00,U Platz der Luftbrücke (Berlin),425,1,0,0.2923371493816376
2026-09-08 09:45:00,U Kottbusser Tor (Berlin),37,0,0,0.30594801902770996
2026-09-07 14:00:00,U Tierpark (Berlin),29,0,0,0.0027890726923942566
2026-09-08 07:00:00,U Residenzstr. (Berlin),148,0,0,0.35312923789024353
2026-09-20 11:15:00,U Kienberg (Gärten der Welt) (Berlin),15,0,0,0.000400728516979143
2026-09-19 16:45:00,U Ullsteinstr. (Berlin),91,0,0,0.06643562018871307
2026-09-12 18:30:00,U Ruhleben (Berlin),26,0,0,0.22230464220046997
2026-09-18 10:00:00,U Kienberg (Gärten der Welt) (Berlin),70,0,0,0.06755203008651733
2026-09-17 00:00:00,U Olympia-Stadion (Berlin),1,0,0,0.001337518566288054
2026-09-11 15:45:00,S+U Jungfernheide Bhf (Berlin),49,0,0,0.11657766997814178
2026-09-16 22:30:00,S+U Westhafen (Berlin),104,0,0,0.0007627274026162922
2026-09-19 14:00:00,U Reinickendorfer Str. (Berlin),49,0,0,0.0018060104921460152
2026-09-05 23:30:00,U Oranienburger Tor (Berlin),0,0,0,0.0002775355242192745
2026-09-04 15:15:00,U Wittenbergplatz (Berlin),699,0,0,0.09203314781188965
2026-09-10 09:00:00,U Turmstr. (Berlin),708,1,0,0.304564505815506
2026-09-06 16:00:00,U Gneisenaustr. (Berlin),11,0,0,0.07798940688371658
2026-09-16 06:15:00,U Ullsteinstr. (Berlin),60,0,0,0.27536481618881226
2026-09-04 18:00:00,U Westphalweg (Berlin),249,0,0,0.4140189588069916
2026-09-15 06:15:00,U Weinmeisterstr. (Berlin),110,0,0,0.267139196395874
2026-09-12 23:15:00,S+U Gesundbrunnen Bhf (Berlin),34,0,0,0.0002687743108253926
2026-09-08 07:45:00,U Rathaus Reinickendorf (Berlin),465,1,0,0.3722943365573883
2026-09-16 19:15:00,U Olympia-Stadion (Berlin),500,1,0,0.36024948954582214
2026-09-10 19:15:00,U Rudow (Berlin),396,1,0,0.3437105119228363
2026-09-03 17:00:00,S+U Rathaus Steglitz (Berlin),129,0,0,0.4182562232017517
2026-09-11 09:45:00,S+U Schönhauser Allee (Berlin),174,0,0,0.2917099595069885
2026-09-04 18:45:00,U Eberswalder Str. (Berlin),154,0,0,0.4157298803329468
2026-09-15 09:45:00,U Friedrichsfelde (Berlin),36,0,0,0.337259978055954
2026-09-17 08:00:00,U Bismarckstr. (Berlin),299,0,0,0.4616532325744629
2026-09-18 17:45:00,U Kurfürstendamm (Berlin),297,0,0,0.4471091628074646
2026-09-21 10:45:00,U Weinmeisterstr. (Berlin),218,0,0,0.04490490257740021
2026-09-14 10:00:00,U Augsburger Str. (Berlin),7,0,0,0.07045935094356537
2026-09-10 13:45:00,U Bülowstr. (Berlin),65,0,0,0.0007512214360758662
2026-09-09 00:45:00,U Kurfürstendamm (Berlin),1,0,0,0.000723784789443016
2026-09-05 16:30:00,U Deutsche Oper (Berlin),233,0,0,0.0996691957116127
2026-09-08 12:00:00,U Weberwiese (Berlin),16,0,0,0.0004215861263219267
2026-09-04 17:00:00,U Neu-Westend (Berlin),5,0,0,0.4043393135070801
2026-09-09 20:00:00,U Eberswalder Str. (Berlin),31,0,0,0.2011238932609558
2026-09-19 22:15:00,S+U Zoologischer Garten Bhf (Berlin),34,0,0,0.00038733865949325264
2026-09-16 19:00:00,U Rathaus Reinickendorf (Berlin),307,1,0,0.36025214195251465
2026-09-08 15:30:00,U Walther-Schreiber-Platz (Berlin),72,0,0,0.10864242911338806
2026-09-12 09:15:00,U Residenzstr. (Berlin),146,0,0,0.1656506061553955
2026-09-08 13:45:00,U Nauener Platz (Berlin),0,0,0,0.0006619857740588486
2026-09-20 00:00:00,U Birkenstr. (Berlin),6,0,0,0.0004120474914088845
2026-09-19 09:45:00,U Schönleinstr. (Berlin),13,0,0,0.1169637143611908
2026-09-18 00:45:00,U Hansaplatz (Berlin),0,0,0,0.0006384785519912839
2026-09-02 06:30:00,U Schwartzkopffstr. (Berlin),47,0,0,0.259199321269989
2026-09-07 05:45:00,U Friedrich-Wilhelm-Platz (Berlin),165,0,0,0.020741283893585205
2026-09-13 20:45:00,U Görlitzer Bahnhof (Berlin),6,0,0,0.07364800572395325
2026-09-16 20:15:00,U Zitadelle (Berlin),13,0,0,0.19943803548812866
2026-09-05 07:45:00,U Platz der Luftbrücke (Berlin),443,1,0,0.23743608593940735
2026-09-13 20:45:00,U Weberwiese (Berlin),40,0,0,0.06996819376945496
2026-09-02 08:45:00,U Blissestr. (Berlin),1361,1,0,0.4640054702758789
2026-09-12 14:15:00,U Jakob-Kaiser-Platz (Berlin),32,0,0,0.0024115510750561953
2026-09-11 23:30:00,U Siemensdamm (Berlin),1,0,0,0.00041875289753079414
2026-09-17 19:00:00,U Cottbusser Platz (Berlin),398,1,0,0.32354751229286194
2026-09-07 21:30:00,U Platz der Luftbrücke (Berlin),104,0,0,0.03164706379175186
2026-09-19 22:45:00,U Bismarckstr. (Berlin),3,0,0,0.0004139386292081326
2026-09-04 21:30:00,S+U Schönhauser Allee (Berlin),37,0,0,0.024050243198871613
2026-09-19 05:15:00,U Oranienburger Tor (Berlin),10,0,0,0.0045140632428228855
2026-09-06 16:15:00,U Hohenzollernplatz (Berlin),311,0,0,0.07636454701423645
2026-09-02 08:15:00,U Mehringdamm (Berlin),699,1,0,0.468566358089447
2026-09-02 12:45:00,U Kurt-Schumacher-Platz (Berlin),2,0,0,0.000866167014464736
2026-09-02 22:30:00,S+U Jungfernheide Bhf (Berlin),9,0,0,0.0009108237572945654
2026-09-08 15:30:00,U Nauener Platz (Berlin),43,0,0,0.10930027067661285
2026-09-21 20:45:00,U Wittenbergplatz (Berlin),567,0,0,0.19477486610412598
2026-09-13 11:30:00,U Gleisdreieck (Berlin),45,0,0,0.0019408740336075425
2026-09-06 19:30:00,S+U Yorckstr. (Berlin),179,0,0,0.14222055673599243
2026-09-13 09:15:00,U Oranienburger Tor (Berlin),107,0,0,0.14590227603912354
2026-09-10 17:00:00,U Ruhleben (Berlin),112,0,0,0.4292337894439697
2026-09-11 20:00:00,U Paracelsus-Bad (Berlin),109,0,0,0.16230489313602448
2026-09-15 08:30:00,U Hansaplatz (Berlin),1085,1,0,0.4562368392944336
2026-09-17 19:45:00,S+U Jungfernheide Bhf (Berlin),505,1,0,0.3338010013103485
2026-09-05 19:45:00,U Schloßstr. (Berlin),39,0,0,0.16257205605506897
2026-09-06 13:45:00,S+U Potsdamer Platz Bhf (Berlin),3,0,0,0.0005448636948131025
2026-09-19 16:45:00,U Podbielskiallee (Berlin),57,0,0,0.06667998433113098
2026-09-07 00:30:00,U Osloer Str. (Berlin),1,0,0,0.0006130147376097739
2026-09-12 15:30:00,U Cottbusser Platz (Berlin),10,0,0,0.04180152341723442
2026-09-04 09:45:00,U Bayerischer Platz (Berlin),111,0,0,0.2834829092025757
2026-09-04 05:30:00,U Johannisthaler Chaussee (Berlin),10,0,0,0.021768391132354736
2026-09-03 00:00:00,U Klosterstr. (Berlin),0,0,0,0.0008674723794683814
2026-09-20 05:45:00,U Bernauer Str. (Berlin),9,0,0,0.0065274108201265335
2026-09-16 15:30:00,U Kurt-Schumacher-Platz (Berlin),72,0,0,0.13734781742095947
2026-09-06 13:45:00,S+U Gesundbrunnen Bhf (Berlin),17,0,0,0.000544640701264143
2026-09-10 19:45:00,U Frankfurter Tor (Berlin),6,0,0,0.34674009680747986
2026-09-13 20:15:00,U Schlesisches Tor (Berlin),61,0,0,0.07404379546642303
2026-09-08 16:30:00,U Voltastr. (Berlin),365,1,0,0.22125113010406494
2026-09-09 21:15:00,U Moritzplatz (Berlin),52,0,0,0.038375742733478546
2026-09-14 09:45:00,U Kaiserin-Augusta-Str. (Berlin),57,0,0,0.3513588607311249
2026-09-07 08:30:00,U Hohenzollernplatz (Berlin),672,1,0,0.4288330674171448
2026-09-19 23:15:00,U Biesdorf-Süd (Berlin),5,0,0,0.00027636755839921534
2026-09-17 19:30:00,U Afrikanische Str. (Berlin),170,0,0,0.32810530066490173
2026-09-12 12:15:00,U Onkel Toms Hütte (Berlin),11,0,0,0.0004110282170586288
2026-09-06 14:30:00,U Breitenbachplatz (Berlin),9,0,0,0.0023149859625846148
2026-09-18 15:30:00,U Südstern (Berlin),62,0,0,0.13147661089897156
2026-09-06 08:15:00,U Boddinstr. (Berlin),98,0,0,0.23543712496757507
2026-09-12 06:30:00,U Louis-Lewin-Str. (Berlin),61,0,0,0.0942729264497757
2026-09-09 22:45:00,U Gleisdreieck (Berlin),5,0,0,0.0006951692630536854
2026-09-02 21:15:00,S+U Wittenau (Berlin),168,0,0,0.03205595910549164
2026-09-18 10:15:00,U Lipschitzallee (Berlin),57,0,0,0.06977692246437073
2026-09-08 08:00:00,U Podbielskiallee (Berlin),88,0,0,0.41489094495773315
2026-09-11 14:30:00,U Mendelssohn-Bartholdy-Park (Berlin),58,0,0,0.0023198716808110476
2026-09-19 09:30:00,S+U Lichtenberg Bhf (Berlin),4,0,0,0.11882969737052917
2026-09-16 20:00:00,U Altstadt Spandau (Berlin),500,1,0,0.19678965210914612
2026-09-12 17:15:00,U Theodor-Heuss-Platz (Berlin),98,0,0,0.23245052993297577
2026-09-17 08:00:00,U Bülowstr. (Berlin),600,1,0,0.4577300250530243
2026-09-16 00:15:00,U Neu-Westend (Berlin),0,0,0,0.0008553536608815193
2026-09-19 19:00:00,U Berliner Str. (Berlin),917,1,0,0.12453249096870422
2026-09-10 16:00:00,S+U Karl-Bonhoeffer-Nervenklinik (Berlin),120,0,0,0.20898428559303284
2026-09-08 13:00:00,U Breitenbachplatz (Berlin),1,0,0,0.00046913139522075653
2026-09-15 14:45:00,U Kaiserdamm (Berlin),53,0,0,0.0028530119452625513
2026-09-07 18:45:00,U Bülowstr. (Berlin),113,0,0,0.45289790630340576
2026-09-11 22:30:00,U Voltastr. (Berlin),47,0,0,0.0005492837517522275
2026-09-17 17:00:00,U Voltastr. (Berlin),36,0,0,0.4431318938732147
2026-09-13 07:30:00,U Seestr. (Berlin),33,0,0,0.2099255621433258
2026-09-19 05:15:00,U Walther-Schreiber-Platz (Berlin),79,0,0,0.004491118714213371
2026-09-14 00:45:00,S+U Potsdamer Platz Bhf (Berlin),0,0,0,0.0007930295541882515
2026-09-04 12:00:00,U Unter den Linden (Berlin),1,0,0,0.00044363693450577557
2026-09-21 17:00:00,S+U Zoologischer Garten Bhf (Berlin),1564,1,0,0.4559944272041321
2026-09-10 22:30:00,U Hohenzollernplatz (Berlin),125,0,0,0.0013639393728226423
2026-09-15 23:30:00,U Wittenbergplatz (Berlin),18,0,0,0.0005074403597973287
2026-09-07 22:45:00,U Nauener Platz (Berlin),6,0,0,0.0005211133975535631
2026-09-08 19:00:00,S+U Yorckstr. (Berlin),404,1,0,0.33111676573753357
2026-09-18 13:30:00,U Paracelsus-Bad (Berlin),6,0,0,0.0008713355055078864
2026-09-09 12:15:00,S+U Jannowitzbrücke (Berlin),3,0,0,0.00044709662324748933
2026-09-20 07:15:00,U Rathaus Reinickendorf (Berlin),3,0,0,0.2306259721517563
2026-09-21 07:15:00,U Senefelderplatz (Berlin),186,0,0,0.38462352752685547
2026-09-18 11:15:00,S+U Yorckstr. (Berlin),3,0,0,0.002010227181017399
2026-09-04 22:15:00,U Friedrich-Wilhelm-Platz (Berlin),10,0,0,0.0006087881629355252
2026-09-06 11:00:00,U Südstern (Berlin),0,0,0,0.0007455847226083279
2026-09-04 07:00:00,U Wittenbergplatz (Berlin),198,0,0,0.3509945571422577
2026-09-11 23:15:00,U Heinrich-Heine-Str. (Berlin),24,0,0,0.0004118785436730832
2026-09-05 09:30:00,U Bayerischer Platz (Berlin),43,0,0,0.1594460904598236
2026-09-07 21:00:00,S+U Schönhauser Allee (Berlin),236,0,0,0.031339019536972046
2026-09-18 19:00:00,U Boddinstr. (Berlin),145,0,0,0.3483063578605652
2026-09-03 14:45:00,S+U Yorckstr. (Berlin),110,0,0,0.001992700854316354
2026-09-03 16:00:00,U Theodor-Heuss-Platz (Berlin),71,0,0,0.2085568606853485
2026-09-13 05:15:00,U Alt-Mariendorf (Berlin),4,0,0,0.00611280370503664
2026-09-17 18:15:00,U Weinmeisterstr. (Berlin),394,1,0,0.4352063536643982
2026-09-14 17:30:00,U Lindauer Allee (Berlin),500,1,0,0.43458789587020874
2026-09-17 22:45:00,U Altstadt Spandau (Berlin),0,0,0,0.000650026137009263
2026-09-02 13:30:00,U Kienberg (Gärten der Welt) (Berlin),2,0,0,0.0013407401274889708
2026-09-03 18:00:00,S+U Frankfurter Allee (Berlin),500,1,0,0.4421493709087372
2026-09-09 10:00:00,U Ernst-Reuter-Platz (Berlin),161,0,0,0.04679958149790764
2026-09-07 09:45:00,U Moritzplatz (Berlin),170,0,0,0.3068440556526184
2026-09-08 09:30:00,U Blissestr. (Berlin),707,1,0,0.2997221052646637
2026-09-05 07:30:00,U Kurt-Schumacher-Platz (Berlin),9,0,0,0.24192948639392853
2026-09-06 18:30:00,U Mendelssohn-Bartholdy-Park (Berlin),266,0,0,0.22328758239746094
2026-09-14 10:15:00,U Leopoldplatz (Berlin),293,1,0,0.07536640018224716
2026-09-07 08:30:00,U Kurfürstenstr. (Berlin),608,1,0,0.4331919848918915
2026-09-14 05:30:00,U Güntzelstr. (Berlin),310,0,0,0.023357275873422623
2026-09-07 17:45:00,U Wilmersdorfer Str. (Berlin),196,0,0,0.44982942938804626
2026-09-08 07:00:00,U Friedrichsfelde (Berlin),89,0,0,0.35213160514831543
2026-09-05 09:15:00,U Weinmeisterstr. (Berlin),100,0,0,0.1528249830007553
2026-09-15 16:30:00,U Birkenstr. (Berlin),108,0,0,0.22962899506092072
2026-09-18 08:45:00,U Biesdorf-Süd (Berlin),409,1,0,0.4539353847503662
2026-09-02 12:15:00,U Richard-Wagner-Platz (Berlin),19,0,0,0.0008713651914149523
2026-09-19 08:00:00,U Seestr. (Berlin),383,1,0,0.21982261538505554
2026-09-05 12:00:00,U Mierendorffplatz (Berlin),0,0,0,0.00043945974903181195
2026-09-02 11:00:00,U Birkenstr. (Berlin),17,0,0,0.004811447579413652
2026-09-10 05:30:00,U Fehrbelliner Platz (Berlin),20,0,0,0.023843027651309967
2026-09-10 19:00:00,U Rehberge (Berlin),208,0,0,0.3366090655326843
2026-09-12 20:15:00,U Fehrbelliner Platz (Berlin),526,1,0,0.052149105817079544
2026-09-12 22:30:00,U Blissestr. (Berlin),0,0,0,0.00030430741026066244
2026-09-13 08:15:00,U Tierpark (Berlin),108,0,0,0.2596653401851654
2026-09-11 10:30:00,U Franz-Neumann-Platz (Berlin),25,0,0,0.05088968202471733
2026-09-15 17:00:00,S+U Bundesplatz (Berlin),521,1,0,0.43548583984375
2026-09-05 13:15:00,U Weberwiese (Berlin),14,0,0,0.0006103957421146333
2026-09-20 21:30:00,U Louis-Lewin-Str. (Berlin),72,0,0,0.01095652487128973
2026-09-14 22:15:00,S+U Berlin Hauptbahnhof,34,0,0,0.000712252629455179
2026-09-20 13:00:00,U Tierpark (Berlin),0,0,0,0.00040485363570041955
2026-09-12 22:15:00,U Friedrichsfelde (Berlin),0,0,0,0.00029851385625079274
2026-09-18 08:15:00,U Pankstr. (Berlin),331,1,0,0.4517199397087097
2026-09-04 15:00:00,U Theodor-Heuss-Platz (Berlin),3,0,0,0.09627436846494675
2026-09-10 17:30:00,U Ernst-Reuter-Platz (Berlin),789,1,0,0.43336695432662964
2026-09-14 10:45:00,U Mendelssohn-Bartholdy-Park (Berlin),37,0,0,0.07178571820259094
2026-09-08 09:45:00,U Samariterstr. (Berlin),40,0,0,0.3062141537666321
2026-09-08 16:15:00,U Bismarckstr. (Berlin),135,0,0,0.22364442050457
2026-09-14 11:15:00,S+U Wuhletal (Berlin),22,0,0,0.003341004718095064
2026-09-05 23:45:00,U Friedrichsfelde (Berlin),0,0,0,0.00026985688600689173
2026-09-19 14:45:00,U Vinetastr. (Berlin),8,0,0,0.0018785921856760979
2026-09-03 08:45:00,U Gleisdreieck (Berlin),528,1,0,0.42323511838912964
2026-09-11 06:45:00,S+U Jannowitzbrücke (Berlin),449,1,0,0.23607274889945984
2026-09-04 06:00:00,S+U Frankfurter Allee (Berlin),226,0,0,0.22158080339431763
2026-09-09 21:00:00,U Platz der Luftbrücke (Berlin),87,0,0,0.03777884691953659
2026-09-20 18:30:00,S+U Karl-Bonhoeffer-Nervenklinik (Berlin),28,0,0,0.26410871744155884
2026-09-03 14:45:00,S+U Warschauer Str. (Berlin),21,0,0,0.002005880931392312
2026-09-21 17:30:00,U Voltastr. (Berlin),475,1,0,0.4580081105232239
2026-09-06 06:15:00,U Wittenbergplatz (Berlin),177,0,0,0.09097832441329956
2026-09-18 16:15:00,U Ullsteinstr. (Berlin),238,0,0,0.2282252013683319
2026-09-07 10:45:00,U Rohrdamm (Berlin),100,0,0,0.05350645259022713
2026-09-08 11:00:00,U Leopoldplatz (Berlin),4,0,0,0.0007243122672662139
2026-09-14 07:30:00,U Reinickendorfer Str. (Berlin),501,1,0,0.4174005389213562
2026-09-14 17:00:00,U Kleistpark (Berlin),298,0,0,0.45199280977249146
2026-09-12 08:15:00,U Rathaus Reinickendorf (Berlin),75,0,0,0.2709246277809143
2026-09-08 00:00:00,U Seestr. (Berlin),16,0,0,0.0005075071239843965
2026-09-12 08:30:00,U Platz der Luftbrücke (Berlin),20,0,0,0.2694324553012848
2026-09-21 15:30:00,U Magdalenenstr. (Berlin),133,0,0,0.11693032830953598
2026-09-12 18:00:00,S+U Alexanderplatz Bhf (Berlin),27,0,0,0.232608824968338
2026-09-21 15:15:00,U Paulsternstr. (Berlin),11,0,0,0.11643442511558533
2026-09-21 17:30:00,U Boddinstr. (Berlin),133,0,0,0.4563320279121399
2026-09-09 19:00:00,U Voltastr. (Berlin),148,0,0,0.36850690841674805
2026-09-15 07:30:00,U Podbielskiallee (Berlin),512,1,0,0.3925185799598694
2026-09-07 05:00:00,U Kochstr. (Checkpoint Charlie) (Berlin),8,0,0,0.019352465867996216
2026-09-16 07:15:00,U Rosa-Luxemburg-Platz (Berlin),78,0,0,0.41278690099716187
2026-09-06 22:30:00,S+U Karl-Bonhoeffer-Nervenklinik (Berlin),11,0,0,0.00032964153797365725
2026-09-21 11:15:00,U Parchimer Allee (Berlin),7,0,0,0.0006218082271516323
2026-09-10 18:15:00,U Vinetastr. (Berlin),500,1,0,0.4492473006248474
2026-09-11 17:45:00,U Grenzallee (Berlin),433,1,0,0.44760507345199585
2026-09-06 12:30:00,U Turmstr. (Berlin),0,0,0,0.000563757261261344
2026-09-19 05:15:00,U Vinetastr. (Berlin),17,0,0,0.004533456638455391
2026-09-16 17:00:00,S+U Warschauer Str. (Berlin),455,1,0,0.4747328460216522
2026-09-04 13:45:00,U Kochstr. (Checkpoint Charlie) (Berlin),2,0,0,0.00047561764949932694
2026-09-04 16:45:00,U Kaiserin-Augusta-Str. (Berlin),132,0,0,0.19288286566734314
2026-09-07 16:15:00,U Schillingstr. (Berlin),115,0,0,0.21744391322135925
2026-09-17 16:30:00,U Residenzstr. (Berlin),241,0,0,0.23835690319538116
2026-09-18 21:15:00,U Platz der Luftbrücke (Berlin),38,0,0,0.03224843740463257
2026-09-17 11:45:00,U Ernst-Reuter-Platz (Berlin),16,0,0,0.0015024710446596146
2026-09-17 21:15:00,U Rotes Rathaus (Berlin),102,0,0,0.0354967936873436
2026-09-03 23:45:00,U Residenzstr. (Berlin),7,0,0,0.000426858285209164
2026-09-17 23:00:00,U Eisenacher Str. (Berlin),34,0,0,0.00043822001316584647
2026-09-05 14:00:00,U Breitenbachplatz (Berlin),35,0,0,0.00264185993000865
2026-09-13 16:15:00,U Paulsternstr. (Berlin),60,0,0,0.13009527325630188
2026-09-03 07:15:00,U Prinzenstr. (Berlin),254,0,0,0.3743434548377991
2026-09-02 14:00:00,U Rüdesheimer Platz (Berlin),19,0,0,0.0052552190609276295
2026-09-10 16:15:00,U Hermannplatz (Berlin),121,0,0,0.21361002326011658
2026-09-12 00:30:00,U Hansaplatz (Berlin),8,0,0,0.00033527633058838546
2026-09-18 20:00:00,U Friedrich-Wilhelm-Platz (Berlin),406,1,0,0.1831071823835373
2026-09-08 12:00:00,U Rotes Rathaus (Berlin),2,0,0,0.0004176824586465955
2026-09-02 10:15:00,U Naturkundemuseum (Berlin),26,0,0,0.06930376589298248
2026-09-18 14:45:00,U Oskar-Helene-Heim (Berlin),33,0,0,0.010497833602130413
2026-09-19 08:15:00,U Karl-Marx-Str. (Berlin),15,0,0,0.2254529893398285
2026-09-04 21:15:00,U Konstanzer Str. (Berlin),42,0,0,0.024064477533102036
2026-09-04 09:00:00,U Britz-Süd (Berlin),500,1,0,0.2842556834220886
2026-09-21 22:45:00,U Nauener Platz (Berlin),32,0,0,0.000720215670298785
2026-09-14 13:15:00,U Richard-Wagner-Platz (Berlin),7,0,0,0.0010255480883643031
2026-09-12 12:30:00,U Uhlandstr. (Berlin),92,0,0,0.0004772664688061923
2026-09-15 13:00:00,U Schönleinstr. (Berlin),5,0,0,0.0008625198388472199
2026-09-08 23:45:00,U Breitenbachplatz (Berlin),0,0,0,0.00037699376116506755
2026-09-17 08:45:00,U Rosenthaler Platz (Berlin),336,1,0,0.4563433527946472
2026-09-19 06:00:00,U Zwickauer Damm (Berlin),52,0,0,0.08941109478473663
2026-09-17 09:15:00,U Lipschitzallee (Berlin),474,1,0,0.3463519811630249
2026-09-09 09:30:00,U Richard-Wagner-Platz (Berlin),107,0,0,0.3030814230442047
2026-09-17 19:15:00,S+U Wuhletal (Berlin),15,0,0,0.31960034370422363
2026-09-13 15:00:00,U Rathaus Reinickendorf (Berlin),84,0,0,0.06303524971008301
2026-09-10 22:00:00,U Kurfürstendamm (Berlin),471,0,0,0.0009268799913115799
2026-09-02 20:15:00,S+U Rathaus Steglitz (Berlin),149,0,0,0.1788448542356491
2026-09-19 21:15:00,U Friedrichsfelde (Berlin),10,0,0,0.008516116067767143
2026-09-16 17:30:00,U Elsterwerdaer Platz (Berlin),38,0,0,0.4676089584827423
2026-09-06 15:45:00,U Zitadelle (Berlin),26,0,0,0.034561194479465485
2026-09-04 22:00:00,U Zwickauer Damm (Berlin),7,0,0,0.0006096847355365753
2026-09-17 15:15:00,U Rosenthaler Platz (Berlin),372,1,0,0.1334768831729889
2026-09-17 18:00:00,U Stadtmitte (Berlin),130,0,0,0.442338764667511
2026-09-16 20:00:00,S+U Yorckstr. (Berlin),275,0,0,0.19671668112277985
2026-09-14 21:15:00,U Grenzallee (Berlin),15,0,0,0.02966439351439476
2026-09-09 08:00:00,U Osloer Str. (Berlin),260,1,0,0.4564151465892792
2026-09-17 14:15:00,U Turmstr. (Berlin),6,0,0,0.0036996500566601753
2026-09-17 14:00:00,U Eberswalder Str. (Berlin),27,0,0,0.0041477251797914505
2026-09-16 11:30:00,U Afrikanische Str. (Berlin),3,0,0,0.0018452401272952557
2026-09-09 05:30:00,U Hohenzollernplatz (Berlin),185,0,0,0.021348044276237488
2026-09-21 07:15:00,U Adenauerplatz (Berlin),2,0,0,0.38128662109375
2026-09-10 21:45:00,S+U Wedding (Berlin),4,0,0,0.03967895731329918
2026-09-02 15:45:00,U Schwartzkopffstr. (Berlin),116,0,0,0.13313356041908264
2026-09-11 16:45:00,U Franz-Neumann-Platz (Berlin),112,0,0,0.2548370957374573
2026-09-05 13:45:00,U Magdalenenstr. (Berlin),18,0,0,0.0005418156506493688
2026-09-13 09:45:00,U Leinestr. (Berlin),43,0,0,0.1456216275691986
2026-09-12 05:30:00,U Blaschkoallee (Berlin),21,0,0,0.004916085395962
2026-09-14 11:30:00,U Wutzkyallee (Berlin),32,0,0,0.0028071131091564894
2026-09-20 14:45:00,U Ullsteinstr. (Berlin),23,0,0,0.0018334550550207496
2026-09-21 07:30:00,U Residenzstr. (Berlin),120,0,0,0.3889543116092682
2026-09-09 16:00:00,U Schlesisches Tor (Berlin),504,1,0,0.2294801026582718
2026-09-15 19:15:00,U Boddinstr. (Berlin),165,0,0,0.3429988622665405
2026-09-13 06:00:00,U Kaulsdorf-Nord (Berlin),4,0,0,0.10201680660247803
2026-09-19 08:30:00,U Südstern (Berlin),42,0,0,0.21898135542869568
2026-09-06 14:30:00,U Blissestr. (Berlin),61,0,0,0.002344742650166154
2026-09-03 17:30:00,U Güntzelstr. (Berlin),1906,1,0,0.42951351404190063
2026-09-05 21:30:00,U Seestr. (Berlin),5,0,0,0.009758435189723969
2026-09-21 05:15:00,U Amrumer Str. (Berlin),10,0,0,0.025180190801620483
2026-09-11 15:00:00,U Hermannplatz (Berlin),17,0,0,0.11710718274116516
2026-09-16 08:00:00,U Friedrich-Wilhelm-Platz (Berlin),702,1,0,0.4730837345123291
2026-09-07 22:15:00,U Naturkundemuseum (Berlin),48,0,0,0.0005244803032837808
2026-09-08 13:15:00,U Frankfurter Tor (Berlin),16,0,0,0.0005571432993747294
2026-09-21 11:00:00,U Mendelssohn-Bartholdy-Park (Berlin),25,0,0,0.0005506927263922989
2026-09-08 19:30:00,U Mehringdamm (Berlin),331,1,0,0.3330896496772766
2026-09-06 00:15:00,U Strausberger Platz (Berlin),0,0,0,0.0006084690685383976
2026-09-17 08:30:00,S+U Yorckstr. (Berlin),4,0,0,0.4547104835510254
2026-09-07 21:15:00,U Paradestr. (Berlin),4,0,0,0.03196784853935242
2026-09-11 15:45:00,S+U Westhafen (Berlin),162,0,0,0.11545196175575256
2026-09-19 22:30:00,U Reinickendorfer Str. (Berlin),9,0,0,0.00038866710383445024
2026-09-10 23:30:00,U Siemensdamm (Berlin),7,0,0,0.0005095229716971517
2026-09-02 19:30:00,U Fehrbelliner Platz (Berlin),0,0,0,0.3365686535835266
2026-09-20 20:45:00,U Magdalenenstr. (Berlin),9,0,0,0.06421343237161636
2026-09-13 22:45:00,U Grenzallee (Berlin),3,0,0,0.0003999629698228091
2026-09-11 08:30:00,U Moritzplatz (Berlin),37,0,0,0.41445520520210266
2026-09-20 06:00:00,U Paradestr. (Berlin),61,0,0,0.09998124092817307
2026-09-05 22:00:00,U Hansaplatz (Berlin),75,0,0,0.0003523169725667685
2026-09-14 09:15:00,U Südstern (Berlin),498,1,0,0.35670703649520874
2026-09-21 20:30:00,U Gleisdreieck (Berlin),34,0,0,0.18505869805812836
2026-09-20 16:15:00,U Berliner Str. (Berlin),19,0,0,0.09366089105606079
2026-09-05 11:15:00,U Zitadelle (Berlin),3,0,0,0.00048276750021614134
2026-09-09 21:15:00,U Frankfurter Tor (Berlin),19,0,0,0.03873145207762718
2026-09-18 23:15:00,U Spittelmarkt (Berlin),22,0,0,0.0006543181370943785
2026-09-11 21:00:00,U Amrumer Str. (Berlin),124,0,0,0.030123617500066757
2026-09-06 21:15:00,U Möckernbrücke (Berlin),57,0,0,0.006808532401919365
2026-09-03 08:00:00,U Krumme Lanke (Berlin),167,0,0,0.4200347363948822
2026-09-03 10:30:00,U Schillingstr. (Berlin),24,0,0,0.042541541159152985
2026-09-19 18:30:00,U Parchimer Allee (Berlin),36,0,0,0.20480945706367493
2026-09-17 13:15:00,U Birkenstr. (Berlin),5,0,0,0.0010301636066287756
2026-09-04 21:15:00,U Hansaplatz (Berlin),104,0,0,0.024027487263083458
2026-09-11 12:00:00,S+U Alexanderplatz Bhf (Berlin),27,0,0,0.0008529899641871452
2026-09-18 10:15:00,U Altstadt Spandau (Berlin),217,0,0,0.07011735439300537
2026-09-18 12:45:00,U Bülowstr. (Berlin),3,0,0,0.0008500130497850478
2026-09-17 19:30:00,U Rosenthaler Platz (Berlin),500,1,0,0.32847070693969727
2026-09-18 18:15:00,U Nauener Platz (Berlin),178,0,0,0.4520707130432129
2026-09-19 13:15:00,U Rohrdamm (Berlin),1,0,0,0.0004960736259818077
2026-09-05 10:45:00,U Bülowstr. (Berlin),72,0,0,0.017053300514817238
2026-09-21 20:45:00,U Heinrich-Heine-Str. (Berlin),43,0,0,0.20001327991485596
2026-09-05 14:45:00,U Frankfurter Tor (Berlin),106,0,0,0.00222503743134439
2026-09-19 13:00:00,S+U Heidelberger Platz (Berlin),1,0,0,0.0005501636769622564
2026-09-11 18:00:00,U Birkenstr. (Berlin),308,1,0,0.44501882791519165
2026-09-19 00:45:00,U Bayerischer Platz (Berlin),1,0,0,0.00038463875534944236
2026-09-21 18:30:00,U Rathaus Neukölln (Berlin),331,1,0,0.45745933055877686
2026-09-19 23:30:00,U Kochstr. (Checkpoint Charlie) (Berlin),26,0,0,0.0002874777128454298
2026-09-04 09:00:00,S+U Alexanderplatz Bhf (Berlin),64,0,0,0.285949170589447
2026-09-08 23:00:00,U Birkenstr. (Berlin),0,0,0,0.0003972684789914638
2026-09-04 21:00:00,S+U Heidelberger Platz (Berlin),399,1,0,0.02305750548839569
2026-09-04 13:30:00,U Naturkundemuseum (Berlin),19,0,0,0.0004816441796720028
2026-09-20 21:15:00,U Südstern (Berlin),6,0,0,0.01133220549672842
2026-09-07 00:45:00,U Kaiserin-Augusta-Str. (Berlin),0,0,0,0.0005502126296050847
2026-09-08 15:45:00,U Leinestr. (Berlin),21,0,0,0.11027015745639801
2026-09-12 17:15:00,U Möckernbrücke (Berlin),164,0,0,0.2367902398109436
2026-09-19 21:30:00,U Blissestr. (Berlin),11,0,0,0.009112189523875713
2026-09-07 10:45:00,U Unter den Linden (Berlin),2,0,0,0.05370422452688217
2026-09-21 15:45:00,U Gleisdreieck (Berlin),5,0,0,0.12187321484088898
2026-09-08 21:30:00,U Platz der Luftbrücke (Berlin),12,0,0,0.03241332992911339
2026-09-20 11:30:00,U Sophie-Charlotte-Platz (Berlin),0,0,0,0.0004219574620947242
2026-09-16 11:30:00,U Eisenacher Str. (Berlin),14,0,0,0.001544683938845992
2026-09-12 15:15:00,U Schönleinstr. (Berlin),76,0,0,0.04311627149581909
2026-09-03 00:30:00,U Franz-Neumann-Platz (Berlin),0,0,0,0.001141775050200522
2026-09-17 14:15:00,U Klosterstr. (Berlin),2,0,0,0.0038107687141746283
2026-09-03 12:00:00,U Seestr. (Berlin),4,0,0,0.00045832127216272056
2026-09-14 18:30:00,U Britz-Süd (Berlin),6,0,0,0.415647029876709
2026-09-03 13:30:00,U Oskar-Helene-Heim (Berlin),44,0,0,0.0006715854397043586
2026-09-21 17:30:00,U Kienberg (Gärten der Welt) (Berlin),42,0,0,0.45645421743392944
2026-09-20 13:45:00,U Rathaus Reinickendorf (Berlin),30,0,0,0.0005037566879764199
2026-09-04 00:45:00,S+U Potsdamer Platz Bhf (Berlin),0,0,0,0.0006294025806710124
2026-09-21 09:00:00,U Hallesches Tor (Berlin),390,1,0,0.30019035935401917
2026-09-04 10:00:00,U Boddinstr. (Berlin),14,0,0,0.042584821581840515
2026-09-18 20:00:00,U Kaiserin-Augusta-Str. (Berlin),189,0,0,0.18259237706661224
2026-09-08 14:00:00,U Breitenbachplatz (Berlin),11,0,0,0.002615095116198063
2026-09-08 09:00:00,U Lindauer Allee (Berlin),15,0,0,0.294700026512146
2026-09-15 15:45:00,U Afrikanische Str. (Berlin),221,0,0,0.11631926894187927
2026-09-14 00:30:00,U Uhlandstr. (Berlin),0,0,0,0.0006313974154181778
2026-09-12 16:15:00,U Voltastr. (Berlin),5,0,0,0.09353256970643997
2026-09-21 07:45:00,U Blaschkoallee (Berlin),17,0,0,0.38643282651901245
2026-09-17 17:15:00,S+U Westhafen (Berlin),355,1,0,0.4496908187866211
2026-09-18 18:30:00,U Bismarckstr. (Berlin),507,1,0,0.45458945631980896
2026-09-02 11:15:00,S+U Jungfernheide Bhf (Berlin),32,0,0,0.004556057509034872
2026-09-02 19:45:00,U Blissestr. (Berlin),15,0,0,0.334371417760849
2026-09-10 05:15:00,U Wutzkyallee (Berlin),44,0,0,0.023927515372633934
2026-09-14 09:00:00,U Magdalenenstr. (Berlin),128,0,0,0.36222729086875916
2026-09-02 18:15:00,U Heinrich-Heine-Str. (Berlin),350,1,0,0.44941914081573486
2026-09-09 16:15:00,U Rüdesheimer Platz (Berlin),521,1,0,0.23091861605644226
2026-09-16 12:30:00,S+U Rathaus Spandau (Berlin),4,0,0,0.0008270972757600248
2026-09-19 16:00:00,U Voltastr. (Berlin),36,0,0,0.06386879086494446
2026-09-21 10:30:00,U Parchimer Allee (Berlin),24,0,0,0.04378536343574524
2026-09-21 22:15:00,U Schlesisches Tor (Berlin),14,0,0,0.0006376689998432994
2026-09-02 08:00:00,S+U Brandenburger Tor (Berlin),2,0,0,0.45982134342193604
2026-09-07 09:15:00,U Südstern (Berlin),90,0,0,0.31205040216445923
2026-09-18 12:15:00,U Biesdorf-Süd (Berlin),0,0,0,0.0007044551894068718
2026-09-21 16:00:00,S+U Berlin Hauptbahnhof,22,0,0,0.21985077857971191
2026-09-17 14:45:00,U Museumsinsel (Berlin),86,0,0,0.003746402682736516
2026-09-11 07:30:00,U Kurt-Schumacher-Platz (Berlin),500,1,0,0.37783095240592957
2026-09-02 05:00:00,U Rathaus Neukölln (Berlin),0,0,0,0.023414041846990585
2026-09-13 16:45:00,U Südstern (Berlin),321,1,0,0.1287020742893219
2026-09-07 11:45:00,U Paulsternstr. (Berlin),1,0,0,0.0009340288816019893
2026-09-10 15:45:00,S+U Wedding (Berlin),14,0,0,0.11802035570144653
2026-09-11 14:30:00,U Kaulsdorf-Nord (Berlin),86,0,0,0.0023420648649334908
2026-09-05 14:15:00,U Mierendorffplatz (Berlin),84,0,0,0.002333494834601879
2026-09-03 17:15:00,U Adenauerplatz (Berlin),612,1,0,0.4320674538612366
2026-09-11 08:45:00,U Kaulsdorf-Nord (Berlin),191,0,0,0.4150035083293915
2026-09-21 13:15:00,U Augsburger Str. (Berlin),34,0,0,0.0006326453294605017
2026-09-11 13:00:00,U Seestr. (Berlin),5,0,0,0.0005585677572526038
2026-09-20 09:00:00,U Oranienburger Tor (Berlin),38,0,0,0.12920626997947693
2026-09-16 20:30:00,S+U Brandenburger Tor (Berlin),92,0,0,0.19978049397468567
2026-09-18 10:45:00,U Bundestag (Berlin),99,0,0,0.06697678565979004
2026-09-20 10:30:00,U Oskar-Helene-Heim (Berlin),61,0,0,0.012764975428581238
2026-09-20 07:30:00,U Paulsternstr. (Berlin),43,0,0,0.22678495943546295
2026-09-09 09:15:00,U Zwickauer Damm (Berlin),48,0,0,0.30865681171417236
2026-09-11 14:45:00,S+U Heidelberger Platz (Berlin),74,0,0,0.0023447645362466574
2026-09-08 18:30:00,U Magdalenenstr. (Berlin),198,0,0,0.44695937633514404
2026-09-18 21:15:00,U Elsterwerdaer Platz (Berlin),31,0,0,0.032862499356269836
2026-09-17 08:00:00,U Oranienburger Tor (Berlin),49,0,0,0.4548336863517761
2026-09-03 21:45:00,U Prinzenstr. (Berlin),19,0,0,0.03488047793507576
2026-09-16 07:00:00,U Platz der Luftbrücke (Berlin),471,1,0,0.4083688259124756
2026-09-04 23:30:00,U Zitadelle (Berlin),14,0,0,0.00044364904169924557
2026-09-04 09:00:00,U Hallesches Tor (Berlin),163,0,0,0.2841796278953552
2026-09-19 11:30:00,U Kaiserin-Augusta-Str. (Berlin),11,0,0,0.0004443531215656549
2026-09-18 13:30:00,U Bernauer Str. (Berlin),10,0,0,0.0008772326400503516
2026-09-19 09:45:00,U Paradestr. (Berlin),34,0,0,0.11585847288370132
2026-09-12 08:15:00,U Nollendorfplatz (Berlin),278,0,0,0.27423521876335144
2026-09-06 16:00:00,U Neu-Westend (Berlin),429,1,0,0.0777173787355423
2026-09-05 17:30:00,U Südstern (Berlin),37,0,0,0.26208704710006714
2026-09-17 19:00:00,U Louis-Lewin-Str. (Berlin),434,1,0,0.32279279828071594
2026-09-04 18:30:00,U Hellersdorf (Berlin),199,0,0,0.41168367862701416
2026-09-16 06:15:00,S+U Schönhauser Allee (Berlin),109,0,0,0.2788693308830261
2026-09-06 15:30:00,U Kaiserdamm (Berlin),15,0,0,0.034256868064403534
2026-09-05 21:30:00,U Richard-Wagner-Platz (Berlin),0,0,0,0.01016917359083891
2026-09-20 21:45:00,U Kochstr. (Checkpoint Charlie) (Berlin),49,0,0,0.011751938611268997
2026-09-04 14:00:00,U Deutsche Oper (Berlin),30,0,0,0.0019143378594890237
2026-09-07 08:00:00,U Hohenzollernplatz (Berlin),1152,1,0,0.4309425354003906
2026-09-03 19:00:00,U Gleisdreieck (Berlin),86,0,0,0.3497098386287689
2026-09-21 08:30:00,U Rüdesheimer Platz (Berlin),165,0,0,0.4420684576034546
2026-09-16 14:00:00,U Sophie-Charlotte-Platz (Berlin),5,0,0,0.0037632975727319717
2026-09-07 15:15:00,U Märkisches Museum (Berlin),328,1,0,0.1158452108502388
2026-09-03 21:15:00,S+U Karl-Bonhoeffer-Nervenklinik (Berlin),120,0,0,0.03372277319431305
2026-09-03 20:30:00,U Leopoldplatz (Berlin),32,0,0,0.1832505166530609
2026-09-06 20:45:00,U Breitenbachplatz (Berlin),54,0,0,0.049814701080322266
2026-09-09 18:45:00,U Deutsche Oper (Berlin),725,1,0,0.4767301082611084
2026-09-17 14:30:00,U Onkel Toms Hütte (Berlin),58,0,0,0.003791141789406538
2026-09-07 06:30:00,U Gneisenaustr. (Berlin),513,1,0,0.22676897048950195
2026-09-14 00:15:00,U Platz der Luftbrücke (Berlin),0,0,0,0.000618667108938098
2026-09-07 10:00:00,S+U Potsdamer Platz Bhf (Berlin),176,0,0,0.048753269016742706
2026-09-07 13:15:00,U Ullsteinstr. (Berlin),1,0,0,0.0006319261738099158
2026-09-07 15:15:00,S+U Wuhletal (Berlin),40,0,0,0.11467874050140381
2026-09-20 05:30:00,U Onkel Toms Hütte (Berlin),65,0,0,0.0059294672682881355
2026-09-10 00:00:00,U Rotes Rathaus (Berlin),0,0,0,0.000972677138634026
2026-09-12 10:00:00,U Johannisthaler Chaussee (Berlin),7,0,0,0.01936798356473446
2026-09-15 08:00:00,U Wilmersdorfer Str. (Berlin),413,1,0,0.45272982120513916
2026-09-06 14:30:00,U Bernauer Str. (Berlin),30,0,0,0.0022711942438036203
2026-09-12 21:15:00,U Samariterstr. (Berlin),41,0,0,0.007595052011311054
2026-09-03 17:30:00,U Spichernstr. (Berlin),832,0,0,0.4344310164451599
2026-09-12 20:45:00,U Walther-Schreiber-Platz (Berlin),35,0,0,0.05309714749455452
2026-09-03 14:45:00,U Güntzelstr. (Berlin),72,0,0,0.001833711052313447
2026-09-13 05:00:00,U Rudow (Berlin),5,0,0,0.006463957019150257
2026-09-11 13:15:00,U Hermannplatz (Berlin),24,0,0,0.0005903251003473997
2026-09-15 21:15:00,U Eberswalder Str. (Berlin),63,0,0,0.02948790043592453
2026-09-04 21:30:00,U Rehberge (Berlin),100,0,0,0.024029485881328583
2026-09-06 16:15:00,U Eberswalder Str. (Berlin),8,0,0,0.0790272131562233
2026-09-10 08:15:00,U Olympia-Stadion (Berlin),125,0,0,0.42823082208633423
2026-09-16 14:00:00,U Nollendorfplatz (Berlin),78,0,0,0.0034683786798268557
2026-09-07 17:00:00,U Spittelmarkt (Berlin),500,1,0,0.44035157561302185
2026-09-07 07:15:00,U Wilmersdorfer Str. (Berlin),249,0,0,0.3683902621269226
2026-09-16 07:45:00,U Podbielskiallee (Berlin),128,0,0,0.41104623675346375
2026-09-13 12:30:00,S+U Schönhauser Allee (Berlin),0,0,0,0.0008332349825650454
2026-09-10 18:15:00,S+U Westhafen (Berlin),81,0,0,0.4491843581199646
2026-09-07 17:15:00,U Mendelssohn-Bartholdy-Park (Berlin),27,0,0,0.4421398937702179
2026-09-14 22:15:00,U Nollendorfplatz (Berlin),44,0,0,0.0007442874484695494
2026-09-21 23:30:00,U Walther-Schreiber-Platz (Berlin),3,0,0,0.0005414056358858943
2026-09-17 19:15:00,U Deutsche Oper (Berlin),725,1,0,0.3249317407608032
2026-09-08 06:45:00,S+U Friedrichstr. Bhf (Berlin),147,0,0,0.22013328969478607
2026-09-03 10:45:00,U Mierendorffplatz (Berlin),22,0,0,0.04332168400287628
2026-09-02 07:15:00,S+U Hermannstr. (Berlin),500,1,0,0.4029654860496521
2026-09-13 17:15:00,U Kienberg (Gärten der Welt) (Berlin),17,0,0,0.26621827483177185
2026-09-11 18:15:00,U Amrumer Str. (Berlin),101,0,0,0.4431309401988983
2026-09-08 19:15:00,U Friedrichsfelde (Berlin),500,1,0,0.3299156129360199
2026-09-21 20:00:00,U Naturkundemuseum (Berlin),15,0,0,0.1970696598291397
2026-09-20 13:15:00,S+U Jannowitzbrücke (Berlin),35,0,0,0.0004445896774996072
2026-09-15 18:45:00,U Bundestag (Berlin),256,0,0,0.4401414394378662
2026-09-19 14:15:00,U Magdalenenstr. (Berlin),13,0,0,0.0017473618499934673
2026-09-15 16:15:00,U Möckernbrücke (Berlin),63,0,0,0.2240486443042755
2026-09-11 09:00:00,S+U Berlin Hauptbahnhof,362,1,0,0.2928861975669861
2026-09-03 21:30:00,U Birkenstr. (Berlin),18,0,0,0.03369345888495445
2026-09-18 19:30:00,U Altstadt Spandau (Berlin),500,1,0,0.34466353058815
2026-09-19 09:15:00,U Weberwiese (Berlin),152,0,0,0.12289106100797653
2026-09-10 19:30:00,U Freie Universität (Thielplatz) (Berlin),180,0,0,0.34639668464660645
2026-09-03 12:45:00,U Olympia-Stadion (Berlin),2,0,0,0.0003638983180280775
2026-09-17 20:15:00,U Görlitzer Bahnhof (Berlin),25,0,0,0.17507407069206238
2026-09-04 08:00:00,U Mehringdamm (Berlin),492,1,0,0.41465532779693604
2026-09-03 17:30:00,U Lipschitzallee (Berlin),11,0,0,0.43525081872940063
2026-09-18 11:00:00,U Leopoldplatz (Berlin),5,0,0,0.0017449124716222286
2026-09-13 17:15:00,U Blaschkoallee (Berlin),87,0,0,0.272321492433548
2026-09-05 22:45:00,U Spichernstr. (Berlin),11,0,0,0.0004307738272473216
2026-09-10 14:45:00,U Kaiserdamm (Berlin),36,0,0,0.004103842191398144
2026-09-19 16:15:00,U Rüdesheimer Platz (Berlin),443,1,0,0.0673089399933815
2026-09-08 13:15:00,U Schlesisches Tor (Berlin),1,0,0,0.0005601563607342541
2026-09-05 18:15:00,S+U Rathaus Spandau (Berlin),77,0,0,0.26735010743141174
2026-09-05 13:30:00,S+U Karl-Bonhoeffer-Nervenklinik (Berlin),18,0,0,0.0005565424216911197
2026-09-16 12:45:00,U Rudow (Berlin),2,0,0,0.0008881145040504634
2026-09-02 22:45:00,U Mendelssohn-Bartholdy-Park (Berlin),2,0,0,0.0009819676633924246
2026-09-05 22:15:00,U Onkel Toms Hütte (Berlin),12,0,0,0.00034307039459235966
2026-09-08 22:45:00,U Turmstr. (Berlin),22,0,0,0.0005170285003259778
2026-09-16 15:45:00,U Theodor-Heuss-Platz (Berlin),505,1,0,0.14072521030902863
2026-09-02 16:00:00,U Zwickauer Damm (Berlin),105,0,0,0.2349502295255661
2026-09-19 05:15:00,U Schwartzkopffstr. (Berlin),34,0,0,0.004544849041849375
2026-09-06 07:00:00,U Rathaus Neukölln (Berlin),226,0,0,0.19780585169792175
2026-09-06 17:15:00,U Uhlandstr. (Berlin),679,1,0,0.21717649698257446
2026-09-14 11:30:00,U Westphalweg (Berlin),12,0,0,0.0077832648530602455
2026-09-16 10:15:00,U Dahlem-Dorf (Berlin),11,0,0,0.07658316940069199
2026-09-12 09:45:00,U Franz-Neumann-Platz (Berlin),248,0,0,0.1543542593717575
2026-09-07 11:15:00,S+U Schönhauser Allee (Berlin),11,0,0,0.0009968350641429424
2026-09-12 15:00:00,U Fehrbelliner Platz (Berlin),93,0,0,0.046507928520441055
2026-09-02 13:00:00,U Dahlem-Dorf (Berlin),37,0,0,0.0012242557713761926
2026-09-15 22:15:00,U Weinmeisterstr. (Berlin),1,0,0,0.0006687367567792535
2026-09-06 05:45:00,U Paradestr. (Berlin),82,0,0,0.004510841798037291
2026-09-18 16:30:00,U Freie Universität (Thielplatz) (Berlin),186,0,0,0.2344943881034851
2026-09-09 19:00:00,U Breitenbachplatz (Berlin),73,0,0,0.37119802832603455
2026-09-10 23:45:00,U Zitadelle (Berlin),0,0,0,0.0004920730134472251
2026-09-13 00:45:00,U Blaschkoallee (Berlin),0,0,0,0.0006678889621980488
2026-09-14 09:30:00,U Spichernstr. (Berlin),248,0,0,0.34667983651161194
2026-09-08 20:15:00,U Anton-Wilhelm-Amo-Str. (Berlin),155,0,0,0.1702878475189209
2026-09-04 07:45:00,U Kurfürstendamm (Berlin),611,0,0,0.3627319931983948
2026-09-07 12:15:00,U Schönleinstr. (Berlin),0,0,0,0.0004956643097102642
2026-09-06 11:00:00,S+U Berlin Hauptbahnhof,24,0,0,0.0007173489429987967
2026-09-16 19:15:00,U Kurt-Schumacher-Platz (Berlin),500,1,0,0.3574415445327759
2026-09-20 11:15:00,U Görlitzer Bahnhof (Berlin),8,0,0,0.00039707787800580263
2026-09-20 18:45:00,U Schloßstr. (Berlin),97,0,0,0.2633832097053528
2026-09-03 11:45:00,U Walther-Schreiber-Platz (Berlin),2,0,0,0.0005877728690393269
2026-09-20 21:15:00,U Haselhorst (Berlin),3,0,0,0.01137901097536087
2026-09-19 20:45:00,S+U Wuhletal (Berlin),30,0,0,0.05070289224386215
2026-09-04 18:30:00,U Hausvogteiplatz (Berlin),243,0,0,0.416748046875
2026-09-16 23:30:00,S+U Rathaus Spandau (Berlin),12,0,0,0.0004934415337629616
2026-09-19 08:00:00,S+U Westhafen (Berlin),50,0,0,0.221729576587677
2026-09-12 12:00:00,U Kaiserdamm (Berlin),3,0,0,0.00042841670801863074
2026-09-06 12:30:00,U Augsburger Str. (Berlin),12,0,0,0.0005506639136001468
2026-09-21 10:15:00,U Stadtmitte (Berlin),12,0,0,0.045097701251506805
2026-09-03 11:15:00,U Weberwiese (Berlin),11,0,0,0.0025404661428183317
2026-09-20 10:45:00,U Turmstr. (Berlin),10,0,0,0.013025722466409206
2026-09-02 23:30:00,S+U Tempelhof (Berlin),15,0,0,0.0006009810604155064
2026-09-21 20:00:00,U Halemweg (Berlin),64,0,0,0.2003549039363861
2026-09-07 17:00:00,U Breitenbachplatz (Berlin),465,1,0,0.437795490026474
2026-09-09 20:45:00,U Bernauer Str. (Berlin),37,0,0,0.20101408660411835
2026-09-18 18:30:00,U Hallesches Tor (Berlin),65,0,0,0.4517477750778198
2026-09-16 18:45:00,S+U Gesundbrunnen Bhf (Berlin),236,0,0,0.4665241539478302
2026-09-21 19:15:00,U Rosenthaler Platz (Berlin),321,1,0,0.3575238883495331
2026-09-18 09:45:00,U Kaulsdorf-Nord (Berlin),112,0,0,0.33671146631240845
2026-09-10 10:30:00,U Augsburger Str. (Berlin),3,0,0,0.04879745841026306
2026-09-02 19:30:00,U Elsterwerdaer Platz (Berlin),21,0,0,0.3331298828125
2026-09-07 16:30:00,U Nauener Platz (Berlin),396,1,0,0.22450822591781616
2026-09-09 05:30:00,S+U Friedrichstr. Bhf (Berlin),110,0,0,0.02160511165857315
2026-09-21 15:45:00,U Klosterstr. (Berlin),96,0,0,0.12294416129589081
2026-09-13 05:00:00,S+U Lichtenberg Bhf (Berlin),15,0,0,0.006556671112775803
2026-09-21 06:30:00,S+U Wuhletal (Berlin),459,1,0,0.24680015444755554
2026-09-15 17:45:00,U Naturkundemuseum (Berlin),500,1,0,0.4376223385334015
2026-09-16 21:00:00,U Kaulsdorf-Nord (Berlin),16,0,0,0.042124342173337936
2026-09-16 05:15:00,U Kurt-Schumacher-Platz (Berlin),8,0,0,0.026468856260180473
2026-09-18 16:00:00,U Uhlandstr. (Berlin),228,0,0,0.22693875432014465
2026-09-06 08:15:00,U Senefelderplatz (Berlin),251,0,0,0.2367212176322937
2026-09-19 06:45:00,U Schwartzkopffstr. (Berlin),166,0,0,0.08646475523710251
2026-09-20 05:30:00,U Eberswalder Str. (Berlin),17,0,0,0.005942493211477995
2026-09-04 08:15:00,U Kottbusser Tor (Berlin),28,0,0,0.4178466200828552
2026-09-07 18:00:00,U Kaiserdamm (Berlin),374,1,0,0.4493851959705353
2026-09-13 09:30:00,S+U Yorckstr. (Berlin),49,0,0,0.14156195521354675
2026-09-08 09:15:00,S+U Alexanderplatz Bhf (Berlin),71,0,0,0.29787227511405945
2026-09-16 08:45:00,U Pankstr. (Berlin),500,1,0,0.47210893034935
2026-09-08 13:00:00,U Görlitzer Bahnhof (Berlin),0,0,0,0.0004935382166877389
2026-09-16 00:15:00,U Hallesches Tor (Berlin),0,0,0,0.0007195607176981866
2026-09-02 05:30:00,U Hermannplatz (Berlin),108,0,0,0.026232436299324036
2026-09-10 09:45:00,U Rosenthaler Platz (Berlin),26,0,0,0.30275869369506836
2026-09-10 14:15:00,U Haselhorst (Berlin),26,0,0,0.0028895738068968058
2026-09-16 07:45:00,U Jakob-Kaiser-Platz (Berlin),209,0,0,0.4110219478607178
2026-09-11 19:45:00,U Amrumer Str. (Berlin),258,0,0,0.3245856463909149
2026-09-09 05:15:00,U Rathaus Reinickendorf (Berlin),43,0,0,0.02195579558610916
2026-09-03 00:15:00,U Weinmeisterstr. (Berlin),0,0,0,0.0011410170700401068
2026-09-16 19:30:00,U Zwickauer Damm (Berlin),337,1,0,0.35811227560043335
2026-09-06 22:30:00,U Bernauer Str. (Berlin),7,0,0,0.00033144961344078183
2026-09-08 22:15:00,S+U Gesundbrunnen Bhf (Berlin),8,0,0,0.000537203042767942
2026-09-09 10:00:00,U Rosa-Luxemburg-Platz (Berlin),247,0,0,0.04714532196521759
2026-09-05 07:30:00,U Rotes Rathaus (Berlin),502,1,0,0.24377354979515076
2026-09-03 09:00:00,U Bismarckstr. (Berlin),318,1,0,0.29962265491485596
2026-09-05 18:30:00,U Onkel Toms Hütte (Berlin),67,0,0,0.2584249675273895
2026-09-16 11:00:00,S+U Westhafen (Berlin),5,0,0,0.001453653210774064
2026-09-13 00:30:00,U Rohrdamm (Berlin),0,0,0,0.0005150568904355168
2026-09-15 13:15:00,U Kaulsdorf-Nord (Berlin),5,0,0,0.0009034776594489813
2026-09-21 18:15:00,U Rosenthaler Platz (Berlin),500,1,0,0.4594109058380127
2026-09-11 22:30:00,U Elsterwerdaer Platz (Berlin),12,0,0,0.0005525604356080294
2026-09-15 09:30:00,U Wutzkyallee (Berlin),71,0,0,0.3283499479293823
2026-09-15 06:15:00,U Görlitzer Bahnhof (Berlin),8,0,0,0.27064046263694763
2026-09-15 15:45:00,U Märkisches Museum (Berlin),224,0,0,0.11688883602619171
2026-09-19 08:45:00,U Spittelmarkt (Berlin),161,0,0,0.2182505875825882
2026-09-09 13:00:00,U Mendelssohn-Bartholdy-Park (Berlin),1,0,0,0.00046379893319681287
2026-09-15 13:15:00,U Johannisthaler Chaussee (Berlin),0,0,0,0.0009211336728185415
2026-09-14 23:30:00,U Fehrbelliner Platz (Berlin),2,0,0,0.0011215739650651813
2026-09-06 17:30:00,S+U Frankfurter Allee (Berlin),14,0,0,0.2181185632944107
2026-09-20 12:30:00,U Kurfürstendamm (Berlin),4,0,0,0.0003206410037819296
2026-09-08 18:45:00,U Voltastr. (Berlin),138,0,0,0.44939157366752625
2026-09-12 08:00:00,U Gleisdreieck (Berlin),19,0,0,0.2705354690551758
2026-09-19 16:30:00,U Weinmeisterstr. (Berlin),25,0,0,0.0673714280128479
2026-09-05 21:45:00,U Paradestr. (Berlin),55,0,0,0.009641120210289955
2026-09-17 17:15:00,U Turmstr. (Berlin),708,1,0,0.44889572262763977
2026-09-22 00:45:00,U Rathaus Neukölln (Berlin),0,0,0,0.0008436327334493399
2026-09-14 23:15:00,U Friedrichsfelde (Berlin),0,0,0,0.00043806491885334253
2026-09-05 15:00:00,S+U Westhafen (Berlin),15,0,0,0.04537128657102585
2026-09-16 05:45:00,S+U Karl-Bonhoeffer-Nervenklinik (Berlin),7,0,0,0.030329473316669464
2026-09-17 14:15:00,U Tierpark (Berlin),12,0,0,0.003773660399019718
2026-09-07 15:15:00,U Wilmersdorfer Str. (Berlin),80,0,0,0.11715356260538101
2026-09-17 09:30:00,U Kaulsdorf-Nord (Berlin),150,0,0,0.34120699763298035
2026-09-10 15:00:00,U Rüdesheimer Platz (Berlin),96,0,0,0.11314624547958374
2026-09-10 12:45:00,U Hansaplatz (Berlin),6,0,0,0.0006089895614422858
2026-09-05 10:15:00,U Breitenbachplatz (Berlin),31,0,0,0.017243841663002968
2026-09-15 21:30:00,U Johannisthaler Chaussee (Berlin),138,0,0,0.03180854767560959
2026-09-11 09:15:00,S+U Rathaus Steglitz (Berlin),52,0,0,0.2935417890548706
2026-09-14 06:30:00,U Freie Universität (Thielplatz) (Berlin),55,0,0,0.2620072066783905
2026-09-11 08:30:00,U Eberswalder Str. (Berlin),14,0,0,0.4158496856689453
2026-09-21 22:15:00,U Oranienburger Tor (Berlin),35,0,0,0.0006216486799530685
2026-09-03 13:45:00,S+U Gesundbrunnen Bhf (Berlin),5,0,0,0.000671263609547168
2026-09-12 14:15:00,S+U Neukölln (Berlin),5,0,0,0.002487452933564782
2026-09-13 00:15:00,U Güntzelstr. (Berlin),0,0,0,0.0004566695133689791
2026-09-02 09:45:00,U Eberswalder Str. (Berlin),85,0,0,0.3482460081577301
2026-09-09 17:45:00,U Mierendorffplatz (Berlin),436,1,0,0.4671308100223541
2026-09-04 08:00:00,U Oskar-Helene-Heim (Berlin),66,0,0,0.4098147451877594
2026-09-06 06:45:00,S+U Brandenburger Tor (Berlin),115,0,0,0.08894941210746765
2026-09-07 05:45:00,S+U Westhafen (Berlin),148,0,0,0.02053072303533554
2026-09-03 23:30:00,U Ullsteinstr. (Berlin),4,0,0,0.00043692070175893605
2026-09-06 21:00:00,U Rehberge (Berlin),22,0,0,0.006662729661911726
2026-09-03 08:15:00,U Rosa-Luxemburg-Platz (Berlin),207,0,0,0.4209844768047333
2026-09-07 00:15:00,U Rathaus Reinickendorf (Berlin),3,0,0,0.000574544770643115
2026-09-08 06:00:00,U Konstanzer Str. (Berlin),80,0,0,0.21776117384433746
2026-09-09 13:15:00,U Bismarckstr. (Berlin),0,0,0,0.000541744171641767
2026-09-11 09:45:00,U Senefelderplatz (Berlin),50,0,0,0.2927855849266052
2026-09-07 19:30:00,U Schlesisches Tor (Berlin),55,0,0,0.3506481647491455
2026-09-13 05:45:00,S+U Berlin Hauptbahnhof,25,0,0,0.0057741617783904076
2026-09-19 13:30:00,U Wittenbergplatz (Berlin),5,0,0,0.0005241648177616298
2026-09-02 09:45:00,U Johannisthaler Chaussee (Berlin),39,0,0,0.3497501611709595
2026-09-18 08:00:00,U Louis-Lewin-Str. (Berlin),500,1,0,0.45470720529556274
2026-09-14 07:30:00,U Stadtmitte (Berlin),305,1,0,0.42009657621383667
2026-09-07 19:15:00,U Alt-Mariendorf (Berlin),7,0,0,0.3516247868537903
2026-09-18 18:30:00,U Paulsternstr. (Berlin),500,1,0,0.4510945677757263
2026-09-05 10:15:00,U Samariterstr. (Berlin),6,0,0,0.016896337270736694
2026-09-03 00:15:00,U Fehrbelliner Platz (Berlin),2,0,0,0.0012685275869444013
2026-09-16 15:00:00,S+U Potsdamer Platz Bhf (Berlin),108,0,0,0.1345505267381668
2026-09-10 06:45:00,U Uhlandstr. (Berlin),950,1,0,0.2334589958190918
2026-09-06 19:00:00,U Ullsteinstr. (Berlin),37,0,0,0.13449305295944214
2026-09-07 06:00:00,U Blissestr. (Berlin),340,0,0,0.23190373182296753
2026-09-16 05:45:00,U Oranienburger Tor (Berlin),18,0,0,0.03035856783390045
2026-09-15 16:45:00,U Stadtmitte (Berlin),526,1,0,0.23088347911834717
2026-09-16 12:15:00,U Kochstr. (Checkpoint Charlie) (Berlin),7,0,0,0.0008824191172607243
2026-09-09 22:30:00,U Hönow (Berlin),63,0,0,0.0006645449320785701
2026-09-15 00:00:00,S+U Heidelberger Platz (Berlin),0,0,0,0.0012138703605160117
2026-09-16 09:45:00,S+U Wittenau (Berlin),386,1,0,0.3659510612487793
2026-09-21 09:15:00,S+U Rathaus Steglitz (Berlin),53,0,0,0.3008635938167572
2026-09-04 15:30:00,U Güntzelstr. (Berlin),271,0,0,0.09267084300518036
2026-09-06 17:15:00,U Rathaus Reinickendorf (Berlin),105,0,0,0.21610209345817566
2026-09-18 12:15:00,U Eisenacher Str. (Berlin),1,0,0,0.0006385722081176937
2026-09-15 11:15:00,S+U Wedding (Berlin),4,0,0,0.0014080286491662264
2026-09-13 15:00:00,U Bayerischer Platz (Berlin),326,0,0,0.06231043487787247
2026-09-03 20:15:00,U Magdalenenstr. (Berlin),355,1,0,0.18476535379886627
2026-09-17 23:00:00,U Friedrichsfelde (Berlin),6,0,0,0.0004520934307947755
2026-09-16 21:45:00,U Eberswalder Str. (Berlin),48,0,0,0.04307403415441513
2026-09-04 15:30:00,U Afrikanische Str. (Berlin),47,0,0,0.0957091897726059
2026-09-05 23:15:00,U Berliner Str. (Berlin),10,0,0,0.00029346399242058396
2026-09-13 22:00:00,S+U Rathaus Spandau (Berlin),4,0,0,0.0003768846800085157
2026-09-03 20:30:00,U Güntzelstr. (Berlin),34,0,0,0.1775483638048172
2026-09-21 11:00:00,S+U Pankow (Berlin),7,0,0,0.0005402734968811274
2026-09-11 19:15:00,U Karl-Marx-Str. (Berlin),502,1,0,0.32210326194763184
2026-09-02 13:00:00,U Bayerischer Platz (Berlin),4,0,0,0.001073695719242096
2026-09-07 11:00:00,U Ernst-Reuter-Platz (Berlin),84,0,0,0.0007539415964856744
2026-09-21 22:15:00,U Rehberge (Berlin),9,0,0,0.0006216868059709668
2026-09-14 17:45:00,U Eberswalder Str. (Berlin),116,0,0,0.4356778860092163
2026-09-03 17:30:00,U Mehringdamm (Berlin),2,0,0,0.43642815947532654
2026-09-13 22:30:00,U Berliner Str. (Berlin),33,0,0,0.00042880832916125655
2026-09-03 09:15:00,U Breitenbachplatz (Berlin),246,0,0,0.2950437366962433
2026-09-09 18:15:00,U Kaiserdamm (Berlin),245,0,0,0.4786071479320526
2026-09-05 19:00:00,S+U Jungfernheide Bhf (Berlin),60,0,0,0.1655503213405609
2026-09-04 05:30:00,U Podbielskiallee (Berlin),122,0,0,0.021645184606313705
2026-09-07 11:00:00,U Kurfürstendamm (Berlin),31,0,0,0.0007839153986424208
2026-09-10 09:45:00,S+U Zoologischer Garten Bhf (Berlin),637,0,0,0.3019784390926361
2026-09-06 15:45:00,S+U Jungfernheide Bhf (Berlin),19,0,0,0.03403521701693535
2026-09-10 00:30:00,S+U Wittenau (Berlin),0,0,0,0.0010883676586672664
2026-09-12 09:30:00,U Siemensdamm (Berlin),154,0,0,0.1589117795228958
2026-09-15 13:45:00,U Birkenstr. (Berlin),26,0,0,0.0011352912988513708
2026-09-06 12:45:00,U Nauener Platz (Berlin),0,0,0,0.0004753962275572121
2026-09-04 23:00:00,U Schloßstr. (Berlin),32,0,0,0.0005407561548054218
2026-09-19 13:00:00,U Kaiserin-Augusta-Str. (Berlin),0,0,0,0.0005784014938399196
2026-09-17 17:15:00,U Leopoldplatz (Berlin),438,1,0,0.4564817547798157
2026-09-02 06:30:00,U Cottbusser Platz (Berlin),10,0,0,0.25722914934158325
2026-09-10 08:30:00,U Paracelsus-Bad (Berlin),44,0,0,0.4338371753692627
2026-09-08 09:30:00,U Vinetastr. (Berlin),12,0,0,0.2992141544818878
2026-09-06 16:00:00,U Freie Universität (Thielplatz) (Berlin),8,0,0,0.0785738155245781
2026-09-14 10:45:00,U Biesdorf-Süd (Berlin),48,0,0,0.07357117533683777
2026-09-14 07:00:00,U Heinrich-Heine-Str. (Berlin),3,0,0,0.40740230679512024
2026-09-06 05:45:00,U Schönleinstr. (Berlin),5,0,0,0.004411796107888222
2026-09-20 15:00:00,U Lindauer Allee (Berlin),10,0,0,0.03345111012458801
2026-09-17 20:00:00,U Rehberge (Berlin),54,0,0,0.16661302745342255
2026-09-10 12:30:00,U Nauener Platz (Berlin),0,0,0,0.0005753504228778183
2026-09-13 08:15:00,U Paracelsus-Bad (Berlin),47,0,0,0.2593509256839752
2026-09-20 10:30:00,U Rosenthaler Platz (Berlin),8,0,0,0.012589070945978165
2026-09-04 11:15:00,U Bülowstr. (Berlin),33,0,0,0.0006563346250914037
2026-09-19 23:15:00,U Eisenacher Str. (Berlin),2,0,0,0.0002668636734597385
2026-09-09 19:30:00,U Hönow (Berlin),38,0,0,0.36806175112724304
2026-09-05 09:30:00,U Rudow (Berlin),25,0,0,0.16074419021606445
2026-09-15 15:30:00,S+U Westhafen (Berlin),204,0,0,0.1171610876917839
2026-09-06 07:30:00,S+U Jannowitzbrücke (Berlin),140,0,0,0.20080551505088806
2026-09-05 16:00:00,U Kleistpark (Berlin),32,0,0,0.09868833422660828
2026-09-11 17:45:00,U Magdalenenstr. (Berlin),199,0,0,0.4466221034526825
2026-09-21 14:15:00,U Ernst-Reuter-Platz (Berlin),37,0,0,0.0019428234081715345
2026-09-13 20:45:00,S+U Yorckstr. (Berlin),20,0,0,0.0703488439321518
2026-09-17 08:00:00,U Ullsteinstr. (Berlin),7,0,0,0.45532259345054626
2026-09-14 18:00:00,U Konstanzer Str. (Berlin),781,1,0,0.4132319986820221
2026-09-15 15:30:00,U Rohrdamm (Berlin),63,0,0,0.11861206591129303
2026-09-04 06:00:00,U Wittenbergplatz (Berlin),769,0,0,0.2190062403678894
2026-09-09 15:45:00,U Residenzstr. (Berlin),80,0,0,0.11698491126298904
2026-09-16 16:30:00,U Mehringdamm (Berlin),85,0,0,0.259655237197876
2026-09-19 18:45:00,U Schillingstr. (Berlin),302,1,0,0.20541933178901672
2026-09-03 17:15:00,U Kienberg (Gärten der Welt) (Berlin),249,0,0,0.43078646063804626
2026-09-07 11:30:00,U Augsburger Str. (Berlin),51,0,0,0.0008169661741703749
2026-09-11 06:45:00,U Weinmeisterstr. (Berlin),134,0,0,0.2367320954799652
2026-09-03 08:00:00,U Amrumer Str. (Berlin),405,1,0,0.42114365100860596
2026-09-07 08:15:00,U Rohrdamm (Berlin),500,1,0,0.4291296899318695
2026-09-21 14:15:00,U Podbielskiallee (Berlin),38,0,0,0.0019710634369403124
2026-09-12 14:15:00,S+U Jannowitzbrücke (Berlin),30,0,0,0.002304686699062586
2026-09-05 06:30:00,U Voltastr. (Berlin),500,1,0,0.12338537722826004
2026-09-19 10:00:00,U Blissestr. (Berlin),52,0,0,0.013430031016469002
2026-09-17 00:45:00,U Klosterstr. (Berlin),0,0,0,0.0008162918966263533
2026-09-19 21:30:00,U Weinmeisterstr. (Berlin),22,0,0,0.009056365117430687
2026-09-21 21:00:00,U Samariterstr. (Berlin),45,0,0,0.03791902959346771
2026-09-03 23:30:00,S+U Tempelhof (Berlin),0,0,0,0.00044408297981135547
2026-09-15 12:00:00,U Friedrichsfelde (Berlin),1,0,0,0.0009015529067255557
2026-09-02 19:45:00,U Halemweg (Berlin),500,1,0,0.3351033329963684
2026-09-14 00:15:00,U Onkel Toms Hütte (Berlin),1,0,0,0.0006364909932017326
2026-09-11 22:30:00,U Paradestr. (Berlin),17,0,0,0.0005512650241144001
2026-09-15 09:15:00,U Naturkundemuseum (Berlin),415,1,0,0.3365272879600525
2026-09-19 17:00:00,U Rüdesheimer Platz (Berlin),88,0,0,0.19698475301265717
2026-09-08 08:15:00,U Eisenacher Str. (Berlin),162,0,0,0.4196346402168274
2026-09-16 07:30:00,U Berliner Str. (Berlin),73,0,0,0.4078994691371918
2026-09-04 13:30:00,U Oskar-Helene-Heim (Berlin),11,0,0,0.0004976530908606946
2026-09-08 23:30:00,U Franz-Neumann-Platz (Berlin),6,0,0,0.00036185741191729903
2026-09-14 10:00:00,U Kurfürstendamm (Berlin),345,0,0,0.07061910629272461
2026-09-17 12:30:00,U Elsterwerdaer Platz (Berlin),0,0,0,0.0008425890118815005
2026-09-12 08:45:00,U Friedrich-Wilhelm-Platz (Berlin),102,0,0,0.27345389127731323
2026-09-11 05:00:00,U Paracelsus-Bad (Berlin),33,0,0,0.01975237764418125
2026-09-19 10:45:00,S+U Berlin Hauptbahnhof,2,0,0,0.013663563877344131
2026-09-21 06:45:00,U Alt-Mariendorf (Berlin),494,1,0,0.24355363845825195
2026-09-06 16:30:00,S+U Berlin Hauptbahnhof,232,0,0,0.07717426866292953
2026-09-03 08:30:00,U Anton-Wilhelm-Amo-Str. (Berlin),277,1,0,0.4210825562477112
2026-09-04 12:15:00,U Stadtmitte (Berlin),0,0,0,0.0004286710754968226
2026-09-04 06:30:00,U Schloßstr. (Berlin),216,0,0,0.24521319568157196
2026-09-19 14:15:00,S+U Rathaus Spandau (Berlin),10,0,0,0.0017679433804005384
2026-09-12 09:00:00,U Zwickauer Damm (Berlin),66,0,0,0.1655651032924652
2026-09-18 16:15:00,U Gneisenaustr. (Berlin),149,0,0,0.22987022995948792
2026-09-16 10:00:00,U Elsterwerdaer Platz (Berlin),63,0,0,0.07479196786880493
2026-09-08 21:30:00,U Ernst-Reuter-Platz (Berlin),194,0,0,0.03257028013467789
2026-09-16 22:45:00,U Unter den Linden (Berlin),11,0,0,0.0007566971471533179
2026-09-09 22:30:00,S+U Heidelberger Platz (Berlin),17,0,0,0.0006420303252525628
2026-09-13 21:15:00,U Afrikanische Str. (Berlin),13,0,0,0.011270553804934025
2026-09-03 11:45:00,U Möckernbrücke (Berlin),11,0,0,0.0005833720206283033
2026-09-15 21:15:00,U Hallesches Tor (Berlin),2,0,0,0.02977287769317627
2026-09-19 07:00:00,U Hausvogteiplatz (Berlin),111,0,0,0.18792682886123657
2026-09-03 07:45:00,S+U Wedding (Berlin),180,0,0,0.369303822517395
2026-09-04 05:00:00,U Friedrichsfelde (Berlin),12,0,0,0.020508933812379837
2026-09-07 22:30:00,S+U Warschauer Str. (Berlin),2,0,0,0.0005317045142874122
2026-09-07 21:00:00,U Alt-Mariendorf (Berlin),16,0,0,0.03073940798640251
2026-09-15 13:45:00,S+U Bundesplatz (Berlin),31,0,0,0.0007822977495379746
2026-09-20 18:45:00,S+U Heidelberger Platz (Berlin),19,0,0,0.26391705870628357
2026-09-02 11:15:00,U Hallesches Tor (Berlin),32,0,0,0.0034932533744722605
2026-09-17 07:00:00,U Kurt-Schumacher-Platz (Berlin),216,0,0,0.3833664059638977
2026-09-18 13:45:00,S+U Karl-Bonhoeffer-Nervenklinik (Berlin),27,0,0,0.0008484779391437769
2026-09-20 22:00:00,U Schwartzkopffstr. (Berlin),14,0,0,0.00044499238720163703
2026-09-17 12:00:00,U Berliner Str. (Berlin),69,0,0,0.0006636519101448357
2026-09-02 20:00:00,U Hönow (Berlin),437,1,0,0.17087125778198242
2026-09-21 11:15:00,U Breitenbachplatz (Berlin),1,0,0,0.0006323186680674553
2026-09-05 14:15:00,U Britz-Süd (Berlin),8,0,0,0.0023297169245779514
2026-09-08 07:00:00,U Zitadelle (Berlin),47,0,0,0.3544110953807831
2026-09-21 21:45:00,U Zitadelle (Berlin),91,0,0,0.039335813373327255
2026-09-14 13:45:00,U Frankfurter Tor (Berlin),30,0,0,0.0008991746581159532
2026-09-12 14:30:00,U Museumsinsel (Berlin),14,0,0,0.002355060074478388
2026-09-08 21:15:00,S+U Brandenburger Tor (Berlin),13,0,0,0.032506972551345825
2026-09-19 14:30:00,U Biesdorf-Süd (Berlin),88,0,0,0.0017818285850808024
2026-09-04 09:30:00,U Kurfürstendamm (Berlin),1173,1,0,0.2805754840373993
2026-09-12 12:00:00,U Leopoldplatz (Berlin),3,0,0,0.00043810601346194744
2026-09-11 12:30:00,U Adenauerplatz (Berlin),10,0,0,0.00042500882409512997
2026-09-11 16:45:00,U Kurfürstenstr. (Berlin),248,0,0,0.2560919523239136
2026-09-17 18:00:00,U Spittelmarkt (Berlin),43,0,0,0.4378238320350647
2026-09-15 14:45:00,U Residenzstr. (Berlin),19,0,0,0.002886459231376648
2026-09-13 15:45:00,U Platz der Luftbrücke (Berlin),212,0,0,0.061447612941265106
2026-09-04 12:45:00,U Blissestr. (Berlin),2,0,0,0.0004576074716169387
2026-09-19 16:15:00,S+U Karl-Bonhoeffer-Nervenklinik (Berlin),135,0,0,0.06725485622882843
2026-09-03 18:15:00,U Adenauerplatz (Berlin),400,1,0,0.4559931457042694
2026-09-18 19:30:00,U Rudow (Berlin),70,0,0,0.3447883129119873
2026-09-09 07:15:00,U Rathaus Neukölln (Berlin),382,1,0,0.4095701575279236
2026-09-18 22:15:00,U Hermannplatz (Berlin),0,0,0,0.0007152082398533821
2026-09-11 08:30:00,U Tierpark (Berlin),477,1,0,0.41400763392448425
2026-09-19 13:15:00,U Afrikanische Str. (Berlin),0,0,0,0.0005038093659095466
2026-09-19 00:15:00,U Fehrbelliner Platz (Berlin),1,0,0,0.0004119248187635094
2026-09-06 23:15:00,U Bülowstr. (Berlin),113,0,0,0.0003179492487106472
2026-09-17 08:30:00,U Mendelssohn-Bartholdy-Park (Berlin),202,0,0,0.45428359508514404
2026-09-02 00:30:00,U Hohenzollernplatz (Berlin),1,0,0,0.0011939862743020058
2026-09-14 20:00:00,U Leinestr. (Berlin),502,1,0,0.159121572971344
2026-09-21 17:15:00,S+U Frankfurter Allee (Berlin),281,1,0,0.4557047188282013
2026-09-07 05:00:00,U Hansaplatz (Berlin),20,0,0,0.019719809293746948
2026-09-05 08:00:00,U Platz der Luftbrücke (Berlin),285,1,0,0.2734663486480713
2026-09-09 18:00:00,U Rathaus Neukölln (Berlin),363,1,0,0.47377121448516846
2026-09-17 12:15:00,S+U Brandenburger Tor (Berlin),22,0,0,0.0008166969637386501
2026-09-16 17:45:00,U Kleistpark (Berlin),595,1,0,0.4699232280254364
2026-09-18 09:45:00,U Güntzelstr. (Berlin),81,0,0,0.33296701312065125
2026-09-05 16:15:00,U Lindauer Allee (Berlin),1,0,0,0.10032228380441666
2026-09-07 08:45:00,U Leopoldplatz (Berlin),143,0,0,0.4361135959625244
2026-09-19 16:30:00,U Moritzplatz (Berlin),198,0,0,0.06786394119262695
2026-09-19 21:00:00,U Weberwiese (Berlin),158,0,0,0.007937189191579819
2026-09-07 12:30:00,U Theodor-Heuss-Platz (Berlin),6,0,0,0.00044303014874458313
2026-09-07 12:30:00,U Friedrichsfelde (Berlin),0,0,0,0.0004256533575244248
2026-09-21 07:45:00,U Görlitzer Bahnhof (Berlin),62,0,0,0.390870064496994
2026-09-20 05:30:00,U Amrumer Str. (Berlin),28,0,0,0.005982847418636084
2026-09-16 12:45:00,U Hausvogteiplatz (Berlin),1,0,0,0.0009219612111337483
2026-09-03 06:15:00,U Oranienburger Tor (Berlin),234,0,0,0.22159406542778015
2026-09-07 20:00:00,U Gneisenaustr. (Berlin),225,0,0,0.19029627740383148
2026-09-10 09:30:00,U Stadtmitte (Berlin),108,0,0,0.3077821135520935
2026-09-13 09:45:00,U Rosenthaler Platz (Berlin),15,0,0,0.1458253562450409
2026-09-05 14:15:00,U Krumme Lanke (Berlin),7,0,0,0.0024335060734301805
2026-09-09 07:15:00,U Hohenzollernplatz (Berlin),755,1,0,0.4086913466453552
2026-09-17 07:45:00,U Rüdesheimer Platz (Berlin),243,0,0,0.3928588032722473
2026-09-21 12:30:00,U Strausberger Platz (Berlin),0,0,0,0.0003794482909142971
2026-09-04 06:00:00,S+U Friedrichstr. Bhf (Berlin),120,0,0,0.2218409776687622
2026-09-18 22:45:00,U Neu-Westend (Berlin),5,0,0,0.0007370036328211427
2026-09-02 06:00:00,U Paulsternstr. (Berlin),63,0,0,0.25867050886154175
2026-09-19 08:30:00,U Dahlem-Dorf (Berlin),296,1,0,0.22049251198768616
2026-09-04 06:30:00,U Parchimer Allee (Berlin),48,0,0,0.24529357254505157
2026-09-03 16:00:00,U Biesdorf-Süd (Berlin),10,0,0,0.2059316337108612
2026-09-13 19:00:00,U Kottbusser Tor (Berlin),88,0,0,0.16553732752799988
2026-09-09 22:30:00,U Konstanzer Str. (Berlin),20,0,0,0.0006376348319463432
2026-09-13 09:30:00,U Zitadelle (Berlin),225,0,0,0.14141897857189178
2026-09-05 11:15:00,U Alt-Tempelhof (Berlin),26,0,0,0.00047299492871388793
2026-09-12 00:15:00,U Wilmersdorfer Str. (Berlin),0,0,0,0.00035972788464277983
2026-09-04 21:45:00,U Spichernstr. (Berlin),107,0,0,0.024337071925401688
2026-09-11 00:15:00,S+U Rathaus Spandau (Berlin),0,0,0,0.0009038380812853575
2026-09-13 19:00:00,U Biesdorf-Süd (Berlin),487,1,0,0.16517364978790283
2026-09-09 05:15:00,U Kienberg (Gärten der Welt) (Berlin),1,0,0,0.02230996824800968
2026-09-04 20:30:00,U Pankstr. (Berlin),59,0,0,0.15306740999221802
2026-09-17 22:15:00,U Hönow (Berlin),33,0,0,0.0007089920109137893
2026-09-02 11:30:00,U Mierendorffplatz (Berlin),5,0,0,0.0028013931587338448
2026-09-12 13:15:00,U Kottbusser Tor (Berlin),2,0,0,0.000558568979613483
2026-09-07 06:30:00,U Frankfurter Tor (Berlin),309,1,0,0.2250598669052124
2026-09-11 06:15:00,S+U Bundesplatz (Berlin),579,1,0,0.23145726323127747
2026-09-02 19:00:00,U Leopoldplatz (Berlin),507,1,0,0.3403128385543823
2026-09-15 19:15:00,S+U Karl-Bonhoeffer-Nervenklinik (Berlin),53,0,0,0.3431396484375
2026-09-10 10:45:00,S+U Neukölln (Berlin),11,0,0,0.05083226412534714
2026-09-20 21:30:00,U Cottbusser Platz (Berlin),19,0,0,0.010803606361150742
2026-09-10 20:15:00,U Kienberg (Gärten der Welt) (Berlin),284,1,0,0.19920790195465088
2026-09-05 16:00:00,U Zwickauer Damm (Berlin),0,0,0,0.09789920598268509
2026-09-06 06:00:00,U Cottbusser Platz (Berlin),57,0,0,0.08840513229370117
2026-09-09 13:30:00,U Dahlem-Dorf (Berlin),32,0,0,0.00048737588804215193
2026-09-02 12:45:00,U Moritzplatz (Berlin),0,0,0,0.0008332705474458635
2026-09-13 16:45:00,U Kleistpark (Berlin),23,0,0,0.1286623477935791
2026-09-18 23:00:00,U Oskar-Helene-Heim (Berlin),2,0,0,0.000692949106451124
2026-09-02 13:15:00,U Naturkundemuseum (Berlin),6,0,0,0.0013107513077557087
2026-09-21 10:45:00,U Neu-Westend (Berlin),134,0,0,0.04618487507104874
2026-09-11 18:00:00,S+U Jannowitzbrücke (Berlin),483,1,0,0.4447910487651825
2026-09-02 17:00:00,U Siemensdamm (Berlin),359,1,0,0.43568575382232666
2026-09-21 11:45:00,U Rohrdamm (Berlin),9,0,0,0.0005647035432048142
2026-09-11 20:15:00,U Alt-Tempelhof (Berlin),15,0,0,0.1642940491437912
2026-09-03 00:15:00,U Bundestag (Berlin),1,0,0,0.0011565509485080838
2026-09-20 20:30:00,S+U Rathaus Spandau (Berlin),5,0,0,0.06299248337745667
2026-09-14 00:45:00,U Grenzallee (Berlin),8,0,0,0.000712268054485321
2026-09-05 15:15:00,U Johannisthaler Chaussee (Berlin),30,0,0,0.04447340965270996
2026-09-16 15:15:00,U Halemweg (Berlin),8,0,0,0.13898946344852448
2026-09-10 23:15:00,U Mierendorffplatz (Berlin),2,0,0,0.0005572064546868205
2026-09-02 09:00:00,U Breitenbachplatz (Berlin),535,1,0,0.3533909320831299
2026-09-15 12:30:00,U Pankstr. (Berlin),31,0,0,0.000716923619620502
2026-09-21 12:00:00,U Siemensdamm (Berlin),8,0,0,0.00034608168061822653
2026-09-10 15:45:00,U Rosenthaler Platz (Berlin),44,0,0,0.11763408035039902
2026-09-17 14:00:00,U Osloer Str. (Berlin),4,0,0,0.0042663877829909325
2026-09-11 14:30:00,S+U Wuhletal (Berlin),2,0,0,0.002280461834743619
2026-09-18 16:30:00,U Fehrbelliner Platz (Berlin),168,0,0,0.22948715090751648
2026-09-21 20:00:00,U Kaiserdamm (Berlin),269,1,0,0.19949838519096375
2026-09-14 14:00:00,U Haselhorst (Berlin),42,0,0,0.0033208592794835567
2026-09-14 08:15:00,U Eisenacher Str. (Berlin),501,1,0,0.48313865065574646
2026-09-12 06:45:00,U Magdalenenstr. (Berlin),228,0,0,0.09790526330471039
2026-09-18 10:45:00,U Rüdesheimer Platz (Berlin),52,0,0,0.06780648231506348
2026-09-06 08:00:00,U Unter den Linden (Berlin),1,0,0,0.2484624832868576
2026-09-12 19:45:00,U Kleistpark (Berlin),191,0,0,0.13468500971794128
2026-09-05 05:45:00,U Friedrichsfelde (Berlin),72,0,0,0.006445029750466347
2026-09-08 05:45:00,S+U Bundesplatz (Berlin),97,0,0,0.017694484442472458
2026-09-05 12:00:00,U Paulsternstr. (Berlin),14,0,0,0.00043079786701127887
2026-09-17 15:15:00,U Kleistpark (Berlin),40,0,0,0.13424231112003326
2026-09-11 21:30:00,U Hausvogteiplatz (Berlin),43,0,0,0.028655460104346275
2026-09-10 18:30:00,U Blissestr. (Berlin),497,0,0,0.4471699893474579
2026-09-12 08:15:00,U Grenzallee (Berlin),147,0,0,0.27012938261032104
2026-09-02 21:30:00,U Westphalweg (Berlin),148,0,0,0.03281833231449127
2026-09-21 08:15:00,U Rohrdamm (Berlin),500,1,0,0.44410908222198486
2026-09-04 17:15:00,U Platz der Luftbrücke (Berlin),571,1,0,0.4036082625389099
2026-09-16 00:00:00,S+U Berlin Hauptbahnhof,0,0,0,0.0007424016366712749
2026-09-07 09:45:00,U Sophie-Charlotte-Platz (Berlin),33,0,0,0.3098312020301819
2026-09-06 22:45:00,U Gneisenaustr. (Berlin),29,0,0,0.0003321420808788389
2026-09-19 17:45:00,U Bundestag (Berlin),37,0,0,0.207055002450943
2026-09-10 22:45:00,U Museumsinsel (Berlin),49,0,0,0.0008579511777497828
2026-09-15 19:15:00,U Stadtmitte (Berlin),82,0,0,0.3469434082508087
2026-09-20 16:30:00,U Kottbusser Tor (Berlin),146,0,0,0.10363047569990158
2026-09-12 16:45:00,U Rudow (Berlin),70,0,0,0.10182084888219833
2026-09-09 23:00:00,U Rudow (Berlin),4,0,0,0.0005712021957151592
2026-09-07 05:45:00,U Bülowstr. (Berlin),311,0,0,0.021242914721369743
2026-09-13 22:30:00,U Schillingstr. (Berlin),5,0,0,0.00037795284879393876
2026-09-10 12:30:00,U Mendelssohn-Bartholdy-Park (Berlin),20,0,0,0.0006072960095480084
2026-09-10 19:45:00,U Cottbusser Platz (Berlin),134,0,0,0.3450314402580261
2026-09-10 23:00:00,U Kottbusser Tor (Berlin),15,0,0,0.0005722764763049781
2026-09-06 23:45:00,U Spittelmarkt (Berlin),0,0,0,0.0003199793864041567
2026-09-04 16:15:00,U Oskar-Helene-Heim (Berlin),49,0,0,0.1924799680709839
2026-09-04 07:00:00,U Zitadelle (Berlin),447,1,0,0.3575439453125
2026-09-06 22:45:00,U Schönleinstr. (Berlin),4,0,0,0.00032853876473382115
2026-09-14 23:00:00,U Ullsteinstr. (Berlin),8,0,0,0.0003631503786891699
2026-09-10 13:30:00,S+U Neukölln (Berlin),47,0,0,0.0006964569329284132
2026-09-18 09:15:00,U Kochstr. (Checkpoint Charlie) (Berlin),31,0,0,0.3321325182914734
2026-09-15 18:00:00,U Spichernstr. (Berlin),305,0,0,0.4329644441604614
2026-09-11 12:15:00,U Mierendorffplatz (Berlin),0,0,0,0.0004454271693248302
2026-09-12 09:00:00,U Spittelmarkt (Berlin),294,1,0,0.16505464911460876
2026-09-13 23:00:00,U Augsburger Str. (Berlin),8,0,0,0.0003086659125983715
2026-09-08 08:30:00,U Parchimer Allee (Berlin),86,0,0,0.41878777742385864
2026-09-03 07:15:00,U Breitenbachplatz (Berlin),144,0,0,0.36806222796440125
2026-09-05 08:15:00,U Bayerischer Platz (Berlin),420,0,0,0.2786712348461151
2026-09-09 08:30:00,S+U Tempelhof (Berlin),93,0,0,0.4428104758262634
2026-09-15 00:00:00,U Jakob-Kaiser-Platz (Berlin),3,0,0,0.002316444180905819
2026-09-06 19:15:00,U Prinzenstr. (Berlin),156,0,0,0.1445132941007614
2026-09-02 09:30:00,U Lipschitzallee (Berlin),237,0,0,0.3517270088195801
2026-09-05 23:15:00,U Freie Universität (Thielplatz) (Berlin),1,0,0,0.0002949905174318701
2026-09-06 06:30:00,U Turmstr. (Berlin),92,0,0,0.08834457397460938
2026-09-13 22:00:00,U Prinzenstr. (Berlin),64,0,0,0.00039797116187401116
2026-09-12 19:45:00,U Weberwiese (Berlin),31,0,0,0.1341014802455902
2026-09-07 11:30:00,U Strausberger Platz (Berlin),9,0,0,0.000853894220199436
2026-09-09 22:30:00,U Dahlem-Dorf (Berlin),10,0,0,0.0006866847979836166
2026-09-17 06:45:00,U Bayerischer Platz (Berlin),178,0,0,0.2527347803115845
2026-09-13 14:15:00,U Konstanzer Str. (Berlin),61,0,0,0.0032850769348442554
2026-09-04 11:30:00,U Mehringdamm (Berlin),26,0,0,0.0005835868651047349
2026-09-08 08:15:00,U Hellersdorf (Berlin),6,0,0,0.41703546047210693
2026-09-19 21:45:00,S+U Frankfurter Allee (Berlin),5,0,0,0.00877918116748333
2026-09-10 18:30:00,S+U Alexanderplatz Bhf (Berlin),350,1,0,0.45344066619873047
2026-09-10 17:30:00,U Schillingstr. (Berlin),439,1,0,0.4333934783935547
2026-09-20 21:45:00,S+U Alexanderplatz Bhf (Berlin),5,0,0,0.011873587965965271
2026-09-07 15:15:00,U Südstern (Berlin),306,1,0,0.11759473383426666
2026-09-17 10:30:00,U Hönow (Berlin),76,0,0,0.07131019234657288
2026-09-05 16:30:00,U Mehringdamm (Berlin),108,0,0,0.10194900631904602
2026-09-07 16:30:00,U Zwickauer Damm (Berlin),224,0,0,0.22654712200164795
2026-09-06 07:45:00,S+U Wuhletal (Berlin),224,0,0,0.19109928607940674
2026-09-10 10:45:00,U Museumsinsel (Berlin),44,0,0,0.050724878907203674
2026-09-15 11:30:00,U Lindauer Allee (Berlin),16,0,0,0.0014445027336478233
2026-09-19 09:00:00,U Parchimer Allee (Berlin),29,0,0,0.1139993965625763
2026-09-19 17:30:00,U Hausvogteiplatz (Berlin),77,0,0,0.2030998021364212
2026-09-21 13:30:00,U Pankstr. (Berlin),0,0,0,0.0005820500082336366
2026-09-03 16:30:00,U Kurfürstenstr. (Berlin),663,1,0,0.20682312548160553
2026-09-05 00:15:00,S+U Potsdamer Platz Bhf (Berlin),0,0,0,0.0006807975005358458
2026-09-07 17:15:00,U Leinestr. (Berlin),43,0,0,0.4397408962249756
2026-09-05 17:00:00,U Frankfurter Tor (Berlin),83,0,0,0.25930365920066833
2026-09-03 08:15:00,U Deutsche Oper (Berlin),178,0,0,0.4222412109375
2026-09-17 06:45:00,U Blaschkoallee (Berlin),4,0,0,0.25624319911003113
2026-09-03 07:30:00,S+U Wedding (Berlin),92,0,0,0.3776046633720398
2026-09-15 13:45:00,U Weberwiese (Berlin),4,0,0,0.0010916355531662703
2026-09-11 05:30:00,U Pankstr. (Berlin),41,0,0,0.018558114767074585
2026-09-05 17:00:00,U Voltastr. (Berlin),130,0,0,0.25860539078712463
2026-09-09 22:00:00,S+U Rathaus Steglitz (Berlin),27,0,0,0.0006305025308392942
2026-09-05 15:45:00,U Jakob-Kaiser-Platz (Berlin),0,0,0,0.044232144951820374
2026-09-21 23:15:00,U Ernst-Reuter-Platz (Berlin),7,0,0,0.0004957750206813216
2026-09-16 10:30:00,U Rohrdamm (Berlin),7,0,0,0.07489820569753647
2026-09-15 23:45:00,U Rotes Rathaus (Berlin),17,0,0,0.0005104203009977937
2026-09-07 06:30:00,U Rathaus Neukölln (Berlin),52,0,0,0.22633138298988342
2026-09-13 17:00:00,U Schönleinstr. (Berlin),471,1,0,0.28342488408088684
2026-09-17 13:15:00,U Blissestr. (Berlin),21,0,0,0.0010545814875513315
2026-09-04 13:00:00,U Jakob-Kaiser-Platz (Berlin),81,0,0,0.000543543603271246
2026-09-12 20:30:00,U Ruhleben (Berlin),131,0,0,0.052918702363967896
2026-09-19 15:00:00,U Westphalweg (Berlin),115,0,0,0.024721788242459297
2026-09-05 17:15:00,U Jakob-Kaiser-Platz (Berlin),12,0,0,0.2636827826499939
2026-09-17 16:15:00,U Kaulsdorf-Nord (Berlin),287,1,0,0.24006259441375732
2026-09-15 23:15:00,U Seestr. (Berlin),2,0,0,0.0004715050454251468
2026-09-20 05:00:00,U Deutsche Oper (Berlin),4,0,0,0.005446445196866989
2026-09-10 16:15:00,U Hansaplatz (Berlin),106,0,0,0.20966804027557373
2026-09-13 11:15:00,U Britz-Süd (Berlin),4,0,0,0.002174360677599907
2026-09-02 17:30:00,U Wilmersdorfer Str. (Berlin),561,1,0,0.4375789165496826
2026-09-04 05:30:00,U Wutzkyallee (Berlin),75,0,0,0.02148834429681301
2026-09-10 10:15:00,U Frankfurter Tor (Berlin),75,0,0,0.050113774836063385
2026-09-15 19:30:00,U Eberswalder Str. (Berlin),72,0,0,0.34480980038642883
2026-09-10 12:00:00,U Oranienburger Tor (Berlin),5,0,0,0.0006941586034372449
2026-09-10 11:30:00,U Kurfürstenstr. (Berlin),26,0,0,0.0009524817578494549
2026-09-03 11:45:00,U Kurfürstendamm (Berlin),30,0,0,0.0006054044351913035
2026-09-05 10:15:00,U Konstanzer Str. (Berlin),60,0,0,0.016928916797041893
2026-09-09 12:30:00,U Moritzplatz (Berlin),6,0,0,0.00040309419273398817
2026-09-12 09:45:00,U Prinzenstr. (Berlin),119,0,0,0.1583259552717209
2026-09-08 09:45:00,S+U Potsdamer Platz Bhf (Berlin),58,0,0,0.308148056268692
2026-09-06 05:45:00,U Schwartzkopffstr. (Berlin),8,0,0,0.004494450520724058
2026-09-06 10:00:00,U Olympia-Stadion (Berlin),63,0,0,0.013963076286017895
2026-09-20 06:00:00,U Hansaplatz (Berlin),30,0,0,0.1007826030254364
2026-09-03 06:15:00,U Bundestag (Berlin),192,0,0,0.22344964742660522
2026-09-08 22:15:00,S+U Potsdamer Platz Bhf (Berlin),37,0,0,0.0005259785102680326
2026-09-07 00:00:00,U Paradestr. (Berlin),0,0,0,0.0005231251707300544
2026-09-03 11:30:00,U Hermannplatz (Berlin),20,0,0,0.0012163955252617598
2026-09-10 16:00:00,S+U Rathaus Spandau (Berlin),500,1,0,0.20969292521476746
2026-09-10 18:30:00,U Grenzallee (Berlin),415,1,0,0.4521219730377197
2026-09-13 07:30:00,U Museumsinsel (Berlin),504,1,0,0.21092528104782104
2026-09-15 09:30:00,U Sophie-Charlotte-Platz (Berlin),7,0,0,0.3281669020652771
2026-09-14 19:00:00,U Seestr. (Berlin),331,1,0,0.2994975745677948
2026-09-21 15:30:00,S+U Frankfurter Allee (Berlin),108,0,0,0.11724849790334702
2026-09-03 08:45:00,U Anton-Wilhelm-Amo-Str. (Berlin),94,0,0,0.4180586338043213
2026-09-02 09:30:00,U Karl-Marx-Str. (Berlin),239,0,0,0.3525620400905609
2026-09-18 23:45:00,U Rüdesheimer Platz (Berlin),2,0,0,0.0006546922959387302
2026-09-21 00:45:00,U Kleistpark (Berlin),1,0,0,0.0008260377217084169
2026-09-18 06:15:00,U Wilmersdorfer Str. (Berlin),70,0,0,0.2404782623052597
2026-09-02 00:00:00,U Weberwiese (Berlin),0,0,0,0.0008924604626372457
2026-09-16 18:45:00,S+U Tempelhof (Berlin),343,1,0,0.465786337852478
2026-09-05 06:15:00,U Bismarckstr. (Berlin),52,0,0,0.1232648491859436
2026-09-14 08:45:00,U Kurt-Schumacher-Platz (Berlin),269,1,0,0.4813075363636017
2026-09-20 13:45:00,U Konstanzer Str. (Berlin),20,0,0,0.00048797763884067535
2026-09-07 22:15:00,U Hallesches Tor (Berlin),37,0,0,0.0005320634809322655
2026-09-12 13:15:00,U Rathaus Neukölln (Berlin),9,0,0,0.0005530845373868942
2026-09-21 00:30:00,U Jakob-Kaiser-Platz (Berlin),0,0,0,0.0007234746008180082
2026-09-13 09:30:00,U Ruhleben (Berlin),124,0,0,0.1407443881034851
2026-09-20 05:45:00,U Rüdesheimer Platz (Berlin),37,0,0,0.006797974929213524
2026-09-13 17:30:00,S+U Wuhletal (Berlin),16,0,0,0.2646583318710327
2026-09-16 19:30:00,U Parchimer Allee (Berlin),497,1,0,0.3561822175979614
2026-09-09 08:45:00,U Richard-Wagner-Platz (Berlin),355,1,0,0.4357044994831085
2026-09-20 10:00:00,U Gneisenaustr. (Berlin),163,0,0,0.012744288891553879
2026-09-05 00:30:00,S+U Warschauer Str. (Berlin),5,0,0,0.0007749071810394526
2026-09-17 21:45:00,U Schönleinstr. (Berlin),82,0,0,0.03808417171239853
2026-09-05 19:15:00,U Bundestag (Berlin),20,0,0,0.1646478772163391
2026-09-20 20:15:00,S+U Friedrichstr. Bhf (Berlin),15,0,0,0.06323563307523727
2026-09-06 22:00:00,U Breitenbachplatz (Berlin),19,0,0,0.00032788419048301876
2026-09-06 23:00:00,U Schwartzkopffstr. (Berlin),12,0,0,0.000284682959318161
2026-09-08 13:45:00,U Rotes Rathaus (Berlin),5,0,0,0.0006428542546927929
2026-09-16 12:45:00,U Ernst-Reuter-Platz (Berlin),21,0,0,0.0008467141888104379
2026-09-08 22:45:00,S+U Gesundbrunnen Bhf (Berlin),13,0,0,0.0005057540838606656
2026-09-12 12:30:00,U Neu-Westend (Berlin),5,0,0,0.0004777954309247434
2026-09-08 23:30:00,U Kochstr. (Checkpoint Charlie) (Berlin),1,0,0,0.0003725107526406646
2026-09-21 17:45:00,U Magdalenenstr. (Berlin),7,0,0,0.4578404426574707
2026-09-03 09:15:00,S+U Tempelhof (Berlin),27,0,0,0.2933085560798645
2026-09-02 15:15:00,U Bundestag (Berlin),46,0,0,0.13058707118034363
2026-09-12 00:00:00,U Zwickauer Damm (Berlin),0,0,0,0.00031723457504995167
2026-09-13 08:00:00,U Ernst-Reuter-Platz (Berlin),280,0,0,0.24927541613578796
2026-09-14 18:15:00,U Ruhleben (Berlin),71,0,0,0.4187069833278656
2026-09-21 06:15:00,U Rudow (Berlin),42,0,0,0.2510532736778259
2026-09-21 19:45:00,U Freie Universität (Thielplatz) (Berlin),37,0,0,0.3589898943901062
2026-09-19 21:30:00,S+U Rathaus Steglitz (Berlin),9,0,0,0.009168330579996109
2026-09-08 19:00:00,U Mehringdamm (Berlin),69,0,0,0.3302830457687378
2026-09-02 11:45:00,U Magdalenenstr. (Berlin),16,0,0,0.001427019713446498
2026-09-06 15:45:00,U Mierendorffplatz (Berlin),213,0,0,0.03443273901939392
2026-09-20 18:45:00,U Kienberg (Gärten der Welt) (Berlin),77,0,0,0.2623121440410614
2026-09-05 17:15:00,U Grenzallee (Berlin),50,0,0,0.2643052637577057
2026-09-17 15:15:00,S+U Wedding (Berlin),96,0,0,0.1332508623600006
2026-09-10 22:15:00,S+U Zoologischer Garten Bhf (Berlin),110,0,0,0.001267226878553629
2026-09-05 07:30:00,U Hohenzollernplatz (Berlin),782,1,0,0.2410660684108734
2026-09-09 14:15:00,U Strausberger Platz (Berlin),17,0,0,0.0019859042949974537
2026-09-14 19:45:00,U Uhlandstr. (Berlin),211,0,0,0.3242589235305786
2026-09-09 13:15:00,U Residenzstr. (Berlin),0,0,0,0.0005172602832317352
2026-09-15 13:00:00,U Bernauer Str. (Berlin),7,0,0,0.0008869967423379421
2026-09-16 21:15:00,U Blaschkoallee (Berlin),162,0,0,0.04303090274333954
2026-09-15 15:30:00,U Märkisches Museum (Berlin),109,0,0,0.1176956295967102
2026-09-11 10:00:00,U Augsburger Str. (Berlin),192,0,0,0.04954904317855835
2026-09-12 12:15:00,U Alt-Mariendorf (Berlin),17,0,0,0.00039811551687307656
2026-09-17 18:00:00,U Pankstr. (Berlin),500,1,0,0.43593040108680725
2026-09-05 08:00:00,S+U Bundesplatz (Berlin),1194,1,0,0.2733432650566101
2026-09-09 13:45:00,U Magdalenenstr. (Berlin),11,0,0,0.0005239052115939558
2026-09-09 08:15:00,U Moritzplatz (Berlin),513,1,0,0.45063889026641846
2026-09-10 15:45:00,U Haselhorst (Berlin),267,1,0,0.11829248070716858
2026-09-18 00:30:00,S+U Friedrichstr. Bhf (Berlin),27,0,0,0.0007171430625021458
2026-09-17 16:30:00,S+U Frankfurter Allee (Berlin),268,1,0,0.23764817416667938
2026-09-17 17:45:00,U Johannisthaler Chaussee (Berlin),103,0,0,0.4395918548107147
2026-09-11 20:15:00,S+U Yorckstr. (Berlin),170,0,0,0.166696235537529
2026-09-13 12:15:00,U Kurfürstenstr. (Berlin),10,0,0,0.0009990045800805092
2026-09-07 11:00:00,S+U Potsdamer Platz Bhf (Berlin),36,0,0,0.0008070981130003929
2026-09-07 09:45:00,S+U Wuhletal (Berlin),66,0,0,0.3070670962333679
2026-09-06 14:30:00,U Südstern (Berlin),11,0,0,0.00228325417265296
2026-09-03 18:00:00,U Halemweg (Berlin),98,0,0,0.44542765617370605
2026-09-12 20:15:00,U Vinetastr. (Berlin),10,0,0,0.049881719052791595
2026-09-02 13:15:00,S+U Wuhletal (Berlin),13,0,0,0.0013747821794822812
2026-09-20 13:00:00,U Güntzelstr. (Berlin),8,0,0,0.0004206130688544363
2026-09-21 11:15:00,S+U Gesundbrunnen Bhf (Berlin),7,0,0,0.0006302298279479146
2026-09-10 20:45:00,S+U Rathaus Spandau (Berlin),315,1,0,0.203833669424057
2026-09-12 00:15:00,U Spichernstr. (Berlin),0,0,0,0.0003549997927621007
2026-09-08 21:00:00,U Leopoldplatz (Berlin),36,0,0,0.03306792676448822
2026-09-03 13:15:00,U Freie Universität (Thielplatz) (Berlin),0,0,0,0.0005203377804718912
2026-09-07 23:30:00,U Eisenacher Str. (Berlin),1,0,0,0.0003608943079598248
2026-09-08 09:00:00,U Unter den Linden (Berlin),30,0,0,0.29520469903945923
2026-09-14 17:30:00,U Rüdesheimer Platz (Berlin),598,1,0,0.43650493025779724
2026-09-09 16:30:00,U Podbielskiallee (Berlin),157,0,0,0.23199394345283508
2026-09-17 12:45:00,U Stadtmitte (Berlin),14,0,0,0.0007309644133783877
2026-09-08 08:30:00,U Gleisdreieck (Berlin),114,0,0,0.4226081669330597
2026-09-20 14:15:00,U Vinetastr. (Berlin),11,0,0,0.0017960270633921027
2026-09-21 06:15:00,U Uhlandstr. (Berlin),109,0,0,0.2473399043083191
2026-09-11 18:45:00,U Bülowstr. (Berlin),886,1,0,0.437805712223053
2026-09-17 08:00:00,U Blaschkoallee (Berlin),54,0,0,0.456987589597702
2026-09-15 21:45:00,U Reinickendorfer Str. (Berlin),86,0,0,0.030550692230463028
2026-09-02 00:00:00,U Ernst-Reuter-Platz (Berlin),0,0,0,0.0007662284187972546
2026-09-20 06:30:00,U Blissestr. (Berlin),147,0,0,0.10808532685041428
2026-09-14 10:45:00,U Pankstr. (Berlin),104,0,0,0.07165596634149551
2026-09-16 17:30:00,U Karl-Marx-Str. (Berlin),266,1,0,0.4685661792755127
2026-09-18 21:30:00,U Elsterwerdaer Platz (Berlin),43,0,0,0.03305509686470032
2026-09-09 00:15:00,U Biesdorf-Süd (Berlin),9,0,0,0.0006280163652263582
2026-09-15 12:15:00,U Kurt-Schumacher-Platz (Berlin),0,0,0,0.0008046054281294346
2026-09-06 16:45:00,U Schillingstr. (Berlin),27,0,0,0.077581986784935
2026-09-15 05:00:00,U Moritzplatz (Berlin),6,0,0,0.023313121870160103
2026-09-18 07:00:00,U Birkenstr. (Berlin),574,1,0,0.38045498728752136
2026-09-09 23:30:00,U Britz-Süd (Berlin),0,0,0,0.0004487281839828938
2026-09-21 18:45:00,U Rotes Rathaus (Berlin),502,1,0,0.4526357054710388
2026-09-09 21:45:00,U Berliner Str. (Berlin),22,0,0,0.03802868351340294
2026-09-18 06:45:00,U Schönleinstr. (Berlin),84,0,0,0.23652437329292297
2026-09-09 20:00:00,S+U Gesundbrunnen Bhf (Berlin),300,1,0,0.19886502623558044
2026-09-22 00:00:00,S+U Yorckstr. (Berlin),0,0,0,0.000817478692624718
2026-09-08 17:00:00,U Leopoldplatz (Berlin),168,0,0,0.42853793501853943
2026-09-05 21:45:00,U Hellersdorf (Berlin),8,0,0,0.009554374031722546
2026-09-05 10:15:00,U Ullsteinstr. (Berlin),12,0,0,0.017116978764533997
2026-09-06 14:45:00,U Mehringdamm (Berlin),26,0,0,0.0023620924912393093
2026-09-17 17:00:00,U Kottbusser Tor (Berlin),538,1,0,0.44702234864234924
2026-09-20 17:15:00,U Parchimer Allee (Berlin),350,1,0,0.26712948083877563
2026-09-04 07:15:00,S+U Jannowitzbrücke (Berlin),502,1,0,0.3679848313331604
2026-09-17 22:15:00,S+U Potsdamer Platz Bhf (Berlin),17,0,0,0.0007124154362827539
2026-09-03 18:30:00,S+U Wittenau (Berlin),298,1,0,0.45465177297592163
2026-09-03 13:00:00,U Spittelmarkt (Berlin),21,0,0,0.0005398059729486704
2026-09-03 17:30:00,U Unter den Linden (Berlin),368,1,0,0.4358525574207306
2026-09-21 09:30:00,S+U Schönhauser Allee (Berlin),4,0,0,0.30482810735702515
2026-09-11 17:15:00,U Rotes Rathaus (Berlin),203,0,0,0.4478309750556946
2026-09-04 21:00:00,U Karl-Marx-Str. (Berlin),16,0,0,0.023709973320364952
2026-09-08 00:00:00,U Lipschitzallee (Berlin),0,0,0,0.0005192121025174856
2026-09-19 13:45:00,U Konstanzer Str. (Berlin),39,0,0,0.0004349675145931542
2026-09-21 08:30:00,S+U Rathaus Spandau (Berlin),132,0,0,0.44152092933654785
2026-09-11 18:45:00,U Rathaus Reinickendorf (Berlin),74,0,0,0.43586984276771545
2026-09-12 20:30:00,S+U Alexanderplatz Bhf (Berlin),1,0,0,0.05385110527276993
2026-09-10 18:00:00,S+U Potsdamer Platz Bhf (Berlin),548,1,0,0.43826743960380554
2026-09-16 23:45:00,U Halemweg (Berlin),13,0,0,0.0004996542120352387
2026-09-10 21:45:00,U Alt-Mariendorf (Berlin),68,0,0,0.039876654744148254
2026-09-15 13:45:00,U Hellersdorf (Berlin),53,0,0,0.0010586471762508154
2026-09-21 16:15:00,U Nauener Platz (Berlin),327,1,0,0.22460880875587463
2026-09-06 07:45:00,U Moritzplatz (Berlin),279,1,0,0.19233101606369019
2026-09-03 19:30:00,U Bayerischer Platz (Berlin),1198,1,0,0.3480224609375
2026-09-14 08:00:00,U Rehberge (Berlin),472,1,0,0.47686684131622314
2026-09-13 13:30:00,U Deutsche Oper (Berlin),25,0,0,0.0005842763348482549
2026-09-02 23:00:00,U Hausvogteiplatz (Berlin),2,0,0,0.0004893948789685965
2026-09-21 08:30:00,U Konstanzer Str. (Berlin),172,0,0,0.441990464925766
2026-09-10 22:15:00,U Hansaplatz (Berlin),2,0,0,0.001527820248156786
2026-09-17 13:45:00,U Moritzplatz (Berlin),1,0,0,0.001055360771715641
2026-09-09 17:45:00,U Naturkundemuseum (Berlin),3,0,0,0.46443256735801697
2026-09-11 20:00:00,U Olympia-Stadion (Berlin),331,1,0,0.16344842314720154
2026-09-10 00:45:00,S+U Tempelhof (Berlin),7,0,0,0.0010999621590599418
2026-09-15 07:45:00,U Klosterstr. (Berlin),72,0,0,0.39554479718208313
2026-09-18 15:45:00,U Schloßstr. (Berlin),530,1,0,0.1317681074142456
2026-09-17 05:45:00,S+U Pankow (Berlin),196,0,0,0.02471916377544403
2026-09-08 00:00:00,S+U Lichtenberg Bhf (Berlin),3,0,0,0.000522435235325247
2026-09-07 09:45:00,S+U Jannowitzbrücke (Berlin),34,0,0,0.3074544668197632
2026-09-12 18:45:00,S+U Tempelhof (Berlin),509,1,0,0.22591790556907654
2026-09-21 17:00:00,S+U Pankow (Berlin),500,1,0,0.45806920528411865
2026-09-04 17:15:00,U Klosterstr. (Berlin),501,1,0,0.4066585302352905
2026-09-20 05:30:00,U Parchimer Allee (Berlin),15,0,0,0.005875101312994957
2026-09-14 18:45:00,U Oranienburger Tor (Berlin),15,0,0,0.41103029251098633
2026-09-06 18:30:00,U Grenzallee (Berlin),1,0,0,0.22241267561912537
2026-09-12 00:45:00,U Pankstr. (Berlin),2,0,0,0.00036652732524089515
2026-09-02 16:30:00,U Unter den Linden (Berlin),318,1,0,0.2331925630569458
2026-09-18 08:15:00,U Naturkundemuseum (Berlin),292,1,0,0.45410192012786865
2026-09-05 11:00:00,U Britz-Süd (Berlin),39,0,0,0.0007560211233794689
2026-09-03 18:30:00,U Kleistpark (Berlin),38,0,0,0.45716485381126404
2026-09-09 18:30:00,U Krumme Lanke (Berlin),355,1,0,0.47991812229156494
2026-09-20 18:45:00,U Birkenstr. (Berlin),72,0,0,0.2643982470035553
2026-09-16 09:15:00,U Weinmeisterstr. (Berlin),4,0,0,0.3591711223125458
2026-09-16 22:00:00,S+U Schönhauser Allee (Berlin),7,0,0,0.0008347335970029235
2026-09-20 05:45:00,U Hellersdorf (Berlin),26,0,0,0.0067026554606854916
2026-09-18 05:45:00,U Samariterstr. (Berlin),45,0,0,0.021122198551893234
2026-09-17 20:45:00,U Friedrich-Wilhelm-Platz (Berlin),108,0,0,0.17758868634700775
2026-09-05 11:15:00,U Theodor-Heuss-Platz (Berlin),13,0,0,0.00048294811858795583
2026-09-21 11:15:00,U Kottbusser Tor (Berlin),9,0,0,0.0005748553085140884
2026-09-04 07:00:00,U Magdalenenstr. (Berlin),141,0,0,0.3543299734592438
2026-09-05 12:30:00,U Kurfürstenstr. (Berlin),2,0,0,0.0006083024200052023
2026-09-18 14:30:00,U Leopoldplatz (Berlin),101,0,0,0.0034728525206446648
2026-09-06 14:00:00,U Nauener Platz (Berlin),3,0,0,0.0022912141866981983
2026-09-16 21:15:00,U Kochstr. (Checkpoint Charlie) (Berlin),38,0,0,0.04166504740715027
2026-09-02 16:15:00,U Konstanzer Str. (Berlin),179,0,0,0.23135928809642792
2026-09-08 12:45:00,U Unter den Linden (Berlin),10,0,0,0.000760798342525959
2026-09-07 10:45:00,U Kleistpark (Berlin),99,0,0,0.05426025390625
2026-09-21 12:15:00,U Nauener Platz (Berlin),4,0,0,0.0003942594048567116
2026-09-11 07:45:00,U Cottbusser Platz (Berlin),129,0,0,0.37901031970977783
2026-09-14 12:15:00,S+U Westhafen (Berlin),0,0,0,0.0010807567741721869
2026-09-10 05:30:00,U Turmstr. (Berlin),135,0,0,0.023862775415182114
2026-09-10 16:30:00,U Hansaplatz (Berlin),104,0,0,0.21003611385822296
2026-09-17 08:15:00,S+U Alexanderplatz Bhf (Berlin),5,0,0,0.46273180842399597
2026-09-02 07:30:00,S+U Yorckstr. (Berlin),597,1,0,0.4072447121143341
2026-09-07 14:30:00,U Senefelderplatz (Berlin),42,0,0,0.0023591916542500257
2026-09-17 23:45:00,U Elsterwerdaer Platz (Berlin),7,0,0,0.00048171007074415684
2026-09-06 17:45:00,U Leinestr. (Berlin),244,0,0,0.2222500443458557
2026-09-14 13:15:00,S+U Warschauer Str. (Berlin),1,0,0,0.0009802740532904863
2026-09-12 06:45:00,U Konstanzer Str. (Berlin),78,0,0,0.09881450235843658
2026-09-02 05:30:00,U Haselhorst (Berlin),47,0,0,0.025595897808670998
2026-09-06 18:00:00,U Paradestr. (Berlin),12,0,0,0.21400156617164612
2026-09-04 07:45:00,U Märkisches Museum (Berlin),500,1,0,0.3639742434024811
2026-09-08 12:15:00,U Birkenstr. (Berlin),1,0,0,0.00044555269414559007
2026-09-11 18:45:00,U Blissestr. (Berlin),72,0,0,0.4349806010723114
2026-09-06 10:15:00,S+U Tempelhof (Berlin),1,0,0,0.01344361063092947
2026-09-18 15:15:00,U Breitenbachplatz (Berlin),72,0,0,0.1313748061656952
2026-09-21 07:15:00,S+U Gesundbrunnen Bhf (Berlin),265,1,0,0.38118308782577515
2026-09-17 23:45:00,U Kochstr. (Checkpoint Charlie) (Berlin),37,0,0,0.00048264849465340376
2026-09-19 23:15:00,U Birkenstr. (Berlin),3,0,0,0.00028507932438515127
2026-09-04 09:00:00,U Bülowstr. (Berlin),787,1,0,0.2847331762313843
2026-09-19 22:00:00,U Karl-Marx-Str. (Berlin),28,0,0,0.0003722413384821266
2026-09-21 08:00:00,U Magdalenenstr. (Berlin),79,0,0,0.4442477226257324
2026-09-11 05:15:00,U Rosa-Luxemburg-Platz (Berlin),43,0,0,0.01929805427789688
2026-09-09 19:30:00,S+U Potsdamer Platz Bhf (Berlin),548,1,0,0.3663104772567749
2026-09-11 15:00:00,S+U Brandenburger Tor (Berlin),13,0,0,0.11514666676521301
2026-09-03 11:45:00,U Frankfurter Tor (Berlin),0,0,0,0.0005936741945333779
2026-09-03 14:15:00,S+U Neukölln (Berlin),72,0,0,0.0019813659600913525
2026-09-12 14:15:00,U Rüdesheimer Platz (Berlin),17,0,0,0.0025188324507325888
2026-09-03 14:30:00,U Rohrdamm (Berlin),74,0,0,0.0028237809892743826
2026-09-14 06:15:00,S+U Tempelhof (Berlin),118,0,0,0.26207706332206726
2026-09-09 05:30:00,U Klosterstr. (Berlin),93,0,0,0.021862924098968506
2026-09-14 13:30:00,U Bundestag (Berlin),37,0,0,0.0009071151143871248
2026-09-09 21:15:00,U Breitenbachplatz (Berlin),347,1,0,0.038606978952884674
2026-09-10 00:45:00,U Schönleinstr. (Berlin),0,0,0,0.00108106411062181
2026-09-11 21:45:00,U Kottbusser Tor (Berlin),7,0,0,0.029992416501045227
2026-09-06 15:00:00,U Weberwiese (Berlin),12,0,0,0.03242620825767517
2026-09-09 15:00:00,U Platz der Luftbrücke (Berlin),6,0,0,0.11398002505302429
2026-09-18 17:45:00,U Mendelssohn-Bartholdy-Park (Berlin),499,1,0,0.44937410950660706
2026-09-18 17:15:00,U Hellersdorf (Berlin),373,1,0,0.4471874237060547
2026-09-06 17:00:00,U Grenzallee (Berlin),97,0,0,0.21378180384635925
2026-09-07 07:30:00,U Tierpark (Berlin),500,1,0,0.3603912591934204
2026-09-14 09:30:00,U Walther-Schreiber-Platz (Berlin),72,0,0,0.35203084349632263
2026-09-21 05:00:00,U Senefelderplatz (Berlin),9,0,0,0.02457120083272457
2026-09-08 06:45:00,S+U Rathaus Steglitz (Berlin),44,0,0,0.22143401205539703
2026-09-07 06:00:00,U Mierendorffplatz (Berlin),0,0,0,0.233029305934906
2026-09-08 19:00:00,U Gneisenaustr. (Berlin),458,1,0,0.32922202348709106
2026-09-16 16:45:00,S+U Warschauer Str. (Berlin),409,1,0,0.259072482585907
2026-09-17 18:00:00,U Neu-Westend (Berlin),81,0,0,0.4390423893928528
2026-09-04 11:45:00,U Güntzelstr. (Berlin),66,0,0,0.000615234428551048
2026-09-03 17:45:00,S+U Berlin Hauptbahnhof,334,1,0,0.43497952818870544
2026-09-17 00:15:00,S+U Jannowitzbrücke (Berlin),5,0,0,0.0010691925417631865
2026-09-16 11:45:00,U Birkenstr. (Berlin),14,0,0,0.0017674259142950177
2026-09-10 19:45:00,U Museumsinsel (Berlin),54,0,0,0.3461723327636719
2026-09-16 05:45:00,U Neu-Westend (Berlin),322,1,0,0.03100402094423771
2026-09-11 09:45:00,U Museumsinsel (Berlin),39,0,0,0.2897726595401764
2026-09-18 11:45:00,U Deutsche Oper (Berlin),12,0,0,0.0014825289836153388
2026-09-08 18:15:00,S+U Jannowitzbrücke (Berlin),502,1,0,0.44641169905662537
2026-09-06 14:45:00,U Platz der Luftbrücke (Berlin),39,0,0,0.002256558043882251
2026-09-04 15:15:00,U Märkisches Museum (Berlin),22,0,0,0.09574395418167114
2026-09-17 23:45:00,U Bayerischer Platz (Berlin),4,0,0,0.00044083784450776875
2026-09-03 05:30:00,U Britz-Süd (Berlin),6,0,0,0.01867753639817238
2026-09-13 11:15:00,U Rohrdamm (Berlin),14,0,0,0.0020039642695337534
2026-09-13 07:30:00,U Nollendorfplatz (Berlin),1286,1,0,0.21866664290428162
2026-09-19 20:30:00,U Freie Universität (Thielplatz) (Berlin),226,0,0,0.05305370315909386
2026-09-13 20:30:00,U Osloer Str. (Berlin),4,0,0,0.07323524355888367
2026-09-17 07:00:00,S+U Frankfurter Allee (Berlin),500,1,0,0.38407570123672485
2026-09-13 08:45:00,U Rüdesheimer Platz (Berlin),22,0,0,0.2553200125694275
2026-09-02 07:30:00,U Hausvogteiplatz (Berlin),12,0,0,0.4081847667694092
2026-09-07 14:45:00,U Jakob-Kaiser-Platz (Berlin),64,0,0,0.002509338315576315
2026-09-06 19:45:00,U Afrikanische Str. (Berlin),56,0,0,0.13787078857421875
2026-09-20 18:45:00,U Rathaus Reinickendorf (Berlin),9,0,0,0.2633674144744873
2026-09-06 17:30:00,U Sophie-Charlotte-Platz (Berlin),16,0,0,0.21800629794597626
2026-09-13 14:30:00,U Heinrich-Heine-Str. (Berlin),46,0,0,0.0039042336866259575
2026-09-06 12:45:00,S+U Friedrichstr. Bhf (Berlin),0,0,0,0.0004664618172682822
2026-09-14 11:45:00,U Olympia-Stadion (Berlin),16,0,0,0.003631789470091462
2026-09-08 09:15:00,U Anton-Wilhelm-Amo-Str. (Berlin),171,0,0,0.30000850558280945
2026-09-09 22:00:00,U Neu-Westend (Berlin),92,0,0,0.000643799954559654
2026-09-20 05:30:00,U Seestr. (Berlin),57,0,0,0.005800421349704266
2026-09-05 23:15:00,U Rosa-Luxemburg-Platz (Berlin),0,0,0,0.0002955407544504851
2026-09-14 18:15:00,U Schlesisches Tor (Berlin),253,0,0,0.4233148396015167
2026-09-16 07:00:00,U Gneisenaustr. (Berlin),124,0,0,0.41102156043052673
2026-09-21 14:30:00,S+U Wedding (Berlin),52,0,0,0.0068085333332419395
2026-09-03 21:00:00,U Märkisches Museum (Berlin),43,0,0,0.03553539142012596
2026-09-11 22:00:00,U Konstanzer Str. (Berlin),55,0,0,0.0006516046123579144
2026-09-04 15:00:00,U Amrumer Str. (Berlin),9,0,0,0.09451575577259064
2026-09-05 14:15:00,U Anton-Wilhelm-Amo-Str. (Berlin),3,0,0,0.002323864959180355
2026-09-20 20:45:00,U Naturkundemuseum (Berlin),68,0,0,0.06517744809389114
2026-09-05 11:00:00,U Klosterstr. (Berlin),10,0,0,0.0006651086732745171
2026-09-03 20:00:00,U Haselhorst (Berlin),126,0,0,0.18615683913230896
2026-09-13 23:15:00,U Schloßstr. (Berlin),7,0,0,0.00030485211755149066
2026-09-21 00:30:00,U Pankstr. (Berlin),0,0,0,0.0006932291435077786
2026-09-11 10:00:00,U Mierendorffplatz (Berlin),23,0,0,0.050870053470134735
2026-09-10 18:30:00,U Jakob-Kaiser-Platz (Berlin),54,0,0,0.45123863220214844
2026-09-05 22:30:00,U Afrikanische Str. (Berlin),37,0,0,0.0003752215998247266
2026-09-04 20:45:00,U Nollendorfplatz (Berlin),539,1,0,0.15404868125915527
2026-09-10 14:15:00,U Naturkundemuseum (Berlin),4,0,0,0.0029646242037415504
2026-09-14 07:15:00,U Paradestr. (Berlin),525,1,0,0.40794089436531067
2026-09-10 21:15:00,U Klosterstr. (Berlin),321,1,0,0.038511402904987335
2026-09-02 20:00:00,U Rathaus Reinickendorf (Berlin),14,0,0,0.17250719666481018
2026-09-14 06:00:00,U Lindauer Allee (Berlin),54,0,0,0.25285881757736206
2026-09-12 05:30:00,U Moritzplatz (Berlin),14,0,0,0.00497443787753582
2026-09-14 00:00:00,U Blaschkoallee (Berlin),0,0,0,0.0005461492110043764
2026-09-04 17:00:00,U Frankfurter Tor (Berlin),268,1,0,0.4020994007587433
2026-09-20 05:00:00,U Berliner Str. (Berlin),49,0,0,0.005728802643716335
2026-09-16 23:15:00,U Klosterstr. (Berlin),2,0,0,0.0005108648911118507
2026-09-07 19:00:00,U Schloßstr. (Berlin),172,0,0,0.3475731313228607
2026-09-07 00:15:00,S+U Yorckstr. (Berlin),0,0,0,0.0005800556391477585
2026-09-04 17:00:00,U Ruhleben (Berlin),297,1,0,0.40445399284362793
2026-09-10 07:15:00,U Schloßstr. (Berlin),70,0,0,0.3823702931404114
2026-09-12 06:00:00,U Onkel Toms Hütte (Berlin),193,0,0,0.09459643810987473
2026-09-10 07:30:00,S+U Wuhletal (Berlin),488,1,0,0.3727807402610779
2026-09-15 19:00:00,U Turmstr. (Berlin),34,0,0,0.3486916720867157
2026-09-13 20:15:00,U Wittenbergplatz (Berlin),1294,1,0,0.0736977681517601
2026-09-16 21:45:00,U Augsburger Str. (Berlin),81,0,0,0.04111720994114876
2026-09-11 08:15:00,U Rudow (Berlin),192,0,0,0.4187445044517517
2026-09-13 23:30:00,U Theodor-Heuss-Platz (Berlin),0,0,0,0.0003048812213819474
2026-09-10 15:15:00,U Friedrich-Wilhelm-Platz (Berlin),251,0,0,0.1158178448677063
2026-09-17 20:15:00,U Grenzallee (Berlin),62,0,0,0.1727772057056427
2026-09-16 18:45:00,U Sophie-Charlotte-Platz (Berlin),543,1,0,0.46756067872047424
2026-09-12 18:00:00,U Lindauer Allee (Berlin),47,0,0,0.22843220829963684
2026-09-15 07:30:00,U Spichernstr. (Berlin),797,0,0,0.38901838660240173
2026-09-07 14:45:00,S+U Schönhauser Allee (Berlin),135,0,0,0.0025244823191314936
2026-09-04 13:15:00,U Hausvogteiplatz (Berlin),24,0,0,0.0005106248427182436
2026-09-17 16:30:00,U Louis-Lewin-Str. (Berlin),139,0,0,0.23646783828735352
2026-09-12 16:45:00,S+U Brandenburger Tor (Berlin),243,0,0,0.10011692345142365
2026-09-11 21:00:00,U Schlesisches Tor (Berlin),31,0,0,0.03070761449635029
2026-09-10 09:30:00,U Elsterwerdaer Platz (Berlin),200,0,0,0.30307960510253906
2026-09-18 09:45:00,U Deutsche Oper (Berlin),148,0,0,0.33754488825798035
2026-09-14 18:30:00,S+U Bundesplatz (Berlin),483,0,0,0.4146726727485657
2026-09-02 11:45:00,S+U Friedrichstr. Bhf (Berlin),17,0,0,0.0014300699112936854
2026-09-15 07:30:00,U Kaiserin-Augusta-Str. (Berlin),99,0,0,0.38948318362236023
2026-09-20 20:15:00,U Ernst-Reuter-Platz (Berlin),94,0,0,0.06220953166484833
2026-09-20 11:15:00,S+U Gesundbrunnen Bhf (Berlin),63,0,0,0.00040723459096625447
2026-09-08 10:30:00,U Johannisthaler Chaussee (Berlin),64,0,0,0.051797229796648026
2026-09-16 16:15:00,U Voltastr. (Berlin),112,0,0,0.25706395506858826
2026-09-13 21:45:00,S+U Yorckstr. (Berlin),34,0,0,0.010337353684008121
2026-09-20 14:15:00,S+U Berlin Hauptbahnhof,10,0,0,0.0017883549444377422
2026-09-19 09:45:00,U Bernauer Str. (Berlin),50,0,0,0.1179676353931427
2026-09-11 18:00:00,S+U Brandenburger Tor (Berlin),388,1,0,0.44342222809791565
2026-09-08 17:15:00,U Rohrdamm (Berlin),175,0,0,0.44151070713996887
2026-09-17 13:30:00,S+U Neukölln (Berlin),3,0,0,0.0010924976086243987
2026-09-10 07:30:00,U Jakob-Kaiser-Platz (Berlin),55,0,0,0.3747765123844147
2026-09-07 20:30:00,U Naturkundemuseum (Berlin),55,0,0,0.1792716681957245
2026-09-19 00:15:00,U Voltastr. (Berlin),5,0,0,0.00039851953624747694
2026-09-07 08:45:00,U Hellersdorf (Berlin),136,0,0,0.43082964420318604
2026-09-19 09:45:00,S+U Heidelberger Platz (Berlin),16,0,0,0.11636601388454437
2026-09-03 19:00:00,U Ullsteinstr. (Berlin),373,1,0,0.3479815125465393
2026-09-05 06:15:00,U Stadtmitte (Berlin),45,0,0,0.12295828759670258
2026-09-02 05:15:00,U Oranienburger Tor (Berlin),96,0,0,0.02475673519074917
2026-09-11 00:00:00,U Spittelmarkt (Berlin),0,0,0,0.0010103961685672402
2026-09-04 13:00:00,U Parchimer Allee (Berlin),0,0,0,0.000529266893863678
2026-09-20 13:30:00,U Bundestag (Berlin),1,0,0,0.0004883710062131286
2026-09-03 18:30:00,U Senefelderplatz (Berlin),112,0,0,0.4571536183357239
2026-09-17 22:00:00,U Güntzelstr. (Berlin),94,0,0,0.0007113286992534995
2026-09-04 00:15:00,S+U Rathaus Steglitz (Berlin),0,0,0,0.0007701272843405604
2026-09-06 21:00:00,U Rohrdamm (Berlin),27,0,0,0.0066191647201776505
2026-09-11 00:15:00,U Olympia-Stadion (Berlin),0,0,0,0.0009269355796277523
2026-09-15 08:00:00,U Bülowstr. (Berlin),26,0,0,0.4524959325790405
2026-09-21 12:45:00,S+U Rathaus Spandau (Berlin),14,0,0,0.00039856124203652143
2026-09-02 22:45:00,U Kurt-Schumacher-Platz (Berlin),18,0,0,0.0011237539583817124
2026-09-02 14:00:00,U Biesdorf-Süd (Berlin),26,0,0,0.005748260300606489
2026-09-05 13:45:00,U Westphalweg (Berlin),5,0,0,0.0005545741878449917
2026-09-06 10:45:00,U Kochstr. (Checkpoint Charlie) (Berlin),24,0,0,0.01814756542444229
2026-09-05 10:15:00,U Rudow (Berlin),31,0,0,0.017425058409571648
2026-09-08 08:30:00,U Paulsternstr. (Berlin),392,1,0,0.4203144907951355
2026-09-06 09:00:00,U Hellersdorf (Berlin),4,0,0,0.12953786551952362
2026-09-19 00:15:00,U Naturkundemuseum (Berlin),10,0,0,0.0004028967523481697
2026-09-10 16:00:00,U Gneisenaustr. (Berlin),75,0,0,0.21060779690742493
2026-09-09 05:30:00,U Nauener Platz (Berlin),12,0,0,0.021726297214627266
2026-09-20 16:30:00,U Berliner Str. (Berlin),170,0,0,0.10168389976024628
2026-09-11 05:00:00,U Olympia-Stadion (Berlin),10,0,0,0.02041682042181492
2026-09-09 19:15:00,U Nollendorfplatz (Berlin),575,1,0,0.3757973313331604
2026-09-12 14:00:00,S+U Westhafen (Berlin),12,0,0,0.0022884951904416084
2026-09-13 22:00:00,U Neu-Westend (Berlin),24,0,0,0.00038313871482387185
2026-09-13 10:15:00,U Britz-Süd (Berlin),211,0,0,0.017397619783878326
2026-09-18 07:00:00,U Franz-Neumann-Platz (Berlin),50,0,0,0.3812313675880432
2026-09-05 21:45:00,U Britz-Süd (Berlin),5,0,0,0.009823726490139961
2026-09-03 19:45:00,U Hönow (Berlin),172,0,0,0.34643495082855225
2026-09-03 14:15:00,U Reinickendorfer Str. (Berlin),25,0,0,0.0021127345971763134
2026-09-21 07:30:00,U Strausberger Platz (Berlin),229,0,0,0.38861075043678284
2026-09-17 06:15:00,U Hausvogteiplatz (Berlin),55,0,0,0.25093066692352295
2026-09-10 06:15:00,U Bernauer Str. (Berlin),21,0,0,0.22621063888072968
2026-09-10 09:00:00,U Siemensdamm (Berlin),211,0,0,0.30851122736930847
2026-09-13 20:15:00,U Südstern (Berlin),36,0,0,0.07203246653079987
2026-09-09 16:15:00,S+U Heidelberger Platz (Berlin),605,1,0,0.22879573702812195
2026-09-03 08:00:00,U Blissestr. (Berlin),298,0,0,0.4176638126373291
2026-09-04 23:45:00,U Hausvogteiplatz (Berlin),2,0,0,0.0004384740605019033
2026-09-02 12:15:00,U Wilmersdorfer Str. (Berlin),6,0,0,0.0008203427423723042
2026-09-11 18:45:00,U Augsburger Str. (Berlin),731,0,0,0.43371477723121643
2026-09-19 18:45:00,S+U Zoologischer Garten Bhf (Berlin),813,1,0,0.20997391641139984
2026-09-20 07:30:00,U Unter den Linden (Berlin),201,0,0,0.23081190884113312
2026-09-12 16:45:00,U Paulsternstr. (Berlin),18,0,0,0.10227584093809128
2026-09-02 14:00:00,U Schönleinstr. (Berlin),12,0,0,0.0055559659376740456
2026-09-18 22:30:00,U Karl-Marx-Str. (Berlin),15,0,0,0.0007437703316099942
2026-09-14 10:15:00,U Altstadt Spandau (Berlin),0,0,0,0.07563002407550812
2026-09-08 23:15:00,U Paulsternstr. (Berlin),14,0,0,0.00038083057734183967
2026-09-07 18:30:00,U Kienberg (Gärten der Welt) (Berlin),12,0,0,0.44889748096466064
2026-09-17 08:15:00,S+U Friedrichstr. Bhf (Berlin),27,0,0,0.45782390236854553
2026-09-02 09:45:00,U Haselhorst (Berlin),48,0,0,0.3481057584285736
2026-09-04 05:30:00,U Frankfurter Tor (Berlin),2,0,0,0.021339720115065575
2026-09-03 09:00:00,U Amrumer Str. (Berlin),490,1,0,0.2941908836364746
2026-09-12 06:45:00,S+U Yorckstr. (Berlin),274,0,0,0.09931749105453491
2026-09-19 20:30:00,U Kienberg (Gärten der Welt) (Berlin),55,0,0,0.050946250557899475
2026-09-18 17:00:00,S+U Karl-Bonhoeffer-Nervenklinik (Berlin),25,0,0,0.4492413103580475
2026-09-05 09:00:00,U Heinrich-Heine-Str. (Berlin),17,0,0,0.15401315689086914
2026-09-03 21:45:00,S+U Rathaus Steglitz (Berlin),91,0,0,0.03390558436512947
2026-09-07 05:45:00,U Wilmersdorfer Str. (Berlin),220,0,0,0.020951945334672928
2026-09-15 10:15:00,U Zwickauer Damm (Berlin),80,0,0,0.06489863991737366
2026-09-16 07:30:00,U Bismarckstr. (Berlin),338,1,0,0.41196155548095703
2026-09-04 09:15:00,U Afrikanische Str. (Berlin),26,0,0,0.28831130266189575
2026-09-08 08:00:00,U Rosa-Luxemburg-Platz (Berlin),501,1,0,0.41610217094421387
2026-09-05 16:15:00,U Museumsinsel (Berlin),5,0,0,0.10068200528621674
2026-09-08 07:30:00,U Ullsteinstr. (Berlin),15,0,0,0.36030906438827515
2026-09-12 05:45:00,U Hellersdorf (Berlin),80,0,0,0.004949310794472694
2026-09-09 12:00:00,U Mierendorffplatz (Berlin),0,0,0,0.0003896269481629133
2026-09-09 06:30:00,U Zwickauer Damm (Berlin),387,1,0,0.26262831687927246
2026-09-04 10:00:00,S+U Wedding (Berlin),170,0,0,0.04268792271614075
2026-09-13 12:45:00,U Louis-Lewin-Str. (Berlin),3,0,0,0.00044874573359265924
2026-09-08 11:15:00,U Dahlem-Dorf (Berlin),21,0,0,0.0007948791608214378
2026-09-17 10:00:00,U Hohenzollernplatz (Berlin),93,0,0,0.06995288282632828
2026-09-04 15:15:00,U Lindauer Allee (Berlin),21,0,0,0.09466014802455902
2026-09-13 05:45:00,U Eisenacher Str. (Berlin),22,0,0,0.005781516432762146
2026-09-07 17:30:00,U Gleisdreieck (Berlin),357,0,0,0.4487403333187103
2026-09-15 13:00:00,U Krumme Lanke (Berlin),11,0,0,0.0008942277636379004
2026-09-12 08:30:00,U Westphalweg (Berlin),150,0,0,0.26932570338249207
2026-09-19 17:45:00,U Seestr. (Berlin),54,0,0,0.20552963018417358
2026-09-04 20:00:00,S+U Potsdamer Platz Bhf (Berlin),16,0,0,0.15204773843288422
2026-09-15 05:00:00,S+U Westhafen (Berlin),59,0,0,0.02302897721529007
2026-09-19 23:45:00,U Uhlandstr. (Berlin),3,0,0,0.00030628847889602184
2026-09-15 16:30:00,U Louis-Lewin-Str. (Berlin),187,0,0,0.22722209990024567
2026-09-02 07:45:00,U Schlesisches Tor (Berlin),504,1,0,0.4122318625450134
2026-09-11 17:15:00,U Weberwiese (Berlin),500,1,0,0.4487636983394623
2026-09-17 21:00:00,U Ernst-Reuter-Platz (Berlin),2,0,0,0.035751547664403915
2026-09-12 11:15:00,U Samariterstr. (Berlin),0,0,0,0.000496512686368078
2026-09-04 22:45:00,U Blaschkoallee (Berlin),18,0,0,0.0006530553800985217
2026-09-17 00:30:00,U Kurt-Schumacher-Platz (Berlin),3,0,0,0.0009229289134964347
2026-09-15 16:15:00,U Kurfürstenstr. (Berlin),886,1,0,0.22252194583415985
2026-09-04 18:15:00,U Siemensdamm (Berlin),30,0,0,0.41706106066703796
2026-09-11 06:30:00,U Rüdesheimer Platz (Berlin),35,0,0,0.2400623857975006
2026-09-18 20:15:00,U Samariterstr. (Berlin),2,0,0,0.18218889832496643
2026-09-18 09:45:00,U Tierpark (Berlin),150,0,0,0.33730071783065796
2026-09-12 08:30:00,U Klosterstr. (Berlin),202,0,0,0.273470938205719
2026-09-07 19:30:00,S+U Pankow (Berlin),354,1,0,0.34590521454811096
2026-09-16 18:15:00,U Senefelderplatz (Berlin),500,1,0,0.4683365225791931
2026-09-15 11:00:00,U Berliner Str. (Berlin),63,0,0,0.0014931103214621544
2026-09-15 17:15:00,U Wittenbergplatz (Berlin),377,0,0,0.4382493793964386
2026-09-05 23:30:00,U Cottbusser Platz (Berlin),8,0,0,0.00028327672043815255
2026-09-21 14:45:00,U Gneisenaustr. (Berlin),21,0,0,0.0029187265317887068
2026-09-19 11:45:00,S+U Wittenau (Berlin),2,0,0,0.0004715828690677881
2026-09-11 11:00:00,S+U Zoologischer Garten Bhf (Berlin),146,0,0,0.0007263186271302402
2026-09-15 11:30:00,U Blissestr. (Berlin),34,0,0,0.0013269518967717886
2026-09-11 19:15:00,U Zitadelle (Berlin),81,0,0,0.32116585969924927
2026-09-08 10:00:00,U Cottbusser Platz (Berlin),58,0,0,0.04995862394571304
2026-09-17 05:00:00,U Blaschkoallee (Berlin),2,0,0,0.02198750711977482
2026-09-12 22:15:00,U Residenzstr. (Berlin),25,0,0,0.00029401443316601217
2026-09-10 12:45:00,U Konstanzer Str. (Berlin),0,0,0,0.0005884435959160328
2026-09-18 07:45:00,U Hönow (Berlin),287,1,0,0.3989563584327698
2026-09-14 14:30:00,U Schönleinstr. (Berlin),20,0,0,0.002997657284140587
2026-09-08 21:15:00,U Strausberger Platz (Berlin),6,0,0,0.03245709836483002
2026-09-14 16:30:00,U Hellersdorf (Berlin),120,0,0,0.25128173828125
2026-09-20 09:30:00,U Kurfürstendamm (Berlin),208,0,0,0.12756618857383728
2026-09-09 21:30:00,U Onkel Toms Hütte (Berlin),123,0,0,0.04028572142124176
2026-09-06 11:45:00,U Mierendorffplatz (Berlin),7,0,0,0.0005975589156150818
2026-09-17 16:15:00,U Bayerischer Platz (Berlin),341,0,0,0.2401214838027954
2026-09-11 13:15:00,U Hellersdorf (Berlin),1,0,0,0.000555112084839493
2026-09-06 13:30:00,U Siemensdamm (Berlin),12,0,0,0.0005092346691526473
2026-09-15 19:45:00,U Wilmersdorfer Str. (Berlin),256,0,0,0.3402706980705261
2026-09-04 18:30:00,U Kaiserdamm (Berlin),429,1,0,0.4151606559753418
2026-09-19 22:00:00,S+U Gesundbrunnen Bhf (Berlin),31,0,0,0.000368504726793617
2026-09-16 07:30:00,U Moritzplatz (Berlin),7,0,0,0.409058153629303
2026-09-10 18:15:00,U Paulsternstr. (Berlin),376,1,0,0.45137155055999756
2026-09-07 10:30:00,U Parchimer Allee (Berlin),61,0,0,0.05212052911520004
2026-09-18 06:45:00,S+U Brandenburger Tor (Berlin),126,0,0,0.23486395180225372
2026-09-08 15:45:00,U Naturkundemuseum (Berlin),80,0,0,0.1107790544629097
2026-09-14 00:45:00,U Residenzstr. (Berlin),1,0,0,0.0007575431372970343
2026-09-19 10:00:00,U Hohenzollernplatz (Berlin),47,0,0,0.013380514457821846
2026-09-02 08:45:00,U Theodor-Heuss-Platz (Berlin),151,0,0,0.4686403274536133
2026-09-06 07:45:00,U Gneisenaustr. (Berlin),226,0,0,0.19188126921653748
2026-09-16 07:15:00,U Nollendorfplatz (Berlin),224,0,0,0.4122374951839447
2026-09-13 19:00:00,U Fehrbelliner Platz (Berlin),17,0,0,0.17093141376972198
2026-09-15 06:30:00,S+U Wittenau (Berlin),152,0,0,0.27119696140289307
2026-09-21 09:15:00,U Weinmeisterstr. (Berlin),501,1,0,0.3007171154022217
2026-09-08 12:30:00,S+U Berlin Hauptbahnhof,3,0,0,0.0004836935258936137
2026-09-07 05:15:00,U Bundestag (Berlin),7,0,0,0.019423896446824074
2026-09-08 09:30:00,U Stadtmitte (Berlin),36,0,0,0.30143168568611145
2026-09-12 13:45:00,U Klosterstr. (Berlin),6,0,0,0.0007162733818404377
2026-09-16 08:15:00,U Anton-Wilhelm-Amo-Str. (Berlin),96,0,0,0.4725055694580078
2026-09-19 11:30:00,U Eberswalder Str. (Berlin),0,0,0,0.00044231361243873835
2026-09-11 14:30:00,U Güntzelstr. (Berlin),1,0,0,0.002166914055123925
2026-09-16 19:00:00,U Moritzplatz (Berlin),311,1,0,0.36022868752479553
2026-09-11 22:30:00,U Senefelderplatz (Berlin),25,0,0,0.0005762099754065275
2026-09-05 21:00:00,U Weberwiese (Berlin),55,0,0,0.01023365743458271
2026-09-14 09:15:00,U Rathaus Reinickendorf (Berlin),210,0,0,0.3549586534500122
2026-09-12 09:30:00,S+U Heidelberger Platz (Berlin),27,0,0,0.15822948515415192
2026-09-04 12:30:00,S+U Alexanderplatz Bhf (Berlin),1,0,0,0.0004467773251235485
2026-09-07 11:15:00,U Blissestr. (Berlin),4,0,0,0.0009444791940040886
2026-09-13 15:15:00,U Kurt-Schumacher-Platz (Berlin),35,0,0,0.06414146721363068
2026-09-04 22:30:00,U Hellersdorf (Berlin),56,0,0,0.0005729557015001774
2026-09-13 21:00:00,U Leopoldplatz (Berlin),93,0,0,0.011991774663329124
2026-09-18 00:15:00,U Bundestag (Berlin),22,0,0,0.0008018145454116166
2026-09-20 21:30:00,U Rüdesheimer Platz (Berlin),9,0,0,0.011397700756788254
2026-09-02 12:30:00,U Hermannplatz (Berlin),3,0,0,0.0008930760668590665
2026-09-18 10:00:00,U Bundestag (Berlin),171,0,0,0.06834769248962402
2026-09-17 06:45:00,U Konstanzer Str. (Berlin),118,0,0,0.25713813304901123
2026-09-16 20:15:00,U Gleisdreieck (Berlin),35,0,0,0.20109929144382477
2026-09-12 10:00:00,U Hermannplatz (Berlin),221,0,0,0.019993679597973824
2026-09-19 13:00:00,U Berliner Str. (Berlin),62,0,0,0.0005889955209568143
2026-09-18 16:15:00,U Bülowstr. (Berlin),76,0,0,0.23012538254261017
2026-09-02 20:00:00,U Sophie-Charlotte-Platz (Berlin),313,1,0,0.1750486195087433
2026-09-15 20:30:00,U Rosa-Luxemburg-Platz (Berlin),108,0,0,0.18000391125679016
2026-09-08 09:45:00,U Kochstr. (Checkpoint Charlie) (Berlin),26,0,0,0.3050708770751953
2026-09-17 21:45:00,U Platz der Luftbrücke (Berlin),19,0,0,0.037667907774448395
2026-09-06 00:00:00,U Kleistpark (Berlin),2,0,0,0.000510930607561022
2026-09-13 12:00:00,U Kottbusser Tor (Berlin),0,0,0,0.0010183766717091203
2026-09-18 10:00:00,U Hallesches Tor (Berlin),80,0,0,0.06761593371629715
2026-09-06 18:30:00,U Güntzelstr. (Berlin),396,0,0,0.22045683860778809
2026-09-15 16:45:00,U Breitenbachplatz (Berlin),535,1,0,0.22918713092803955
2026-09-20 17:30:00,U Eberswalder Str. (Berlin),57,0,0,0.2622583210468292
2026-09-04 21:45:00,U Turmstr. (Berlin),80,0,0,0.024409057572484016
2026-09-02 10:30:00,U Rotes Rathaus (Berlin),65,0,0,0.06974437087774277
2026-09-12 21:45:00,S+U Rathaus Spandau (Berlin),46,0,0,0.007777672726660967
2026-09-18 22:30:00,U Bayerischer Platz (Berlin),30,0,0,0.0006662463420070708
2026-09-11 17:30:00,U Kaulsdorf-Nord (Berlin),250,0,0,0.44714319705963135
2026-09-16 11:15:00,U Vinetastr. (Berlin),2,0,0,0.0019535054452717304
2026-09-17 07:45:00,U Amrumer Str. (Berlin),14,0,0,0.3905268907546997
2026-09-19 13:15:00,U Krumme Lanke (Berlin),3,0,0,0.0005074818036518991
2026-09-09 21:00:00,U Oranienburger Tor (Berlin),16,0,0,0.03765082731842995
2026-09-07 09:30:00,U Schwartzkopffstr. (Berlin),397,1,0,0.3072311282157898
2026-09-11 23:45:00,U Podbielskiallee (Berlin),1,0,0,0.00040529307443648577
2026-09-03 13:30:00,U Adenauerplatz (Berlin),34,0,0,0.0007166321156546474
2026-09-15 00:00:00,U Sophie-Charlotte-Platz (Berlin),0,0,0,0.0012131737312301993
2026-09-13 23:30:00,U Eisenacher Str. (Berlin),2,0,0,0.00029963842825964093
2026-09-17 21:00:00,S+U Jannowitzbrücke (Berlin),291,1,0,0.035368598997592926
2026-09-03 18:45:00,U Hausvogteiplatz (Berlin),319,1,0,0.4595460891723633
2026-09-19 09:45:00,U Birkenstr. (Berlin),20,0,0,0.11495554447174072
2026-09-20 00:30:00,U Blaschkoallee (Berlin),0,0,0,0.00043029390508309007
2026-09-04 14:15:00,U Ullsteinstr. (Berlin),24,0,0,0.0019004251807928085
2026-09-15 10:00:00,S+U Tempelhof (Berlin),19,0,0,0.059039101004600525
2026-09-20 00:15:00,U Mendelssohn-Bartholdy-Park (Berlin),0,0,0,0.0004342209722381085
2026-09-12 08:00:00,U Alt-Mariendorf (Berlin),5,0,0,0.26225146651268005
2026-09-08 00:00:00,U Louis-Lewin-Str. (Berlin),0,0,0,0.0005090551567263901
2026-09-20 08:30:00,U Richard-Wagner-Platz (Berlin),153,0,0,0.25042736530303955
2026-09-11 10:00:00,U Rosa-Luxemburg-Platz (Berlin),69,0,0,0.05034347251057625
2026-09-06 18:15:00,S+U Hermannstr. (Berlin),325,1,0,0.21542976796627045
2026-09-08 09:15:00,U Voltastr. (Berlin),44,0,0,0.29677391052246094
2026-09-21 16:00:00,U Kaulsdorf-Nord (Berlin),23,0,0,0.21894699335098267
2026-09-02 15:30:00,U Siemensdamm (Berlin),55,0,0,0.1342681348323822
2026-09-05 19:30:00,U Biesdorf-Süd (Berlin),18,0,0,0.16675999760627747
2026-09-07 16:30:00,U Halemweg (Berlin),500,1,0,0.22450050711631775
2026-09-21 20:00:00,U Nollendorfplatz (Berlin),156,0,0,0.17877157032489777
2026-09-11 06:30:00,U Friedrich-Wilhelm-Platz (Berlin),342,0,0,0.23736295104026794
2026-09-11 05:00:00,U Siemensdamm (Berlin),86,0,0,0.020285099744796753
2026-09-03 16:30:00,U Seestr. (Berlin),115,0,0,0.202660471200943
2026-09-08 22:45:00,U Afrikanische Str. (Berlin),9,0,0,0.0005104161682538688
2026-09-16 23:15:00,U Moritzplatz (Berlin),3,0,0,0.0004988926229998469
2026-09-18 00:30:00,U Frankfurter Tor (Berlin),4,0,0,0.0007428642129525542
2026-09-08 07:15:00,U Blissestr. (Berlin),851,1,0,0.36669954657554626
2026-09-09 08:45:00,U Amrumer Str. (Berlin),279,1,0,0.43560799956321716
2026-09-15 16:30:00,U Lindauer Allee (Berlin),139,0,0,0.22785606980323792
2026-09-11 09:45:00,S+U Yorckstr. (Berlin),75,0,0,0.2934776544570923
2026-09-13 19:30:00,U Boddinstr. (Berlin),237,0,0,0.16936689615249634
2026-09-19 07:45:00,U Wutzkyallee (Berlin),107,0,0,0.19137029349803925
2026-09-18 19:15:00,U Gneisenaustr. (Berlin),199,0,0,0.3449714481830597
2026-09-02 23:45:00,U Adenauerplatz (Berlin),16,0,0,0.00044079445069655776
2026-09-19 19:00:00,U Paracelsus-Bad (Berlin),142,0,0,0.12060493230819702
2026-09-13 11:00:00,U Krumme Lanke (Berlin),0,0,0,0.0014481155667454004
2026-09-21 18:45:00,S+U Wittenau (Berlin),19,0,0,0.4532816708087921
2026-09-14 08:45:00,U Freie Universität (Thielplatz) (Berlin),45,0,0,0.4837632179260254
2026-09-08 17:30:00,U Hausvogteiplatz (Berlin),330,1,0,0.44425657391548157
2026-09-21 23:30:00,U Britz-Süd (Berlin),0,0,0,0.0005215079290792346
2026-09-21 11:30:00,S+U Lichtenberg Bhf (Berlin),20,0,0,0.000583032553549856
2026-09-20 06:45:00,U Stadtmitte (Berlin),206,0,0,0.11105643957853317
2026-09-20 18:30:00,U Nauener Platz (Berlin),382,1,0,0.2645655870437622
2026-09-05 16:00:00,U Neu-Westend (Berlin),27,0,0,0.09735218435525894
2026-09-04 19:45:00,U Hohenzollernplatz (Berlin),821,1,0,0.3056457042694092
2026-09-17 09:30:00,U Oranienburger Tor (Berlin),14,0,0,0.3422650098800659
2026-09-04 23:45:00,U Hansaplatz (Berlin),1,0,0,0.0004396560834720731
2026-09-13 12:30:00,U Deutsche Oper (Berlin),0,0,0,0.0008400270016863942
2026-09-17 06:45:00,U Richard-Wagner-Platz (Berlin),543,1,0,0.2558593153953552
2026-09-18 08:45:00,U Südstern (Berlin),528,1,0,0.45279228687286377
2026-09-16 16:00:00,U Friedrichsfelde (Berlin),82,0,0,0.24993523955345154
2026-09-08 15:30:00,U Platz der Luftbrücke (Berlin),104,0,0,0.10750964283943176
2026-09-18 00:30:00,U Altstadt Spandau (Berlin),0,0,0,0.0007296142866834998
2026-09-13 16:30:00,S+U Wuhletal (Berlin),168,0,0,0.12784811854362488
2026-09-08 22:00:00,U Deutsche Oper (Berlin),63,0,0,0.0005251079564914107
2026-09-21 21:00:00,S+U Heidelberger Platz (Berlin),19,0,0,0.03748442605137825
2026-09-11 19:00:00,U Uhlandstr. (Berlin),1171,1,0,0.31441107392311096
2026-09-17 22:45:00,U Walther-Schreiber-Platz (Berlin),14,0,0,0.000659350713249296
2026-09-12 06:00:00,U Stadtmitte (Berlin),31,0,0,0.09714663773775101
2026-09-05 06:30:00,S+U Wedding (Berlin),72,0,0,0.12222002446651459
2026-09-08 10:15:00,S+U Hermannstr. (Berlin),26,0,0,0.05207688361406326
2026-09-13 16:30:00,U Mehringdamm (Berlin),97,0,0,0.13108405470848083
2026-09-05 21:00:00,U Johannisthaler Chaussee (Berlin),0,0,0,0.010409515351057053
2026-09-13 13:15:00,U Amrumer Str. (Berlin),28,0,0,0.0006593574653379619
2026-09-10 11:45:00,S+U Neukölln (Berlin),1,0,0,0.0010262064170092344
2026-09-04 07:15:00,S+U Rathaus Spandau (Berlin),351,1,0,0.37019622325897217
2026-09-04 13:30:00,S+U Jannowitzbrücke (Berlin),28,0,0,0.0005038757808506489
2026-09-12 05:00:00,U Spichernstr. (Berlin),13,0,0,0.005229031201452017
2026-09-19 17:15:00,S+U Friedrichstr. Bhf (Berlin),7,0,0,0.200962632894516
2026-09-07 18:00:00,U Ruhleben (Berlin),360,1,0,0.45080676674842834
2026-09-12 15:00:00,U Möckernbrücke (Berlin),19,0,0,0.047159042209386826
2026-09-05 15:00:00,U Schlesisches Tor (Berlin),52,0,0,0.0465705469250679
2026-09-21 05:15:00,U Bayerischer Platz (Berlin),167,0,0,0.024705084040760994
2026-09-15 10:30:00,U Zwickauer Damm (Berlin),121,0,0,0.06873296201229095
2026-09-11 15:30:00,U Halemweg (Berlin),91,0,0,0.11601315438747406
2026-09-04 16:15:00,U Cottbusser Platz (Berlin),229,0,0,0.18969619274139404
2026-09-10 22:45:00,U Dahlem-Dorf (Berlin),32,0,0,0.0008736511808820069
2026-09-20 06:30:00,U Tierpark (Berlin),97,0,0,0.10683044046163559
2026-09-10 12:15:00,U Deutsche Oper (Berlin),2,0,0,0.0006941725732758641
2026-09-06 21:15:00,U Hohenzollernplatz (Berlin),130,0,0,0.006778094917535782
2026-09-09 10:15:00,U Rüdesheimer Platz (Berlin),115,0,0,0.05009501427412033
2026-09-09 08:15:00,U Siemensdamm (Berlin),280,1,0,0.45066726207733154
2026-09-09 08:15:00,S+U Potsdamer Platz Bhf (Berlin),62,0,0,0.4516608417034149
2026-09-13 06:30:00,U Schwartzkopffstr. (Berlin),19,0,0,0.099988654255867
2026-09-05 17:00:00,S+U Wuhletal (Berlin),291,1,0,0.25777435302734375
2026-09-07 17:45:00,U Zwickauer Damm (Berlin),153,0,0,0.4493233263492584
2026-09-08 10:00:00,U Rathaus Neukölln (Berlin),15,0,0,0.05070269852876663
2026-09-03 11:30:00,U Rehberge (Berlin),8,0,0,0.001316264970228076
2026-09-08 18:45:00,U Alt-Mariendorf (Berlin),500,1,0,0.4485035538673401
2026-09-15 00:45:00,S+U Rathaus Steglitz (Berlin),1,0,0,0.0010329328943043947
2026-09-04 07:15:00,U Voltastr. (Berlin),370,1,0,0.3671080768108368
2026-09-09 21:30:00,U Altstadt Spandau (Berlin),0,0,0,0.04011726379394531
2026-09-12 16:00:00,U Kurt-Schumacher-Platz (Berlin),83,0,0,0.09401467442512512
2026-09-09 06:45:00,U Moritzplatz (Berlin),125,0,0,0.2706068456172943
2026-09-07 16:15:00,U Walther-Schreiber-Platz (Berlin),129,0,0,0.2197873592376709
2026-09-02 11:45:00,U Gleisdreieck (Berlin),3,0,0,0.001264362595975399
2026-09-05 23:45:00,U Bayerischer Platz (Berlin),0,0,0,0.00025628891307860613
2026-09-08 19:00:00,U Vinetastr. (Berlin),103,0,0,0.32881665229797363
2026-09-20 05:45:00,S+U Gesundbrunnen Bhf (Berlin),18,0,0,0.0066986060701310635
2026-09-09 23:30:00,U Eisenacher Str. (Berlin),24,0,0,0.0004325874615460634
2026-09-04 13:30:00,U Cottbusser Platz (Berlin),12,0,0,0.0004911745199933648
2026-09-16 19:30:00,U Frankfurter Tor (Berlin),330,1,0,0.3573812246322632
2026-09-17 18:15:00,U Vinetastr. (Berlin),24,0,0,0.43751925230026245
2026-09-08 06:30:00,U Samariterstr. (Berlin),98,0,0,0.22237491607666016
2026-09-04 19:30:00,U Schillingstr. (Berlin),130,0,0,0.3063587248325348
2026-09-12 09:30:00,S+U Wedding (Berlin),78,0,0,0.15839633345603943
2026-09-16 22:30:00,U Friedrichsfelde (Berlin),54,0,0,0.0008171264198608696
2026-09-11 00:30:00,S+U Jungfernheide Bhf (Berlin),0,0,0,0.0007402666378766298
2026-09-11 13:15:00,U Jakob-Kaiser-Platz (Berlin),7,0,0,0.0005727271782234311
2026-09-12 20:00:00,U Ruhleben (Berlin),102,0,0,0.049537964165210724
2026-09-11 13:30:00,U Weberwiese (Berlin),10,0,0,0.0005130816716700792
2026-09-16 14:30:00,U Görlitzer Bahnhof (Berlin),82,0,0,0.0033873487263917923
2026-09-04 23:30:00,U Osloer Str. (Berlin),0,0,0,0.00043909516534768045
2026-09-11 09:30:00,U Kottbusser Tor (Berlin),88,0,0,0.3007434606552124
2026-09-02 19:00:00,S+U Jannowitzbrücke (Berlin),223,0,0,0.336650013923645
2026-09-20 22:15:00,U Schloßstr. (Berlin),29,0,0,0.00048349169082939625
2026-09-17 16:30:00,U Prinzenstr. (Berlin),213,0,0,0.24066995084285736
2026-09-20 20:15:00,U Senefelderplatz (Berlin),28,0,0,0.06316880136728287
2026-09-18 09:00:00,U Schloßstr. (Berlin),35,0,0,0.3339826166629791
2026-09-04 18:45:00,U Mehringdamm (Berlin),699,1,0,0.41916322708129883
2026-09-18 00:45:00,U Altstadt Spandau (Berlin),1,0,0,0.000682668702211231
2026-09-07 21:45:00,S+U Hermannstr. (Berlin),5,0,0,0.03229502588510513
2026-09-11 09:30:00,U Leinestr. (Berlin),362,1,0,0.29717886447906494
2026-09-09 12:15:00,U Prinzenstr. (Berlin),8,0,0,0.0004726091865450144
2026-09-04 16:00:00,U Bundestag (Berlin),254,0,0,0.18819472193717957
2026-09-16 16:45:00,U Lipschitzallee (Berlin),88,0,0,0.2598315477371216
2026-09-21 14:00:00,U Mehringdamm (Berlin),16,0,0,0.0020236081909388304
2026-09-08 17:15:00,U Bülowstr. (Berlin),602,1,0,0.4391999840736389
2026-09-11 23:30:00,U Eberswalder Str. (Berlin),7,0,0,0.00043168000411242247
2026-09-16 06:00:00,U Märkisches Museum (Berlin),44,0,0,0.27410888671875
2026-09-09 10:15:00,U Elsterwerdaer Platz (Berlin),79,0,0,0.04898212477564812
2026-09-16 12:45:00,U Bayerischer Platz (Berlin),15,0,0,0.0008041172986850142
2026-09-16 07:30:00,U Weinmeisterstr. (Berlin),1,0,0,0.4089290201663971
2026-09-11 12:00:00,S+U Brandenburger Tor (Berlin),4,0,0,0.0010115138720721006
2026-09-04 00:15:00,U Anton-Wilhelm-Amo-Str. (Berlin),7,0,0,0.0007722878945060074
2026-09-19 23:45:00,U Hansaplatz (Berlin),2,0,0,0.00029093894409015775
2026-09-17 07:45:00,S+U Potsdamer Platz Bhf (Berlin),170,0,0,0.39225301146507263
2026-09-19 00:30:00,U Magdalenenstr. (Berlin),0,0,0,0.00043825298780575395
2026-09-18 12:00:00,U Kurt-Schumacher-Platz (Berlin),0,0,0,0.0008301149355247617
2026-09-18 00:00:00,U Friedrich-Wilhelm-Platz (Berlin),0,0,0,0.0007626587757840753
2026-09-21 19:45:00,U Turmstr. (Berlin),24,0,0,0.3565056025981903
2026-09-11 14:00:00,U Zitadelle (Berlin),58,0,0,0.002354046329855919
2026-09-07 17:00:00,S+U Warschauer Str. (Berlin),4,0,0,0.4403962790966034
2026-09-18 06:00:00,S+U Wedding (Berlin),30,0,0,0.2317035049200058
2026-09-09 05:15:00,U Britz-Süd (Berlin),218,0,0,0.022572319954633713
2026-09-02 14:30:00,S+U Lichtenberg Bhf (Berlin),14,0,0,0.00457545043900609
2026-09-18 17:15:00,U Hermannplatz (Berlin),109,0,0,0.4546515941619873
2026-09-04 22:00:00,U Lindauer Allee (Berlin),22,0,0,0.0005799518548883498
2026-09-20 22:15:00,U Fehrbelliner Platz (Berlin),20,0,0,0.000485962547827512
2026-09-18 14:15:00,U Grenzallee (Berlin),30,0,0,0.0034891534596681595
2026-09-11 08:15:00,U Turmstr. (Berlin),543,1,0,0.41650718450546265
2026-09-04 17:00:00,U Weinmeisterstr. (Berlin),112,0,0,0.40134236216545105
2026-09-21 21:45:00,U Samariterstr. (Berlin),46,0,0,0.03845883905887604
2026-09-12 15:15:00,S+U Alexanderplatz Bhf (Berlin),87,0,0,0.04430440813302994
2026-09-05 20:45:00,U Podbielskiallee (Berlin),203,0,0,0.06678223609924316
2026-09-05 15:00:00,U Kaiserdamm (Berlin),122,0,0,0.04576284438371658
2026-09-08 06:00:00,U Residenzstr. (Berlin),125,0,0,0.2144528329372406
2026-09-03 06:00:00,U Schönleinstr. (Berlin),347,1,0,0.22377972304821014
2026-09-11 06:45:00,U Jakob-Kaiser-Platz (Berlin),45,0,0,0.23689207434654236
2026-09-17 18:15:00,U Samariterstr. (Berlin),285,1,0,0.43503355979919434
2026-09-08 16:45:00,U Hansaplatz (Berlin),590,1,0,0.21944454312324524
2026-09-05 20:30:00,U Louis-Lewin-Str. (Berlin),155,0,0,0.06779582053422928
2026-09-15 13:45:00,U Kurfürstenstr. (Berlin),99,0,0,0.0013012461131438613
2026-09-06 05:00:00,U Magdalenenstr. (Berlin),3,0,0,0.004996311850845814
2026-09-02 11:00:00,U Mehringdamm (Berlin),3,0,0,0.004186155274510384
2026-09-11 08:15:00,U Kottbusser Tor (Berlin),427,1,0,0.4206560552120209
2026-09-11 11:30:00,U Spichernstr. (Berlin),62,0,0,0.001769350958056748
2026-09-13 23:00:00,U Friedrichsfelde (Berlin),12,0,0,0.0003010979271493852
2026-09-04 19:30:00,U Schwartzkopffstr. (Berlin),24,0,0,0.3069247305393219
2026-09-21 11:00:00,S+U Westhafen (Berlin),9,0,0,0.0005598593852482736
2026-09-02 15:30:00,U Birkenstr. (Berlin),180,0,0,0.13371452689170837
2026-09-03 18:00:00,U Hallesches Tor (Berlin),209,0,0,0.44929593801498413
2026-09-02 19:15:00,U Onkel Toms Hütte (Berlin),286,1,0,0.33677205443382263
2026-09-20 22:30:00,U Eisenacher Str. (Berlin),26,0,0,0.0004967305576428771
2026-09-13 14:15:00,U Museumsinsel (Berlin),8,0,0,0.003469186369329691
2026-09-08 09:00:00,U Nollendorfplatz (Berlin),48,0,0,0.2979486882686615
2026-09-04 18:15:00,U Walther-Schreiber-Platz (Berlin),410,1,0,0.41568535566329956
2026-09-04 23:00:00,U Fehrbelliner Platz (Berlin),3,0,0,0.0004858472675550729
2026-09-12 18:00:00,U Breitenbachplatz (Berlin),91,0,0,0.22872412204742432
2026-09-13 06:00:00,S+U Heidelberger Platz (Berlin),1,0,0,0.10350915789604187
2026-09-16 17:30:00,U Paulsternstr. (Berlin),31,0,0,0.4682064354419708
2026-09-15 09:00:00,U Ullsteinstr. (Berlin),37,0,0,0.3262330889701843
2026-09-17 18:30:00,U Nauener Platz (Berlin),47,0,0,0.43726468086242676
2026-09-03 15:45:00,U Zwickauer Damm (Berlin),35,0,0,0.11002569645643234
2026-09-16 19:00:00,U Prinzenstr. (Berlin),5,0,0,0.366432785987854
2026-09-09 08:15:00,U Spichernstr. (Berlin),552,0,0,0.4535685181617737
2026-09-20 17:30:00,U Parchimer Allee (Berlin),57,0,0,0.2592424750328064
2026-09-20 05:45:00,U Platz der Luftbrücke (Berlin),45,0,0,0.006693591829389334
2026-09-21 08:00:00,U Nollendorfplatz (Berlin),31,0,0,0.44754332304000854
2026-09-11 07:30:00,U Reinickendorfer Str. (Berlin),228,0,0,0.378235787153244
2026-09-08 07:00:00,U Naturkundemuseum (Berlin),300,1,0,0.35361719131469727
2026-09-20 11:15:00,S+U Schönhauser Allee (Berlin),10,0,0,0.0004097525670658797
2026-09-17 08:15:00,S+U Gesundbrunnen Bhf (Berlin),34,0,0,0.4575026333332062
2026-09-03 19:00:00,U Kochstr. (Checkpoint Charlie) (Berlin),571,1,0,0.34539830684661865
2026-09-21 18:00:00,S+U Westhafen (Berlin),183,0,0,0.4561610221862793
2026-09-14 20:15:00,U Haselhorst (Berlin),269,1,0,0.15872728824615479
2026-09-04 07:30:00,U Ernst-Reuter-Platz (Berlin),512,1,0,0.3677366375923157
2026-09-21 17:30:00,U Tierpark (Berlin),500,1,0,0.4555671513080597
2026-09-06 11:30:00,U Museumsinsel (Berlin),2,0,0,0.0005512098432518542
2026-09-17 05:30:00,U Gneisenaustr. (Berlin),38,0,0,0.024007929489016533
2026-09-10 22:00:00,U Klosterstr. (Berlin),13,0,0,0.0011224092449992895
2026-09-10 21:15:00,U Grenzallee (Berlin),69,0,0,0.038679011166095734
2026-09-02 18:30:00,U Altstadt Spandau (Berlin),63,0,0,0.45103445649147034
2026-09-15 22:30:00,S+U Rathaus Spandau (Berlin),94,0,0,0.0006216990877874196
2026-09-20 12:15:00,U Tierpark (Berlin),0,0,0,0.0002894213830586523
2026-09-04 07:45:00,U Breitenbachplatz (Berlin),5,0,0,0.3658255338668823
2026-09-04 20:45:00,S+U Pankow (Berlin),8,0,0,0.1546759009361267
2026-09-17 14:45:00,S+U Potsdamer Platz Bhf (Berlin),31,0,0,0.0036978854332119226
2026-09-18 07:00:00,U Boddinstr. (Berlin),115,0,0,0.38160842657089233
2026-09-16 23:30:00,U Freie Universität (Thielplatz) (Berlin),0,0,0,0.0004920740611851215
2026-09-06 20:15:00,U Alt-Mariendorf (Berlin),2,0,0,0.04946165159344673
2026-09-13 20:00:00,U Strausberger Platz (Berlin),17,0,0,0.06928044557571411
2026-09-02 16:15:00,U Augsburger Str. (Berlin),819,1,0,0.22641360759735107
2026-09-10 16:00:00,U Neu-Westend (Berlin),317,1,0,0.21124398708343506
2026-09-20 23:30:00,U Blissestr. (Berlin),14,0,0,0.0003439202846493572
2026-09-13 18:00:00,S+U Hermannstr. (Berlin),281,1,0,0.27022305130958557
2026-09-07 08:45:00,U Altstadt Spandau (Berlin),47,0,0,0.4338018298149109
2026-09-13 22:00:00,U Turmstr. (Berlin),30,0,0,0.00037003273610025644
2026-09-09 08:00:00,U Britz-Süd (Berlin),164,0,0,0.451948344707489
2026-09-17 07:45:00,U Rathaus Neukölln (Berlin),142,0,0,0.3913325071334839
2026-09-06 00:15:00,S+U Warschauer Str. (Berlin),0,0,0,0.0005705929361283779
2026-09-19 22:45:00,U Pankstr. (Berlin),9,0,0,0.0003799692203756422
2026-09-16 08:45:00,U Heinrich-Heine-Str. (Berlin),124,0,0,0.4749886691570282
2026-09-15 19:15:00,U Wutzkyallee (Berlin),173,0,0,0.3442983627319336
2026-09-07 06:30:00,U Krumme Lanke (Berlin),220,0,0,0.2256370186805725
2026-09-02 07:15:00,U Freie Universität (Thielplatz) (Berlin),50,0,0,0.40418070554733276
2026-09-02 20:45:00,U Paracelsus-Bad (Berlin),6,0,0,0.17755058407783508
2026-09-05 10:30:00,U Paradestr. (Berlin),42,0,0,0.016838112846016884
2026-09-20 20:15:00,U Kurfürstenstr. (Berlin),4,0,0,0.06586024165153503
2026-09-07 23:00:00,U Kleistpark (Berlin),62,0,0,0.0003465750196482986
2026-09-04 13:45:00,S+U Potsdamer Platz Bhf (Berlin),8,0,0,0.00048554781824350357
2026-09-13 18:00:00,S+U Jungfernheide Bhf (Berlin),193,0,0,0.2717326879501343
2026-09-18 21:45:00,U Friedrichsfelde (Berlin),58,0,0,0.03157925605773926
2026-09-16 23:00:00,U Görlitzer Bahnhof (Berlin),13,0,0,0.0005467401351779699
2026-09-19 13:30:00,U Platz der Luftbrücke (Berlin),0,0,0,0.0004914231831207871
2026-09-13 21:15:00,U Bismarckstr. (Berlin),15,0,0,0.011753876693546772
2026-09-15 09:30:00,S+U Brandenburger Tor (Berlin),223,0,0,0.3287144601345062
2026-09-04 06:30:00,S+U Tempelhof (Berlin),509,1,0,0.24452048540115356
2026-09-14 00:45:00,U Friedrich-Wilhelm-Platz (Berlin),6,0,0,0.000713564979378134
2026-09-03 12:45:00,S+U Schönhauser Allee (Berlin),3,0,0,0.0003626772086136043
2026-09-14 21:15:00,U Birkenstr. (Berlin),62,0,0,0.029707327485084534
2026-09-21 07:15:00,U Schwartzkopffstr. (Berlin),181,0,0,0.3808631896972656
2026-09-10 10:00:00,S+U Potsdamer Platz Bhf (Berlin),210,0,0,0.05082813277840614
2026-09-07 00:30:00,U Bernauer Str. (Berlin),12,0,0,0.0005942248390056193
2026-09-15 12:30:00,U Naturkundemuseum (Berlin),4,0,0,0.0007187607116065919
2026-09-19 11:45:00,U Kottbusser Tor (Berlin),1,0,0,0.0004621485713869333
2026-09-12 18:45:00,U Wilmersdorfer Str. (Berlin),84,0,0,0.22702541947364807
2026-09-06 15:30:00,U Platz der Luftbrücke (Berlin),15,0,0,0.03374931216239929
2026-09-09 13:30:00,U Augsburger Str. (Berlin),5,0,0,0.00046583989751525223
2026-09-02 07:15:00,U Altstadt Spandau (Berlin),42,0,0,0.40396639704704285
2026-09-06 06:00:00,S+U Zoologischer Garten Bhf (Berlin),57,0,0,0.0911991074681282
2026-09-14 09:15:00,U Pankstr. (Berlin),364,1,0,0.35509902238845825
2026-09-13 09:45:00,U Strausberger Platz (Berlin),123,0,0,0.14426974952220917
2026-09-13 21:00:00,U Samariterstr. (Berlin),99,0,0,0.011198606342077255
2026-09-09 11:00:00,U Frankfurter Tor (Berlin),120,0,0,0.000624222622718662
2026-09-18 12:30:00,U Pankstr. (Berlin),7,0,0,0.0007795713609084487
2026-09-15 12:30:00,U Kurfürstenstr. (Berlin),11,0,0,0.0007557764765806496
2026-09-10 18:00:00,U Elsterwerdaer Platz (Berlin),90,0,0,0.4377613663673401
2026-09-17 13:30:00,U Schloßstr. (Berlin),13,0,0,0.001077249413356185
2026-09-07 22:45:00,U Schillingstr. (Berlin),4,0,0,0.0005179578438401222
2026-09-15 22:45:00,U Haselhorst (Berlin),39,0,0,0.0006855542305856943
2026-09-02 22:30:00,U Osloer Str. (Berlin),13,0,0,0.0008925991714932024
2026-09-15 15:15:00,S+U Lichtenberg Bhf (Berlin),15,0,0,0.11795386672019958
2026-09-14 08:00:00,U Kurt-Schumacher-Platz (Berlin),23,0,0,0.4765472412109375
2026-09-20 13:00:00,U Rathaus Neukölln (Berlin),1,0,0,0.00041959184454753995
2026-09-15 21:30:00,S+U Neukölln (Berlin),3,0,0,0.03157604858279228
2026-09-18 08:30:00,U Richard-Wagner-Platz (Berlin),440,1,0,0.45158761739730835
2026-09-21 19:15:00,U Uhlandstr. (Berlin),1171,1,0,0.32179808616638184
2026-09-15 10:30:00,S+U Warschauer Str. (Berlin),26,0,0,0.06824056804180145
2026-09-03 16:15:00,U Oranienburger Tor (Berlin),319,1,0,0.21326866745948792
2026-09-04 16:15:00,U Siemensdamm (Berlin),238,0,0,0.19145601987838745
2026-09-14 23:15:00,U Siemensdamm (Berlin),18,0,0,0.0012335069477558136
2026-09-07 17:45:00,U Blissestr. (Berlin),59,0,0,0.44657817482948303
2026-09-19 00:00:00,U Paulsternstr. (Berlin),10,0,0,0.0004251684295013547
2026-09-08 05:30:00,S+U Zoologischer Garten Bhf (Berlin),123,0,0,0.01819821074604988
2026-09-02 23:30:00,U Weberwiese (Berlin),0,0,0,0.0004721923323813826
2026-09-13 13:00:00,U Senefelderplatz (Berlin),2,0,0,0.0005615405389107764
2026-09-21 11:15:00,S+U Pankow (Berlin),13,0,0,0.0006287496071308851
2026-09-09 11:00:00,S+U Bundesplatz (Berlin),69,0,0,0.0006089460221119225
2026-09-07 18:00:00,U Eisenacher Str. (Berlin),90,0,0,0.4517481327056885
2026-09-20 06:00:00,U Kaiserin-Augusta-Str. (Berlin),2,0,0,0.09962239861488342
2026-09-19 20:00:00,U Voltastr. (Berlin),3,0,0,0.05225054919719696
2026-09-06 14:45:00,U Rotes Rathaus (Berlin),21,0,0,0.0022954395972192287
2026-09-08 20:45:00,U Pankstr. (Berlin),111,0,0,0.1695690155029297
2026-09-04 11:00:00,U Naturkundemuseum (Berlin),78,0,0,0.0009150771657004952
2026-09-05 12:45:00,S+U Alexanderplatz Bhf (Berlin),41,0,0,0.0005282482597976923
2026-09-05 17:45:00,U Vinetastr. (Berlin),202,0,0,0.2704260051250458
2026-09-17 05:45:00,U Frankfurter Tor (Berlin),73,0,0,0.024321604520082474
2026-09-10 19:30:00,U Blissestr. (Berlin),160,0,0,0.34354713559150696
2026-09-20 16:00:00,U Kottbusser Tor (Berlin),21,0,0,0.08909066021442413
2026-09-08 11:45:00,U Platz der Luftbrücke (Berlin),0,0,0,0.0006156393210403621
2026-09-08 19:00:00,U Mendelssohn-Bartholdy-Park (Berlin),105,0,0,0.3284311592578888
2026-09-15 13:15:00,U Spittelmarkt (Berlin),4,0,0,0.0009050415828824043
2026-09-13 06:00:00,S+U Rathaus Spandau (Berlin),149,0,0,0.1033945232629776
2026-09-12 06:15:00,U Prinzenstr. (Berlin),5,0,0,0.10033644735813141
2026-09-18 18:00:00,U Osloer Str. (Berlin),54,0,0,0.45403969287872314
2026-09-10 20:00:00,U Möckernbrücke (Berlin),502,1,0,0.1844853162765503
2026-09-13 07:45:00,U Voltastr. (Berlin),161,0,0,0.21254774928092957
2026-09-07 13:15:00,U Biesdorf-Süd (Berlin),5,0,0,0.0006273248582147062
2026-09-02 15:30:00,U Paracelsus-Bad (Berlin),38,0,0,0.13123248517513275
2026-09-20 18:00:00,S+U Heidelberger Platz (Berlin),138,0,0,0.2667575478553772
2026-09-16 05:45:00,U Ruhleben (Berlin),60,0,0,0.0312572717666626
2026-09-19 05:00:00,U Wittenbergplatz (Berlin),278,0,0,0.004810309037566185
2026-09-02 08:30:00,U Spichernstr. (Berlin),807,0,0,0.4637174904346466
2026-09-21 15:30:00,U Johannisthaler Chaussee (Berlin),15,0,0,0.11754034459590912
2026-09-02 12:30:00,S+U Neukölln (Berlin),3,0,0,0.0008889422751963139
2026-09-08 19:30:00,U Turmstr. (Berlin),677,1,0,0.331074059009552
2026-09-12 14:30:00,S+U Zoologischer Garten Bhf (Berlin),11,0,0,0.0023353691212832928
2026-09-06 00:15:00,S+U Wedding (Berlin),6,0,0,0.0005593278910964727
2026-09-09 17:45:00,U Kienberg (Gärten der Welt) (Berlin),103,0,0,0.4653155207633972
2026-09-12 15:30:00,U Rosa-Luxemburg-Platz (Berlin),40,0,0,0.042795442044734955
2026-09-16 05:15:00,U Tierpark (Berlin),27,0,0,0.027053318917751312
2026-09-12 09:45:00,U Podbielskiallee (Berlin),72,0,0,0.15531840920448303
2026-09-09 07:15:00,U Tierpark (Berlin),175,0,0,0.40789732336997986
2026-09-03 22:00:00,U Museumsinsel (Berlin),12,0,0,0.0005624386249110103
2026-09-04 07:00:00,U Tierpark (Berlin),16,0,0,0.35478007793426514
2026-09-18 19:45:00,S+U Friedrichstr. Bhf (Berlin),159,0,0,0.3455812335014343
2026-09-07 09:45:00,U Blissestr. (Berlin),118,0,0,0.30934929847717285
2026-09-12 06:00:00,U Schillingstr. (Berlin),57,0,0,0.09344371408224106
2026-09-09 20:45:00,U Prinzenstr. (Berlin),9,0,0,0.20380912721157074
2026-09-05 07:15:00,U Wittenbergplatz (Berlin),882,1,0,0.24717722833156586
2026-09-06 21:45:00,U Reinickendorfer Str. (Berlin),43,0,0,0.006562664173543453
2026-09-12 16:45:00,S+U Heidelberger Platz (Berlin),76,0,0,0.10243801027536392
2026-09-13 12:45:00,U Lindauer Allee (Berlin),0,0,0,0.00044974437332712114
2026-09-13 10:30:00,S+U Lichtenberg Bhf (Berlin),70,0,0,0.017124442383646965
2026-09-21 22:30:00,U Residenzstr. (Berlin),18,0,0,0.0006388705223798752
2026-09-20 21:00:00,U Louis-Lewin-Str. (Berlin),225,0,0,0.010717157274484634
2026-09-15 00:15:00,S+U Zoologischer Garten Bhf (Berlin),7,0,0,0.0009655930334702134
2026-09-05 05:45:00,U Podbielskiallee (Berlin),30,0,0,0.00655383849516511
2026-09-19 20:45:00,S+U Jungfernheide Bhf (Berlin),11,0,0,0.05167173594236374
2026-09-09 14:00:00,U Hellersdorf (Berlin),48,0,0,0.0019480822375044227
2026-09-21 12:30:00,U Friedrichsfelde (Berlin),11,0,0,0.0003896485432051122
2026-09-12 07:15:00,S+U Schönhauser Allee (Berlin),82,0,0,0.21782171726226807
2026-09-21 18:45:00,U Sophie-Charlotte-Platz (Berlin),330,1,0,0.45488908886909485
2026-09-21 19:45:00,U Hausvogteiplatz (Berlin),282,1,0,0.358642578125
2026-09-12 05:00:00,U Adenauerplatz (Berlin),17,0,0,0.004680531565099955
2026-09-08 12:00:00,U Spittelmarkt (Berlin),10,0,0,0.00040874857222661376
2026-09-09 15:30:00,U Rudow (Berlin),10,0,0,0.1180688664317131
2026-09-07 06:45:00,U Westphalweg (Berlin),31,0,0,0.22664807736873627
2026-09-17 12:30:00,U Paulsternstr. (Berlin),1,0,0,0.0008911499753594398
2026-09-20 14:15:00,U Bülowstr. (Berlin),34,0,0,0.0018112070392817259
2026-09-02 08:00:00,U Spichernstr. (Berlin),864,0,0,0.4591182470321655
2026-09-20 00:45:00,U Güntzelstr. (Berlin),1,0,0,0.00034782636794261634
2026-09-10 08:15:00,U Ullsteinstr. (Berlin),500,1,0,0.426104873418808
2026-09-05 10:30:00,U Bundestag (Berlin),13,0,0,0.01700606569647789
